dataset_id	sample_id	condition_simple	signature_id	signature_label	signature_raw	signature_z	n_requested_genes	n_matched_genes	coverage_fraction
GSE119119	SRR7761109	CONTROL	ISG	Interferon-stimulated genes	0.01423363764448022	0.020649572683481388	20	19	0.95
GSE119119	SRR7761110	CONTROL	ISG	Interferon-stimulated genes	0.5900895907307588	0.8560775676543834	20	19	0.95
GSE119119	SRR7761111	CONTROL	ISG	Interferon-stimulated genes	-0.6465696286049054	-0.9380164701597624	20	19	0.95
GSE119119	SRR7761112	CONTROL	ISG	Interferon-stimulated genes	-0.7545407689464084	-1.0946565340625298	20	19	0.95
GSE119119	SRR7761113	DELIVERY	ISG	Interferon-stimulated genes	6.212737966179915	9.013183235404778	20	19	0.95
GSE119119	SRR7761114	DELIVERY	ISG	Interferon-stimulated genes	6.463592871977966	9.377113155476438	20	19	0.95
GSE119119	SRR7761115	DELIVERY	ISG	Interferon-stimulated genes	5.098106440463927	7.396121927503794	20	19	0.95
GSE119119	SRR7761116	DELIVERY	ISG	Interferon-stimulated genes	5.2016173404090065	7.546291259148776	20	19	0.95
GSE119119	SRR7761117	DELIVERY	ISG	Interferon-stimulated genes	8.963399678996357	13.003729460142976	20	19	0.95
GSE119119	SRR7761118	DELIVERY	ISG	Interferon-stimulated genes	8.980768326901423	13.02892717602473	20	19	0.95
GSE119119	SRR7761119	DELIVERY	ISG	Interferon-stimulated genes	7.989926653522083	11.591455065007253	20	19	0.95
GSE119119	SRR7761120	DELIVERY	ISG	Interferon-stimulated genes	8.648989239195055	12.547595800477977	20	19	0.95
GSE119119	SRR7761121	DELIVERY	ISG	Interferon-stimulated genes	6.550454230699932	9.503128021466143	20	19	0.95
GSE119119	SRR7761122	DELIVERY	ISG	Interferon-stimulated genes	7.121758943261487	10.331953264957578	20	19	0.95
GSE119119	SRR7761123	DELIVERY	ISG	Interferon-stimulated genes	5.89961917164349	8.558923441257821	20	19	0.95
GSE119119	SRR7761124	DELIVERY	ISG	Interferon-stimulated genes	6.26218972876832	9.084925806868336	20	19	0.95
GSE119119	SRR7761125	CONTROL	ISG	Interferon-stimulated genes	1.0204595726997847	1.4804405341307887	20	19	0.95
GSE119119	SRR7761126	CONTROL	ISG	Interferon-stimulated genes	0.6645009697937472	0.96403051818036	20	19	0.95
GSE119119	SRR7761127	CONTROL	ISG	Interferon-stimulated genes	-0.20663028518419232	-0.2997706699505659	20	19	0.95
GSE119119	SRR7761128	CONTROL	ISG	Interferon-stimulated genes	-0.6815430881332657	-0.9887545184761553	20	19	0.95
GSE119119	SRR7761129	DELIVERY	ISG	Interferon-stimulated genes	6.536299731057317	9.482593258922021	20	19	0.95
GSE119119	SRR7761130	DELIVERY	ISG	Interferon-stimulated genes	6.216138619672684	9.018116762815284	20	19	0.95
GSE119119	SRR7761131	DELIVERY	ISG	Interferon-stimulated genes	4.265752612315348	6.188577426088632	20	19	0.95
GSE119119	SRR7761132	DELIVERY	ISG	Interferon-stimulated genes	5.60498873465998	8.131485791430043	20	19	0.95
GSE119119	SRR7761133	DELIVERY	ISG	Interferon-stimulated genes	6.830229993954892	9.90901512515043	20	19	0.95
GSE119119	SRR7761134	DELIVERY	ISG	Interferon-stimulated genes	6.655360307409843	9.655321417846459	20	19	0.95
GSE119119	SRR7761135	DELIVERY	ISG	Interferon-stimulated genes	6.196121734911021	8.989077094453126	20	19	0.95
GSE119119	SRR7761136	DELIVERY	ISG	Interferon-stimulated genes	5.359123771170368	7.774795073237631	20	19	0.95
GSE119119	SRR7761137	DELIVERY	ISG	Interferon-stimulated genes	7.123660452939869	10.334711896538122	20	19	0.95
GSE119119	SRR7761138	DELIVERY	ISG	Interferon-stimulated genes	6.0497472740771085	8.776723081832369	20	19	0.95
GSE119119	SRR7761139	DELIVERY	ISG	Interferon-stimulated genes	7.1769892396436745	10.412079094205202	20	19	0.95
GSE119119	SRR7761140	DELIVERY	ISG	Interferon-stimulated genes	6.486212984172542	9.40992947850905	20	19	0.95
GSE119119	SRR7761109	CONTROL	CHEMOKINE_INFLAMMATORY	Chemokine/inflammatory genes	-0.1639484120969398	-0.4241625995681261	16	16	1
GSE119119	SRR7761110	CONTROL	CHEMOKINE_INFLAMMATORY	Chemokine/inflammatory genes	0.08629376732345902	0.22325674403484222	16	16	1
GSE119119	SRR7761111	CONTROL	CHEMOKINE_INFLAMMATORY	Chemokine/inflammatory genes	-0.4372620544470084	-1.1312717661277332	16	16	1
GSE119119	SRR7761112	CONTROL	CHEMOKINE_INFLAMMATORY	Chemokine/inflammatory genes	-0.5100427063477985	-1.319567767983784	16	16	1
GSE119119	SRR7761113	DELIVERY	CHEMOKINE_INFLAMMATORY	Chemokine/inflammatory genes	2.4951934770963256	6.455492542646977	16	16	1
GSE119119	SRR7761114	DELIVERY	CHEMOKINE_INFLAMMATORY	Chemokine/inflammatory genes	2.7262023217781617	7.053151957765556	16	16	1
GSE119119	SRR7761115	DELIVERY	CHEMOKINE_INFLAMMATORY	Chemokine/inflammatory genes	1.790231327437473	4.631634817086154	16	16	1
GSE119119	SRR7761116	DELIVERY	CHEMOKINE_INFLAMMATORY	Chemokine/inflammatory genes	2.4346574153887164	6.298875391110714	16	16	1
GSE119119	SRR7761117	DELIVERY	CHEMOKINE_INFLAMMATORY	Chemokine/inflammatory genes	6.329710786110201	16.376045044970716	16	16	1
GSE119119	SRR7761118	DELIVERY	CHEMOKINE_INFLAMMATORY	Chemokine/inflammatory genes	6.3079607552815915	16.319773993004105	16	16	1
GSE119119	SRR7761119	DELIVERY	CHEMOKINE_INFLAMMATORY	Chemokine/inflammatory genes	4.536409653706634	11.736468117083172	16	16	1
GSE119119	SRR7761120	DELIVERY	CHEMOKINE_INFLAMMATORY	Chemokine/inflammatory genes	5.5967334829874815	14.479707322997927	16	16	1
GSE119119	SRR7761121	DELIVERY	CHEMOKINE_INFLAMMATORY	Chemokine/inflammatory genes	4.0887071915884015	10.57818522958051	16	16	1
GSE119119	SRR7761122	DELIVERY	CHEMOKINE_INFLAMMATORY	Chemokine/inflammatory genes	4.158951004813555	10.759917995638299	16	16	1
GSE119119	SRR7761123	DELIVERY	CHEMOKINE_INFLAMMATORY	Chemokine/inflammatory genes	3.7439797976052063	9.686316466083126	16	16	1
GSE119119	SRR7761124	DELIVERY	CHEMOKINE_INFLAMMATORY	Chemokine/inflammatory genes	3.1571307324056925	8.168037503417914	16	16	1
GSE119119	SRR7761125	CONTROL	CHEMOKINE_INFLAMMATORY	Chemokine/inflammatory genes	0.6768008286713059	1.7509995687505728	16	16	1
GSE119119	SRR7761126	CONTROL	CHEMOKINE_INFLAMMATORY	Chemokine/inflammatory genes	0.14387425938260257	0.37222733108619455	16	16	1
GSE119119	SRR7761127	CONTROL	CHEMOKINE_INFLAMMATORY	Chemokine/inflammatory genes	0.27607495527411957	0.7142531556541396	16	16	1
GSE119119	SRR7761128	CONTROL	CHEMOKINE_INFLAMMATORY	Chemokine/inflammatory genes	-0.0717906377597395	-0.18573466584610604	16	16	1
GSE119119	SRR7761129	DELIVERY	CHEMOKINE_INFLAMMATORY	Chemokine/inflammatory genes	3.1263033128128086	8.08828169325024	16	16	1
GSE119119	SRR7761130	DELIVERY	CHEMOKINE_INFLAMMATORY	Chemokine/inflammatory genes	3.020809855901606	7.815352066494075	16	16	1
GSE119119	SRR7761131	DELIVERY	CHEMOKINE_INFLAMMATORY	Chemokine/inflammatory genes	1.1877097316491863	3.072808335653794	16	16	1
GSE119119	SRR7761132	DELIVERY	CHEMOKINE_INFLAMMATORY	Chemokine/inflammatory genes	2.0381237732879627	5.2729749978197935	16	16	1
GSE119119	SRR7761133	DELIVERY	CHEMOKINE_INFLAMMATORY	Chemokine/inflammatory genes	4.0164540605742465	10.391254014535992	16	16	1
GSE119119	SRR7761134	DELIVERY	CHEMOKINE_INFLAMMATORY	Chemokine/inflammatory genes	4.173177647746255	10.796724755595775	16	16	1
GSE119119	SRR7761135	DELIVERY	CHEMOKINE_INFLAMMATORY	Chemokine/inflammatory genes	4.091041519158604	10.584224534492078	16	16	1
GSE119119	SRR7761136	DELIVERY	CHEMOKINE_INFLAMMATORY	Chemokine/inflammatory genes	3.3065241843140885	8.554543930100797	16	16	1
GSE119119	SRR7761137	DELIVERY	CHEMOKINE_INFLAMMATORY	Chemokine/inflammatory genes	3.329679042389306	8.614449510570878	16	16	1
GSE119119	SRR7761138	DELIVERY	CHEMOKINE_INFLAMMATORY	Chemokine/inflammatory genes	3.377181041388973	8.737345311284507	16	16	1
GSE119119	SRR7761139	DELIVERY	CHEMOKINE_INFLAMMATORY	Chemokine/inflammatory genes	2.7442402087590074	7.099819058316599	16	16	1
GSE119119	SRR7761140	DELIVERY	CHEMOKINE_INFLAMMATORY	Chemokine/inflammatory genes	3.7451228165096615	9.689273651600619	16	16	1
GSE119119	SRR7761109	CONTROL	GENERIC_INNATE	Generic innate immune genes	-0.5872318157668087	-1.3537922164080778	19	18	0.9473684210526315
GSE119119	SRR7761110	CONTROL	GENERIC_INNATE	Generic innate immune genes	0.26054503840022153	0.6006552021527891	19	18	0.9473684210526315
GSE119119	SRR7761111	CONTROL	GENERIC_INNATE	Generic innate immune genes	-0.5021703584624407	-1.157693272646642	19	18	0.9473684210526315
GSE119119	SRR7761112	CONTROL	GENERIC_INNATE	Generic innate immune genes	-0.06303614265030366	-0.14532223387954046	19	18	0.9473684210526315
GSE119119	SRR7761113	DELIVERY	GENERIC_INNATE	Generic innate immune genes	3.097130212464241	7.140060640892417	19	18	0.9473684210526315
GSE119119	SRR7761114	DELIVERY	GENERIC_INNATE	Generic innate immune genes	2.636736512767438	6.078678422834337	19	18	0.9473684210526315
GSE119119	SRR7761115	DELIVERY	GENERIC_INNATE	Generic innate immune genes	2.0603317579574707	4.749846691291695	19	18	0.9473684210526315
GSE119119	SRR7761116	DELIVERY	GENERIC_INNATE	Generic innate immune genes	2.2854832983857936	5.2689064471840625	19	18	0.9473684210526315
GSE119119	SRR7761117	DELIVERY	GENERIC_INNATE	Generic innate immune genes	5.876969901173598	13.548646198408262	19	18	0.9473684210526315
GSE119119	SRR7761118	DELIVERY	GENERIC_INNATE	Generic innate immune genes	5.774067022553952	13.311416006887812	19	18	0.9473684210526315
GSE119119	SRR7761119	DELIVERY	GENERIC_INNATE	Generic innate immune genes	4.956186774143332	11.425891611711158	19	18	0.9473684210526315
GSE119119	SRR7761120	DELIVERY	GENERIC_INNATE	Generic innate immune genes	5.202686184436609	11.99416631012555	19	18	0.9473684210526315
GSE119119	SRR7761121	DELIVERY	GENERIC_INNATE	Generic innate immune genes	3.715781181935686	8.566285931581257	19	18	0.9473684210526315
GSE119119	SRR7761122	DELIVERY	GENERIC_INNATE	Generic innate immune genes	3.9415914100648473	9.086864212625867	19	18	0.9473684210526315
GSE119119	SRR7761123	DELIVERY	GENERIC_INNATE	Generic innate immune genes	3.109217664161421	7.1679268047896905	19	18	0.9473684210526315
GSE119119	SRR7761124	DELIVERY	GENERIC_INNATE	Generic innate immune genes	3.410435888243353	7.862349137254586	19	18	0.9473684210526315
GSE119119	SRR7761125	CONTROL	GENERIC_INNATE	Generic innate immune genes	0.41781889743772216	0.9632311397855329	19	18	0.9473684210526315
GSE119119	SRR7761126	CONTROL	GENERIC_INNATE	Generic innate immune genes	0.5603556860845683	1.291832536782269	19	18	0.9473684210526315
GSE119119	SRR7761127	CONTROL	GENERIC_INNATE	Generic innate immune genes	0.23606909894815212	0.5442288719884082	19	18	0.9473684210526315
GSE119119	SRR7761128	CONTROL	GENERIC_INNATE	Generic innate immune genes	-0.3223504039911041	-0.743140027774739	19	18	0.9473684210526315
GSE119119	SRR7761129	DELIVERY	GENERIC_INNATE	Generic innate immune genes	3.018563694662714	6.95893499780868	19	18	0.9473684210526315
GSE119119	SRR7761130	DELIVERY	GENERIC_INNATE	Generic innate immune genes	3.354617607027324	7.73366681348631	19	18	0.9473684210526315
GSE119119	SRR7761131	DELIVERY	GENERIC_INNATE	Generic innate immune genes	2.417297281382721	5.572787707367433	19	18	0.9473684210526315
GSE119119	SRR7761132	DELIVERY	GENERIC_INNATE	Generic innate immune genes	1.9443883033522111	4.4825530226353045	19	18	0.9473684210526315
GSE119119	SRR7761133	DELIVERY	GENERIC_INNATE	Generic innate immune genes	3.935224317611264	9.072185647920453	19	18	0.9473684210526315
GSE119119	SRR7761134	DELIVERY	GENERIC_INNATE	Generic innate immune genes	3.98170218209308	9.179334766005256	19	18	0.9473684210526315
GSE119119	SRR7761135	DELIVERY	GENERIC_INNATE	Generic innate immune genes	3.5756833915183055	8.243307351213714	19	18	0.9473684210526315
GSE119119	SRR7761136	DELIVERY	GENERIC_INNATE	Generic innate immune genes	2.963612102728771	6.832250721783442	19	18	0.9473684210526315
GSE119119	SRR7761137	DELIVERY	GENERIC_INNATE	Generic innate immune genes	4.018963135523181	9.265235405880748	19	18	0.9473684210526315
GSE119119	SRR7761138	DELIVERY	GENERIC_INNATE	Generic innate immune genes	3.1986454279808827	7.374091742279458	19	18	0.9473684210526315
GSE119119	SRR7761139	DELIVERY	GENERIC_INNATE	Generic innate immune genes	3.003861224786314	6.925040224490492	19	18	0.9473684210526315
GSE119119	SRR7761140	DELIVERY	GENERIC_INNATE	Generic innate immune genes	3.027208328889558	6.978864160731699	19	18	0.9473684210526315
GSE139529	SRR10358615	DELIVERY	ISG	Interferon-stimulated genes	8.011974916339529	36.95285450391948	20	19	0.95
GSE139529	SRR10358616	DELIVERY	ISG	Interferon-stimulated genes	7.25655349113209	33.46869756305032	20	19	0.95
GSE139529	SRR10358617	DELIVERY	ISG	Interferon-stimulated genes	8.206942348541984	37.85208387375776	20	19	0.95
GSE139529	SRR10358618	DELIVERY	ISG	Interferon-stimulated genes	8.269160688736706	38.13904748718622	20	19	0.95
GSE139529	SRR10358619	DELIVERY	ISG	Interferon-stimulated genes	7.673040012792145	35.389617935174876	20	19	0.95
GSE139529	SRR10358620	DELIVERY	ISG	Interferon-stimulated genes	8.211583763917737	37.87349102353836	20	19	0.95
GSE139529	SRR10358621	DELIVERY	ISG	Interferon-stimulated genes	7.37590866822942	34.01918786533178	20	19	0.95
GSE139529	SRR10358622	DELIVERY	ISG	Interferon-stimulated genes	7.805558112853887	36.00081830984538	20	19	0.95
GSE139529	SRR10358623	DELIVERY	ISG	Interferon-stimulated genes	9.088291722833592	41.917046075386565	20	19	0.95
GSE139529	SRR10358624	DELIVERY	ISG	Interferon-stimulated genes	5.730064897520356	26.42822233807314	20	19	0.95
GSE139529	SRR10358625	DELIVERY	ISG	Interferon-stimulated genes	7.002113596822545	32.29516912685435	20	19	0.95
GSE139529	SRR10358626	DELIVERY	ISG	Interferon-stimulated genes	6.66555376394944	30.742886866127378	20	19	0.95
GSE139529	SRR10358627	DELIVERY	ISG	Interferon-stimulated genes	-0.8802259547225242	-4.059780762555828	20	19	0.95
GSE139529	SRR10358628	DELIVERY	ISG	Interferon-stimulated genes	0.9950437892203119	4.58934391982421	20	19	0.95
GSE139529	SRR10358629	DELIVERY	ISG	Interferon-stimulated genes	1.9949479003031654	9.201104630577515	20	19	0.95
GSE139529	SRR10358630	DELIVERY	ISG	Interferon-stimulated genes	2.074449791941039	9.567783491302523	20	19	0.95
GSE139529	SRR10358631	DELIVERY	ISG	Interferon-stimulated genes	-0.2062717190730543	-0.9513670353154811	20	19	0.95
GSE139529	SRR10358632	DELIVERY	ISG	Interferon-stimulated genes	2.016356542298143	9.299845632768314	20	19	0.95
GSE139529	SRR10358633	DELIVERY	ISG	Interferon-stimulated genes	3.279811435547284	15.127156043748899	20	19	0.95
GSE139529	SRR10358634	DELIVERY	ISG	Interferon-stimulated genes	3.6331223672131108	16.756697772076777	20	19	0.95
GSE139529	SRR10358635	DELIVERY	ISG	Interferon-stimulated genes	0.9128541107699146	4.210268440780018	20	19	0.95
GSE139529	SRR10358636	DELIVERY	ISG	Interferon-stimulated genes	3.313733459470128	15.283611303230918	20	19	0.95
GSE139529	SRR10358637	DELIVERY	ISG	Interferon-stimulated genes	0.4751669676594598	2.191566499438167	20	19	0.95
GSE139529	SRR10358638	DELIVERY	ISG	Interferon-stimulated genes	4.401233919919256	20.299384156683903	20	19	0.95
GSE139529	SRR10358639	DELIVERY	ISG	Interferon-stimulated genes	6.981831046583814	32.201621888406095	20	19	0.95
GSE139529	SRR10358640	DELIVERY	ISG	Interferon-stimulated genes	7.3350861109071115	33.83090594521084	20	19	0.95
GSE139529	SRR10358641	DELIVERY	ISG	Interferon-stimulated genes	8.710847512915187	40.17619676942868	20	19	0.95
GSE139529	SRR10358642	DELIVERY	ISG	Interferon-stimulated genes	6.69246369056412	30.867000909579446	20	19	0.95
GSE139529	SRR10358643	DELIVERY	ISG	Interferon-stimulated genes	9.24999590851477	42.66285860083084	20	19	0.95
GSE139529	SRR10358644	DELIVERY	ISG	Interferon-stimulated genes	9.954540363737397	45.912360629636446	20	19	0.95
GSE139529	SRR10358645	CONTROL	ISG	Interferon-stimulated genes	-0.3090919317151059	-1.4255947254290806	20	19	0.95
GSE139529	SRR10358646	CONTROL	ISG	Interferon-stimulated genes	0.3363761736525587	1.5514351871245162	20	19	0.95
GSE139529	SRR10358647	CONTROL	ISG	Interferon-stimulated genes	-0.13336333645150503	-0.6150987764576386	20	19	0.95
GSE139529	SRR10358648	CONTROL	ISG	Interferon-stimulated genes	-0.021342468556113513	-0.09843579685954242	20	19	0.95
GSE139529	SRR10358649	CONTROL	ISG	Interferon-stimulated genes	0.06378645940443547	0.29419609750465353	20	19	0.95
GSE139529	SRR10358650	CONTROL	ISG	Interferon-stimulated genes	0.06363510366573161	0.29349801411709187	20	19	0.95
GSE139529	SRR10358651	DELIVERY	ISG	Interferon-stimulated genes	5.240280645216498	24.16923795498618	20	19	0.95
GSE139529	SRR10358652	DELIVERY	ISG	Interferon-stimulated genes	5.976816959371878	27.56629293057411	20	19	0.95
GSE139529	SRR10358653	DELIVERY	ISG	Interferon-stimulated genes	7.656088501359016	35.311434123798676	20	19	0.95
GSE139529	SRR10358654	DELIVERY	ISG	Interferon-stimulated genes	5.254167900753162	24.233288796216165	20	19	0.95
GSE139529	SRR10358655	DELIVERY	ISG	Interferon-stimulated genes	7.710076691017519	35.56043861248124	20	19	0.95
GSE139529	SRR10358656	DELIVERY	ISG	Interferon-stimulated genes	4.835572086153361	22.30263993693052	20	19	0.95
GSE139529	SRR10358657	DELIVERY	ISG	Interferon-stimulated genes	7.167997783955837	33.060260667410255	20	19	0.95
GSE139529	SRR10358658	DELIVERY	ISG	Interferon-stimulated genes	8.80957787416939	40.63156123482479	20	19	0.95
GSE139529	SRR10358659	DELIVERY	ISG	Interferon-stimulated genes	6.692046067458079	30.865074747049462	20	19	0.95
GSE139529	SRR10358660	DELIVERY	ISG	Interferon-stimulated genes	7.687919693969241	35.45824604489107	20	19	0.95
GSE139529	SRR10358661	DELIVERY	ISG	Interferon-stimulated genes	7.841036745626283	36.16445296528628	20	19	0.95
GSE139529	SRR10358662	DELIVERY	ISG	Interferon-stimulated genes	7.72149203547709	35.613088498100126	20	19	0.95
GSE139529	SRR10358663	DELIVERY	ISG	Interferon-stimulated genes	-0.06366472307077374	-0.29363462482499597	20	19	0.95
GSE139529	SRR10358664	DELIVERY	ISG	Interferon-stimulated genes	1.8509344675055843	8.536885448122765	20	19	0.95
GSE139529	SRR10358665	DELIVERY	ISG	Interferon-stimulated genes	3.5193921189312274	16.23215078318341	20	19	0.95
GSE139529	SRR10358666	DELIVERY	ISG	Interferon-stimulated genes	0.9566549856699355	4.412286966078189	20	19	0.95
GSE139529	SRR10358667	DELIVERY	ISG	Interferon-stimulated genes	1.5024472883298934	6.929591845355961	20	19	0.95
GSE139529	SRR10358668	DELIVERY	ISG	Interferon-stimulated genes	-2.3758307919187613	-10.957813834471732	20	19	0.95
GSE139529	SRR10358669	DELIVERY	ISG	Interferon-stimulated genes	-1.01426192639422	-4.677981869173691	20	19	0.95
GSE139529	SRR10358670	DELIVERY	ISG	Interferon-stimulated genes	1.1205173435666655	5.168053419824591	20	19	0.95
GSE139529	SRR10358671	DELIVERY	ISG	Interferon-stimulated genes	-1.3229213818064416	-6.101581926114195	20	19	0.95
GSE139529	SRR10358672	DELIVERY	ISG	Interferon-stimulated genes	-0.06479444716683493	-0.29884514165601894	20	19	0.95
GSE139529	SRR10358673	DELIVERY	ISG	Interferon-stimulated genes	-0.706781894321372	-3.259821552061816	20	19	0.95
GSE139529	SRR10358674	DELIVERY	ISG	Interferon-stimulated genes	0.9248751295733908	4.265711819406656	20	19	0.95
GSE139529	SRR10358675	DELIVERY	ISG	Interferon-stimulated genes	0.575173152600654	2.652815322632487	20	19	0.95
GSE139529	SRR10358676	DELIVERY	ISG	Interferon-stimulated genes	0.6167366847539604	2.844514769069573	20	19	0.95
GSE139529	SRR10358677	DELIVERY	ISG	Interferon-stimulated genes	1.7090849056133055	7.882646477483935	20	19	0.95
GSE139529	SRR10358678	DELIVERY	ISG	Interferon-stimulated genes	1.3945557662148231	6.431974246629614	20	19	0.95
GSE139529	SRR10358679	DELIVERY	ISG	Interferon-stimulated genes	2.33563956202817	10.772443724606342	20	19	0.95
GSE139529	SRR10358615	DELIVERY	CHEMOKINE_INFLAMMATORY	Chemokine/inflammatory genes	1.306664912563853	5.364570208414448	16	16	1
GSE139529	SRR10358616	DELIVERY	CHEMOKINE_INFLAMMATORY	Chemokine/inflammatory genes	0.6523819829484573	2.678382894176485	16	16	1
GSE139529	SRR10358617	DELIVERY	CHEMOKINE_INFLAMMATORY	Chemokine/inflammatory genes	0.6188172094174664	2.540581241736589	16	16	1
GSE139529	SRR10358618	DELIVERY	CHEMOKINE_INFLAMMATORY	Chemokine/inflammatory genes	0.6183952186085918	2.538848739930084	16	16	1
GSE139529	SRR10358619	DELIVERY	CHEMOKINE_INFLAMMATORY	Chemokine/inflammatory genes	1.5405009642704308	6.324594392562018	16	16	1
GSE139529	SRR10358620	DELIVERY	CHEMOKINE_INFLAMMATORY	Chemokine/inflammatory genes	1.7469614545252037	7.172227006391213	16	16	1
GSE139529	SRR10358621	DELIVERY	CHEMOKINE_INFLAMMATORY	Chemokine/inflammatory genes	0.6273728275449081	2.5757067078601015	16	16	1
GSE139529	SRR10358622	DELIVERY	CHEMOKINE_INFLAMMATORY	Chemokine/inflammatory genes	0.47176482050194385	1.9368511981215717	16	16	1
GSE139529	SRR10358623	DELIVERY	CHEMOKINE_INFLAMMATORY	Chemokine/inflammatory genes	1.709035005498123	7.016518303566698	16	16	1
GSE139529	SRR10358624	DELIVERY	CHEMOKINE_INFLAMMATORY	Chemokine/inflammatory genes	0.523524780744766	2.149353989034151	16	16	1
GSE139529	SRR10358625	DELIVERY	CHEMOKINE_INFLAMMATORY	Chemokine/inflammatory genes	0.6717110703366844	2.7577393116953917	16	16	1
GSE139529	SRR10358626	DELIVERY	CHEMOKINE_INFLAMMATORY	Chemokine/inflammatory genes	1.107630633784742	4.5474262320780525	16	16	1
GSE139529	SRR10358627	DELIVERY	CHEMOKINE_INFLAMMATORY	Chemokine/inflammatory genes	-0.08951177307436692	-0.36749451716347237	16	16	1
GSE139529	SRR10358628	DELIVERY	CHEMOKINE_INFLAMMATORY	Chemokine/inflammatory genes	0.6552320419204439	2.690083936506721	16	16	1
GSE139529	SRR10358629	DELIVERY	CHEMOKINE_INFLAMMATORY	Chemokine/inflammatory genes	0.18421814216740356	0.7563156765123722	16	16	1
GSE139529	SRR10358630	DELIVERY	CHEMOKINE_INFLAMMATORY	Chemokine/inflammatory genes	-0.04489153008225928	-0.1843041491157064	16	16	1
GSE139529	SRR10358631	DELIVERY	CHEMOKINE_INFLAMMATORY	Chemokine/inflammatory genes	0.500446989546227	2.05460710331823	16	16	1
GSE139529	SRR10358632	DELIVERY	CHEMOKINE_INFLAMMATORY	Chemokine/inflammatory genes	0.3498383888017719	1.4362768757931161	16	16	1
GSE139529	SRR10358633	DELIVERY	CHEMOKINE_INFLAMMATORY	Chemokine/inflammatory genes	0.88220305452075	3.6219234009797994	16	16	1
GSE139529	SRR10358634	DELIVERY	CHEMOKINE_INFLAMMATORY	Chemokine/inflammatory genes	1.1398283338898318	4.679615304503908	16	16	1
GSE139529	SRR10358635	DELIVERY	CHEMOKINE_INFLAMMATORY	Chemokine/inflammatory genes	0.9040411390644473	3.7115806165562755	16	16	1
GSE139529	SRR10358636	DELIVERY	CHEMOKINE_INFLAMMATORY	Chemokine/inflammatory genes	0.7702488074357583	3.1622903207288076	16	16	1
GSE139529	SRR10358637	DELIVERY	CHEMOKINE_INFLAMMATORY	Chemokine/inflammatory genes	0.13193534877006266	0.5416663711126172	16	16	1
GSE139529	SRR10358638	DELIVERY	CHEMOKINE_INFLAMMATORY	Chemokine/inflammatory genes	0.7798490981527024	3.2017047360674606	16	16	1
GSE139529	SRR10358639	DELIVERY	CHEMOKINE_INFLAMMATORY	Chemokine/inflammatory genes	1.2452355801177881	5.11236938508604	16	16	1
GSE139529	SRR10358640	DELIVERY	CHEMOKINE_INFLAMMATORY	Chemokine/inflammatory genes	0.7518382462787462	3.0867049530087014	16	16	1
GSE139529	SRR10358641	DELIVERY	CHEMOKINE_INFLAMMATORY	Chemokine/inflammatory genes	0.19961032520696514	0.8195089602552378	16	16	1
GSE139529	SRR10358642	DELIVERY	CHEMOKINE_INFLAMMATORY	Chemokine/inflammatory genes	0.7027017826060719	2.8849730425313194	16	16	1
GSE139529	SRR10358643	DELIVERY	CHEMOKINE_INFLAMMATORY	Chemokine/inflammatory genes	0.38547589028198237	1.5825882038963113	16	16	1
GSE139529	SRR10358644	DELIVERY	CHEMOKINE_INFLAMMATORY	Chemokine/inflammatory genes	1.2916401711377972	5.302885472359817	16	16	1
GSE139529	SRR10358645	CONTROL	CHEMOKINE_INFLAMMATORY	Chemokine/inflammatory genes	0.23562714098801965	0.9673775798861751	16	16	1
GSE139529	SRR10358646	CONTROL	CHEMOKINE_INFLAMMATORY	Chemokine/inflammatory genes	-0.23756686474972585	-0.9753412010139411	16	16	1
GSE139529	SRR10358647	CONTROL	CHEMOKINE_INFLAMMATORY	Chemokine/inflammatory genes	-0.06571854860778811	-0.2698103887321987	16	16	1
GSE139529	SRR10358648	CONTROL	CHEMOKINE_INFLAMMATORY	Chemokine/inflammatory genes	0.08366812567560168	0.3435031660202129	16	16	1
GSE139529	SRR10358649	CONTROL	CHEMOKINE_INFLAMMATORY	Chemokine/inflammatory genes	-0.3023122762278775	-1.2411563325044745	16	16	1
GSE139529	SRR10358650	CONTROL	CHEMOKINE_INFLAMMATORY	Chemokine/inflammatory genes	0.2863024229217708	1.1754271763442266	16	16	1
GSE139529	SRR10358651	DELIVERY	CHEMOKINE_INFLAMMATORY	Chemokine/inflammatory genes	0.03294964491224462	0.13527621486922248	16	16	1
GSE139529	SRR10358652	DELIVERY	CHEMOKINE_INFLAMMATORY	Chemokine/inflammatory genes	0.41216996828620606	1.692181913978851	16	16	1
GSE139529	SRR10358653	DELIVERY	CHEMOKINE_INFLAMMATORY	Chemokine/inflammatory genes	0.6706895981253701	2.753545612652239	16	16	1
GSE139529	SRR10358654	DELIVERY	CHEMOKINE_INFLAMMATORY	Chemokine/inflammatory genes	0.3219493162066764	1.3217770629142376	16	16	1
GSE139529	SRR10358655	DELIVERY	CHEMOKINE_INFLAMMATORY	Chemokine/inflammatory genes	0.3066634869815698	1.2590204194293988	16	16	1
GSE139529	SRR10358656	DELIVERY	CHEMOKINE_INFLAMMATORY	Chemokine/inflammatory genes	-0.35936730157183444	-1.475398245834772	16	16	1
GSE139529	SRR10358657	DELIVERY	CHEMOKINE_INFLAMMATORY	Chemokine/inflammatory genes	0.7088932986886569	2.910392583840026	16	16	1
GSE139529	SRR10358658	DELIVERY	CHEMOKINE_INFLAMMATORY	Chemokine/inflammatory genes	0.31287780275948696	1.2845335658890236	16	16	1
GSE139529	SRR10358659	DELIVERY	CHEMOKINE_INFLAMMATORY	Chemokine/inflammatory genes	-0.18328689511838622	-0.752492400837181	16	16	1
GSE139529	SRR10358660	DELIVERY	CHEMOKINE_INFLAMMATORY	Chemokine/inflammatory genes	-0.7904537411815067	-3.2452425639498745	16	16	1
GSE139529	SRR10358661	DELIVERY	CHEMOKINE_INFLAMMATORY	Chemokine/inflammatory genes	0.11359498856633685	0.4663692164905905	16	16	1
GSE139529	SRR10358662	DELIVERY	CHEMOKINE_INFLAMMATORY	Chemokine/inflammatory genes	0.8263864923207461	3.3927660525003587	16	16	1
GSE139529	SRR10358663	DELIVERY	CHEMOKINE_INFLAMMATORY	Chemokine/inflammatory genes	0.09497955714091451	0.38994274488230596	16	16	1
GSE139529	SRR10358664	DELIVERY	CHEMOKINE_INFLAMMATORY	Chemokine/inflammatory genes	-0.51381316881006	-2.109482539544947	16	16	1
GSE139529	SRR10358665	DELIVERY	CHEMOKINE_INFLAMMATORY	Chemokine/inflammatory genes	-0.7928143903421019	-3.2549343127966384	16	16	1
GSE139529	SRR10358666	DELIVERY	CHEMOKINE_INFLAMMATORY	Chemokine/inflammatory genes	0.8212915544355164	3.371848561160367	16	16	1
GSE139529	SRR10358667	DELIVERY	CHEMOKINE_INFLAMMATORY	Chemokine/inflammatory genes	-0.727778273990709	-2.987925679676547	16	16	1
GSE139529	SRR10358668	DELIVERY	CHEMOKINE_INFLAMMATORY	Chemokine/inflammatory genes	0.32550554533938364	1.3363773178657417	16	16	1
GSE139529	SRR10358669	DELIVERY	CHEMOKINE_INFLAMMATORY	Chemokine/inflammatory genes	-0.13824981376187678	-0.5675906845700721	16	16	1
GSE139529	SRR10358670	DELIVERY	CHEMOKINE_INFLAMMATORY	Chemokine/inflammatory genes	-0.7081734116717462	-2.9074370560630043	16	16	1
GSE139529	SRR10358671	DELIVERY	CHEMOKINE_INFLAMMATORY	Chemokine/inflammatory genes	-0.9731291758888403	-3.9952245872042353	16	16	1
GSE139529	SRR10358672	DELIVERY	CHEMOKINE_INFLAMMATORY	Chemokine/inflammatory genes	-0.4056204108732142	-1.6652924182571864	16	16	1
GSE139529	SRR10358673	DELIVERY	CHEMOKINE_INFLAMMATORY	Chemokine/inflammatory genes	-0.4382810097764302	-1.7993819420367607	16	16	1
GSE139529	SRR10358674	DELIVERY	CHEMOKINE_INFLAMMATORY	Chemokine/inflammatory genes	-1.0837304137627823	-4.449302828693187	16	16	1
GSE139529	SRR10358675	DELIVERY	CHEMOKINE_INFLAMMATORY	Chemokine/inflammatory genes	0.33308343899741366	1.3674886932225923	16	16	1
GSE139529	SRR10358676	DELIVERY	CHEMOKINE_INFLAMMATORY	Chemokine/inflammatory genes	-1.2109957309933668	-4.971796180137064	16	16	1
GSE139529	SRR10358677	DELIVERY	CHEMOKINE_INFLAMMATORY	Chemokine/inflammatory genes	-0.4146716259197248	-1.702452579306579	16	16	1
GSE139529	SRR10358678	DELIVERY	CHEMOKINE_INFLAMMATORY	Chemokine/inflammatory genes	0.6174861722754218	2.535116610269218	16	16	1
GSE139529	SRR10358679	DELIVERY	CHEMOKINE_INFLAMMATORY	Chemokine/inflammatory genes	-0.515558672248952	-2.1166487806040966	16	16	1
GSE139529	SRR10358615	DELIVERY	GENERIC_INNATE	Generic innate immune genes	2.0054247074824674	3.9725544504903265	19	18	0.9473684210526315
GSE139529	SRR10358616	DELIVERY	GENERIC_INNATE	Generic innate immune genes	1.981500971456083	3.9251638186359523	19	18	0.9473684210526315
GSE139529	SRR10358617	DELIVERY	GENERIC_INNATE	Generic innate immune genes	1.7729549516417067	3.5120541087303327	19	18	0.9473684210526315
GSE139529	SRR10358618	DELIVERY	GENERIC_INNATE	Generic innate immune genes	1.5023409649225918	2.9759936955445894	19	18	0.9473684210526315
GSE139529	SRR10358619	DELIVERY	GENERIC_INNATE	Generic innate immune genes	1.6887490115384145	3.345250198881735	19	18	0.9473684210526315
GSE139529	SRR10358620	DELIVERY	GENERIC_INNATE	Generic innate immune genes	2.5597922570091125	5.070703519793515	19	18	0.9473684210526315
GSE139529	SRR10358621	DELIVERY	GENERIC_INNATE	Generic innate immune genes	1.60202631381053	3.173460833002265	19	18	0.9473684210526315
GSE139529	SRR10358622	DELIVERY	GENERIC_INNATE	Generic innate immune genes	1.2993491557004837	2.5738863453510796	19	18	0.9473684210526315
GSE139529	SRR10358623	DELIVERY	GENERIC_INNATE	Generic innate immune genes	2.321770539045231	4.59920527232364	19	18	0.9473684210526315
GSE139529	SRR10358624	DELIVERY	GENERIC_INNATE	Generic innate immune genes	1.4315855575143068	2.8358340039105436	19	18	0.9473684210526315
GSE139529	SRR10358625	DELIVERY	GENERIC_INNATE	Generic innate immune genes	1.9330498971734043	3.829186876667227	19	18	0.9473684210526315
GSE139529	SRR10358626	DELIVERY	GENERIC_INNATE	Generic innate immune genes	1.7906850280147073	3.547175693470114	19	18	0.9473684210526315
GSE139529	SRR10358627	DELIVERY	GENERIC_INNATE	Generic innate immune genes	-0.31853345943630074	-0.630984303321105	19	18	0.9473684210526315
GSE139529	SRR10358628	DELIVERY	GENERIC_INNATE	Generic innate immune genes	0.4187975507378819	0.829597874121518	19	18	0.9473684210526315
GSE139529	SRR10358629	DELIVERY	GENERIC_INNATE	Generic innate immune genes	0.47955699248005657	0.9499565142647276	19	18	0.9473684210526315
GSE139529	SRR10358630	DELIVERY	GENERIC_INNATE	Generic innate immune genes	-0.013111025058342416	-0.02597168607311719	19	18	0.9473684210526315
GSE139529	SRR10358631	DELIVERY	GENERIC_INNATE	Generic innate immune genes	0.19051729596501552	0.37739653309214194	19	18	0.9473684210526315
GSE139529	SRR10358632	DELIVERY	GENERIC_INNATE	Generic innate immune genes	0.49543718590760943	0.9814136579011331	19	18	0.9473684210526315
GSE139529	SRR10358633	DELIVERY	GENERIC_INNATE	Generic innate immune genes	1.0460684152660344	2.0721614344719943	19	18	0.9473684210526315
GSE139529	SRR10358634	DELIVERY	GENERIC_INNATE	Generic innate immune genes	1.4083186973038309	2.7897445801923655	19	18	0.9473684210526315
GSE139529	SRR10358635	DELIVERY	GENERIC_INNATE	Generic innate immune genes	0.4013523926472134	0.7950406852357825	19	18	0.9473684210526315
GSE139529	SRR10358636	DELIVERY	GENERIC_INNATE	Generic innate immune genes	0.957056286644415	1.8958369250630451	19	18	0.9473684210526315
GSE139529	SRR10358637	DELIVERY	GENERIC_INNATE	Generic innate immune genes	0.06927323795652103	0.13722365577589743	19	18	0.9473684210526315
GSE139529	SRR10358638	DELIVERY	GENERIC_INNATE	Generic innate immune genes	0.7530337091584476	1.4916877215709596	19	18	0.9473684210526315
GSE139529	SRR10358639	DELIVERY	GENERIC_INNATE	Generic innate immune genes	2.0424785723710723	4.045954611225297	19	18	0.9473684210526315
GSE139529	SRR10358640	DELIVERY	GENERIC_INNATE	Generic innate immune genes	2.094491422474379	4.148987090275566	19	18	0.9473684210526315
GSE139529	SRR10358641	DELIVERY	GENERIC_INNATE	Generic innate immune genes	2.150103024207335	4.259148351946907	19	18	0.9473684210526315
GSE139529	SRR10358642	DELIVERY	GENERIC_INNATE	Generic innate immune genes	1.8202903622259956	3.6058210276681497	19	18	0.9473684210526315
GSE139529	SRR10358643	DELIVERY	GENERIC_INNATE	Generic innate immune genes	2.356655225533436	4.66830849821171	19	18	0.9473684210526315
GSE139529	SRR10358644	DELIVERY	GENERIC_INNATE	Generic innate immune genes	0.9442037618828795	1.8703773033425315	19	18	0.9473684210526315
GSE139529	SRR10358645	CONTROL	GENERIC_INNATE	Generic innate immune genes	-0.3569839824471713	-0.7071511101528942	19	18	0.9473684210526315
GSE139529	SRR10358646	CONTROL	GENERIC_INNATE	Generic innate immune genes	-0.22770945384587413	-0.45107063901178973	19	18	0.9473684210526315
GSE139529	SRR10358647	CONTROL	GENERIC_INNATE	Generic innate immune genes	-0.5079462897211394	-1.0061929955849023	19	18	0.9473684210526315
GSE139529	SRR10358648	CONTROL	GENERIC_INNATE	Generic innate immune genes	0.7898626188000236	1.5646422674870786	19	18	0.9473684210526315
GSE139529	SRR10358649	CONTROL	GENERIC_INNATE	Generic innate immune genes	-0.13774578559431308	-0.27286122064682794	19	18	0.9473684210526315
GSE139529	SRR10358650	CONTROL	GENERIC_INNATE	Generic innate immune genes	0.440522892808473	0.8726336979093358	19	18	0.9473684210526315
GSE139529	SRR10358651	DELIVERY	GENERIC_INNATE	Generic innate immune genes	1.9564898313839159	3.8756191434183744	19	18	0.9473684210526315
GSE139529	SRR10358652	DELIVERY	GENERIC_INNATE	Generic innate immune genes	2.474173407940348	4.901100772482717	19	18	0.9473684210526315
GSE139529	SRR10358653	DELIVERY	GENERIC_INNATE	Generic innate immune genes	2.1720497506732817	4.3026227170380995	19	18	0.9473684210526315
GSE139529	SRR10358654	DELIVERY	GENERIC_INNATE	Generic innate immune genes	3.150644230290993	6.24112474143514	19	18	0.9473684210526315
GSE139529	SRR10358655	DELIVERY	GENERIC_INNATE	Generic innate immune genes	2.376701358692262	4.708017969825424	19	18	0.9473684210526315
GSE139529	SRR10358656	DELIVERY	GENERIC_INNATE	Generic innate immune genes	1.4884397229773834	2.948456665432845	19	18	0.9473684210526315
GSE139529	SRR10358657	DELIVERY	GENERIC_INNATE	Generic innate immune genes	1.7375652346573462	3.4419504657547244	19	18	0.9473684210526315
GSE139529	SRR10358658	DELIVERY	GENERIC_INNATE	Generic innate immune genes	2.092872625948102	4.145780409256375	19	18	0.9473684210526315
GSE139529	SRR10358659	DELIVERY	GENERIC_INNATE	Generic innate immune genes	1.492026983091134	2.955562684460523	19	18	0.9473684210526315
GSE139529	SRR10358660	DELIVERY	GENERIC_INNATE	Generic innate immune genes	1.1226760515383427	2.2239138314977316	19	18	0.9473684210526315
GSE139529	SRR10358661	DELIVERY	GENERIC_INNATE	Generic innate immune genes	2.364353259601747	4.683557567091731	19	18	0.9473684210526315
GSE139529	SRR10358662	DELIVERY	GENERIC_INNATE	Generic innate immune genes	1.6503459169494892	3.26917734321549	19	18	0.9473684210526315
GSE139529	SRR10358663	DELIVERY	GENERIC_INNATE	Generic innate immune genes	0.6529560583941645	1.2934434716348173	19	18	0.9473684210526315
GSE139529	SRR10358664	DELIVERY	GENERIC_INNATE	Generic innate immune genes	0.1699572052353632	0.3366689607101809	19	18	0.9473684210526315
GSE139529	SRR10358665	DELIVERY	GENERIC_INNATE	Generic innate immune genes	0.6750985013248425	1.3373055323149299	19	18	0.9473684210526315
GSE139529	SRR10358666	DELIVERY	GENERIC_INNATE	Generic innate immune genes	0.875726143731269	1.734729694268913	19	18	0.9473684210526315
GSE139529	SRR10358667	DELIVERY	GENERIC_INNATE	Generic innate immune genes	0.2434180984632012	0.4821879608702973	19	18	0.9473684210526315
GSE139529	SRR10358668	DELIVERY	GENERIC_INNATE	Generic innate immune genes	0.4232308786478486	0.8383798724949848	19	18	0.9473684210526315
GSE139529	SRR10358669	DELIVERY	GENERIC_INNATE	Generic innate immune genes	0.02681969860805247	0.05312725661986009	19	18	0.9473684210526315
GSE139529	SRR10358670	DELIVERY	GENERIC_INNATE	Generic innate immune genes	0.6122882653235847	1.2128844649808297	19	18	0.9473684210526315
GSE139529	SRR10358671	DELIVERY	GENERIC_INNATE	Generic innate immune genes	0.0745058360914991	0.1475889319845612	19	18	0.9473684210526315
GSE139529	SRR10358672	DELIVERY	GENERIC_INNATE	Generic innate immune genes	0.13234716574886918	0.26216707131601374	19	18	0.9473684210526315
GSE139529	SRR10358673	DELIVERY	GENERIC_INNATE	Generic innate immune genes	0.6507259238317303	1.289025788463699	19	18	0.9473684210526315
GSE139529	SRR10358674	DELIVERY	GENERIC_INNATE	Generic innate immune genes	0.34595043471458	0.6852947078724888	19	18	0.9473684210526315
GSE139529	SRR10358675	DELIVERY	GENERIC_INNATE	Generic innate immune genes	1.006371685795957	1.9935260118914908	19	18	0.9473684210526315
GSE139529	SRR10358676	DELIVERY	GENERIC_INNATE	Generic innate immune genes	0.28727287878634356	0.5690600843152498	19	18	0.9473684210526315
GSE139529	SRR10358677	DELIVERY	GENERIC_INNATE	Generic innate immune genes	0.6802033456727891	1.3474177404959857	19	18	0.9473684210526315
GSE139529	SRR10358678	DELIVERY	GENERIC_INNATE	Generic innate immune genes	3.3951542312846645	6.7254756567363545	19	18	0.9473684210526315
GSE139529	SRR10358679	DELIVERY	GENERIC_INNATE	Generic innate immune genes	0.37427340733614234	0.741399806467863	19	18	0.9473684210526315
GSE166655	SRR13694562	DELIVERY	ISG	Interferon-stimulated genes	0.47442804326070814	0.8605634505245436	20	19	0.95
GSE166655	SRR13694563	DELIVERY	ISG	Interferon-stimulated genes	0.7215368090588168	1.3087932193395053	20	19	0.95
GSE166655	SRR13694564	DELIVERY	ISG	Interferon-stimulated genes	0.4675245227695262	0.8480411776550334	20	19	0.95
GSE166655	SRR13694565	DELIVERY	ISG	Interferon-stimulated genes	-0.1267572934733629	-0.2299246332507508	20	19	0.95
GSE166655	SRR13694566	DELIVERY	ISG	Interferon-stimulated genes	0.3140909127799001	0.5697284625557882	20	19	0.95
GSE166655	SRR13694567	DELIVERY	ISG	Interferon-stimulated genes	0.04858522129480066	0.08812857139428448	20	19	0.95
GSE166655	SRR13694568	CONTROL	ISG	Interferon-stimulated genes	0.09218699421798933	0.1672176823538314	20	19	0.95
GSE166655	SRR13694569	CONTROL	ISG	Interferon-stimulated genes	0.49939445551703954	0.9058499427202005	20	19	0.95
GSE166655	SRR13694570	CONTROL	ISG	Interferon-stimulated genes	-0.5915814497350281	-1.0730676250740319	20	19	0.95
GSE166655	SRR13694562	DELIVERY	CHEMOKINE_INFLAMMATORY	Chemokine/inflammatory genes	1.2233236424107699	3.0819006610788726	16	16	1
GSE166655	SRR13694563	DELIVERY	CHEMOKINE_INFLAMMATORY	Chemokine/inflammatory genes	0.526310354702723	1.3259256780932283	16	16	1
GSE166655	SRR13694564	DELIVERY	CHEMOKINE_INFLAMMATORY	Chemokine/inflammatory genes	0.15329832589078593	0.3862021426922256	16	16	1
GSE166655	SRR13694565	DELIVERY	CHEMOKINE_INFLAMMATORY	Chemokine/inflammatory genes	0.29320729125704953	0.7386726728974816	16	16	1
GSE166655	SRR13694566	DELIVERY	CHEMOKINE_INFLAMMATORY	Chemokine/inflammatory genes	-0.055336617197481903	-0.1394086987370784	16	16	1
GSE166655	SRR13694567	DELIVERY	CHEMOKINE_INFLAMMATORY	Chemokine/inflammatory genes	0.02356471023324865	0.059366216370070654	16	16	1
GSE166655	SRR13694568	CONTROL	CHEMOKINE_INFLAMMATORY	Chemokine/inflammatory genes	-0.45314783729659397	-1.1416084598664993	16	16	1
GSE166655	SRR13694569	CONTROL	CHEMOKINE_INFLAMMATORY	Chemokine/inflammatory genes	0.28617756499755925	0.7209627903649801	16	16	1
GSE166655	SRR13694570	CONTROL	CHEMOKINE_INFLAMMATORY	Chemokine/inflammatory genes	0.1669702722990351	0.42064566950151916	16	16	1
GSE166655	SRR13694562	DELIVERY	GENERIC_INNATE	Generic innate immune genes	1.352688451199399	2.0393889571895434	19	18	0.9473684210526315
GSE166655	SRR13694563	DELIVERY	GENERIC_INNATE	Generic innate immune genes	1.1673120564605473	1.7599051100266498	19	18	0.9473684210526315
GSE166655	SRR13694564	DELIVERY	GENERIC_INNATE	Generic innate immune genes	1.6089752129360957	2.4257812497357305	19	18	0.9473684210526315
GSE166655	SRR13694565	DELIVERY	GENERIC_INNATE	Generic innate immune genes	1.1755660145077342	1.7723492399958334	19	18	0.9473684210526315
GSE166655	SRR13694566	DELIVERY	GENERIC_INNATE	Generic innate immune genes	1.538827301732616	2.320022325460564	19	18	0.9473684210526315
GSE166655	SRR13694567	DELIVERY	GENERIC_INNATE	Generic innate immune genes	1.2431754605361705	1.8742810318358822	19	18	0.9473684210526315
GSE166655	SRR13694568	CONTROL	GENERIC_INNATE	Generic innate immune genes	-0.7433981135291763	-1.120788679893488	19	18	0.9473684210526315
GSE166655	SRR13694569	CONTROL	GENERIC_INNATE	Generic innate immune genes	0.5312654899043031	0.8009656417825193	19	18	0.9473684210526315
GSE166655	SRR13694570	CONTROL	GENERIC_INNATE	Generic innate immune genes	0.21213262362487367	0.3198230381109688	19	18	0.9473684210526315
GSE167521	SRR13783173	CONTROL	ISG	Interferon-stimulated genes	-0.15694403036205268	-0.1719105139023538	20	19	0.95
GSE167521	SRR13783174	DELIVERY	ISG	Interferon-stimulated genes	3.422882402819328	3.749295029180483	20	19	0.95
GSE167521	SRR13783175	CONTROL	ISG	Interferon-stimulated genes	0.16553809274063142	0.18132412254106528	20	19	0.95
GSE167521	SRR13783176	DELIVERY	ISG	Interferon-stimulated genes	3.8928472143443082	4.264076585885152	20	19	0.95
GSE167521	SRR13783177	CONTROL	ISG	Interferon-stimulated genes	-1.1107120917278224	-1.2166317256285804	20	19	0.95
GSE167521	SRR13783178	DELIVERY	ISG	Interferon-stimulated genes	3.663551245742705	4.012914514240211	20	19	0.95
GSE167521	SRR13783179	CONTROL	ISG	Interferon-stimulated genes	1.102118029349243	1.2072181169898688	20	19	0.95
GSE167521	SRR13783180	DELIVERY	ISG	Interferon-stimulated genes	4.210196702351797	4.611689129313292	20	19	0.95
GSE167521	SRR13783173	CONTROL	CHEMOKINE_INFLAMMATORY	Chemokine/inflammatory genes	-0.06373972634207489	-0.12885782245593203	16	16	1
GSE167521	SRR13783174	DELIVERY	CHEMOKINE_INFLAMMATORY	Chemokine/inflammatory genes	9.29332268391524	18.787613206916934	16	16	1
GSE167521	SRR13783175	CONTROL	CHEMOKINE_INFLAMMATORY	Chemokine/inflammatory genes	-0.38885047753318114	-0.7861098355987075	16	16	1
GSE167521	SRR13783176	DELIVERY	CHEMOKINE_INFLAMMATORY	Chemokine/inflammatory genes	9.000821059338822	18.196284618440394	16	16	1
GSE167521	SRR13783177	CONTROL	CHEMOKINE_INFLAMMATORY	Chemokine/inflammatory genes	-0.2617388025650411	-0.5291376993015255	16	16	1
GSE167521	SRR13783178	DELIVERY	CHEMOKINE_INFLAMMATORY	Chemokine/inflammatory genes	9.495170197930728	19.195673181705526	16	16	1
GSE167521	SRR13783179	CONTROL	CHEMOKINE_INFLAMMATORY	Chemokine/inflammatory genes	0.7143290064402968	1.444105357356165	16	16	1
GSE167521	SRR13783180	DELIVERY	CHEMOKINE_INFLAMMATORY	Chemokine/inflammatory genes	10.391835995140202	21.008395148521615	16	16	1
GSE167521	SRR13783173	CONTROL	GENERIC_INNATE	Generic innate immune genes	-0.17594609576039671	-0.3301686777507991	19	18	0.9473684210526315
GSE167521	SRR13783174	DELIVERY	GENERIC_INNATE	Generic innate immune genes	5.387492200466043	10.109807600635591	19	18	0.9473684210526315
GSE167521	SRR13783175	CONTROL	GENERIC_INNATE	Generic innate immune genes	0.3529234728149744	0.6622725890162569	19	18	0.9473684210526315
GSE167521	SRR13783176	DELIVERY	GENERIC_INNATE	Generic innate immune genes	4.795076383700657	8.9981196938664	19	18	0.9473684210526315
GSE167521	SRR13783177	CONTROL	GENERIC_INNATE	Generic innate immune genes	-0.6719126561398651	-1.2608663595686391	19	18	0.9473684210526315
GSE167521	SRR13783178	DELIVERY	GENERIC_INNATE	Generic innate immune genes	6.05119600391738	11.35526977617668	19	18	0.9473684210526315
GSE167521	SRR13783179	CONTROL	GENERIC_INNATE	Generic innate immune genes	0.4949352790852875	0.9287624483031816	19	18	0.9473684210526315
GSE167521	SRR13783180	DELIVERY	GENERIC_INNATE	Generic innate immune genes	6.076110658922185	11.402022951710373	19	18	0.9473684210526315
GSE178313	SRR14828048	CONTROL	ISG	Interferon-stimulated genes	0.09446936190326921	0.9446936190326924	20	19	0.95
GSE178313	SRR14828059	CONTROL	ISG	Interferon-stimulated genes	0.05818128805415583	0.5818128805415587	20	19	0.95
GSE178313	SRR14828060	CONTROL	ISG	Interferon-stimulated genes	-0.11287996409142322	-1.1287996409142316	20	19	0.95
GSE178313	SRR14828061	CONTROL	ISG	Interferon-stimulated genes	-0.03977068586600197	-0.39770685866001937	20	19	0.95
GSE178313	SRR14828049	DELIVERY	ISG	Interferon-stimulated genes	1.5173244802817547	15.173244802817546	20	19	0.95
GSE178313	SRR14828062	DELIVERY	ISG	Interferon-stimulated genes	0.0252598439601055	0.2525984396010553	20	19	0.95
GSE178313	SRR14828063	DELIVERY	ISG	Interferon-stimulated genes	1.1391050646794214	11.391050646794213	20	19	0.95
GSE178313	SRR14828064	DELIVERY	ISG	Interferon-stimulated genes	1.072366026764828	10.72366026764828	20	19	0.95
GSE178313	SRR14828048	CONTROL	CHEMOKINE_INFLAMMATORY	Chemokine/inflammatory genes	0.6870642524426638	1.491637377880861	16	16	1
GSE178313	SRR14828059	CONTROL	CHEMOKINE_INFLAMMATORY	Chemokine/inflammatory genes	-0.2963549586332439	-0.6433956239843416	16	16	1
GSE178313	SRR14828060	CONTROL	CHEMOKINE_INFLAMMATORY	Chemokine/inflammatory genes	-0.2071113588064719	-0.4496450558751909	16	16	1
GSE178313	SRR14828061	CONTROL	CHEMOKINE_INFLAMMATORY	Chemokine/inflammatory genes	-0.18359793500294816	-0.39859669802132847	16	16	1
GSE178313	SRR14828049	DELIVERY	CHEMOKINE_INFLAMMATORY	Chemokine/inflammatory genes	6.291293926366178	13.65859036100232	16	16	1
GSE178313	SRR14828062	DELIVERY	CHEMOKINE_INFLAMMATORY	Chemokine/inflammatory genes	-0.34092627395695213	-0.7401613044600629	16	16	1
GSE178313	SRR14828063	DELIVERY	CHEMOKINE_INFLAMMATORY	Chemokine/inflammatory genes	0.11793581268547977	0.2560422344300295	16	16	1
GSE178313	SRR14828064	DELIVERY	CHEMOKINE_INFLAMMATORY	Chemokine/inflammatory genes	2.0790618635098634	4.513706506360186	16	16	1
GSE178313	SRR14828048	CONTROL	GENERIC_INNATE	Generic innate immune genes	0.6821102853463141	1.452353556723605	19	18	0.9473684210526315
GSE178313	SRR14828059	CONTROL	GENERIC_INNATE	Generic innate immune genes	-0.2771765983298285	-0.5901661755774485	19	18	0.9473684210526315
GSE178313	SRR14828060	CONTROL	GENERIC_INNATE	Generic innate immune genes	-0.06526162181443705	-0.13895546013006704	19	18	0.9473684210526315
GSE178313	SRR14828061	CONTROL	GENERIC_INNATE	Generic innate immune genes	-0.33967206520204873	-0.7232319210160895	19	18	0.9473684210526315
GSE178313	SRR14828049	DELIVERY	GENERIC_INNATE	Generic innate immune genes	1.5379120370103665	3.2745320879394653	19	18	0.9473684210526315
GSE178313	SRR14828062	DELIVERY	GENERIC_INNATE	Generic innate immune genes	-0.08541480900302617	-0.1818657544350467	19	18	0.9473684210526315
GSE178313	SRR14828063	DELIVERY	GENERIC_INNATE	Generic innate immune genes	0.4236949310787516	0.9021339412959679	19	18	0.9473684210526315
GSE178313	SRR14828064	DELIVERY	GENERIC_INNATE	Generic innate immune genes	-0.06916166206081882	-0.1472594506208745	19	18	0.9473684210526315
GSE262515_cell_line	SRR28462975	DELIVERY	ISG	Interferon-stimulated genes	0.4912297615302846	4.912297615302846	20	19	0.95
GSE262515_cell_line	SRR28462976	DELIVERY	ISG	Interferon-stimulated genes	0.014444391214436098	0.1444439121443611	20	19	0.95
GSE262515_cell_line	SRR28462977	DELIVERY	ISG	Interferon-stimulated genes	-0.1823211376388292	-1.823211376388292	20	19	0.95
GSE262515_cell_line	SRR28462978	DELIVERY	ISG	Interferon-stimulated genes	-0.08796238748401147	-0.8796238748401145	20	19	0.95
GSE262515_cell_line	SRR28462979	DELIVERY	ISG	Interferon-stimulated genes	0.42315958235634327	4.231595823563432	20	19	0.95
GSE262515_cell_line	SRR28462980	DELIVERY	ISG	Interferon-stimulated genes	-0.08887534668022891	-0.888753466802289	20	19	0.95
GSE262515_cell_line	SRR28462981	CONTROL	ISG	Interferon-stimulated genes	-0.09116056881941462	-0.911605688194146	20	19	0.95
GSE262515_cell_line	SRR28462982	CONTROL	ISG	Interferon-stimulated genes	-3.5059674461847047e-17	-2.3375137298789726e-16	20	19	0.95
GSE262515_cell_line	SRR28462983	CONTROL	ISG	Interferon-stimulated genes	0.09116056881941462	0.9116056881941462	20	19	0.95
GSE262515_cell_line	SRR28462975	DELIVERY	CHEMOKINE_INFLAMMATORY	Chemokine/inflammatory genes	-0.04576404318331899	-0.4576404318331898	16	16	1
GSE262515_cell_line	SRR28462976	DELIVERY	CHEMOKINE_INFLAMMATORY	Chemokine/inflammatory genes	-0.10100544984652551	-1.0100544984652549	16	16	1
GSE262515_cell_line	SRR28462977	DELIVERY	CHEMOKINE_INFLAMMATORY	Chemokine/inflammatory genes	0.3983098548527532	3.983098548527532	16	16	1
GSE262515_cell_line	SRR28462978	DELIVERY	CHEMOKINE_INFLAMMATORY	Chemokine/inflammatory genes	-0.25967518220753166	-2.5967518220753165	16	16	1
GSE262515_cell_line	SRR28462979	DELIVERY	CHEMOKINE_INFLAMMATORY	Chemokine/inflammatory genes	-0.0938219352802117	-0.9382193528021168	16	16	1
GSE262515_cell_line	SRR28462980	DELIVERY	CHEMOKINE_INFLAMMATORY	Chemokine/inflammatory genes	-0.10105904101514078	-1.0105904101514076	16	16	1
GSE262515_cell_line	SRR28462981	CONTROL	CHEMOKINE_INFLAMMATORY	Chemokine/inflammatory genes	0.10230498046353678	1.023049804635368	16	16	1
GSE262515_cell_line	SRR28462982	CONTROL	CHEMOKINE_INFLAMMATORY	Chemokine/inflammatory genes	-0.007811166892505175	-0.07811166892505166	16	16	1
GSE262515_cell_line	SRR28462983	CONTROL	CHEMOKINE_INFLAMMATORY	Chemokine/inflammatory genes	-0.09449381357103163	-0.9449381357103162	16	16	1
GSE262515_cell_line	SRR28462975	DELIVERY	GENERIC_INNATE	Generic innate immune genes	1.7211346016333646	12.991340876482825	19	18	0.9473684210526315
GSE262515_cell_line	SRR28462976	DELIVERY	GENERIC_INNATE	Generic innate immune genes	0.5231580259702971	3.9488627102133975	19	18	0.9473684210526315
GSE262515_cell_line	SRR28462977	DELIVERY	GENERIC_INNATE	Generic innate immune genes	0.3838407553653925	2.8972783944417575	19	18	0.9473684210526315
GSE262515_cell_line	SRR28462978	DELIVERY	GENERIC_INNATE	Generic innate immune genes	-0.0010861796383893063	-0.00819862079468936	19	18	0.9473684210526315
GSE262515_cell_line	SRR28462979	DELIVERY	GENERIC_INNATE	Generic innate immune genes	-0.7609957374235782	-5.744091729396368	19	18	0.9473684210526315
GSE262515_cell_line	SRR28462980	DELIVERY	GENERIC_INNATE	Generic innate immune genes	-0.04601994417730986	-0.3473643382433722	19	18	0.9473684210526315
GSE262515_cell_line	SRR28462981	CONTROL	GENERIC_INNATE	Generic innate immune genes	0.09255106644798339	0.6985871131558896	19	18	0.9473684210526315
GSE262515_cell_line	SRR28462982	CONTROL	GENERIC_INNATE	Generic innate immune genes	0.059211561875103846	0.446936331079753	19	18	0.9473684210526315
GSE262515_cell_line	SRR28462983	CONTROL	GENERIC_INNATE	Generic innate immune genes	-0.15176262832308715	-1.1455234442356426	19	18	0.9473684210526315
GSE262515_tissue	SRR28462963	DELIVERY	ISG	Interferon-stimulated genes	-0.48817027030410537	-0.6525199574521714	20	19	0.95
GSE262515_tissue	SRR28462964	DELIVERY	ISG	Interferon-stimulated genes	-0.18446866113451665	-0.24657274364489606	20	19	0.95
GSE262515_tissue	SRR28462965	DELIVERY	ISG	Interferon-stimulated genes	-0.4670701416194221	-0.6243161607256974	20	19	0.95
GSE262515_tissue	SRR28462966	DELIVERY	ISG	Interferon-stimulated genes	-0.30929756871339104	-0.4134271352722822	20	19	0.95
GSE262515_tissue	SRR28462967	DELIVERY	ISG	Interferon-stimulated genes	-0.12904217085103303	-0.17248611182487186	20	19	0.95
GSE262515_tissue	SRR28462968	DELIVERY	ISG	Interferon-stimulated genes	-0.5925672751066471	-0.7920637463220932	20	19	0.95
GSE262515_tissue	SRR28462969	DELIVERY	ISG	Interferon-stimulated genes	-0.6734901836078887	-0.9002305398042978	20	19	0.95
GSE262515_tissue	SRR28462970	DELIVERY	ISG	Interferon-stimulated genes	0.6896728539830286	0.9218613436999772	20	19	0.95
GSE262515_tissue	SRR28462971	DELIVERY	ISG	Interferon-stimulated genes	-0.7857311971284171	-1.0502591380660873	20	19	0.95
GSE262515_tissue	SRR28462972	CONTROL	ISG	Interferon-stimulated genes	-0.5815938513994874	-0.7773959584495544	20	19	0.95
GSE262515_tissue	SRR28462973	CONTROL	ISG	Interferon-stimulated genes	-0.26238579345016044	-0.3507218222680715	20	19	0.95
GSE262515_tissue	SRR28462974	CONTROL	ISG	Interferon-stimulated genes	0.8439796448496474	1.128117780717626	20	19	0.95
GSE262515_tissue	SRR28462963	DELIVERY	CHEMOKINE_INFLAMMATORY	Chemokine/inflammatory genes	0.09268483950372941	0.19776655622400707	16	16	1
GSE262515_tissue	SRR28462964	DELIVERY	CHEMOKINE_INFLAMMATORY	Chemokine/inflammatory genes	1.5418872793660543	3.290006639257954	16	16	1
GSE262515_tissue	SRR28462965	DELIVERY	CHEMOKINE_INFLAMMATORY	Chemokine/inflammatory genes	1.9179980369275529	4.092534104159557	16	16	1
GSE262515_tissue	SRR28462966	DELIVERY	CHEMOKINE_INFLAMMATORY	Chemokine/inflammatory genes	3.0039771894183565	6.40974540073336	16	16	1
GSE262515_tissue	SRR28462967	DELIVERY	CHEMOKINE_INFLAMMATORY	Chemokine/inflammatory genes	2.213523799362388	4.723113092321474	16	16	1
GSE262515_tissue	SRR28462968	DELIVERY	CHEMOKINE_INFLAMMATORY	Chemokine/inflammatory genes	1.1200548463658269	2.389920411297315	16	16	1
GSE262515_tissue	SRR28462969	DELIVERY	CHEMOKINE_INFLAMMATORY	Chemokine/inflammatory genes	2.5524770474925087	5.446355609248289	16	16	1
GSE262515_tissue	SRR28462970	DELIVERY	CHEMOKINE_INFLAMMATORY	Chemokine/inflammatory genes	0.4213114418326136	0.8989745614832113	16	16	1
GSE262515_tissue	SRR28462971	DELIVERY	CHEMOKINE_INFLAMMATORY	Chemokine/inflammatory genes	0.8273899108223115	1.765445721155212	16	16	1
GSE262515_tissue	SRR28462972	CONTROL	CHEMOKINE_INFLAMMATORY	Chemokine/inflammatory genes	-0.3585030701365937	-0.7649570086788017	16	16	1
GSE262515_tissue	SRR28462973	CONTROL	CHEMOKINE_INFLAMMATORY	Chemokine/inflammatory genes	-0.17181369631704005	-0.3666079934396506	16	16	1
GSE262515_tissue	SRR28462974	CONTROL	CHEMOKINE_INFLAMMATORY	Chemokine/inflammatory genes	0.5303167664536333	1.1315650021184522	16	16	1
GSE262515_tissue	SRR28462963	DELIVERY	GENERIC_INNATE	Generic innate immune genes	-0.31054959292538586	-0.5842432433168476	19	18	0.9473684210526315
GSE262515_tissue	SRR28462964	DELIVERY	GENERIC_INNATE	Generic innate immune genes	-0.04321981639052202	-0.08131031654459105	19	18	0.9473684210526315
GSE262515_tissue	SRR28462965	DELIVERY	GENERIC_INNATE	Generic innate immune genes	0.025183103432318665	0.047377482892456406	19	18	0.9473684210526315
GSE262515_tissue	SRR28462966	DELIVERY	GENERIC_INNATE	Generic innate immune genes	0.19325333724469165	0.3635714201717572	19	18	0.9473684210526315
GSE262515_tissue	SRR28462967	DELIVERY	GENERIC_INNATE	Generic innate immune genes	-0.009848378187208193	-0.018527953488213435	19	18	0.9473684210526315
GSE262515_tissue	SRR28462968	DELIVERY	GENERIC_INNATE	Generic innate immune genes	-0.057336355483515226	-0.10786804765094292	19	18	0.9473684210526315
GSE262515_tissue	SRR28462969	DELIVERY	GENERIC_INNATE	Generic innate immune genes	-0.2795989096373639	-0.5260150955459015	19	18	0.9473684210526315
GSE262515_tissue	SRR28462970	DELIVERY	GENERIC_INNATE	Generic innate immune genes	0.9304949609777476	1.750559029141089	19	18	0.9473684210526315
GSE262515_tissue	SRR28462971	DELIVERY	GENERIC_INNATE	Generic innate immune genes	-0.2694842960087755	-0.5069862679258211	19	18	0.9473684210526315
GSE262515_tissue	SRR28462972	CONTROL	GENERIC_INNATE	Generic innate immune genes	-0.37674728611840097	-0.708782305200188	19	18	0.9473684210526315
GSE262515_tissue	SRR28462973	CONTROL	GENERIC_INNATE	Generic innate immune genes	-0.231248320942416	-0.43505215307570344	19	18	0.9473684210526315
GSE262515_tissue	SRR28462974	CONTROL	GENERIC_INNATE	Generic innate immune genes	0.6079956070608157	1.1438344582758915	19	18	0.9473684210526315
GSE264344	SRR28740116	DELIVERY	ISG	Interferon-stimulated genes	1.0943323513758676	1.374082885830049	20	19	0.95
GSE264344	SRR28740117	DELIVERY	ISG	Interferon-stimulated genes	2.8232379616946712	3.5449586781501665	20	19	0.95
GSE264344	SRR28740118	DELIVERY	ISG	Interferon-stimulated genes	3.8804800277460623	4.872469673611773	20	19	0.95
GSE264344	SRR28740119	CONTROL	ISG	Interferon-stimulated genes	-0.5401342735337875	-0.6782119347745629	20	19	0.95
GSE264344	SRR28740120	CONTROL	ISG	Interferon-stimulated genes	-1.041316018626186	-1.3075136800405847	20	19	0.95
GSE264344	SRR28740121	CONTROL	ISG	Interferon-stimulated genes	-1.2229150535832647	-1.5355359309628442	20	19	0.95
GSE264344	SRR28740122	CONTROL	ISG	Interferon-stimulated genes	-0.6465024786827797	-0.8117716619524438	20	19	0.95
GSE264344	SRR28740123	CONTROL	ISG	Interferon-stimulated genes	-1.2736974576484499	-1.5993001359043744	20	19	0.95
GSE264344	SRR28740124	CONTROL	ISG	Interferon-stimulated genes	0.0946936608838653	0.11890075136088396	20	19	0.95
GSE264344	SRR28740125	CONTROL	ISG	Interferon-stimulated genes	1.2861054333638464	1.614880034512768	20	19	0.95
GSE264344	SRR28740126	CONTROL	ISG	Interferon-stimulated genes	0.10279782524074314	0.12907663031825836	20	19	0.95
GSE264344	SRR28740127	CONTROL	ISG	Interferon-stimulated genes	0.1317530886280204	0.16543389584653806	20	19	0.95
GSE264344	SRR28740128	CONTROL	ISG	Interferon-stimulated genes	-0.131825753561933	-0.16552513653951761	20	19	0.95
GSE264344	SRR28740129	DELIVERY	ISG	Interferon-stimulated genes	0.33334369848445605	0.41855828406324846	20	19	0.95
GSE264344	SRR28740130	DELIVERY	ISG	Interferon-stimulated genes	0.820873993079484	1.030718779258751	20	19	0.95
GSE264344	SRR28740131	DELIVERY	ISG	Interferon-stimulated genes	2.7213276891133864	3.4169964907322767	20	19	0.95
GSE264344	SRR28740132	DELIVERY	ISG	Interferon-stimulated genes	2.1564162690449575	2.7076734835580454	20	19	0.95
GSE264344	SRR28740133	DELIVERY	ISG	Interferon-stimulated genes	2.69404345406578	3.3827374282228435	20	19	0.95
GSE264344	SRR28740134	DELIVERY	ISG	Interferon-stimulated genes	1.9249767710932766	2.417069762631152	20	19	0.95
GSE264344	SRR28740135	DELIVERY	ISG	Interferon-stimulated genes	2.578301975689443	3.237408283546056	20	19	0.95
GSE264344	SRR28740136	DELIVERY	ISG	Interferon-stimulated genes	1.992024063442887	2.501256743709628	20	19	0.95
GSE264344	SRR28740137	DELIVERY	ISG	Interferon-stimulated genes	2.7249712109825337	3.4215714272570428	20	19	0.95
GSE264344	SRR28740138	DELIVERY	ISG	Interferon-stimulated genes	2.304099860644441	2.8931102893690297	20	19	0.95
GSE264344	SRR28740139	DELIVERY	ISG	Interferon-stimulated genes	2.857258333900982	3.5876758756811418	20	19	0.95
GSE264344	SRR28740140	DELIVERY	ISG	Interferon-stimulated genes	2.0270459951113065	2.545231535164693	20	19	0.95
GSE264344	SRR28740141	DELIVERY	ISG	Interferon-stimulated genes	2.1264771378780556	2.6700808384157004	20	19	0.95
GSE264344	SRR28740142	DELIVERY	ISG	Interferon-stimulated genes	2.5010907784298264	3.1404591395172807	20	19	0.95
GSE264344	SRR28740143	DELIVERY	ISG	Interferon-stimulated genes	4.013633071260367	5.039661402942589	20	19	0.95
GSE264344	SRR28740144	DELIVERY	ISG	Interferon-stimulated genes	3.0364614848927833	3.8126897689056847	20	19	0.95
GSE264344	SRR28740145	DELIVERY	ISG	Interferon-stimulated genes	4.56302982095064	5.729503634446509	20	19	0.95
GSE264344	SRR28740146	DELIVERY	ISG	Interferon-stimulated genes	3.1564994283958585	3.963413709041818	20	19	0.95
GSE264344	SRR28740147	DELIVERY	ISG	Interferon-stimulated genes	4.417043853835418	5.546198426725864	20	19	0.95
GSE264344	SRR28740148	DELIVERY	ISG	Interferon-stimulated genes	3.2058659293431933	4.025400055328447	20	19	0.95
GSE264344	SRR28740149	DELIVERY	ISG	Interferon-stimulated genes	4.391933120398049	5.514668490666176	20	19	0.95
GSE264344	SRR28740150	DELIVERY	ISG	Interferon-stimulated genes	3.0708146064815756	3.8558247784762694	20	19	0.95
GSE264344	SRR28740151	DELIVERY	ISG	Interferon-stimulated genes	0.74654357172581	0.9373868406112209	20	19	0.95
GSE264344	SRR28740152	DELIVERY	ISG	Interferon-stimulated genes	0.5633201601273579	0.707324964212983	20	19	0.95
GSE264344	SRR28740153	DELIVERY	ISG	Interferon-stimulated genes	0.679396983121405	0.8530751795996623	20	19	0.95
GSE264344	SRR28740154	DELIVERY	ISG	Interferon-stimulated genes	-0.19106870440059048	-0.23991270696190597	20	19	0.95
GSE264344	SRR28740155	DELIVERY	ISG	Interferon-stimulated genes	-0.5578273452199312	-0.7004279891305616	20	19	0.95
GSE264344	SRR28740156	DELIVERY	ISG	Interferon-stimulated genes	0.2684706986059432	0.33710142246773267	20	19	0.95
GSE264344	SRR28740157	DELIVERY	ISG	Interferon-stimulated genes	-0.4881507742430585	-0.6129395916594725	20	19	0.95
GSE264344	SRR28740158	DELIVERY	ISG	Interferon-stimulated genes	0.7674801792281036	0.9636755946812919	20	19	0.95
GSE264344	SRR28740159	DELIVERY	ISG	Interferon-stimulated genes	-0.464807223781642	-0.5836285938230159	20	19	0.95
GSE264344	SRR28740160	DELIVERY	ISG	Interferon-stimulated genes	0.19765498721998698	0.24818267950908562	20	19	0.95
GSE264344	SRR28740161	DELIVERY	ISG	Interferon-stimulated genes	-0.062484347089459456	-0.07845758362159698	20	19	0.95
GSE264344	SRR28740162	DELIVERY	ISG	Interferon-stimulated genes	-1.0915743537731237	-1.3706198452826996	20	19	0.95
GSE264344	SRR28740163	DELIVERY	ISG	Interferon-stimulated genes	-0.3344469427145711	-0.41994355702313674	20	19	0.95
GSE264344	SRR28740164	DELIVERY	ISG	Interferon-stimulated genes	1.9539089681299107	2.453398065223613	20	19	0.95
GSE264344	SRR28740165	DELIVERY	ISG	Interferon-stimulated genes	2.4873824514348324	3.123246473279733	20	19	0.95
GSE264344	SRR28740166	DELIVERY	ISG	Interferon-stimulated genes	1.6986725692277542	2.1329141033527965	20	19	0.95
GSE264344	SRR28740167	DELIVERY	ISG	Interferon-stimulated genes	2.9692408617108748	3.7282851474276106	20	19	0.95
GSE264344	SRR28740168	DELIVERY	ISG	Interferon-stimulated genes	1.9957162300728741	2.5058927603379577	20	19	0.95
GSE264344	SRR28740169	DELIVERY	ISG	Interferon-stimulated genes	1.908320762956517	2.396155882402543	20	19	0.95
GSE264344	SRR28740170	DELIVERY	ISG	Interferon-stimulated genes	0.10099224223681198	0.1268094756448832	20	19	0.95
GSE264344	SRR28740171	DELIVERY	ISG	Interferon-stimulated genes	3.034140637281368	3.8097756295407508	20	19	0.95
GSE264344	SRR28740172	DELIVERY	ISG	Interferon-stimulated genes	3.2365068265924086	4.063873863092321	20	19	0.95
GSE264344	SRR28740173	DELIVERY	ISG	Interferon-stimulated genes	4.167794183017545	5.2332316150081875	20	19	0.95
GSE264344	SRR28740174	DELIVERY	ISG	Interferon-stimulated genes	4.219234931121743	5.29782246029884	20	19	0.95
GSE264344	SRR28740175	DELIVERY	ISG	Interferon-stimulated genes	3.8918234189805845	4.886712841825739	20	19	0.95
GSE264344	SRR28740176	DELIVERY	ISG	Interferon-stimulated genes	4.342186622921823	5.452205007131099	20	19	0.95
GSE264344	SRR28740177	DELIVERY	ISG	Interferon-stimulated genes	4.3149259225061005	5.417975495548178	20	19	0.95
GSE264344	SRR28740178	DELIVERY	ISG	Interferon-stimulated genes	4.445208988211731	5.581563577975333	20	19	0.95
GSE264344	SRR28740179	DELIVERY	ISG	Interferon-stimulated genes	4.314099710417716	5.4169380740653095	20	19	0.95
GSE264344	SRR28740180	DELIVERY	ISG	Interferon-stimulated genes	4.606436241545181	5.784006290425847	20	19	0.95
GSE264344	SRR28740181	DELIVERY	ISG	Interferon-stimulated genes	4.477913586256455	5.622628642354273	20	19	0.95
GSE264344	SRR28740182	DELIVERY	ISG	Interferon-stimulated genes	3.142550041570107	3.945898359448991	20	19	0.95
GSE264344	SRR28740183	DELIVERY	ISG	Interferon-stimulated genes	3.162235473057913	3.97061609211363	20	19	0.95
GSE264344	SRR28740184	DELIVERY	ISG	Interferon-stimulated genes	2.8434446947811685	3.570330975768694	20	19	0.95
GSE264344	SRR28740185	DELIVERY	ISG	Interferon-stimulated genes	3.2473027414203157	4.077429600326312	20	19	0.95
GSE264344	SRR28740186	DELIVERY	ISG	Interferon-stimulated genes	3.3020985949332275	4.1462332361065	20	19	0.95
GSE264344	SRR28740187	DELIVERY	ISG	Interferon-stimulated genes	4.299765511891607	5.398939541122321	20	19	0.95
GSE264344	SRR28740188	DELIVERY	ISG	Interferon-stimulated genes	4.58197012622634	5.753285759958026	20	19	0.95
GSE264344	SRR28740189	DELIVERY	ISG	Interferon-stimulated genes	4.273454973687988	5.365903087235971	20	19	0.95
GSE264344	SRR28740190	DELIVERY	ISG	Interferon-stimulated genes	4.4738287329692525	5.617499554297966	20	19	0.95
GSE264344	SRR28740191	DELIVERY	ISG	Interferon-stimulated genes	0.6701801325551476	0.8415021719951404	20	19	0.95
GSE264344	SRR28740192	DELIVERY	ISG	Interferon-stimulated genes	0.6092622782148185	0.7650115327617366	20	19	0.95
GSE264344	SRR28740193	DELIVERY	ISG	Interferon-stimulated genes	0.42705971393775816	0.5362314688143563	20	19	0.95
GSE264344	SRR28740194	DELIVERY	ISG	Interferon-stimulated genes	0.6216289717762485	0.7805395960193943	20	19	0.95
GSE264344	SRR28740195	DELIVERY	ISG	Interferon-stimulated genes	0.7145384183413077	0.897200023993108	20	19	0.95
GSE264344	SRR28740196	DELIVERY	ISG	Interferon-stimulated genes	0.4826836068807	0.6060748205530161	20	19	0.95
GSE264344	SRR28740197	DELIVERY	ISG	Interferon-stimulated genes	0.46601371010584297	0.5851435012530923	20	19	0.95
GSE264344	SRR28740198	DELIVERY	ISG	Interferon-stimulated genes	0.47478720095287325	0.5961598105184941	20	19	0.95
GSE264344	SRR28740199	CONTROL	ISG	Interferon-stimulated genes	0.40279035775478417	0.505757996163008	20	19	0.95
GSE264344	SRR28740200	CONTROL	ISG	Interferon-stimulated genes	0.5991708097438558	0.7523403235980768	20	19	0.95
GSE264344	SRR28740201	CONTROL	ISG	Interferon-stimulated genes	0.5670461663191174	0.7120034710067888	20	19	0.95
GSE264344	SRR28740202	CONTROL	ISG	Interferon-stimulated genes	0.9332239244037809	1.1717893760137525	20	19	0.95
GSE264344	SRR28740203	CONTROL	ISG	Interferon-stimulated genes	0.7388097692983884	0.9276760013542529	20	19	0.95
GSE264344	SRR28740204	DELIVERY	ISG	Interferon-stimulated genes	0.70464821418857	0.8847815295142087	20	19	0.95
GSE264344	SRR28740205	DELIVERY	ISG	Interferon-stimulated genes	0.8043883187477977	1.0100187762550408	20	19	0.95
GSE264344	SRR28740206	DELIVERY	ISG	Interferon-stimulated genes	0.7849998129632432	0.9856738741356088	20	19	0.95
GSE264344	SRR28740207	DELIVERY	ISG	Interferon-stimulated genes	0.8525691300053743	1.0705163281104775	20	19	0.95
GSE264344	SRR28740208	DELIVERY	ISG	Interferon-stimulated genes	0.949156059200201	1.1917943349560465	20	19	0.95
GSE264344	SRR28740209	DELIVERY	ISG	Interferon-stimulated genes	0.12618710281068107	0.15844504474955365	20	19	0.95
GSE264344	SRR28740210	DELIVERY	ISG	Interferon-stimulated genes	0.6629355282720004	0.8324055874451471	20	19	0.95
GSE264344	SRR28740211	DELIVERY	ISG	Interferon-stimulated genes	4.487789320451046	5.635028967835589	20	19	0.95
GSE264344	SRR28740212	DELIVERY	ISG	Interferon-stimulated genes	3.0808608370686374	3.868439185333042	20	19	0.95
GSE264344	SRR28740213	DELIVERY	ISG	Interferon-stimulated genes	4.550291370437335	5.713508779848342	20	19	0.95
GSE264344	SRR28740214	DELIVERY	ISG	Interferon-stimulated genes	3.5930541915410434	4.511567501636181	20	19	0.95
GSE264344	SRR28740215	DELIVERY	ISG	Interferon-stimulated genes	4.574623999045237	5.7440616996220655	20	19	0.95
GSE264344	SRR28740216	DELIVERY	ISG	Interferon-stimulated genes	3.6318550884595635	4.560287297175043	20	19	0.95
GSE264344	SRR28740217	DELIVERY	ISG	Interferon-stimulated genes	4.590010668990279	5.763381753365168	20	19	0.95
GSE264344	SRR28740218	DELIVERY	ISG	Interferon-stimulated genes	3.887225307961116	4.880939288982259	20	19	0.95
GSE264344	SRR28740219	DELIVERY	ISG	Interferon-stimulated genes	4.55661105950638	5.721444007736492	20	19	0.95
GSE264344	SRR28740220	DELIVERY	ISG	Interferon-stimulated genes	3.191277640816246	4.007082477882046	20	19	0.95
GSE264344	SRR28740221	DELIVERY	ISG	Interferon-stimulated genes	4.594415801788986	5.768912995844569	20	19	0.95
GSE264344	SRR28740222	DELIVERY	ISG	Interferon-stimulated genes	3.1214934406009927	3.9194589372852993	20	19	0.95
GSE264344	SRR28740223	DELIVERY	ISG	Interferon-stimulated genes	1.8888513194465522	2.371709351976898	20	19	0.95
GSE264344	SRR28740224	DELIVERY	ISG	Interferon-stimulated genes	2.3096241617841993	2.9000467996922143	20	19	0.95
GSE264344	SRR28740225	DELIVERY	ISG	Interferon-stimulated genes	2.344207313277626	2.943470643047882	20	19	0.95
GSE264344	SRR28740226	DELIVERY	ISG	Interferon-stimulated genes	2.0341229544294874	2.5541176186937062	20	19	0.95
GSE264344	SRR28740227	DELIVERY	ISG	Interferon-stimulated genes	2.291277016133193	2.8770094666450987	20	19	0.95
GSE264344	SRR28740228	DELIVERY	ISG	Interferon-stimulated genes	3.0633329412897963	3.8464305317608094	20	19	0.95
GSE264344	SRR28740229	DELIVERY	ISG	Interferon-stimulated genes	3.1360981111177155	3.937797084544662	20	19	0.95
GSE264344	SRR28740230	DELIVERY	ISG	Interferon-stimulated genes	3.218833613890884	4.041682744388513	20	19	0.95
GSE264344	SRR28740231	DELIVERY	ISG	Interferon-stimulated genes	0.398570206319456	0.5004590229072098	20	19	0.95
GSE264344	SRR28740232	DELIVERY	ISG	Interferon-stimulated genes	0.4077600775813024	0.5119981543310484	20	19	0.95
GSE264344	SRR28740233	DELIVERY	ISG	Interferon-stimulated genes	-0.7605043340516537	-0.9549164736892932	20	19	0.95
GSE264344	SRR28740234	DELIVERY	ISG	Interferon-stimulated genes	0.09285758534569447	0.11659530916965224	20	19	0.95
GSE264344	SRR28740235	DELIVERY	ISG	Interferon-stimulated genes	0.8329457169363654	1.0458764679932129	20	19	0.95
GSE264344	SRR28740236	DELIVERY	ISG	Interferon-stimulated genes	1.025002658484372	1.2870300409038398	20	19	0.95
GSE264344	SRR28740237	DELIVERY	ISG	Interferon-stimulated genes	1.8994820260333174	2.3850576478275958	20	19	0.95
GSE264344	SRR28740238	DELIVERY	ISG	Interferon-stimulated genes	2.337101039309877	2.9345477509951827	20	19	0.95
GSE264344	SRR28740239	DELIVERY	ISG	Interferon-stimulated genes	1.83022550205921	2.2980966764140645	20	19	0.95
GSE264344	SRR28740240	DELIVERY	ISG	Interferon-stimulated genes	0.9598272529812955	1.2051934679776946	20	19	0.95
GSE264344	SRR28740241	DELIVERY	ISG	Interferon-stimulated genes	2.990269304629098	3.7546892133343306	20	19	0.95
GSE264344	SRR28740242	DELIVERY	ISG	Interferon-stimulated genes	0.09734061997999036	0.1222243679832974	20	19	0.95
GSE264344	SRR28740243	DELIVERY	ISG	Interferon-stimulated genes	3.19468693560339	4.0113633104955335	20	19	0.95
GSE264344	SRR28740244	DELIVERY	ISG	Interferon-stimulated genes	0.3122597330354059	0.3920845020786919	20	19	0.95
GSE264344	SRR28740245	DELIVERY	ISG	Interferon-stimulated genes	1.929210952129041	2.422386351955625	20	19	0.95
GSE264344	SRR28740246	DELIVERY	ISG	Interferon-stimulated genes	0.37702241142418913	0.4734028400613526	20	19	0.95
GSE264344	SRR28740247	DELIVERY	ISG	Interferon-stimulated genes	2.6804096039361247	3.3656182778042556	20	19	0.95
GSE264344	SRR28740248	DELIVERY	ISG	Interferon-stimulated genes	-0.012265291705190945	-0.015400739456004259	20	19	0.95
GSE264344	SRR28740249	DELIVERY	ISG	Interferon-stimulated genes	2.8860494156263656	3.6238269888357926	20	19	0.95
GSE264344	SRR28740250	DELIVERY	ISG	Interferon-stimulated genes	0.17274047802001866	0.21689912962820188	20	19	0.95
GSE264344	SRR28740251	DELIVERY	ISG	Interferon-stimulated genes	4.594259327517775	5.768716521146664	20	19	0.95
GSE264344	SRR28740252	DELIVERY	ISG	Interferon-stimulated genes	1.2626643075767152	1.5854465176034034	20	19	0.95
GSE264344	SRR28740253	DELIVERY	ISG	Interferon-stimulated genes	2.9835905930411277	3.746303183915675	20	19	0.95
GSE264344	SRR28740254	DELIVERY	ISG	Interferon-stimulated genes	2.5377421061552896	3.1864798590063725	20	19	0.95
GSE264344	SRR28740255	DELIVERY	ISG	Interferon-stimulated genes	2.4848051249843617	3.120010289900583	20	19	0.95
GSE264344	SRR28740256	DELIVERY	ISG	Interferon-stimulated genes	2.0615282446398346	2.5885286824001743	20	19	0.95
GSE264344	SRR28740257	DELIVERY	ISG	Interferon-stimulated genes	3.0816303197242174	3.8694053753087347	20	19	0.95
GSE264344	SRR28740258	DELIVERY	ISG	Interferon-stimulated genes	2.506986477056734	3.1478619898241917	20	19	0.95
GSE264344	SRR28740259	DELIVERY	ISG	Interferon-stimulated genes	2.766327130674045	3.47349940087897	20	19	0.95
GSE264344	SRR28740260	DELIVERY	ISG	Interferon-stimulated genes	2.2299567044720736	2.8000134875886697	20	19	0.95
GSE264344	SRR28740261	DELIVERY	ISG	Interferon-stimulated genes	4.241455599433615	5.3257235271005845	20	19	0.95
GSE264344	SRR28740262	DELIVERY	ISG	Interferon-stimulated genes	4.317729388546743	5.421495627894269	20	19	0.95
GSE264344	SRR28740263	DELIVERY	ISG	Interferon-stimulated genes	3.7484057913067588	4.706632533073847	20	19	0.95
GSE264344	SRR28740264	DELIVERY	ISG	Interferon-stimulated genes	4.413692138359209	5.541989892756964	20	19	0.95
GSE264344	SRR28740265	DELIVERY	ISG	Interferon-stimulated genes	4.300849746440759	5.400300944846101	20	19	0.95
GSE264344	SRR28740266	DELIVERY	ISG	Interferon-stimulated genes	3.683909305380354	4.625648435878669	20	19	0.95
GSE264344	SRR28740267	DELIVERY	ISG	Interferon-stimulated genes	3.3638416582870265	4.223760037325992	20	19	0.95
GSE264344	SRR28740268	DELIVERY	ISG	Interferon-stimulated genes	3.5303117590448134	4.432785856736418	20	19	0.95
GSE264344	SRR28740269	DELIVERY	ISG	Interferon-stimulated genes	3.5610159041603175	4.4713390807859605	20	19	0.95
GSE264344	SRR28740270	DELIVERY	ISG	Interferon-stimulated genes	3.5188879736644805	4.418441742754248	20	19	0.95
GSE264344	SRR28740271	DELIVERY	ISG	Interferon-stimulated genes	4.163932690302938	5.228382986484845	20	19	0.95
GSE264344	SRR28740272	DELIVERY	ISG	Interferon-stimulated genes	0.060435300051569184	0.07588472678931373	20	19	0.95
GSE264344	SRR28740273	DELIVERY	ISG	Interferon-stimulated genes	3.7007445021344316	4.646787311751502	20	19	0.95
GSE264344	SRR28740274	DELIVERY	ISG	Interferon-stimulated genes	0.28728752995760154	0.36072850969891646	20	19	0.95
GSE264344	SRR28740275	DELIVERY	ISG	Interferon-stimulated genes	4.294449353904217	5.392264382794362	20	19	0.95
GSE264344	SRR28740276	DELIVERY	ISG	Interferon-stimulated genes	0.3137342814513131	0.39393599786978173	20	19	0.95
GSE264344	SRR28740277	DELIVERY	ISG	Interferon-stimulated genes	3.6636235830523565	4.600176956540096	20	19	0.95
GSE264344	SRR28740278	DELIVERY	ISG	Interferon-stimulated genes	0.30208208921758356	0.3793050880637805	20	19	0.95
GSE264344	SRR28740279	DELIVERY	ISG	Interferon-stimulated genes	3.313036001802064	4.159966635813576	20	19	0.95
GSE264344	SRR28740280	DELIVERY	ISG	Interferon-stimulated genes	1.3805301576784703	1.7334430994873329	20	19	0.95
GSE264344	SRR28740281	DELIVERY	ISG	Interferon-stimulated genes	1.738996317295296	2.183546045324053	20	19	0.95
GSE264344	SRR28740282	DELIVERY	ISG	Interferon-stimulated genes	1.7645069711161723	2.2155781357374718	20	19	0.95
GSE264344	SRR28740283	DELIVERY	ISG	Interferon-stimulated genes	0.7994506407122804	1.0038188509071215	20	19	0.95
GSE264344	SRR28740284	DELIVERY	ISG	Interferon-stimulated genes	1.07668225667075	1.35192079491033	20	19	0.95
GSE264344	SRR28740285	DELIVERY	ISG	Interferon-stimulated genes	1.405703792417884	1.7650520166742143	20	19	0.95
GSE264344	SRR28740286	DELIVERY	ISG	Interferon-stimulated genes	3.474457752697525	4.362653566367446	20	19	0.95
GSE264344	SRR28740287	DELIVERY	ISG	Interferon-stimulated genes	3.548288960750814	4.45535867491937	20	19	0.95
GSE264344	SRR28740288	DELIVERY	ISG	Interferon-stimulated genes	3.8744832054782226	4.864939848840311	20	19	0.95
GSE264344	SRR28740289	DELIVERY	ISG	Interferon-stimulated genes	3.7050578922370843	4.652203358816648	20	19	0.95
GSE264344	SRR28740290	DELIVERY	ISG	Interferon-stimulated genes	2.9650905616014365	3.7230738819978098	20	19	0.95
GSE264344	SRR28740291	DELIVERY	ISG	Interferon-stimulated genes	-1.2419485970177415	-1.5594351296451598	20	19	0.95
GSE264344	SRR28740292	DELIVERY	ISG	Interferon-stimulated genes	-0.9235107694112281	-1.1595931908000916	20	19	0.95
GSE264344	SRR28740293	DELIVERY	ISG	Interferon-stimulated genes	-1.19306929081792	-1.4980605225287953	20	19	0.95
GSE264344	SRR28740294	DELIVERY	ISG	Interferon-stimulated genes	-1.309080894163591	-1.6437288457896129	20	19	0.95
GSE264344	SRR28740295	DELIVERY	ISG	Interferon-stimulated genes	-1.421881069479369	-1.7853647850224863	20	19	0.95
GSE264344	SRR28740296	DELIVERY	ISG	Interferon-stimulated genes	-1.2654212805905247	-1.5889082716401985	20	19	0.95
GSE264344	SRR28740297	DELIVERY	ISG	Interferon-stimulated genes	-0.8935158388202044	-1.1219304819027744	20	19	0.95
GSE264344	SRR28740298	DELIVERY	ISG	Interferon-stimulated genes	-1.0802760038133266	-1.3564332325060995	20	19	0.95
GSE264344	SRR28740299	DELIVERY	ISG	Interferon-stimulated genes	-1.2506512188973484	-1.5703624532974154	20	19	0.95
GSE264344	SRR28740300	DELIVERY	ISG	Interferon-stimulated genes	-0.9687455352892287	-1.2163915825860445	20	19	0.95
GSE264344	SRR28740301	DELIVERY	ISG	Interferon-stimulated genes	0.42780492883137566	0.537167187319158	20	19	0.95
GSE264344	SRR28740302	DELIVERY	ISG	Interferon-stimulated genes	0.4808528361429703	0.6037760392591706	20	19	0.95
GSE264344	SRR28740303	DELIVERY	ISG	Interferon-stimulated genes	0.686137664952154	0.8615390210741584	20	19	0.95
GSE264344	SRR28740304	DELIVERY	ISG	Interferon-stimulated genes	0.7382951279924082	0.9270297993023812	20	19	0.95
GSE264344	SRR28740305	DELIVERY	ISG	Interferon-stimulated genes	0.799695403677851	1.0041261840510725	20	19	0.95
GSE264344	SRR28740306	DELIVERY	ISG	Interferon-stimulated genes	0.638990154031727	0.8023389181220775	20	19	0.95
GSE264344	SRR28740307	DELIVERY	ISG	Interferon-stimulated genes	0.47684863027133106	0.5987482149856378	20	19	0.95
GSE264344	SRR28740308	DELIVERY	ISG	Interferon-stimulated genes	0.4934680324503132	0.6196161314628894	20	19	0.95
GSE264344	SRR28740309	DELIVERY	ISG	Interferon-stimulated genes	0.4249566454631681	0.5335907807317737	20	19	0.95
GSE264344	SRR28740310	DELIVERY	ISG	Interferon-stimulated genes	0.6277237056049975	0.788192362052715	20	19	0.95
GSE264344	SRR28740116	DELIVERY	CHEMOKINE_INFLAMMATORY	Chemokine/inflammatory genes	0.5726179381718925	1.2948079865241213	16	16	1
GSE264344	SRR28740117	DELIVERY	CHEMOKINE_INFLAMMATORY	Chemokine/inflammatory genes	1.7482123311717084	3.953070865659079	16	16	1
GSE264344	SRR28740118	DELIVERY	CHEMOKINE_INFLAMMATORY	Chemokine/inflammatory genes	2.4725060315007967	5.590849225815324	16	16	1
GSE264344	SRR28740119	CONTROL	CHEMOKINE_INFLAMMATORY	Chemokine/inflammatory genes	-0.2198026731689631	-0.4970194569648475	16	16	1
GSE264344	SRR28740120	CONTROL	CHEMOKINE_INFLAMMATORY	Chemokine/inflammatory genes	-0.5547440960045559	-1.2543915202464062	16	16	1
GSE264344	SRR28740121	CONTROL	CHEMOKINE_INFLAMMATORY	Chemokine/inflammatory genes	-0.2761316653895756	-0.6243909976346231	16	16	1
GSE264344	SRR28740122	CONTROL	CHEMOKINE_INFLAMMATORY	Chemokine/inflammatory genes	-0.39861420265891306	-0.9013494316864558	16	16	1
GSE264344	SRR28740123	CONTROL	CHEMOKINE_INFLAMMATORY	Chemokine/inflammatory genes	-0.39421551921615	-0.8914030956180049	16	16	1
GSE264344	SRR28740124	CONTROL	CHEMOKINE_INFLAMMATORY	Chemokine/inflammatory genes	0.4728943658564366	1.0693122951194851	16	16	1
GSE264344	SRR28740125	CONTROL	CHEMOKINE_INFLAMMATORY	Chemokine/inflammatory genes	0.7256626807335881	1.6408739089383881	16	16	1
GSE264344	SRR28740126	CONTROL	CHEMOKINE_INFLAMMATORY	Chemokine/inflammatory genes	0.5070028389898057	1.146438630983543	16	16	1
GSE264344	SRR28740127	CONTROL	CHEMOKINE_INFLAMMATORY	Chemokine/inflammatory genes	0.6344299161699268	1.4345776958528618	16	16	1
GSE264344	SRR28740128	CONTROL	CHEMOKINE_INFLAMMATORY	Chemokine/inflammatory genes	0.5592079538569789	1.264485229179937	16	16	1
GSE264344	SRR28740129	DELIVERY	CHEMOKINE_INFLAMMATORY	Chemokine/inflammatory genes	0.8940401957937031	2.0216104117921927	16	16	1
GSE264344	SRR28740130	DELIVERY	CHEMOKINE_INFLAMMATORY	Chemokine/inflammatory genes	0.8695679287493293	1.9662735375780036	16	16	1
GSE264344	SRR28740131	DELIVERY	CHEMOKINE_INFLAMMATORY	Chemokine/inflammatory genes	2.413702615879116	5.457882500349253	16	16	1
GSE264344	SRR28740132	DELIVERY	CHEMOKINE_INFLAMMATORY	Chemokine/inflammatory genes	2.3352204345586003	5.280418001947296	16	16	1
GSE264344	SRR28740133	DELIVERY	CHEMOKINE_INFLAMMATORY	Chemokine/inflammatory genes	2.2398727555224123	5.064817113322087	16	16	1
GSE264344	SRR28740134	DELIVERY	CHEMOKINE_INFLAMMATORY	Chemokine/inflammatory genes	1.9937499181433986	4.5082823031802155	16	16	1
GSE264344	SRR28740135	DELIVERY	CHEMOKINE_INFLAMMATORY	Chemokine/inflammatory genes	1.9687292691739045	4.451705423634412	16	16	1
GSE264344	SRR28740136	DELIVERY	CHEMOKINE_INFLAMMATORY	Chemokine/inflammatory genes	1.7761061417205355	4.016144559767437	16	16	1
GSE264344	SRR28740137	DELIVERY	CHEMOKINE_INFLAMMATORY	Chemokine/inflammatory genes	2.328576659062759	5.265395046850653	16	16	1
GSE264344	SRR28740138	DELIVERY	CHEMOKINE_INFLAMMATORY	Chemokine/inflammatory genes	1.7255083450493374	3.9017324415590044	16	16	1
GSE264344	SRR28740139	DELIVERY	CHEMOKINE_INFLAMMATORY	Chemokine/inflammatory genes	2.2259698219054123	5.033379695310215	16	16	1
GSE264344	SRR28740140	DELIVERY	CHEMOKINE_INFLAMMATORY	Chemokine/inflammatory genes	1.1399907968280083	2.577755759816601	16	16	1
GSE264344	SRR28740141	DELIVERY	CHEMOKINE_INFLAMMATORY	Chemokine/inflammatory genes	1.785471816860393	4.037322294801363	16	16	1
GSE264344	SRR28740142	DELIVERY	CHEMOKINE_INFLAMMATORY	Chemokine/inflammatory genes	2.2469140645204484	5.080738974162403	16	16	1
GSE264344	SRR28740143	DELIVERY	CHEMOKINE_INFLAMMATORY	Chemokine/inflammatory genes	2.7970846045549123	6.324788735266935	16	16	1
GSE264344	SRR28740144	DELIVERY	CHEMOKINE_INFLAMMATORY	Chemokine/inflammatory genes	1.4938154600523579	3.3778267482224322	16	16	1
GSE264344	SRR28740145	DELIVERY	CHEMOKINE_INFLAMMATORY	Chemokine/inflammatory genes	3.4590787395796463	7.821694850011888	16	16	1
GSE264344	SRR28740146	DELIVERY	CHEMOKINE_INFLAMMATORY	Chemokine/inflammatory genes	1.490713886322414	3.3708134463877997	16	16	1
GSE264344	SRR28740147	DELIVERY	CHEMOKINE_INFLAMMATORY	Chemokine/inflammatory genes	3.5117366548365414	7.940765323853507	16	16	1
GSE264344	SRR28740148	DELIVERY	CHEMOKINE_INFLAMMATORY	Chemokine/inflammatory genes	1.5374133822909322	3.4764106977413483	16	16	1
GSE264344	SRR28740149	DELIVERY	CHEMOKINE_INFLAMMATORY	Chemokine/inflammatory genes	2.901893797782434	6.561784070909751	16	16	1
GSE264344	SRR28740150	DELIVERY	CHEMOKINE_INFLAMMATORY	Chemokine/inflammatory genes	1.4201177185902514	3.211180861195959	16	16	1
GSE264344	SRR28740151	DELIVERY	CHEMOKINE_INFLAMMATORY	Chemokine/inflammatory genes	0.0755778162637997	0.17089712630176893	16	16	1
GSE264344	SRR28740152	DELIVERY	CHEMOKINE_INFLAMMATORY	Chemokine/inflammatory genes	-0.09488177969899479	-0.2145473935414885	16	16	1
GSE264344	SRR28740153	DELIVERY	CHEMOKINE_INFLAMMATORY	Chemokine/inflammatory genes	-0.10596935253089378	-0.23961869658124954	16	16	1
GSE264344	SRR28740154	DELIVERY	CHEMOKINE_INFLAMMATORY	Chemokine/inflammatory genes	0.2209992179388508	0.49972509299369844	16	16	1
GSE264344	SRR28740155	DELIVERY	CHEMOKINE_INFLAMMATORY	Chemokine/inflammatory genes	0.32990062127849373	0.7459737649057648	16	16	1
GSE264344	SRR28740156	DELIVERY	CHEMOKINE_INFLAMMATORY	Chemokine/inflammatory genes	0.569192506226832	1.2870623740588203	16	16	1
GSE264344	SRR28740157	DELIVERY	CHEMOKINE_INFLAMMATORY	Chemokine/inflammatory genes	0.10205174474044854	0.2307601723943684	16	16	1
GSE264344	SRR28740158	DELIVERY	CHEMOKINE_INFLAMMATORY	Chemokine/inflammatory genes	1.1867714868763743	2.683536607833889	16	16	1
GSE264344	SRR28740159	DELIVERY	CHEMOKINE_INFLAMMATORY	Chemokine/inflammatory genes	0.2476909747611695	0.5600806941790796	16	16	1
GSE264344	SRR28740160	DELIVERY	CHEMOKINE_INFLAMMATORY	Chemokine/inflammatory genes	0.7688333049659996	1.7384916489935003	16	16	1
GSE264344	SRR28740161	DELIVERY	CHEMOKINE_INFLAMMATORY	Chemokine/inflammatory genes	0.22773230366386954	0.5149499970519587	16	16	1
GSE264344	SRR28740162	DELIVERY	CHEMOKINE_INFLAMMATORY	Chemokine/inflammatory genes	-0.32239001394310157	-0.7289907231370086	16	16	1
GSE264344	SRR28740163	DELIVERY	CHEMOKINE_INFLAMMATORY	Chemokine/inflammatory genes	0.11327244620921764	0.25613250690863204	16	16	1
GSE264344	SRR28740164	DELIVERY	CHEMOKINE_INFLAMMATORY	Chemokine/inflammatory genes	1.9210750615012495	4.343949370998299	16	16	1
GSE264344	SRR28740165	DELIVERY	CHEMOKINE_INFLAMMATORY	Chemokine/inflammatory genes	2.0658088991378394	4.671222612717608	16	16	1
GSE264344	SRR28740166	DELIVERY	CHEMOKINE_INFLAMMATORY	Chemokine/inflammatory genes	1.5475029844908452	3.499225382085689	16	16	1
GSE264344	SRR28740167	DELIVERY	CHEMOKINE_INFLAMMATORY	Chemokine/inflammatory genes	2.705816188838731	6.118411907527318	16	16	1
GSE264344	SRR28740168	DELIVERY	CHEMOKINE_INFLAMMATORY	Chemokine/inflammatory genes	1.8905299170707388	4.274880460784932	16	16	1
GSE264344	SRR28740169	DELIVERY	CHEMOKINE_INFLAMMATORY	Chemokine/inflammatory genes	1.2519973540872598	2.8310258291150845	16	16	1
GSE264344	SRR28740170	DELIVERY	CHEMOKINE_INFLAMMATORY	Chemokine/inflammatory genes	0.30087224099102927	0.6803345731751252	16	16	1
GSE264344	SRR28740171	DELIVERY	CHEMOKINE_INFLAMMATORY	Chemokine/inflammatory genes	0.5897500897271356	1.333547336414015	16	16	1
GSE264344	SRR28740172	DELIVERY	CHEMOKINE_INFLAMMATORY	Chemokine/inflammatory genes	0.5621555818325555	1.2711504277174879	16	16	1
GSE264344	SRR28740173	DELIVERY	CHEMOKINE_INFLAMMATORY	Chemokine/inflammatory genes	2.6615943792757037	6.018417219300195	16	16	1
GSE264344	SRR28740174	DELIVERY	CHEMOKINE_INFLAMMATORY	Chemokine/inflammatory genes	3.0855691320160212	6.977112117481957	16	16	1
GSE264344	SRR28740175	DELIVERY	CHEMOKINE_INFLAMMATORY	Chemokine/inflammatory genes	2.7961618393005203	6.3227021715366964	16	16	1
GSE264344	SRR28740176	DELIVERY	CHEMOKINE_INFLAMMATORY	Chemokine/inflammatory genes	3.3725643624617585	7.626067890089836	16	16	1
GSE264344	SRR28740177	DELIVERY	CHEMOKINE_INFLAMMATORY	Chemokine/inflammatory genes	3.6900815721946723	8.344040191714829	16	16	1
GSE264344	SRR28740178	DELIVERY	CHEMOKINE_INFLAMMATORY	Chemokine/inflammatory genes	4.079009269087774	9.223486423744065	16	16	1
GSE264344	SRR28740179	DELIVERY	CHEMOKINE_INFLAMMATORY	Chemokine/inflammatory genes	4.172638087755462	9.435200612382264	16	16	1
GSE264344	SRR28740180	DELIVERY	CHEMOKINE_INFLAMMATORY	Chemokine/inflammatory genes	3.9173145735313875	8.857861162591055	16	16	1
GSE264344	SRR28740181	DELIVERY	CHEMOKINE_INFLAMMATORY	Chemokine/inflammatory genes	4.3312051941655625	9.793753745445633	16	16	1
GSE264344	SRR28740182	DELIVERY	CHEMOKINE_INFLAMMATORY	Chemokine/inflammatory genes	0.26367000932086243	0.596212607249928	16	16	1
GSE264344	SRR28740183	DELIVERY	CHEMOKINE_INFLAMMATORY	Chemokine/inflammatory genes	0.5124688181847498	1.1587983442303602	16	16	1
GSE264344	SRR28740184	DELIVERY	CHEMOKINE_INFLAMMATORY	Chemokine/inflammatory genes	0.20080090083607666	0.4540525065174293	16	16	1
GSE264344	SRR28740185	DELIVERY	CHEMOKINE_INFLAMMATORY	Chemokine/inflammatory genes	0.01135646517499889	0.025679324427411637	16	16	1
GSE264344	SRR28740186	DELIVERY	CHEMOKINE_INFLAMMATORY	Chemokine/inflammatory genes	0.6153433834032507	1.391419084475361	16	16	1
GSE264344	SRR28740187	DELIVERY	CHEMOKINE_INFLAMMATORY	Chemokine/inflammatory genes	1.1258179486283892	2.5457080089213924	16	16	1
GSE264344	SRR28740188	DELIVERY	CHEMOKINE_INFLAMMATORY	Chemokine/inflammatory genes	1.4627220358816726	3.3075180637388177	16	16	1
GSE264344	SRR28740189	DELIVERY	CHEMOKINE_INFLAMMATORY	Chemokine/inflammatory genes	1.2201137107638351	2.7589302951427204	16	16	1
GSE264344	SRR28740190	DELIVERY	CHEMOKINE_INFLAMMATORY	Chemokine/inflammatory genes	1.8352895066756687	4.149970429522628	16	16	1
GSE264344	SRR28740191	DELIVERY	CHEMOKINE_INFLAMMATORY	Chemokine/inflammatory genes	0.7887915684446586	1.7836214244102861	16	16	1
GSE264344	SRR28740192	DELIVERY	CHEMOKINE_INFLAMMATORY	Chemokine/inflammatory genes	0.9014349373547114	2.038331457000876	16	16	1
GSE264344	SRR28740193	DELIVERY	CHEMOKINE_INFLAMMATORY	Chemokine/inflammatory genes	0.8387537826050246	1.89659635866715	16	16	1
GSE264344	SRR28740194	DELIVERY	CHEMOKINE_INFLAMMATORY	Chemokine/inflammatory genes	0.8842767894651614	1.999533324004417	16	16	1
GSE264344	SRR28740195	DELIVERY	CHEMOKINE_INFLAMMATORY	Chemokine/inflammatory genes	0.7465035511033924	1.6879994416925437	16	16	1
GSE264344	SRR28740196	DELIVERY	CHEMOKINE_INFLAMMATORY	Chemokine/inflammatory genes	0.6533997909673634	1.477472519353327	16	16	1
GSE264344	SRR28740197	DELIVERY	CHEMOKINE_INFLAMMATORY	Chemokine/inflammatory genes	0.8422060922914976	1.9044027472833898	16	16	1
GSE264344	SRR28740198	DELIVERY	CHEMOKINE_INFLAMMATORY	Chemokine/inflammatory genes	0.7454656599998287	1.685652554526684	16	16	1
GSE264344	SRR28740199	CONTROL	CHEMOKINE_INFLAMMATORY	Chemokine/inflammatory genes	-0.20438706321494685	-0.46216156384797286	16	16	1
GSE264344	SRR28740200	CONTROL	CHEMOKINE_INFLAMMATORY	Chemokine/inflammatory genes	-0.18200158291075413	-0.4115433474983721	16	16	1
GSE264344	SRR28740201	CONTROL	CHEMOKINE_INFLAMMATORY	Chemokine/inflammatory genes	-0.38339282325339086	-0.8669307341459892	16	16	1
GSE264344	SRR28740202	CONTROL	CHEMOKINE_INFLAMMATORY	Chemokine/inflammatory genes	-0.08708799654411689	-0.19692403248089987	16	16	1
GSE264344	SRR28740203	CONTROL	CHEMOKINE_INFLAMMATORY	Chemokine/inflammatory genes	-0.19882013324536912	-0.4495735799506435	16	16	1
GSE264344	SRR28740204	DELIVERY	CHEMOKINE_INFLAMMATORY	Chemokine/inflammatory genes	-0.029097107506761165	-0.06579459823557915	16	16	1
GSE264344	SRR28740205	DELIVERY	CHEMOKINE_INFLAMMATORY	Chemokine/inflammatory genes	-0.1087915042253963	-0.24600016720875112	16	16	1
GSE264344	SRR28740206	DELIVERY	CHEMOKINE_INFLAMMATORY	Chemokine/inflammatory genes	-0.10090871579857688	-0.22817554675813964	16	16	1
GSE264344	SRR28740207	DELIVERY	CHEMOKINE_INFLAMMATORY	Chemokine/inflammatory genes	0.018803505219057427	0.04251862735912906	16	16	1
GSE264344	SRR28740208	DELIVERY	CHEMOKINE_INFLAMMATORY	Chemokine/inflammatory genes	0.21787031323857273	0.49264999016348154	16	16	1
GSE264344	SRR28740209	DELIVERY	CHEMOKINE_INFLAMMATORY	Chemokine/inflammatory genes	-0.4154788048347226	-0.9394837969082369	16	16	1
GSE264344	SRR28740210	DELIVERY	CHEMOKINE_INFLAMMATORY	Chemokine/inflammatory genes	-0.013985736627977807	-0.03162465280277791	16	16	1
GSE264344	SRR28740211	DELIVERY	CHEMOKINE_INFLAMMATORY	Chemokine/inflammatory genes	3.650258192690792	8.253991266603219	16	16	1
GSE264344	SRR28740212	DELIVERY	CHEMOKINE_INFLAMMATORY	Chemokine/inflammatory genes	1.4069808464932951	3.1814756672521765	16	16	1
GSE264344	SRR28740213	DELIVERY	CHEMOKINE_INFLAMMATORY	Chemokine/inflammatory genes	3.9650254534894374	8.965745363024944	16	16	1
GSE264344	SRR28740214	DELIVERY	CHEMOKINE_INFLAMMATORY	Chemokine/inflammatory genes	1.8970005667151757	4.289511942404883	16	16	1
GSE264344	SRR28740215	DELIVERY	CHEMOKINE_INFLAMMATORY	Chemokine/inflammatory genes	3.932602703335992	8.89243079663573	16	16	1
GSE264344	SRR28740216	DELIVERY	CHEMOKINE_INFLAMMATORY	Chemokine/inflammatory genes	2.5212453862726116	5.701059021229792	16	16	1
GSE264344	SRR28740217	DELIVERY	CHEMOKINE_INFLAMMATORY	Chemokine/inflammatory genes	3.991993690637878	9.026726143602229	16	16	1
GSE264344	SRR28740218	DELIVERY	CHEMOKINE_INFLAMMATORY	Chemokine/inflammatory genes	2.8251627957763166	6.3882793523382295	16	16	1
GSE264344	SRR28740219	DELIVERY	CHEMOKINE_INFLAMMATORY	Chemokine/inflammatory genes	4.068706810647928	9.200190427269813	16	16	1
GSE264344	SRR28740220	DELIVERY	CHEMOKINE_INFLAMMATORY	Chemokine/inflammatory genes	1.6173302537285246	3.6571193282215093	16	16	1
GSE264344	SRR28740221	DELIVERY	CHEMOKINE_INFLAMMATORY	Chemokine/inflammatory genes	3.7889279416766453	8.567552345477907	16	16	1
GSE264344	SRR28740222	DELIVERY	CHEMOKINE_INFLAMMATORY	Chemokine/inflammatory genes	2.02967306037688	4.589511982455457	16	16	1
GSE264344	SRR28740223	DELIVERY	CHEMOKINE_INFLAMMATORY	Chemokine/inflammatory genes	-0.05044910004990859	-0.11407588429052558	16	16	1
GSE264344	SRR28740224	DELIVERY	CHEMOKINE_INFLAMMATORY	Chemokine/inflammatory genes	0.0036422125219002146	0.0082357983353271	16	16	1
GSE264344	SRR28740225	DELIVERY	CHEMOKINE_INFLAMMATORY	Chemokine/inflammatory genes	0.009492185450597275	0.02146380109962937	16	16	1
GSE264344	SRR28740226	DELIVERY	CHEMOKINE_INFLAMMATORY	Chemokine/inflammatory genes	-0.12763410843663794	-0.28860720550293895	16	16	1
GSE264344	SRR28740227	DELIVERY	CHEMOKINE_INFLAMMATORY	Chemokine/inflammatory genes	0.2071332196202759	0.4683711933562908	16	16	1
GSE264344	SRR28740228	DELIVERY	CHEMOKINE_INFLAMMATORY	Chemokine/inflammatory genes	0.5174216081328032	1.1699976300941415	16	16	1
GSE264344	SRR28740229	DELIVERY	CHEMOKINE_INFLAMMATORY	Chemokine/inflammatory genes	0.41496403241733776	0.9383197896481774	16	16	1
GSE264344	SRR28740230	DELIVERY	CHEMOKINE_INFLAMMATORY	Chemokine/inflammatory genes	0.3196633773296391	0.7228252319288017	16	16	1
GSE264344	SRR28740231	DELIVERY	CHEMOKINE_INFLAMMATORY	Chemokine/inflammatory genes	2.152056538086013	4.866246422285063	16	16	1
GSE264344	SRR28740232	DELIVERY	CHEMOKINE_INFLAMMATORY	Chemokine/inflammatory genes	2.0725478969041835	4.686460885128158	16	16	1
GSE264344	SRR28740233	DELIVERY	CHEMOKINE_INFLAMMATORY	Chemokine/inflammatory genes	1.0681230945461055	2.4152479711419614	16	16	1
GSE264344	SRR28740234	DELIVERY	CHEMOKINE_INFLAMMATORY	Chemokine/inflammatory genes	1.7524503470066781	3.962653898924948	16	16	1
GSE264344	SRR28740235	DELIVERY	CHEMOKINE_INFLAMMATORY	Chemokine/inflammatory genes	2.3587407569211924	5.333602331690672	16	16	1
GSE264344	SRR28740236	DELIVERY	CHEMOKINE_INFLAMMATORY	Chemokine/inflammatory genes	1.5006908445490075	3.3933734193328537	16	16	1
GSE264344	SRR28740237	DELIVERY	CHEMOKINE_INFLAMMATORY	Chemokine/inflammatory genes	2.398719457498127	5.424002469980319	16	16	1
GSE264344	SRR28740238	DELIVERY	CHEMOKINE_INFLAMMATORY	Chemokine/inflammatory genes	2.3525928397221723	5.31970061510248	16	16	1
GSE264344	SRR28740239	DELIVERY	CHEMOKINE_INFLAMMATORY	Chemokine/inflammatory genes	2.5500931448022164	5.766289789683711	16	16	1
GSE264344	SRR28740240	DELIVERY	CHEMOKINE_INFLAMMATORY	Chemokine/inflammatory genes	1.7253901799126308	3.901465245663562	16	16	1
GSE264344	SRR28740241	DELIVERY	CHEMOKINE_INFLAMMATORY	Chemokine/inflammatory genes	2.5931458345055725	5.863640855295135	16	16	1
GSE264344	SRR28740242	DELIVERY	CHEMOKINE_INFLAMMATORY	Chemokine/inflammatory genes	1.3426771250867098	3.036071608996015	16	16	1
GSE264344	SRR28740243	DELIVERY	CHEMOKINE_INFLAMMATORY	Chemokine/inflammatory genes	3.09353145701762	6.995116586633386	16	16	1
GSE264344	SRR28740244	DELIVERY	CHEMOKINE_INFLAMMATORY	Chemokine/inflammatory genes	2.8948250303338376	6.545800120814606	16	16	1
GSE264344	SRR28740245	DELIVERY	CHEMOKINE_INFLAMMATORY	Chemokine/inflammatory genes	1.9565342337426206	4.424129917839427	16	16	1
GSE264344	SRR28740246	DELIVERY	CHEMOKINE_INFLAMMATORY	Chemokine/inflammatory genes	2.7761198774895095	6.277383136821584	16	16	1
GSE264344	SRR28740247	DELIVERY	CHEMOKINE_INFLAMMATORY	Chemokine/inflammatory genes	2.352441276266148	5.31935789867632	16	16	1
GSE264344	SRR28740248	DELIVERY	CHEMOKINE_INFLAMMATORY	Chemokine/inflammatory genes	2.4469641751248394	5.533093788163781	16	16	1
GSE264344	SRR28740249	DELIVERY	CHEMOKINE_INFLAMMATORY	Chemokine/inflammatory genes	2.9185295257997534	6.599400904163764	16	16	1
GSE264344	SRR28740250	DELIVERY	CHEMOKINE_INFLAMMATORY	Chemokine/inflammatory genes	2.45538357207913	5.552131791850735	16	16	1
GSE264344	SRR28740251	DELIVERY	CHEMOKINE_INFLAMMATORY	Chemokine/inflammatory genes	1.7662593926759607	3.9938790168036267	16	16	1
GSE264344	SRR28740252	DELIVERY	CHEMOKINE_INFLAMMATORY	Chemokine/inflammatory genes	0.9994642541010744	2.2599960849758927	16	16	1
GSE264344	SRR28740253	DELIVERY	CHEMOKINE_INFLAMMATORY	Chemokine/inflammatory genes	2.967797898957971	6.71080691993053	16	16	1
GSE264344	SRR28740254	DELIVERY	CHEMOKINE_INFLAMMATORY	Chemokine/inflammatory genes	2.4817383188267312	5.611725343321648	16	16	1
GSE264344	SRR28740255	DELIVERY	CHEMOKINE_INFLAMMATORY	Chemokine/inflammatory genes	2.8140189151627943	6.363080725719361	16	16	1
GSE264344	SRR28740256	DELIVERY	CHEMOKINE_INFLAMMATORY	Chemokine/inflammatory genes	2.3319653721568674	5.273057630374143	16	16	1
GSE264344	SRR28740257	DELIVERY	CHEMOKINE_INFLAMMATORY	Chemokine/inflammatory genes	2.3877284393821574	5.39914949719008	16	16	1
GSE264344	SRR28740258	DELIVERY	CHEMOKINE_INFLAMMATORY	Chemokine/inflammatory genes	1.490057830704874	3.3693299684934344	16	16	1
GSE264344	SRR28740259	DELIVERY	CHEMOKINE_INFLAMMATORY	Chemokine/inflammatory genes	2.5769862345301284	5.827100646348766	16	16	1
GSE264344	SRR28740260	DELIVERY	CHEMOKINE_INFLAMMATORY	Chemokine/inflammatory genes	1.5318484683808606	3.46382727257293	16	16	1
GSE264344	SRR28740261	DELIVERY	CHEMOKINE_INFLAMMATORY	Chemokine/inflammatory genes	1.0285285363388965	2.325716458466579	16	16	1
GSE264344	SRR28740262	DELIVERY	CHEMOKINE_INFLAMMATORY	Chemokine/inflammatory genes	1.4632185983383093	3.3086408944987378	16	16	1
GSE264344	SRR28740263	DELIVERY	CHEMOKINE_INFLAMMATORY	Chemokine/inflammatory genes	1.5878987816793757	3.590568662369054	16	16	1
GSE264344	SRR28740264	DELIVERY	CHEMOKINE_INFLAMMATORY	Chemokine/inflammatory genes	1.7568895439367354	3.9726918443954338	16	16	1
GSE264344	SRR28740265	DELIVERY	CHEMOKINE_INFLAMMATORY	Chemokine/inflammatory genes	1.4238078200847801	3.2195249464362052	16	16	1
GSE264344	SRR28740266	DELIVERY	CHEMOKINE_INFLAMMATORY	Chemokine/inflammatory genes	0.8894385295775727	2.0112050895506544	16	16	1
GSE264344	SRR28740267	DELIVERY	CHEMOKINE_INFLAMMATORY	Chemokine/inflammatory genes	0.7186819460161658	1.6250890191167713	16	16	1
GSE264344	SRR28740268	DELIVERY	CHEMOKINE_INFLAMMATORY	Chemokine/inflammatory genes	0.5320461709431505	1.2030668014629522	16	16	1
GSE264344	SRR28740269	DELIVERY	CHEMOKINE_INFLAMMATORY	Chemokine/inflammatory genes	0.6324113326653451	1.4300132596573376	16	16	1
GSE264344	SRR28740270	DELIVERY	CHEMOKINE_INFLAMMATORY	Chemokine/inflammatory genes	0.6428584003520084	1.4536362476476108	16	16	1
GSE264344	SRR28740271	DELIVERY	CHEMOKINE_INFLAMMATORY	Chemokine/inflammatory genes	3.801885653449526	8.596852420750029	16	16	1
GSE264344	SRR28740272	DELIVERY	CHEMOKINE_INFLAMMATORY	Chemokine/inflammatory genes	1.4763128856800027	3.3382497954737835	16	16	1
GSE264344	SRR28740273	DELIVERY	CHEMOKINE_INFLAMMATORY	Chemokine/inflammatory genes	3.4913516245092855	7.894670540030399	16	16	1
GSE264344	SRR28740274	DELIVERY	CHEMOKINE_INFLAMMATORY	Chemokine/inflammatory genes	1.5808356645940225	3.574597488917752	16	16	1
GSE264344	SRR28740275	DELIVERY	CHEMOKINE_INFLAMMATORY	Chemokine/inflammatory genes	4.091993476210751	9.252846410501007	16	16	1
GSE264344	SRR28740276	DELIVERY	CHEMOKINE_INFLAMMATORY	Chemokine/inflammatory genes	1.4263989896737637	3.225384118590269	16	16	1
GSE264344	SRR28740277	DELIVERY	CHEMOKINE_INFLAMMATORY	Chemokine/inflammatory genes	3.3424580662324725	7.5579913067281765	16	16	1
GSE264344	SRR28740278	DELIVERY	CHEMOKINE_INFLAMMATORY	Chemokine/inflammatory genes	1.4710624333936122	3.326377433292839	16	16	1
GSE264344	SRR28740279	DELIVERY	CHEMOKINE_INFLAMMATORY	Chemokine/inflammatory genes	2.583917967638204	5.842774733362952	16	16	1
GSE264344	SRR28740280	DELIVERY	CHEMOKINE_INFLAMMATORY	Chemokine/inflammatory genes	2.212688117997566	5.003347006586856	16	16	1
GSE264344	SRR28740281	DELIVERY	CHEMOKINE_INFLAMMATORY	Chemokine/inflammatory genes	0.30672442301022285	0.6935675711514654	16	16	1
GSE264344	SRR28740282	DELIVERY	CHEMOKINE_INFLAMMATORY	Chemokine/inflammatory genes	0.04634045184089432	0.10478537807300495	16	16	1
GSE264344	SRR28740283	DELIVERY	CHEMOKINE_INFLAMMATORY	Chemokine/inflammatory genes	0.009532248579239202	0.021554392147294273	16	16	1
GSE264344	SRR28740284	DELIVERY	CHEMOKINE_INFLAMMATORY	Chemokine/inflammatory genes	0.09350703686134944	0.21143881470219653	16	16	1
GSE264344	SRR28740285	DELIVERY	CHEMOKINE_INFLAMMATORY	Chemokine/inflammatory genes	0.19033758041772267	0.4303927677280749	16	16	1
GSE264344	SRR28740286	DELIVERY	CHEMOKINE_INFLAMMATORY	Chemokine/inflammatory genes	0.8814395836439909	1.9931178128725224	16	16	1
GSE264344	SRR28740287	DELIVERY	CHEMOKINE_INFLAMMATORY	Chemokine/inflammatory genes	0.7872256808261197	1.780080627555482	16	16	1
GSE264344	SRR28740288	DELIVERY	CHEMOKINE_INFLAMMATORY	Chemokine/inflammatory genes	1.0072955790928924	2.277704335920396	16	16	1
GSE264344	SRR28740289	DELIVERY	CHEMOKINE_INFLAMMATORY	Chemokine/inflammatory genes	0.910621033977788	2.0591031277426532	16	16	1
GSE264344	SRR28740290	DELIVERY	CHEMOKINE_INFLAMMATORY	Chemokine/inflammatory genes	0.5300545956948745	1.1985634365396243	16	16	1
GSE264344	SRR28740291	DELIVERY	CHEMOKINE_INFLAMMATORY	Chemokine/inflammatory genes	1.6591172375046628	3.751608370075199	16	16	1
GSE264344	SRR28740292	DELIVERY	CHEMOKINE_INFLAMMATORY	Chemokine/inflammatory genes	1.6951394196166083	3.8330619990681702	16	16	1
GSE264344	SRR28740293	DELIVERY	CHEMOKINE_INFLAMMATORY	Chemokine/inflammatory genes	1.536436869414967	3.4742025994851535	16	16	1
GSE264344	SRR28740294	DELIVERY	CHEMOKINE_INFLAMMATORY	Chemokine/inflammatory genes	1.3592149152656539	3.0734669844736326	16	16	1
GSE264344	SRR28740295	DELIVERY	CHEMOKINE_INFLAMMATORY	Chemokine/inflammatory genes	1.4218810140995533	3.2151680382573957	16	16	1
GSE264344	SRR28740296	DELIVERY	CHEMOKINE_INFLAMMATORY	Chemokine/inflammatory genes	1.3154438912456066	2.974491615905135	16	16	1
GSE264344	SRR28740297	DELIVERY	CHEMOKINE_INFLAMMATORY	Chemokine/inflammatory genes	1.4860752666674701	3.3603245647526134	16	16	1
GSE264344	SRR28740298	DELIVERY	CHEMOKINE_INFLAMMATORY	Chemokine/inflammatory genes	1.0272289577289595	2.322777841544038	16	16	1
GSE264344	SRR28740299	DELIVERY	CHEMOKINE_INFLAMMATORY	Chemokine/inflammatory genes	1.3812703836062812	3.1233389752903116	16	16	1
GSE264344	SRR28740300	DELIVERY	CHEMOKINE_INFLAMMATORY	Chemokine/inflammatory genes	1.5312527767987407	3.462480290289252	16	16	1
GSE264344	SRR28740301	DELIVERY	CHEMOKINE_INFLAMMATORY	Chemokine/inflammatory genes	-0.04339175507565344	-0.09811776278023096	16	16	1
GSE264344	SRR28740302	DELIVERY	CHEMOKINE_INFLAMMATORY	Chemokine/inflammatory genes	0.031144237881833462	0.07042358482926135	16	16	1
GSE264344	SRR28740303	DELIVERY	CHEMOKINE_INFLAMMATORY	Chemokine/inflammatory genes	-0.004638089744692953	-0.010487683398142785	16	16	1
GSE264344	SRR28740304	DELIVERY	CHEMOKINE_INFLAMMATORY	Chemokine/inflammatory genes	0.09779879470043869	0.22114336979179297	16	16	1
GSE264344	SRR28740305	DELIVERY	CHEMOKINE_INFLAMMATORY	Chemokine/inflammatory genes	0.12609918747657178	0.28513643068906924	16	16	1
GSE264344	SRR28740306	DELIVERY	CHEMOKINE_INFLAMMATORY	Chemokine/inflammatory genes	0.02541034397522088	0.057458060822335656	16	16	1
GSE264344	SRR28740307	DELIVERY	CHEMOKINE_INFLAMMATORY	Chemokine/inflammatory genes	0.06298284524995583	0.1424172831609322	16	16	1
GSE264344	SRR28740308	DELIVERY	CHEMOKINE_INFLAMMATORY	Chemokine/inflammatory genes	0.15928893506458164	0.36018533744332204	16	16	1
GSE264344	SRR28740309	DELIVERY	CHEMOKINE_INFLAMMATORY	Chemokine/inflammatory genes	-0.06922985228507651	-0.1565430624314353	16	16	1
GSE264344	SRR28740310	DELIVERY	CHEMOKINE_INFLAMMATORY	Chemokine/inflammatory genes	0.08080321807760525	0.18271284416578393	16	16	1
GSE264344	SRR28740116	DELIVERY	GENERIC_INNATE	Generic innate immune genes	-0.10254642204212712	-0.13269322846938128	19	18	0.9473684210526315
GSE264344	SRR28740117	DELIVERY	GENERIC_INNATE	Generic innate immune genes	0.48258889168059194	0.6244613589175401	19	18	0.9473684210526315
GSE264344	SRR28740118	DELIVERY	GENERIC_INNATE	Generic innate immune genes	1.340190283705592	1.7341821583510242	19	18	0.9473684210526315
GSE264344	SRR28740119	CONTROL	GENERIC_INNATE	Generic innate immune genes	-0.968779525569654	-1.2535833075683818	19	18	0.9473684210526315
GSE264344	SRR28740120	CONTROL	GENERIC_INNATE	Generic innate immune genes	-1.0014564524522531	-1.2958666641025445	19	18	0.9473684210526315
GSE264344	SRR28740121	CONTROL	GENERIC_INNATE	Generic innate immune genes	-1.1755209806310931	-1.5211030375038643	19	18	0.9473684210526315
GSE264344	SRR28740122	CONTROL	GENERIC_INNATE	Generic innate immune genes	-1.0035688775136329	-1.2986001041944764	19	18	0.9473684210526315
GSE264344	SRR28740123	CONTROL	GENERIC_INNATE	Generic innate immune genes	-1.085211785831401	-1.404244561315212	19	18	0.9473684210526315
GSE264344	SRR28740124	CONTROL	GENERIC_INNATE	Generic innate immune genes	0.4801540581628994	0.621310728073342	19	18	0.9473684210526315
GSE264344	SRR28740125	CONTROL	GENERIC_INNATE	Generic innate immune genes	0.7469493984488335	0.966539106968749	19	18	0.9473684210526315
GSE264344	SRR28740126	CONTROL	GENERIC_INNATE	Generic innate immune genes	0.542091577612192	0.7014567658915645	19	18	0.9473684210526315
GSE264344	SRR28740127	CONTROL	GENERIC_INNATE	Generic innate immune genes	0.6080304311399193	0.7867804581464668	19	18	0.9473684210526315
GSE264344	SRR28740128	CONTROL	GENERIC_INNATE	Generic innate immune genes	0.5283517073952742	0.6836776205881414	19	18	0.9473684210526315
GSE264344	SRR28740129	DELIVERY	GENERIC_INNATE	Generic innate immune genes	0.5106024608841468	0.6607104143652579	19	18	0.9473684210526315
GSE264344	SRR28740130	DELIVERY	GENERIC_INNATE	Generic innate immune genes	0.505751136043129	0.6544328871469616	19	18	0.9473684210526315
GSE264344	SRR28740131	DELIVERY	GENERIC_INNATE	Generic innate immune genes	0.2591336203527926	0.33531425090038924	19	18	0.9473684210526315
GSE264344	SRR28740132	DELIVERY	GENERIC_INNATE	Generic innate immune genes	0.46399832650044914	0.6004055014463725	19	18	0.9473684210526315
GSE264344	SRR28740133	DELIVERY	GENERIC_INNATE	Generic innate immune genes	0.34313901885666237	0.44401572789347377	19	18	0.9473684210526315
GSE264344	SRR28740134	DELIVERY	GENERIC_INNATE	Generic innate immune genes	0.01693323637976242	0.021911303767797912	19	18	0.9473684210526315
GSE264344	SRR28740135	DELIVERY	GENERIC_INNATE	Generic innate immune genes	0.1046054830941465	0.13535761649157646	19	18	0.9473684210526315
GSE264344	SRR28740136	DELIVERY	GENERIC_INNATE	Generic innate immune genes	-0.030929557238891653	-0.040022291596590584	19	18	0.9473684210526315
GSE264344	SRR28740137	DELIVERY	GENERIC_INNATE	Generic innate immune genes	-0.016906355292447068	-0.021876520123575025	19	18	0.9473684210526315
GSE264344	SRR28740138	DELIVERY	GENERIC_INNATE	Generic innate immune genes	0.02081296981455713	0.026931609155459522	19	18	0.9473684210526315
GSE264344	SRR28740139	DELIVERY	GENERIC_INNATE	Generic innate immune genes	0.3224864707023313	0.4172917014852998	19	18	0.9473684210526315
GSE264344	SRR28740140	DELIVERY	GENERIC_INNATE	Generic innate immune genes	-0.4485260573019375	-0.5803846629732909	19	18	0.9473684210526315
GSE264344	SRR28740141	DELIVERY	GENERIC_INNATE	Generic innate immune genes	0.07344244199277718	0.09503320097012641	19	18	0.9473684210526315
GSE264344	SRR28740142	DELIVERY	GENERIC_INNATE	Generic innate immune genes	-0.0934969012854793	-0.12098331113255824	19	18	0.9473684210526315
GSE264344	SRR28740143	DELIVERY	GENERIC_INNATE	Generic innate immune genes	1.4460264397956495	1.8711322435973898	19	18	0.9473684210526315
GSE264344	SRR28740144	DELIVERY	GENERIC_INNATE	Generic innate immune genes	1.0037295416239163	1.2988080006677818	19	18	0.9473684210526315
GSE264344	SRR28740145	DELIVERY	GENERIC_INNATE	Generic innate immune genes	1.9593007102589635	2.53529993157449	19	18	0.9473684210526315
GSE264344	SRR28740146	DELIVERY	GENERIC_INNATE	Generic innate immune genes	0.9499426672011472	1.2292087511347032	19	18	0.9473684210526315
GSE264344	SRR28740147	DELIVERY	GENERIC_INNATE	Generic innate immune genes	1.7983713611238092	2.3270602439582095	19	18	0.9473684210526315
GSE264344	SRR28740148	DELIVERY	GENERIC_INNATE	Generic innate immune genes	1.1249620847186115	1.4556807341911409	19	18	0.9473684210526315
GSE264344	SRR28740149	DELIVERY	GENERIC_INNATE	Generic innate immune genes	1.5927824322685544	2.0610318622350645	19	18	0.9473684210526315
GSE264344	SRR28740150	DELIVERY	GENERIC_INNATE	Generic innate immune genes	0.9473002356725682	1.225789492192715	19	18	0.9473684210526315
GSE264344	SRR28740151	DELIVERY	GENERIC_INNATE	Generic innate immune genes	0.5200519792359396	0.6729379214065561	19	18	0.9473684210526315
GSE264344	SRR28740152	DELIVERY	GENERIC_INNATE	Generic innate immune genes	0.377880186332985	0.48897017468377635	19	18	0.9473684210526315
GSE264344	SRR28740153	DELIVERY	GENERIC_INNATE	Generic innate immune genes	0.4193725371725649	0.5426605315001876	19	18	0.9473684210526315
GSE264344	SRR28740154	DELIVERY	GENERIC_INNATE	Generic innate immune genes	-0.6463990793657524	-0.8364287998799331	19	18	0.9473684210526315
GSE264344	SRR28740155	DELIVERY	GENERIC_INNATE	Generic innate immune genes	-0.4830809698587661	-0.6250980992427602	19	18	0.9473684210526315
GSE264344	SRR28740156	DELIVERY	GENERIC_INNATE	Generic innate immune genes	-0.25247077609734375	-0.32669265009328385	19	18	0.9473684210526315
GSE264344	SRR28740157	DELIVERY	GENERIC_INNATE	Generic innate immune genes	-0.49957492337363607	-0.6464409788725622	19	18	0.9473684210526315
GSE264344	SRR28740158	DELIVERY	GENERIC_INNATE	Generic innate immune genes	0.009564646663849	0.012376481009485015	19	18	0.9473684210526315
GSE264344	SRR28740159	DELIVERY	GENERIC_INNATE	Generic innate immune genes	-0.42881455571940696	-0.5548783339285702	19	18	0.9473684210526315
GSE264344	SRR28740160	DELIVERY	GENERIC_INNATE	Generic innate immune genes	-0.380589239719364	-0.49247564111328146	19	18	0.9473684210526315
GSE264344	SRR28740161	DELIVERY	GENERIC_INNATE	Generic innate immune genes	-0.43337677896953664	-0.5607817688802946	19	18	0.9473684210526315
GSE264344	SRR28740162	DELIVERY	GENERIC_INNATE	Generic innate immune genes	-0.8764039146475798	-1.1340509260285763	19	18	0.9473684210526315
GSE264344	SRR28740163	DELIVERY	GENERIC_INNATE	Generic innate immune genes	-0.5654331592917966	-0.7316603533885141	19	18	0.9473684210526315
GSE264344	SRR28740164	DELIVERY	GENERIC_INNATE	Generic innate immune genes	0.26931875377376974	0.3484936306301437	19	18	0.9473684210526315
GSE264344	SRR28740165	DELIVERY	GENERIC_INNATE	Generic innate immune genes	0.20937416763565075	0.2709264127250641	19	18	0.9473684210526315
GSE264344	SRR28740166	DELIVERY	GENERIC_INNATE	Generic innate immune genes	-0.019673761271058063	-0.02545749375946165	19	18	0.9473684210526315
GSE264344	SRR28740167	DELIVERY	GENERIC_INNATE	Generic innate immune genes	0.48842966112460595	0.6320192096824663	19	18	0.9473684210526315
GSE264344	SRR28740168	DELIVERY	GENERIC_INNATE	Generic innate immune genes	0.17531184405527916	0.2268503777446194	19	18	0.9473684210526315
GSE264344	SRR28740169	DELIVERY	GENERIC_INNATE	Generic innate immune genes	-0.2628450444766436	-0.34011676706239263	19	18	0.9473684210526315
GSE264344	SRR28740170	DELIVERY	GENERIC_INNATE	Generic innate immune genes	-0.6788461091338823	-0.8784146736767443	19	18	0.9473684210526315
GSE264344	SRR28740171	DELIVERY	GENERIC_INNATE	Generic innate immune genes	1.2000334755959245	1.552821765763215	19	18	0.9473684210526315
GSE264344	SRR28740172	DELIVERY	GENERIC_INNATE	Generic innate immune genes	1.3292939677048117	1.7200825211352846	19	18	0.9473684210526315
GSE264344	SRR28740173	DELIVERY	GENERIC_INNATE	Generic innate immune genes	1.5073550445749415	1.9504903567682605	19	18	0.9473684210526315
GSE264344	SRR28740174	DELIVERY	GENERIC_INNATE	Generic innate immune genes	1.6868340437886697	2.182732958449082	19	18	0.9473684210526315
GSE264344	SRR28740175	DELIVERY	GENERIC_INNATE	Generic innate immune genes	1.4398036361909972	1.863080047489631	19	18	0.9473684210526315
GSE264344	SRR28740176	DELIVERY	GENERIC_INNATE	Generic innate immune genes	1.6366951533304355	2.117854134651187	19	18	0.9473684210526315
GSE264344	SRR28740177	DELIVERY	GENERIC_INNATE	Generic innate immune genes	1.755084802478612	2.2710482144638915	19	18	0.9473684210526315
GSE264344	SRR28740178	DELIVERY	GENERIC_INNATE	Generic innate immune genes	1.883232002891245	2.4368683903748516	19	18	0.9473684210526315
GSE264344	SRR28740179	DELIVERY	GENERIC_INNATE	Generic innate immune genes	1.8743894611286784	2.42542630013919	19	18	0.9473684210526315
GSE264344	SRR28740180	DELIVERY	GENERIC_INNATE	Generic innate immune genes	1.7788106831255306	2.3017490779228376	19	18	0.9473684210526315
GSE264344	SRR28740181	DELIVERY	GENERIC_INNATE	Generic innate immune genes	2.0024302786827346	2.591108818541704	19	18	0.9473684210526315
GSE264344	SRR28740182	DELIVERY	GENERIC_INNATE	Generic innate immune genes	1.2122503928305601	1.5686302372586034	19	18	0.9473684210526315
GSE264344	SRR28740183	DELIVERY	GENERIC_INNATE	Generic innate immune genes	1.3274629993366196	1.7177132809495967	19	18	0.9473684210526315
GSE264344	SRR28740184	DELIVERY	GENERIC_INNATE	Generic innate immune genes	0.506194970190546	0.6550072005628067	19	18	0.9473684210526315
GSE264344	SRR28740185	DELIVERY	GENERIC_INNATE	Generic innate immune genes	1.1911367214901138	1.5413095257290064	19	18	0.9473684210526315
GSE264344	SRR28740186	DELIVERY	GENERIC_INNATE	Generic innate immune genes	1.3486811291411331	1.7451691598557049	19	18	0.9473684210526315
GSE264344	SRR28740187	DELIVERY	GENERIC_INNATE	Generic innate immune genes	1.5038786735303562	1.9459919950694584	19	18	0.9473684210526315
GSE264344	SRR28740188	DELIVERY	GENERIC_INNATE	Generic innate immune genes	1.2830930747898535	1.6602993954350482	19	18	0.9473684210526315
GSE264344	SRR28740189	DELIVERY	GENERIC_INNATE	Generic innate immune genes	1.6204976524285384	2.0968948593785157	19	18	0.9473684210526315
GSE264344	SRR28740190	DELIVERY	GENERIC_INNATE	Generic innate immune genes	1.7564578141628864	2.2728248669251316	19	18	0.9473684210526315
GSE264344	SRR28740191	DELIVERY	GENERIC_INNATE	Generic innate immune genes	0.5034275400247077	0.6514261956290822	19	18	0.9473684210526315
GSE264344	SRR28740192	DELIVERY	GENERIC_INNATE	Generic innate immune genes	0.5417871460607588	0.7010628369313614	19	18	0.9473684210526315
GSE264344	SRR28740193	DELIVERY	GENERIC_INNATE	Generic innate immune genes	0.48894426733814417	0.6326851008808616	19	18	0.9473684210526315
GSE264344	SRR28740194	DELIVERY	GENERIC_INNATE	Generic innate immune genes	0.46647555531822305	0.6036109910474896	19	18	0.9473684210526315
GSE264344	SRR28740195	DELIVERY	GENERIC_INNATE	Generic innate immune genes	0.37551916788207884	0.4859150592103393	19	18	0.9473684210526315
GSE264344	SRR28740196	DELIVERY	GENERIC_INNATE	Generic innate immune genes	0.42279827775541634	0.5470933782907894	19	18	0.9473684210526315
GSE264344	SRR28740197	DELIVERY	GENERIC_INNATE	Generic innate immune genes	0.4050119835780341	0.5240782330531188	19	18	0.9473684210526315
GSE264344	SRR28740198	DELIVERY	GENERIC_INNATE	Generic innate immune genes	0.4945219480204682	0.6399025195130283	19	18	0.9473684210526315
GSE264344	SRR28740199	CONTROL	GENERIC_INNATE	Generic innate immune genes	0.34180213981797564	0.4422858304267098	19	18	0.9473684210526315
GSE264344	SRR28740200	CONTROL	GENERIC_INNATE	Generic innate immune genes	0.43012663648643357	0.5565761428771634	19	18	0.9473684210526315
GSE264344	SRR28740201	CONTROL	GENERIC_INNATE	Generic innate immune genes	0.438054579469763	0.5668347587179676	19	18	0.9473684210526315
GSE264344	SRR28740202	CONTROL	GENERIC_INNATE	Generic innate immune genes	0.5921796085130604	0.7662697783356259	19	18	0.9473684210526315
GSE264344	SRR28740203	CONTROL	GENERIC_INNATE	Generic innate immune genes	0.5267974849516831	0.681666484658748	19	18	0.9473684210526315
GSE264344	SRR28740204	DELIVERY	GENERIC_INNATE	Generic innate immune genes	0.6569602284751854	0.8500947371576033	19	18	0.9473684210526315
GSE264344	SRR28740205	DELIVERY	GENERIC_INNATE	Generic innate immune genes	0.6506961986195219	0.841989195021427	19	18	0.9473684210526315
GSE264344	SRR28740206	DELIVERY	GENERIC_INNATE	Generic innate immune genes	0.6082052093650064	0.7870066180308501	19	18	0.9473684210526315
GSE264344	SRR28740207	DELIVERY	GENERIC_INNATE	Generic innate immune genes	0.7150616720109034	0.9252769616365684	19	18	0.9473684210526315
GSE264344	SRR28740208	DELIVERY	GENERIC_INNATE	Generic innate immune genes	0.6669015467090824	0.8629586244140052	19	18	0.9473684210526315
GSE264344	SRR28740209	DELIVERY	GENERIC_INNATE	Generic innate immune genes	0.09846898413530833	0.12741709704553744	19	18	0.9473684210526315
GSE264344	SRR28740210	DELIVERY	GENERIC_INNATE	Generic innate immune genes	0.6038304895021286	0.7813458090948161	19	18	0.9473684210526315
GSE264344	SRR28740211	DELIVERY	GENERIC_INNATE	Generic innate immune genes	1.8543051925356815	2.399437617277528	19	18	0.9473684210526315
GSE264344	SRR28740212	DELIVERY	GENERIC_INNATE	Generic innate immune genes	0.9617435415195581	1.2444788705683003	19	18	0.9473684210526315
GSE264344	SRR28740213	DELIVERY	GENERIC_INNATE	Generic innate immune genes	1.9824247334952465	2.5652220023529604	19	18	0.9473684210526315
GSE264344	SRR28740214	DELIVERY	GENERIC_INNATE	Generic innate immune genes	1.0262609015718824	1.3279631757949366	19	18	0.9473684210526315
GSE264344	SRR28740215	DELIVERY	GENERIC_INNATE	Generic innate immune genes	1.8350585425153816	2.3745327978059647	19	18	0.9473684210526315
GSE264344	SRR28740216	DELIVERY	GENERIC_INNATE	Generic innate immune genes	1.1980818240867086	1.5502963637604168	19	18	0.9473684210526315
GSE264344	SRR28740217	DELIVERY	GENERIC_INNATE	Generic innate immune genes	2.0013655157228563	2.5897310343939273	19	18	0.9473684210526315
GSE264344	SRR28740218	DELIVERY	GENERIC_INNATE	Generic innate immune genes	1.4284590281361034	1.8484003284068413	19	18	0.9473684210526315
GSE264344	SRR28740219	DELIVERY	GENERIC_INNATE	Generic innate immune genes	1.9796601368114406	2.5616446638940986	19	18	0.9473684210526315
GSE264344	SRR28740220	DELIVERY	GENERIC_INNATE	Generic innate immune genes	1.228890931852959	1.5901627959025875	19	18	0.9473684210526315
GSE264344	SRR28740221	DELIVERY	GENERIC_INNATE	Generic innate immune genes	2.028727057082293	2.625136377521264	19	18	0.9473684210526315
GSE264344	SRR28740222	DELIVERY	GENERIC_INNATE	Generic innate immune genes	1.1438765106319075	1.4801556616347247	19	18	0.9473684210526315
GSE264344	SRR28740223	DELIVERY	GENERIC_INNATE	Generic innate immune genes	0.757147793128137	0.9797356465286159	19	18	0.9473684210526315
GSE264344	SRR28740224	DELIVERY	GENERIC_INNATE	Generic innate immune genes	1.033291553733796	1.3370607134274668	19	18	0.9473684210526315
GSE264344	SRR28740225	DELIVERY	GENERIC_INNATE	Generic innate immune genes	0.9100445580171971	1.1775813143893499	19	18	0.9473684210526315
GSE264344	SRR28740226	DELIVERY	GENERIC_INNATE	Generic innate immune genes	0.8563539787723934	1.1081066690871726	19	18	0.9473684210526315
GSE264344	SRR28740227	DELIVERY	GENERIC_INNATE	Generic innate immune genes	0.7933710852925925	1.0266079360475682	19	18	0.9473684210526315
GSE264344	SRR28740228	DELIVERY	GENERIC_INNATE	Generic innate immune genes	1.4598566778294444	1.889028323232917	19	18	0.9473684210526315
GSE264344	SRR28740229	DELIVERY	GENERIC_INNATE	Generic innate immune genes	1.2108928604765272	1.5668736147726987	19	18	0.9473684210526315
GSE264344	SRR28740230	DELIVERY	GENERIC_INNATE	Generic innate immune genes	1.225778352011229	1.586135173486876	19	18	0.9473684210526315
GSE264344	SRR28740231	DELIVERY	GENERIC_INNATE	Generic innate immune genes	-0.06004121854332433	-0.07769225850197324	19	18	0.9473684210526315
GSE264344	SRR28740232	DELIVERY	GENERIC_INNATE	Generic innate immune genes	-0.1395377933629354	-0.1805593986225561	19	18	0.9473684210526315
GSE264344	SRR28740233	DELIVERY	GENERIC_INNATE	Generic innate immune genes	-0.36754718603072817	-0.475599457865219	19	18	0.9473684210526315
GSE264344	SRR28740234	DELIVERY	GENERIC_INNATE	Generic innate immune genes	-0.49648752363620346	-0.6424459390595968	19	18	0.9473684210526315
GSE264344	SRR28740235	DELIVERY	GENERIC_INNATE	Generic innate immune genes	0.06566349182636319	0.084967379158616893	19	18	0.9473684210526315
GSE264344	SRR28740236	DELIVERY	GENERIC_INNATE	Generic innate immune genes	-0.4126450559684517	-0.5339552916423392	19	18	0.9473684210526315
GSE264344	SRR28740237	DELIVERY	GENERIC_INNATE	Generic innate immune genes	0.36799752497152627	0.47618218836687837	19	18	0.9473684210526315
GSE264344	SRR28740238	DELIVERY	GENERIC_INNATE	Generic innate immune genes	0.11172594319099206	0.14457136397902848	19	18	0.9473684210526315
GSE264344	SRR28740239	DELIVERY	GENERIC_INNATE	Generic innate immune genes	0.23152188470091098	0.299585160851922	19	18	0.9473684210526315
GSE264344	SRR28740240	DELIVERY	GENERIC_INNATE	Generic innate immune genes	-0.13457877516255487	-0.17414251813133244	19	18	0.9473684210526315
GSE264344	SRR28740241	DELIVERY	GENERIC_INNATE	Generic innate immune genes	1.298830685374765	1.6806635808968087	19	18	0.9473684210526315
GSE264344	SRR28740242	DELIVERY	GENERIC_INNATE	Generic innate immune genes	0.6049445135765719	0.782787336240149	19	18	0.9473684210526315
GSE264344	SRR28740243	DELIVERY	GENERIC_INNATE	Generic innate immune genes	1.4887214821919652	1.9263788616888222	19	18	0.9473684210526315
GSE264344	SRR28740244	DELIVERY	GENERIC_INNATE	Generic innate immune genes	0.934129706573044	1.2087470640702802	19	18	0.9473684210526315
GSE264344	SRR28740245	DELIVERY	GENERIC_INNATE	Generic innate immune genes	0.9831599196569991	1.2721912792568324	19	18	0.9473684210526315
GSE264344	SRR28740246	DELIVERY	GENERIC_INNATE	Generic innate immune genes	0.8771302263821034	1.1349907603690619	19	18	0.9473684210526315
GSE264344	SRR28740247	DELIVERY	GENERIC_INNATE	Generic innate immune genes	1.301657862801331	1.6843218977129006	19	18	0.9473684210526315
GSE264344	SRR28740248	DELIVERY	GENERIC_INNATE	Generic innate immune genes	0.7650898425052997	0.9900125157897006	19	18	0.9473684210526315
GSE264344	SRR28740249	DELIVERY	GENERIC_INNATE	Generic innate immune genes	1.4714825635514914	1.904072010565477	19	18	0.9473684210526315
GSE264344	SRR28740250	DELIVERY	GENERIC_INNATE	Generic innate immune genes	0.8820704764932844	1.1413833552899215	19	18	0.9473684210526315
GSE264344	SRR28740251	DELIVERY	GENERIC_INNATE	Generic innate immune genes	1.7827303440805362	2.306821048804585	19	18	0.9473684210526315
GSE264344	SRR28740252	DELIVERY	GENERIC_INNATE	Generic innate immune genes	-0.27383385649363723	-0.3543360924619566	19	18	0.9473684210526315
GSE264344	SRR28740253	DELIVERY	GENERIC_INNATE	Generic innate immune genes	0.7711376325048471	0.9978382474355607	19	18	0.9473684210526315
GSE264344	SRR28740254	DELIVERY	GENERIC_INNATE	Generic innate immune genes	0.43187769144664073	0.5588419765481009	19	18	0.9473684210526315
GSE264344	SRR28740255	DELIVERY	GENERIC_INNATE	Generic innate immune genes	0.5472637172596554	0.7081494217078198	19	18	0.9473684210526315
GSE264344	SRR28740256	DELIVERY	GENERIC_INNATE	Generic innate immune genes	0.09766488738762884	0.1263766102949857	19	18	0.9473684210526315
GSE264344	SRR28740257	DELIVERY	GENERIC_INNATE	Generic innate immune genes	0.5370890194980537	0.6949835455338809	19	18	0.9473684210526315
GSE264344	SRR28740258	DELIVERY	GENERIC_INNATE	Generic innate immune genes	0.21133284931274643	0.2734609116388427	19	18	0.9473684210526315
GSE264344	SRR28740259	DELIVERY	GENERIC_INNATE	Generic innate immune genes	0.31281974371671767	0.4047831303727338	19	18	0.9473684210526315
GSE264344	SRR28740260	DELIVERY	GENERIC_INNATE	Generic innate immune genes	-0.08883890819479313	-0.11495595172710474	19	18	0.9473684210526315
GSE264344	SRR28740261	DELIVERY	GENERIC_INNATE	Generic innate immune genes	1.200039638566155	1.5528297405360112	19	18	0.9473684210526315
GSE264344	SRR28740262	DELIVERY	GENERIC_INNATE	Generic innate immune genes	1.6750010162251074	2.1674212332937057	19	18	0.9473684210526315
GSE264344	SRR28740263	DELIVERY	GENERIC_INNATE	Generic innate immune genes	1.6743480553716676	2.1665763136760186	19	18	0.9473684210526315
GSE264344	SRR28740264	DELIVERY	GENERIC_INNATE	Generic innate immune genes	1.8256785593906515	2.3623952680996876	19	18	0.9473684210526315
GSE264344	SRR28740265	DELIVERY	GENERIC_INNATE	Generic innate immune genes	1.7192815368480199	2.224719431736412	19	18	0.9473684210526315
GSE264344	SRR28740266	DELIVERY	GENERIC_INNATE	Generic innate immune genes	1.3950137878909257	1.805122788179806	19	18	0.9473684210526315
GSE264344	SRR28740267	DELIVERY	GENERIC_INNATE	Generic innate immune genes	1.5019373939495066	1.9434800141556945	19	18	0.9473684210526315
GSE264344	SRR28740268	DELIVERY	GENERIC_INNATE	Generic innate immune genes	1.4356634877190266	1.8577227697207133	19	18	0.9473684210526315
GSE264344	SRR28740269	DELIVERY	GENERIC_INNATE	Generic innate immune genes	1.3527981213935627	1.750496473892404	19	18	0.9473684210526315
GSE264344	SRR28740270	DELIVERY	GENERIC_INNATE	Generic innate immune genes	1.6279123845641874	2.106489389599285	19	18	0.9473684210526315
GSE264344	SRR28740271	DELIVERY	GENERIC_INNATE	Generic innate immune genes	1.9711654075554979	2.5506526367955686	19	18	0.9473684210526315
GSE264344	SRR28740272	DELIVERY	GENERIC_INNATE	Generic innate immune genes	0.6555181412374482	0.8482287021707247	19	18	0.9473684210526315
GSE264344	SRR28740273	DELIVERY	GENERIC_INNATE	Generic innate immune genes	1.699337017532392	2.1989115819298783	19	18	0.9473684210526315
GSE264344	SRR28740274	DELIVERY	GENERIC_INNATE	Generic innate immune genes	0.8457743826380393	1.0944168616905487	19	18	0.9473684210526315
GSE264344	SRR28740275	DELIVERY	GENERIC_INNATE	Generic innate immune genes	2.0798952879443746	2.6913471493155927	19	18	0.9473684210526315
GSE264344	SRR28740276	DELIVERY	GENERIC_INNATE	Generic innate immune genes	0.7382790253230065	0.9553197998570147	19	18	0.9473684210526315
GSE264344	SRR28740277	DELIVERY	GENERIC_INNATE	Generic innate immune genes	1.6964790048585372	2.1952133648575716	19	18	0.9473684210526315
GSE264344	SRR28740278	DELIVERY	GENERIC_INNATE	Generic innate immune genes	0.7674268933167958	0.9930366175681812	19	18	0.9473684210526315
GSE264344	SRR28740279	DELIVERY	GENERIC_INNATE	Generic innate immune genes	1.359053612644029	1.7585909672268019	19	18	0.9473684210526315
GSE264344	SRR28740280	DELIVERY	GENERIC_INNATE	Generic innate immune genes	1.063030665407723	1.3755425898424596	19	18	0.9473684210526315
GSE264344	SRR28740281	DELIVERY	GENERIC_INNATE	Generic innate immune genes	1.1038438611023929	1.4283541320984496	19	18	0.9473684210526315
GSE264344	SRR28740282	DELIVERY	GENERIC_INNATE	Generic innate immune genes	1.1358156308836234	1.4697250280075087	19	18	0.9473684210526315
GSE264344	SRR28740283	DELIVERY	GENERIC_INNATE	Generic innate immune genes	0.9237801059867996	1.195354866782371	19	18	0.9473684210526315
GSE264344	SRR28740284	DELIVERY	GENERIC_INNATE	Generic innate immune genes	0.9400465692157186	1.2164033780676993	19	18	0.9473684210526315
GSE264344	SRR28740285	DELIVERY	GENERIC_INNATE	Generic innate immune genes	0.9858440488337737	1.2756644942067288	19	18	0.9473684210526315
GSE264344	SRR28740286	DELIVERY	GENERIC_INNATE	Generic innate immune genes	1.4177902878768902	1.8345951701136083	19	18	0.9473684210526315
GSE264344	SRR28740287	DELIVERY	GENERIC_INNATE	Generic innate immune genes	1.41468173134097	1.8305727537833594	19	18	0.9473684210526315
GSE264344	SRR28740288	DELIVERY	GENERIC_INNATE	Generic innate immune genes	1.6481329014353798	2.1326543752860196	19	18	0.9473684210526315
GSE264344	SRR28740289	DELIVERY	GENERIC_INNATE	Generic innate immune genes	1.5581685850975138	2.016242165633224	19	18	0.9473684210526315
GSE264344	SRR28740290	DELIVERY	GENERIC_INNATE	Generic innate immune genes	1.2262807756250367	1.5867853006200099	19	18	0.9473684210526315
GSE264344	SRR28740291	DELIVERY	GENERIC_INNATE	Generic innate immune genes	-0.5490974293237839	-0.7105222121867748	19	18	0.9473684210526315
GSE264344	SRR28740292	DELIVERY	GENERIC_INNATE	Generic innate immune genes	-0.4180126048789325	-0.5409008035355423	19	18	0.9473684210526315
GSE264344	SRR28740293	DELIVERY	GENERIC_INNATE	Generic innate immune genes	-0.6743238198441938	-0.8725629125526482	19	18	0.9473684210526315
GSE264344	SRR28740294	DELIVERY	GENERIC_INNATE	Generic innate immune genes	-0.6663309271590473	-0.8622202529641383	19	18	0.9473684210526315
GSE264344	SRR28740295	DELIVERY	GENERIC_INNATE	Generic innate immune genes	-0.8653877187795099	-1.119796166417512	19	18	0.9473684210526315
GSE264344	SRR28740296	DELIVERY	GENERIC_INNATE	Generic innate immune genes	-0.8211392685766102	-1.062539466522343	19	18	0.9473684210526315
GSE264344	SRR28740297	DELIVERY	GENERIC_INNATE	Generic innate immune genes	-0.6574843106169833	-0.8507728900369865	19	18	0.9473684210526315
GSE264344	SRR28740298	DELIVERY	GENERIC_INNATE	Generic innate immune genes	-0.8465301802127564	-1.0953948501787023	19	18	0.9473684210526315
GSE264344	SRR28740299	DELIVERY	GENERIC_INNATE	Generic innate immune genes	-0.8524663961892279	-1.1030762070424838	19	18	0.9473684210526315
GSE264344	SRR28740300	DELIVERY	GENERIC_INNATE	Generic innate immune genes	-0.6560131631387252	-0.8488692516207728	19	18	0.9473684210526315
GSE264344	SRR28740301	DELIVERY	GENERIC_INNATE	Generic innate immune genes	0.6251672283755743	0.8089551660059967	19	18	0.9473684210526315
GSE264344	SRR28740302	DELIVERY	GENERIC_INNATE	Generic innate immune genes	0.5534179208004338	0.7161128505649291	19	18	0.9473684210526315
GSE264344	SRR28740303	DELIVERY	GENERIC_INNATE	Generic innate immune genes	0.6240410912601208	0.8074979648031373	19	18	0.9473684210526315
GSE264344	SRR28740304	DELIVERY	GENERIC_INNATE	Generic innate immune genes	0.6707100358092281	0.8678867409121231	19	18	0.9473684210526315
GSE264344	SRR28740305	DELIVERY	GENERIC_INNATE	Generic innate immune genes	0.5882388594659178	0.7611705198413786	19	18	0.9473684210526315
GSE264344	SRR28740306	DELIVERY	GENERIC_INNATE	Generic innate immune genes	0.7593731071444806	0.9826151629008741	19	18	0.9473684210526315
GSE264344	SRR28740307	DELIVERY	GENERIC_INNATE	Generic innate immune genes	0.7011745431907431	0.9073072663451983	19	18	0.9473684210526315
GSE264344	SRR28740308	DELIVERY	GENERIC_INNATE	Generic innate immune genes	0.7349721460328593	0.9510407574445169	19	18	0.9473684210526315
GSE264344	SRR28740309	DELIVERY	GENERIC_INNATE	Generic innate immune genes	0.5148638880844401	0.6662246246305545	19	18	0.9473684210526315
GSE264344	SRR28740310	DELIVERY	GENERIC_INNATE	Generic innate immune genes	0.7102812934244587	0.9190912375975505	19	18	0.9473684210526315
GSE279372	SRR30976289	DELIVERY	ISG	Interferon-stimulated genes	2.3833598465477714	4.480878709075421	20	19	0.95
GSE279372	SRR30976290	DELIVERY	ISG	Interferon-stimulated genes	1.583852112053793	2.9777497583950034	20	19	0.95
GSE279372	SRR30976291	DELIVERY	ISG	Interferon-stimulated genes	0.9034878146216407	1.6986185775980114	20	19	0.95
GSE279372	SRR30976292	DELIVERY	ISG	Interferon-stimulated genes	1.2787116507451641	2.4040649250553052	20	19	0.95
GSE279372	SRR30976293	DELIVERY	ISG	Interferon-stimulated genes	0.3264116782793304	0.6136761688395385	20	19	0.95
GSE279372	SRR30976294	DELIVERY	ISG	Interferon-stimulated genes	-0.5592887494887084	-1.0515009109679319	20	19	0.95
GSE279372	SRR30976295	DELIVERY	ISG	Interferon-stimulated genes	-0.12283652568803416	-0.23094102783076192	20	19	0.95
GSE279372	SRR30976296	DELIVERY	ISG	Interferon-stimulated genes	0.9052020923521146	1.7018415363950428	20	19	0.95
GSE279372	SRR30976297	DELIVERY	ISG	Interferon-stimulated genes	12.270939330532064	23.070201029937188	20	19	0.95
GSE279372	SRR30976298	DELIVERY	ISG	Interferon-stimulated genes	12.24197612320504	23.015748229095475	20	19	0.95
GSE279372	SRR30976299	DELIVERY	ISG	Interferon-stimulated genes	12.636496434134154	23.75747326239277	20	19	0.95
GSE279372	SRR30976300	DELIVERY	ISG	Interferon-stimulated genes	12.612176692832067	23.711750493685145	20	19	0.95
GSE279372	SRR30976301	DELIVERY	ISG	Interferon-stimulated genes	10.293371382434007	19.352238705776273	20	19	0.95
GSE279372	SRR30976302	DELIVERY	ISG	Interferon-stimulated genes	10.71973329076201	20.15382810913682	20	19	0.95
GSE279372	SRR30976303	DELIVERY	ISG	Interferon-stimulated genes	11.451119797666806	21.528884516016273	20	19	0.95
GSE279372	SRR30976304	DELIVERY	ISG	Interferon-stimulated genes	11.139378901519224	20.94279041599226	20	19	0.95
GSE279372	SRR30976305	DELIVERY	ISG	Interferon-stimulated genes	12.748521270987249	23.968087579433384	20	19	0.95
GSE279372	SRR30976306	DELIVERY	ISG	Interferon-stimulated genes	12.421842227435704	23.353908745686763	20	19	0.95
GSE279372	SRR30976307	DELIVERY	ISG	Interferon-stimulated genes	12.979589281231604	24.4025111638334	20	19	0.95
GSE279372	SRR30976308	DELIVERY	ISG	Interferon-stimulated genes	12.975487674018236	24.39479986314081	20	19	0.95
GSE279372	SRR30976309	DELIVERY	ISG	Interferon-stimulated genes	-0.5916259015341496	-1.1122969574912607	20	19	0.95
GSE279372	SRR30976310	DELIVERY	ISG	Interferon-stimulated genes	-1.0959100579900927	-2.0603854902659116	20	19	0.95
GSE279372	SRR30976311	DELIVERY	ISG	Interferon-stimulated genes	0.11328647583368345	0.21298628418390778	20	19	0.95
GSE279372	SRR30976312	DELIVERY	ISG	Interferon-stimulated genes	-0.8033721853094651	-1.5103943812055087	20	19	0.95
GSE279372	SRR30976313	CONTROL	ISG	Interferon-stimulated genes	0.2963593788513335	0.5571758007307434	20	19	0.95
GSE279372	SRR30976314	CONTROL	ISG	Interferon-stimulated genes	-0.08658180048490963	-0.1627796771638161	20	19	0.95
GSE279372	SRR30976315	CONTROL	ISG	Interferon-stimulated genes	-0.709624395957205	-1.334142157295681	20	19	0.95
GSE279372	SRR30976316	CONTROL	ISG	Interferon-stimulated genes	0.499846817590782	0.939746033728754	20	19	0.95
GSE279372	SRR30976289	DELIVERY	CHEMOKINE_INFLAMMATORY	Chemokine/inflammatory genes	-0.42197930448762405	-0.6645972983500885	16	16	1
GSE279372	SRR30976290	DELIVERY	CHEMOKINE_INFLAMMATORY	Chemokine/inflammatory genes	0.3569773031934599	0.5622222434883222	16	16	1
GSE279372	SRR30976291	DELIVERY	CHEMOKINE_INFLAMMATORY	Chemokine/inflammatory genes	0.29733145203927214	0.46828286989037526	16	16	1
GSE279372	SRR30976292	DELIVERY	CHEMOKINE_INFLAMMATORY	Chemokine/inflammatory genes	-0.420499237958537	-0.6622662640881025	16	16	1
GSE279372	SRR30976293	DELIVERY	CHEMOKINE_INFLAMMATORY	Chemokine/inflammatory genes	-0.05852537997571003	-0.09217468487938611	16	16	1
GSE279372	SRR30976294	DELIVERY	CHEMOKINE_INFLAMMATORY	Chemokine/inflammatory genes	-0.7691705276717518	-1.2114069321050092	16	16	1
GSE279372	SRR30976295	DELIVERY	CHEMOKINE_INFLAMMATORY	Chemokine/inflammatory genes	-0.16393598115775154	-0.25819135919972125	16	16	1
GSE279372	SRR30976296	DELIVERY	CHEMOKINE_INFLAMMATORY	Chemokine/inflammatory genes	-0.0694310995836417	-0.10935067363266285	16	16	1
GSE279372	SRR30976297	DELIVERY	CHEMOKINE_INFLAMMATORY	Chemokine/inflammatory genes	4.514674861438032	7.110397794232997	16	16	1
GSE279372	SRR30976298	DELIVERY	CHEMOKINE_INFLAMMATORY	Chemokine/inflammatory genes	5.2587728448996645	8.282316663848682	16	16	1
GSE279372	SRR30976299	DELIVERY	CHEMOKINE_INFLAMMATORY	Chemokine/inflammatory genes	5.147661323309685	8.107321311519895	16	16	1
GSE279372	SRR30976300	DELIVERY	CHEMOKINE_INFLAMMATORY	Chemokine/inflammatory genes	5.250006906889294	8.268510729156528	16	16	1
GSE279372	SRR30976301	DELIVERY	CHEMOKINE_INFLAMMATORY	Chemokine/inflammatory genes	1.5313009987144284	2.411726110459639	16	16	1
GSE279372	SRR30976302	DELIVERY	CHEMOKINE_INFLAMMATORY	Chemokine/inflammatory genes	2.2311108045552897	3.5138932105392513	16	16	1
GSE279372	SRR30976303	DELIVERY	CHEMOKINE_INFLAMMATORY	Chemokine/inflammatory genes	2.918903641680145	4.597134157468504	16	16	1
GSE279372	SRR30976304	DELIVERY	CHEMOKINE_INFLAMMATORY	Chemokine/inflammatory genes	2.875567598013192	4.528881953542984	16	16	1
GSE279372	SRR30976305	DELIVERY	CHEMOKINE_INFLAMMATORY	Chemokine/inflammatory genes	4.771727434412697	7.515243348780593	16	16	1
GSE279372	SRR30976306	DELIVERY	CHEMOKINE_INFLAMMATORY	Chemokine/inflammatory genes	4.238111467334659	6.674823626047639	16	16	1
GSE279372	SRR30976307	DELIVERY	CHEMOKINE_INFLAMMATORY	Chemokine/inflammatory genes	4.216671096269261	6.641056063197634	16	16	1
GSE279372	SRR30976308	DELIVERY	CHEMOKINE_INFLAMMATORY	Chemokine/inflammatory genes	5.082280809785669	8.004350117931237	16	16	1
GSE279372	SRR30976309	DELIVERY	CHEMOKINE_INFLAMMATORY	Chemokine/inflammatory genes	-0.533253946311625	-0.8398495572752028	16	16	1
GSE279372	SRR30976310	DELIVERY	CHEMOKINE_INFLAMMATORY	Chemokine/inflammatory genes	-0.15907521757598475	-0.25053588816119915	16	16	1
GSE279372	SRR30976311	DELIVERY	CHEMOKINE_INFLAMMATORY	Chemokine/inflammatory genes	-0.32867342155177776	-0.517644978509124	16	16	1
GSE279372	SRR30976312	DELIVERY	CHEMOKINE_INFLAMMATORY	Chemokine/inflammatory genes	-0.678367979866487	-1.068397245817293	16	16	1
GSE279372	SRR30976313	CONTROL	CHEMOKINE_INFLAMMATORY	Chemokine/inflammatory genes	0.028903185705112484	0.04552114032381888	16	16	1
GSE279372	SRR30976314	CONTROL	CHEMOKINE_INFLAMMATORY	Chemokine/inflammatory genes	0.42489186523884004	0.669184442757298	16	16	1
GSE279372	SRR30976315	CONTROL	CHEMOKINE_INFLAMMATORY	Chemokine/inflammatory genes	-0.9070123497841437	-1.4285012341271972	16	16	1
GSE279372	SRR30976316	CONTROL	CHEMOKINE_INFLAMMATORY	Chemokine/inflammatory genes	0.4532172988401913	0.7137956510460802	16	16	1
GSE279372	SRR30976289	DELIVERY	GENERIC_INNATE	Generic innate immune genes	0.9661438025219902	4.4420822031109415	19	18	0.9473684210526315
GSE279372	SRR30976290	DELIVERY	GENERIC_INNATE	Generic innate immune genes	0.7508379761271639	3.4521610576686363	19	18	0.9473684210526315
GSE279372	SRR30976291	DELIVERY	GENERIC_INNATE	Generic innate immune genes	0.7824886389380029	3.5976827135770937	19	18	0.9473684210526315
GSE279372	SRR30976292	DELIVERY	GENERIC_INNATE	Generic innate immune genes	0.692838022798802	3.1854921003264223	19	18	0.9473684210526315
GSE279372	SRR30976293	DELIVERY	GENERIC_INNATE	Generic innate immune genes	0.3426719752767817	1.5755181360253225	19	18	0.9473684210526315
GSE279372	SRR30976294	DELIVERY	GENERIC_INNATE	Generic innate immune genes	0.2569433537458983	1.1813598513005148	19	18	0.9473684210526315
GSE279372	SRR30976295	DELIVERY	GENERIC_INNATE	Generic innate immune genes	0.45954395685867844	2.1128656282641263	19	18	0.9473684210526315
GSE279372	SRR30976296	DELIVERY	GENERIC_INNATE	Generic innate immune genes	0.6582533540117079	3.026480635036667	19	18	0.9473684210526315
GSE279372	SRR30976297	DELIVERY	GENERIC_INNATE	Generic innate immune genes	5.423403037205876	24.935420637158956	19	18	0.9473684210526315
GSE279372	SRR30976298	DELIVERY	GENERIC_INNATE	Generic innate immune genes	5.410155538813319	24.874512026358257	19	18	0.9473684210526315
GSE279372	SRR30976299	DELIVERY	GENERIC_INNATE	Generic innate immune genes	5.749158009102396	26.433158716582696	19	18	0.9473684210526315
GSE279372	SRR30976300	DELIVERY	GENERIC_INNATE	Generic innate immune genes	4.954426148617666	22.779184800392187	19	18	0.9473684210526315
GSE279372	SRR30976301	DELIVERY	GENERIC_INNATE	Generic innate immune genes	3.8308090770549943	17.61308076528756	19	18	0.9473684210526315
GSE279372	SRR30976302	DELIVERY	GENERIC_INNATE	Generic innate immune genes	4.464279885603607	20.525617592102268	19	18	0.9473684210526315
GSE279372	SRR30976303	DELIVERY	GENERIC_INNATE	Generic innate immune genes	4.386311595801303	20.167139328686684	19	18	0.9473684210526315
GSE279372	SRR30976304	DELIVERY	GENERIC_INNATE	Generic innate immune genes	4.60790831782929	21.185984403942278	19	18	0.9473684210526315
GSE279372	SRR30976305	DELIVERY	GENERIC_INNATE	Generic innate immune genes	5.055586173088688	23.24429273069821	19	18	0.9473684210526315
GSE279372	SRR30976306	DELIVERY	GENERIC_INNATE	Generic innate immune genes	5.05841647804932	23.257305749321507	19	18	0.9473684210526315
GSE279372	SRR30976307	DELIVERY	GENERIC_INNATE	Generic innate immune genes	5.375739825575443	24.71627737548923	19	18	0.9473684210526315
GSE279372	SRR30976308	DELIVERY	GENERIC_INNATE	Generic innate immune genes	5.263361697217203	24.199591471490283	19	18	0.9473684210526315
GSE279372	SRR30976309	DELIVERY	GENERIC_INNATE	Generic innate immune genes	0.37658650181113257	1.7314484585631467	19	18	0.9473684210526315
GSE279372	SRR30976310	DELIVERY	GENERIC_INNATE	Generic innate immune genes	-0.22546302503666873	-1.036621348044252	19	18	0.9473684210526315
GSE279372	SRR30976311	DELIVERY	GENERIC_INNATE	Generic innate immune genes	0.2883604754999803	1.3258077451362784	19	18	0.9473684210526315
GSE279372	SRR30976312	DELIVERY	GENERIC_INNATE	Generic innate immune genes	0.055814586313583846	0.2566211985114145	19	18	0.9473684210526315
GSE279372	SRR30976313	CONTROL	GENERIC_INNATE	Generic innate immune genes	-0.1403045225477144	-0.6450843249196297	19	18	0.9473684210526315
GSE279372	SRR30976314	CONTROL	GENERIC_INNATE	Generic innate immune genes	-0.22710451633869944	-1.0441685053931666	19	18	0.9473684210526315
GSE279372	SRR30976315	CONTROL	GENERIC_INNATE	Generic innate immune genes	0.22345097932347668	1.0273704762474354	19	18	0.9473684210526315
GSE279372	SRR30976316	CONTROL	GENERIC_INNATE	Generic innate immune genes	0.1439580595629389	0.6618823540653609	19	18	0.9473684210526315
GSE279743	SRR31032957	DELIVERY	ISG	Interferon-stimulated genes	2.3997025141486854	2.5728044115062096	20	19	0.95
GSE279743	SRR31032958	DELIVERY	ISG	Interferon-stimulated genes	0.8082051313527348	0.8665047917758008	20	19	0.95
GSE279743	SRR31032959	DELIVERY	ISG	Interferon-stimulated genes	1.813835318148081	1.9446758424273618	20	19	0.95
GSE279743	SRR31032960	DELIVERY	ISG	Interferon-stimulated genes	7.550789111488824	8.095463259237901	20	19	0.95
GSE279743	SRR31032961	DELIVERY	ISG	Interferon-stimulated genes	6.1687639451883225	6.613746078168087	20	19	0.95
GSE279743	SRR31032962	DELIVERY	ISG	Interferon-stimulated genes	5.429937458306039	5.821624540777142	20	19	0.95
GSE279743	SRR31032963	CONTROL	ISG	Interferon-stimulated genes	-0.4999913293626615	-0.5360580698293194	20	19	0.95
GSE279743	SRR31032964	CONTROL	ISG	Interferon-stimulated genes	-0.5761220503589816	-0.6176804599696102	20	19	0.95
GSE279743	SRR31032965	CONTROL	ISG	Interferon-stimulated genes	1.0761133797216424	1.1537385297989295	20	19	0.95
GSE279743	SRR31032957	DELIVERY	CHEMOKINE_INFLAMMATORY	Chemokine/inflammatory genes	0.527492369376712	1.3274495521906495	16	16	1
GSE279743	SRR31032958	DELIVERY	CHEMOKINE_INFLAMMATORY	Chemokine/inflammatory genes	0.7496634998528102	1.8865495217478723	16	16	1
GSE279743	SRR31032959	DELIVERY	CHEMOKINE_INFLAMMATORY	Chemokine/inflammatory genes	0.478160251879705	1.203303875244845	16	16	1
GSE279743	SRR31032960	DELIVERY	CHEMOKINE_INFLAMMATORY	Chemokine/inflammatory genes	12.041470078195344	30.30270197444718	16	16	1
GSE279743	SRR31032961	DELIVERY	CHEMOKINE_INFLAMMATORY	Chemokine/inflammatory genes	10.389453693918199	26.14535575138895	16	16	1
GSE279743	SRR31032962	DELIVERY	CHEMOKINE_INFLAMMATORY	Chemokine/inflammatory genes	6.687422257606937	16.82908833668908	16	16	1
GSE279743	SRR31032963	CONTROL	CHEMOKINE_INFLAMMATORY	Chemokine/inflammatory genes	-0.2541016271256153	-0.6394539726468027	16	16	1
GSE279743	SRR31032964	CONTROL	CHEMOKINE_INFLAMMATORY	Chemokine/inflammatory genes	-0.20382594422803807	-0.512933786530506	16	16	1
GSE279743	SRR31032965	CONTROL	CHEMOKINE_INFLAMMATORY	Chemokine/inflammatory genes	0.4579275713536529	1.1523877591773088	16	16	1
GSE279743	SRR31032957	DELIVERY	GENERIC_INNATE	Generic innate immune genes	0.6355872816344267	1.0545251016811399	19	18	0.9473684210526315
GSE279743	SRR31032958	DELIVERY	GENERIC_INNATE	Generic innate immune genes	0.06512129036227335	0.10804501179490632	19	18	0.9473684210526315
GSE279743	SRR31032959	DELIVERY	GENERIC_INNATE	Generic innate immune genes	0.5347531291571586	0.887227630560278	19	18	0.9473684210526315
GSE279743	SRR31032960	DELIVERY	GENERIC_INNATE	Generic innate immune genes	5.84988431227133	9.70574778236199	19	18	0.9473684210526315
GSE279743	SRR31032961	DELIVERY	GENERIC_INNATE	Generic innate immune genes	5.254238859998575	8.717491567560772	19	18	0.9473684210526315
GSE279743	SRR31032962	DELIVERY	GENERIC_INNATE	Generic innate immune genes	3.7406821069804206	6.206296590889308	19	18	0.9473684210526315
GSE279743	SRR31032963	CONTROL	GENERIC_INNATE	Generic innate immune genes	0.18383183870959585	0.30500183689793936	19	18	0.9473684210526315
GSE279743	SRR31032964	CONTROL	GENERIC_INNATE	Generic innate immune genes	-0.6732336138845896	-1.116985448971187	19	18	0.9473684210526315
GSE279743	SRR31032965	CONTROL	GENERIC_INNATE	Generic innate immune genes	0.4894017751749914	0.8119836120732478	19	18	0.9473684210526315
GSE279744	SRR31032504	DELIVERY	ISG	Interferon-stimulated genes	3.701160178790399	8.102371055372894	20	19	0.95
GSE279744	SRR31032505	DELIVERY	ISG	Interferon-stimulated genes	4.016481746929769	8.792655242873847	20	19	0.95
GSE279744	SRR31032506	DELIVERY	ISG	Interferon-stimulated genes	4.42607627242872	9.689316470037081	20	19	0.95
GSE279744	SRR31032507	DELIVERY	ISG	Interferon-stimulated genes	10.362039002676962	22.683991190398405	20	19	0.95
GSE279744	SRR31032508	DELIVERY	ISG	Interferon-stimulated genes	10.579062869232619	23.15908759524526	20	19	0.95
GSE279744	SRR31032509	DELIVERY	ISG	Interferon-stimulated genes	11.213218940248812	24.54734628878547	20	19	0.95
GSE279744	SRR31032510	CONTROL	ISG	Interferon-stimulated genes	0.1590086629314223	0.3480927941114284	20	19	0.95
GSE279744	SRR31032511	CONTROL	ISG	Interferon-stimulated genes	0.3560448559544985	0.7794333117036144	20	19	0.95
GSE279744	SRR31032512	CONTROL	ISG	Interferon-stimulated genes	-0.515053518885922	-1.1275261058150428	20	19	0.95
GSE279744	SRR31032504	DELIVERY	CHEMOKINE_INFLAMMATORY	Chemokine/inflammatory genes	0.04563265164138088	0.1843732042086108	16	16	1
GSE279744	SRR31032505	DELIVERY	CHEMOKINE_INFLAMMATORY	Chemokine/inflammatory genes	-0.11839659148698796	-0.4783670936193957	16	16	1
GSE279744	SRR31032506	DELIVERY	CHEMOKINE_INFLAMMATORY	Chemokine/inflammatory genes	0.1962065318942499	0.7927487373799036	16	16	1
GSE279744	SRR31032507	DELIVERY	CHEMOKINE_INFLAMMATORY	Chemokine/inflammatory genes	7.1310141136563265	28.811999173840903	16	16	1
GSE279744	SRR31032508	DELIVERY	CHEMOKINE_INFLAMMATORY	Chemokine/inflammatory genes	7.606732826002887	30.734083035778735	16	16	1
GSE279744	SRR31032509	DELIVERY	CHEMOKINE_INFLAMMATORY	Chemokine/inflammatory genes	7.844187900037361	31.693491513712274	16	16	1
GSE279744	SRR31032510	CONTROL	CHEMOKINE_INFLAMMATORY	Chemokine/inflammatory genes	0.27112208633735424	1.0954359650757455	16	16	1
GSE279744	SRR31032511	CONTROL	CHEMOKINE_INFLAMMATORY	Chemokine/inflammatory genes	-0.05728830124615958	-0.23146644528638768	16	16	1
GSE279744	SRR31032512	CONTROL	CHEMOKINE_INFLAMMATORY	Chemokine/inflammatory genes	-0.2138337850911955	-0.8639695197893579	16	16	1
GSE279744	SRR31032504	DELIVERY	GENERIC_INNATE	Generic innate immune genes	1.0890339589437439	3.7857966995081282	19	18	0.9473684210526315
GSE279744	SRR31032505	DELIVERY	GENERIC_INNATE	Generic innate immune genes	1.1173398619953088	3.884196197034492	19	18	0.9473684210526315
GSE279744	SRR31032506	DELIVERY	GENERIC_INNATE	Generic innate immune genes	0.7845745686247572	2.72740789029064	19	18	0.9473684210526315
GSE279744	SRR31032507	DELIVERY	GENERIC_INNATE	Generic innate immune genes	3.663797086737426	12.73641726663047	19	18	0.9473684210526315
GSE279744	SRR31032508	DELIVERY	GENERIC_INNATE	Generic innate immune genes	4.226978691977655	14.694199248388015	19	18	0.9473684210526315
GSE279744	SRR31032509	DELIVERY	GENERIC_INNATE	Generic innate immune genes	4.206525029873381	14.623096409168644	19	18	0.9473684210526315
GSE279744	SRR31032510	CONTROL	GENERIC_INNATE	Generic innate immune genes	0.04764422716873805	0.16562509964424643	19	18	0.9473684210526315
GSE279744	SRR31032511	CONTROL	GENERIC_INNATE	Generic innate immune genes	0.2608664379315372	0.9068471112613603	19	18	0.9473684210526315
GSE279744	SRR31032512	CONTROL	GENERIC_INNATE	Generic innate immune genes	-0.3085106651002767	-1.0724722109056066	19	18	0.9473684210526315
GSE314070	SRR36481704	DELIVERY	ISG	Interferon-stimulated genes	-0.11258671024363101	-0.1541322141158998	20	19	0.95
GSE314070	SRR36481705	DELIVERY	ISG	Interferon-stimulated genes	-0.5816448683683295	-0.7962770312478625	20	19	0.95
GSE314070	SRR36481706	DELIVERY	ISG	Interferon-stimulated genes	-0.008543652468356097	-0.011696336705592366	20	19	0.95
GSE314070	SRR36481707	DELIVERY	ISG	Interferon-stimulated genes	0.16065013818422497	0.21993147719457995	20	19	0.95
GSE314070	SRR36481708	DELIVERY	ISG	Interferon-stimulated genes	-0.6267768501236919	-0.8580631182588375	20	19	0.95
GSE314070	SRR36481709	DELIVERY	ISG	Interferon-stimulated genes	0.9336047738351853	1.2781132923149028	20	19	0.95
GSE314070	SRR36481710	CONTROL	ISG	Interferon-stimulated genes	0.7363511708121019	1.008071344108973	20	19	0.95
GSE314070	SRR36481711	CONTROL	ISG	Interferon-stimulated genes	-0.011937846671800383	-0.016343018952405915	20	19	0.95
GSE314070	SRR36481712	CONTROL	ISG	Interferon-stimulated genes	-0.724413324140302	-0.991728325156567	20	19	0.95
GSE314070	SRR36481704	DELIVERY	CHEMOKINE_INFLAMMATORY	Chemokine/inflammatory genes	0.9711779191175344	9.711779191175344	16	16	1
GSE314070	SRR36481705	DELIVERY	CHEMOKINE_INFLAMMATORY	Chemokine/inflammatory genes	4.774090419343231	47.740904193432314	16	16	1
GSE314070	SRR36481706	DELIVERY	CHEMOKINE_INFLAMMATORY	Chemokine/inflammatory genes	-1.193546706407556	-11.93546706407556	16	16	1
GSE314070	SRR36481707	DELIVERY	CHEMOKINE_INFLAMMATORY	Chemokine/inflammatory genes	-0.46991146870180345	-4.699114687018033	16	16	1
GSE314070	SRR36481708	DELIVERY	CHEMOKINE_INFLAMMATORY	Chemokine/inflammatory genes	0.1924422518993415	1.9244225189934152	16	16	1
GSE314070	SRR36481709	DELIVERY	CHEMOKINE_INFLAMMATORY	Chemokine/inflammatory genes	0.8356843916682066	8.356843916682065	16	16	1
GSE314070	SRR36481710	CONTROL	CHEMOKINE_INFLAMMATORY	Chemokine/inflammatory genes	0.04191910825571819	0.41919108255718224	16	16	1
GSE314070	SRR36481711	CONTROL	CHEMOKINE_INFLAMMATORY	Chemokine/inflammatory genes	-0.04376793234714028	-0.4376793234714024	16	16	1
GSE314070	SRR36481712	CONTROL	CHEMOKINE_INFLAMMATORY	Chemokine/inflammatory genes	0.001848824091421974	0.018488240914220105	16	16	1
GSE314070	SRR36481704	DELIVERY	GENERIC_INNATE	Generic innate immune genes	2.592279594400372	8.347182921728928	19	18	0.9473684210526315
GSE314070	SRR36481705	DELIVERY	GENERIC_INNATE	Generic innate immune genes	1.9025502446036813	6.126243073390588	19	18	0.9473684210526315
GSE314070	SRR36481706	DELIVERY	GENERIC_INNATE	Generic innate immune genes	-0.5215686623846028	-1.679459669616698	19	18	0.9473684210526315
GSE314070	SRR36481707	DELIVERY	GENERIC_INNATE	Generic innate immune genes	0.2927675528191786	0.9427163343828656	19	18	0.9473684210526315
GSE314070	SRR36481708	DELIVERY	GENERIC_INNATE	Generic innate immune genes	-0.4924331168275228	-1.5856427338144592	19	18	0.9473684210526315
GSE314070	SRR36481709	DELIVERY	GENERIC_INNATE	Generic innate immune genes	0.5954881212722285	1.9174815427753915	19	18	0.9473684210526315
GSE314070	SRR36481710	CONTROL	GENERIC_INNATE	Generic innate immune genes	0.002500334770046692	0.00805111907535854	19	18	0.9473684210526315
GSE314070	SRR36481711	CONTROL	GENERIC_INNATE	Generic innate immune genes	0.3092997038231956	0.9959501324724945	19	18	0.9473684210526315
GSE314070	SRR36481712	CONTROL	GENERIC_INNATE	Generic innate immune genes	-0.31180003859324257	-1.004001251547853	19	18	0.9473684210526315
GSE39129	SRR518631	DELIVERY	ISG	Interferon-stimulated genes	16.949902922946812	29.054478618868057	20	19	0.95
GSE39129	SRR518632	DELIVERY	ISG	Interferon-stimulated genes	16.34164934865532	28.011847841014035	20	19	0.95
GSE39129	SRR518633	DELIVERY	ISG	Interferon-stimulated genes	15.075327133765345	25.841196369771158	20	19	0.95
GSE39129	SRR518634	CONTROL	ISG	Interferon-stimulated genes	-0.2699523872319086	-0.46273573946689467	20	19	0.95
GSE39129	SRR518635	CONTROL	ISG	Interferon-stimulated genes	0.669467137680775	1.1475592943631585	20	19	0.95
GSE39129	SRR518636	CONTROL	ISG	Interferon-stimulated genes	-0.39951475044886703	-0.6848235548962638	20	19	0.95
GSE39129	SRR518631	DELIVERY	CHEMOKINE_INFLAMMATORY	Chemokine/inflammatory genes	10.083751497885466	53.762992354437955	16	16	1
GSE39129	SRR518632	DELIVERY	CHEMOKINE_INFLAMMATORY	Chemokine/inflammatory genes	8.788912273535246	46.85936810967497	16	16	1
GSE39129	SRR518633	DELIVERY	CHEMOKINE_INFLAMMATORY	Chemokine/inflammatory genes	7.179185242921369	38.276873582933206	16	16	1
GSE39129	SRR518634	CONTROL	CHEMOKINE_INFLAMMATORY	Chemokine/inflammatory genes	-0.15763880789974172	-0.840474304196582	16	16	1
GSE39129	SRR518635	CONTROL	CHEMOKINE_INFLAMMATORY	Chemokine/inflammatory genes	-0.04979246039145449	-0.265475767416103	16	16	1
GSE39129	SRR518636	CONTROL	CHEMOKINE_INFLAMMATORY	Chemokine/inflammatory genes	0.20743126829119618	1.1059500716126849	16	16	1
GSE39129	SRR518631	DELIVERY	GENERIC_INNATE	Generic innate immune genes	7.539618940426659	31.986407467994436	19	18	0.9473684210526315
GSE39129	SRR518632	DELIVERY	GENERIC_INNATE	Generic innate immune genes	6.965208906666462	29.5495053461853	19	18	0.9473684210526315
GSE39129	SRR518633	DELIVERY	GENERIC_INNATE	Generic innate immune genes	6.034857109768145	25.602540400170884	19	18	0.9473684210526315
GSE39129	SRR518634	CONTROL	GENERIC_INNATE	Generic innate immune genes	0.0039281835345914805	0.016665096756123567	19	18	0.9473684210526315
GSE39129	SRR518635	CONTROL	GENERIC_INNATE	Generic innate immune genes	0.23372457311489728	0.9915632991543609	19	18	0.9473684210526315
GSE39129	SRR518636	CONTROL	GENERIC_INNATE	Generic innate immune genes	-0.23765275664948898	-1.0082283959104843	19	18	0.9473684210526315
