gse_id	split_id	split_path	manuscript_role	manuscript_interpretation_group	manuscript_interpretation_label	contrast_label	control_label	tissue	time_h	score_id	score_label	delta_score	cohens_d	auc_secondary	n_controls	n_delivery	pass
GSE279372	GSE279372_design__T=draining_lymph_nodes__H=24__B=NA__G=delivery_1000_g_lnps_injected__VS=baseline_0	<upstream_project_root>/00_metadata/verified_metadata/splited/GSE279372_design/GSE279372_design__T=draining_lymph_nodes__H=24__B=NA__G=delivery_1000_g_lnps_injected__VS=baseline_0.tsv	anchor	strict_anchor	Locked anchor (production)	delivery_1000_g_lnps_injected__vs__baseline_0	baseline_0	draining lymph nodes	24	IMRS	IMRS	28.281184954437517	28.38351897621088	1	4	4	TRUE
GSE279372	GSE279372_design__T=draining_lymph_nodes__H=24__B=NA__G=delivery_250_g_alum_injected__VS=baseline_0	<upstream_project_root>/00_metadata/verified_metadata/splited/GSE279372_design/GSE279372_design__T=draining_lymph_nodes__H=24__B=NA__G=delivery_250_g_alum_injected__VS=baseline_0.tsv	anchor	strict_anchor	Locked anchor (production)	delivery_250_g_alum_injected__vs__baseline_0	baseline_0	draining lymph nodes	24	IMRS	IMRS	-0.521111432394882	-0.6672987860119328	0.3125	4	4	TRUE
GSE279372	GSE279372_design__T=draining_lymph_nodes__H=24__B=NA__G=delivery_5_g_gi_1_gii_4_vlp__VS=baseline_0	<upstream_project_root>/00_metadata/verified_metadata/splited/GSE279372_design/GSE279372_design__T=draining_lymph_nodes__H=24__B=NA__G=delivery_5_g_gi_1_gii_4_vlp__VS=baseline_0.tsv	anchor	strict_anchor	Locked anchor (production)	delivery_5_g_gi_1_gii_4_vlp__vs__baseline_0	baseline_0	draining lymph nodes	24	IMRS	IMRS	2.562748652650221	3.061271087450826	1	4	4	TRUE
GSE279372	GSE279372_design__T=draining_lymph_nodes__H=24__B=NA__G=GID00110503__VS=baseline_0	<upstream_project_root>/00_metadata/verified_metadata/splited/GSE279372_design/GSE279372_design__T=draining_lymph_nodes__H=24__B=NA__G=GID00110503__VS=baseline_0.tsv	anchor	strict_anchor	Locked anchor (production)	delivery_250_g_alum_5_g_gi_1_gii_4_vlp_injected__vs__baseline_0	baseline_0	draining lymph nodes	24	IMRS	IMRS	0.4684414966881426	0.4052406453983291	0.6875	4	4	TRUE
GSE279372	GSE279372_design__T=draining_lymph_nodes__H=24__B=NA__G=GID00110754__VS=baseline_0	<upstream_project_root>/00_metadata/verified_metadata/splited/GSE279372_design/GSE279372_design__T=draining_lymph_nodes__H=24__B=NA__G=GID00110754__VS=baseline_0.tsv	anchor	strict_anchor	Locked anchor (production)	delivery_125_g_lnps_5_g_gi_1_gii_4_vlp_injected__vs__baseline_0	baseline_0	draining lymph nodes	24	IMRS	IMRS	22.534933511125143	14.238733212391644	1	4	4	TRUE
GSE279372	GSE279372_design__T=draining_lymph_nodes__H=24__B=NA__G=GID00114748__VS=baseline_0	<upstream_project_root>/00_metadata/verified_metadata/splited/GSE279372_design/GSE279372_design__T=draining_lymph_nodes__H=24__B=NA__G=GID00114748__VS=baseline_0.tsv	anchor	strict_anchor	Locked anchor (production)	delivery_1000_g_lnps_5_g_gi_1_gii_4_vlp_injected__vs__baseline_0	baseline_0	draining lymph nodes	24	IMRS	IMRS	28.73023370273408	25.815223005313523	1	4	4	TRUE
GSE39129	GSE39129_design__T=liver__H=4__B=NA__G=delivery_lentiviral_vector_lv__VS=delivery_none	<upstream_project_root>/00_metadata/verified_metadata/splited/GSE39129_design/GSE39129_design__T=liver__H=4__B=NA__G=delivery_lentiviral_vector_lv__VS=delivery_none.tsv	anchor	strict_anchor	Locked anchor (production)	delivery_lentiviral_vector_lv___vs__delivery_none	delivery_none	liver	4	IMRS	IMRS	34.722530908038976	14.368417722132754	1	3	3	TRUE
GSE167521	GSE167521_design__T=skin__H=24__B=NA__G=delivery_lnp__VS=baseline_0	<upstream_project_root>/00_metadata/verified_metadata/splited/GSE167521_design/GSE167521_design__T=skin__H=24__B=NA__G=delivery_lnp__VS=baseline_0.tsv	anchor	strict_anchor	Locked anchor (production)	delivery_lnp__vs__baseline_0	baseline_0	skin	24	IMRS	IMRS	8.690306696957737	10.863198012117504	1	4	4	TRUE
GSE264344	GSE264344_design__T=Blood__H=1__B=NA__G=delivery_ad26__VS=baseline_0	<upstream_project_root>/00_metadata/verified_metadata/splited/GSE264344_design/GSE264344_design__T=Blood__H=1__B=NA__G=delivery_ad26__VS=baseline_0.tsv	anchor	strict_anchor	Locked anchor (production)	delivery_ad26__vs__baseline_0	baseline_0	Blood	1	IMRS	IMRS	0.0779068941903649	0.6517558908028463	0.68	5	5	TRUE
GSE264344	GSE264344_design__T=Blood__H=1__B=NA__G=delivery_ad5__VS=baseline_0	<upstream_project_root>/00_metadata/verified_metadata/splited/GSE264344_design/GSE264344_design__T=Blood__H=1__B=NA__G=delivery_ad5__VS=baseline_0.tsv	anchor	strict_anchor	Locked anchor (production)	delivery_ad5__vs__baseline_0	baseline_0	Blood	1	IMRS	IMRS	0.22131834935303651	1.680029203649002	0.88	5	5	TRUE
GSE264344	GSE264344_design__T=Blood__H=12__B=NA__G=delivery_ad26__VS=baseline_0	<upstream_project_root>/00_metadata/verified_metadata/splited/GSE264344_design/GSE264344_design__T=Blood__H=12__B=NA__G=delivery_ad26__VS=baseline_0.tsv	anchor	strict_anchor	Locked anchor (production)	delivery_ad26__vs__baseline_0	baseline_0	Blood	12	IMRS	IMRS	4.557142380026869	21.220163658354423	1	5	5	TRUE
GSE264344	GSE264344_design__T=Blood__H=12__B=NA__G=delivery_ad5__VS=baseline_0	<upstream_project_root>/00_metadata/verified_metadata/splited/GSE264344_design/GSE264344_design__T=Blood__H=12__B=NA__G=delivery_ad5__VS=baseline_0.tsv	anchor	strict_anchor	Locked anchor (production)	delivery_ad5__vs__baseline_0	baseline_0	Blood	12	IMRS	IMRS	2.7728375923214097	13.702645675748826	1	5	5	TRUE
GSE264344	GSE264344_design__T=Blood__H=24__B=NA__G=delivery_ad26__VS=baseline_0	<upstream_project_root>/00_metadata/verified_metadata/splited/GSE264344_design/GSE264344_design__T=Blood__H=24__B=NA__G=delivery_ad26__VS=baseline_0.tsv	anchor	strict_anchor	Locked anchor (production)	delivery_ad26__vs__baseline_0	baseline_0	Blood	24	IMRS	IMRS	2.7381119047981937	20.230243126585624	1	5	5	TRUE
GSE264344	GSE264344_design__T=Blood__H=24__B=NA__G=delivery_ad5__VS=baseline_0	<upstream_project_root>/00_metadata/verified_metadata/splited/GSE264344_design/GSE264344_design__T=Blood__H=24__B=NA__G=delivery_ad5__VS=baseline_0.tsv	anchor	strict_anchor	Locked anchor (production)	delivery_ad5__vs__baseline_0	baseline_0	Blood	24	IMRS	IMRS	1.4094733289679715	9.901510224271554	1	5	5	TRUE
GSE264344	GSE264344_design__T=Blood__H=3__B=NA__G=delivery_ad26__VS=baseline_0	<upstream_project_root>/00_metadata/verified_metadata/splited/GSE264344_design/GSE264344_design__T=Blood__H=3__B=NA__G=delivery_ad26__VS=baseline_0.tsv	anchor	strict_anchor	Locked anchor (production)	delivery_ad26__vs__baseline_0	baseline_0	Blood	3	IMRS	IMRS	3.6646891330381473	9.609234539434162	1	5	5	TRUE
GSE264344	GSE264344_design__T=Blood__H=3__B=NA__G=delivery_ad5__VS=baseline_0	<upstream_project_root>/00_metadata/verified_metadata/splited/GSE264344_design/GSE264344_design__T=Blood__H=3__B=NA__G=delivery_ad5__VS=baseline_0.tsv	anchor	strict_anchor	Locked anchor (production)	delivery_ad5__vs__baseline_0	baseline_0	Blood	3	IMRS	IMRS	0.9366653756632484	3.021713281823367	1	5	5	TRUE
GSE264344	GSE264344_design__T=Blood__H=6__B=NA__G=delivery_ad26__VS=baseline_0	<upstream_project_root>/00_metadata/verified_metadata/splited/GSE264344_design/GSE264344_design__T=Blood__H=6__B=NA__G=delivery_ad26__VS=baseline_0.tsv	anchor	strict_anchor	Locked anchor (production)	delivery_ad26__vs__baseline_0	baseline_0	Blood	6	IMRS	IMRS	3.515367759659114	19.79278402787503	1	5	5	TRUE
GSE264344	GSE264344_design__T=Blood__H=6__B=NA__G=delivery_ad5__VS=baseline_0	<upstream_project_root>/00_metadata/verified_metadata/splited/GSE264344_design/GSE264344_design__T=Blood__H=6__B=NA__G=delivery_ad5__VS=baseline_0.tsv	anchor	strict_anchor	Locked anchor (production)	delivery_ad5__vs__baseline_0	baseline_0	Blood	6	IMRS	IMRS	4.749455631909948	12.619526929675114	1	5	5	TRUE
GSE264344	GSE264344_design__T=Blood__H=72__B=NA__G=delivery_ad26__VS=baseline_0	<upstream_project_root>/00_metadata/verified_metadata/splited/GSE264344_design/GSE264344_design__T=Blood__H=72__B=NA__G=delivery_ad26__VS=baseline_0.tsv	extended_validation	extended_validation	Extended validation	delivery_ad26__vs__baseline_0	baseline_0	Blood	72	IMRS	IMRS	0.08713996296972348	0.5755171354991028	0.7200000000000001	5	5	TRUE
GSE264344	GSE264344_design__T=Blood__H=72__B=NA__G=delivery_ad5__VS=baseline_0	<upstream_project_root>/00_metadata/verified_metadata/splited/GSE264344_design/GSE264344_design__T=Blood__H=72__B=NA__G=delivery_ad5__VS=baseline_0.tsv	extended_validation	extended_validation	Extended validation	delivery_ad5__vs__baseline_0	baseline_0	Blood	72	IMRS	IMRS	0.26635130536495155	2.166448978441899	0.96	5	5	TRUE
GSE264344	GSE264344_design__T=dLN__H=1__B=NA__G=delivery_ad26__VS=baseline_0	<upstream_project_root>/00_metadata/verified_metadata/splited/GSE264344_design/GSE264344_design__T=dLN__H=1__B=NA__G=delivery_ad26__VS=baseline_0.tsv	anchor	strict_anchor	Locked anchor (production)	delivery_ad26__vs__baseline_0	baseline_0	dLN	1	IMRS	IMRS	0.3695107717465071	0.844728922881895	0.8400000000000001	5	5	TRUE
GSE264344	GSE264344_design__T=dLN__H=1__B=NA__G=delivery_ad5__VS=baseline_0	<upstream_project_root>/00_metadata/verified_metadata/splited/GSE264344_design/GSE264344_design__T=dLN__H=1__B=NA__G=delivery_ad5__VS=baseline_0.tsv	anchor	strict_anchor	Locked anchor (production)	delivery_ad5__vs__baseline_0	baseline_0	dLN	1	IMRS	IMRS	0.3592382013315616	1.1378287821518274	0.8	5	5	TRUE
GSE264344	GSE264344_design__T=dLN__H=12__B=NA__G=delivery_ad26__VS=baseline_0	<upstream_project_root>/00_metadata/verified_metadata/splited/GSE264344_design/GSE264344_design__T=dLN__H=12__B=NA__G=delivery_ad26__VS=baseline_0.tsv	anchor	strict_anchor	Locked anchor (production)	delivery_ad26__vs__baseline_0	baseline_0	dLN	12	IMRS	IMRS	5.521888634175941	17.188954687462182	1	5	5	TRUE
GSE264344	GSE264344_design__T=dLN__H=12__B=NA__G=delivery_ad5__VS=baseline_0	<upstream_project_root>/00_metadata/verified_metadata/splited/GSE264344_design/GSE264344_design__T=dLN__H=12__B=NA__G=delivery_ad5__VS=baseline_0.tsv	anchor	strict_anchor	Locked anchor (production)	delivery_ad5__vs__baseline_0	baseline_0	dLN	12	IMRS	IMRS	5.006224300092883	12.17889551038345	1	5	5	TRUE
GSE264344	GSE264344_design__T=dLN__H=24__B=NA__G=delivery_ad26__VS=baseline_0	<upstream_project_root>/00_metadata/verified_metadata/splited/GSE264344_design/GSE264344_design__T=dLN__H=24__B=NA__G=delivery_ad26__VS=baseline_0.tsv	anchor	strict_anchor	Locked anchor (production)	delivery_ad26__vs__baseline_0	baseline_0	dLN	24	IMRS	IMRS	3.75024700596753	8.895865556203887	1	5	5	TRUE
GSE264344	GSE264344_design__T=dLN__H=24__B=NA__G=delivery_ad5__VS=baseline_0	<upstream_project_root>/00_metadata/verified_metadata/splited/GSE264344_design/GSE264344_design__T=dLN__H=24__B=NA__G=delivery_ad5__VS=baseline_0.tsv	anchor	strict_anchor	Locked anchor (production)	delivery_ad5__vs__baseline_0	baseline_0	dLN	24	IMRS	IMRS	3.164769842555989	10.161856237280338	1	5	5	TRUE
GSE264344	GSE264344_design__T=dLN__H=3__B=NA__G=delivery_ad26__VS=baseline_0	<upstream_project_root>/00_metadata/verified_metadata/splited/GSE264344_design/GSE264344_design__T=dLN__H=3__B=NA__G=delivery_ad26__VS=baseline_0.tsv	anchor	strict_anchor	Locked anchor (production)	delivery_ad26__vs__baseline_0	baseline_0	dLN	3	IMRS	IMRS	4.35817929066291	6.944464576688193	1	5	5	TRUE
GSE264344	GSE264344_design__T=dLN__H=3__B=NA__G=delivery_ad5__VS=baseline_0	<upstream_project_root>/00_metadata/verified_metadata/splited/GSE264344_design/GSE264344_design__T=dLN__H=3__B=NA__G=delivery_ad5__VS=baseline_0.tsv	anchor	strict_anchor	Locked anchor (production)	delivery_ad5__vs__baseline_0	baseline_0	dLN	3	IMRS	IMRS	2.7627049595948865	4.8316607239141875	1	5	5	TRUE
GSE264344	GSE264344_design__T=dLN__H=6__B=NA__G=delivery_ad26__VS=baseline_0	<upstream_project_root>/00_metadata/verified_metadata/splited/GSE264344_design/GSE264344_design__T=dLN__H=6__B=NA__G=delivery_ad26__VS=baseline_0.tsv	anchor	strict_anchor	Locked anchor (production)	delivery_ad26__vs__baseline_0	baseline_0	dLN	6	IMRS	IMRS	5.703930536988686	18.37627731023707	1	5	5	TRUE
GSE264344	GSE264344_design__T=dLN__H=6__B=NA__G=delivery_ad5__VS=baseline_0	<upstream_project_root>/00_metadata/verified_metadata/splited/GSE264344_design/GSE264344_design__T=dLN__H=6__B=NA__G=delivery_ad5__VS=baseline_0.tsv	anchor	strict_anchor	Locked anchor (production)	delivery_ad5__vs__baseline_0	baseline_0	dLN	6	IMRS	IMRS	5.288429542245774	12.29318739623324	1	5	5	TRUE
GSE264344	GSE264344_design__T=dLN__H=72__B=NA__G=delivery_ad26__VS=baseline_0	<upstream_project_root>/00_metadata/verified_metadata/splited/GSE264344_design/GSE264344_design__T=dLN__H=72__B=NA__G=delivery_ad26__VS=baseline_0.tsv	extended_validation	extended_validation	Extended validation	delivery_ad26__vs__baseline_0	baseline_0	dLN	72	IMRS	IMRS	0.3932971804473866	1.2746924365133967	0.8	5	5	TRUE
GSE264344	GSE264344_design__T=dLN__H=72__B=NA__G=delivery_ad5__VS=baseline_0	<upstream_project_root>/00_metadata/verified_metadata/splited/GSE264344_design/GSE264344_design__T=dLN__H=72__B=NA__G=delivery_ad5__VS=baseline_0.tsv	extended_validation	extended_validation	Extended validation	delivery_ad5__vs__baseline_0	baseline_0	dLN	72	IMRS	IMRS	0.4507210263939263	1.4210315414659414	0.8	5	5	TRUE
GSE264344	GSE264344_design__T=Muscle__H=1__B=NA__G=delivery_ad26__VS=baseline_0	<upstream_project_root>/00_metadata/verified_metadata/splited/GSE264344_design/GSE264344_design__T=Muscle__H=1__B=NA__G=delivery_ad26__VS=baseline_0.tsv	anchor	strict_anchor	Locked anchor (production)	delivery_ad26__vs__baseline_0	baseline_0	Muscle	1	IMRS	IMRS	0.5752137463208833	2.824333195228528	1	5	5	TRUE
GSE264344	GSE264344_design__T=Muscle__H=1__B=NA__G=delivery_ad5__VS=baseline_0	<upstream_project_root>/00_metadata/verified_metadata/splited/GSE264344_design/GSE264344_design__T=Muscle__H=1__B=NA__G=delivery_ad5__VS=baseline_0.tsv	anchor	strict_anchor	Locked anchor (production)	delivery_ad5__vs__baseline_0	baseline_0	Muscle	1	IMRS	IMRS	0.5210164970803043	2.3019451334806167	0.96	5	5	TRUE
GSE264344	GSE264344_design__T=Muscle__H=12__B=NA__G=delivery_ad26__VS=baseline_0	<upstream_project_root>/00_metadata/verified_metadata/splited/GSE264344_design/GSE264344_design__T=Muscle__H=12__B=NA__G=delivery_ad26__VS=baseline_0.tsv	anchor	strict_anchor	Locked anchor (production)	delivery_ad26__vs__baseline_0	baseline_0	Muscle	12	IMRS	IMRS	4.379052454232406	9.657282405125711	1	5	5	TRUE
GSE264344	GSE264344_design__T=Muscle__H=12__B=NA__G=delivery_ad5__VS=baseline_0	<upstream_project_root>/00_metadata/verified_metadata/splited/GSE264344_design/GSE264344_design__T=Muscle__H=12__B=NA__G=delivery_ad5__VS=baseline_0.tsv	anchor	strict_anchor	Locked anchor (production)	delivery_ad5__vs__baseline_0	baseline_0	Muscle	12	IMRS	IMRS	4.561337243094393	8.419468467737993	1	5	5	TRUE
GSE264344	GSE264344_design__T=Muscle__H=24__B=NA__G=delivery_ad26__VS=baseline_0	<upstream_project_root>/00_metadata/verified_metadata/splited/GSE264344_design/GSE264344_design__T=Muscle__H=24__B=NA__G=delivery_ad26__VS=baseline_0.tsv	anchor	strict_anchor	Locked anchor (production)	delivery_ad26__vs__baseline_0	baseline_0	Muscle	24	IMRS	IMRS	3.5649069751207745	6.727938415890762	1	5	5	TRUE
GSE264344	GSE264344_design__T=Muscle__H=24__B=NA__G=delivery_ad5__VS=baseline_0	<upstream_project_root>/00_metadata/verified_metadata/splited/GSE264344_design/GSE264344_design__T=Muscle__H=24__B=NA__G=delivery_ad5__VS=baseline_0.tsv	anchor	strict_anchor	Locked anchor (production)	delivery_ad5__vs__baseline_0	baseline_0	Muscle	24	IMRS	IMRS	3.5245362334746155	3.712253239402655	1	5	5	TRUE
GSE264344	GSE264344_design__T=Muscle__H=3__B=NA__G=delivery_ad26__VS=baseline_0	<upstream_project_root>/00_metadata/verified_metadata/splited/GSE264344_design/GSE264344_design__T=Muscle__H=3__B=NA__G=delivery_ad26__VS=baseline_0.tsv	anchor	strict_anchor	Locked anchor (production)	delivery_ad26__vs__baseline_0	baseline_0	Muscle	3	IMRS	IMRS	3.166868738099831	6.695682259492362	1	5	5	TRUE
GSE264344	GSE264344_design__T=Muscle__H=3__B=NA__G=delivery_ad5__VS=baseline_0	<upstream_project_root>/00_metadata/verified_metadata/splited/GSE264344_design/GSE264344_design__T=Muscle__H=3__B=NA__G=delivery_ad5__VS=baseline_0.tsv	anchor	strict_anchor	Locked anchor (production)	delivery_ad5__vs__baseline_0	baseline_0	Muscle	3	IMRS	IMRS	1.8285090170879783	4.0672282519912235	1	5	5	TRUE
GSE264344	GSE264344_design__T=Muscle__H=6__B=NA__G=delivery_ad26__VS=baseline_0	<upstream_project_root>/00_metadata/verified_metadata/splited/GSE264344_design/GSE264344_design__T=Muscle__H=6__B=NA__G=delivery_ad26__VS=baseline_0.tsv	anchor	strict_anchor	Locked anchor (production)	delivery_ad26__vs__baseline_0	baseline_0	Muscle	6	IMRS	IMRS	4.409334481944208	10.180798952964905	1	5	5	TRUE
GSE264344	GSE264344_design__T=Muscle__H=6__B=NA__G=delivery_ad5__VS=baseline_0	<upstream_project_root>/00_metadata/verified_metadata/splited/GSE264344_design/GSE264344_design__T=Muscle__H=6__B=NA__G=delivery_ad5__VS=baseline_0.tsv	anchor	strict_anchor	Locked anchor (production)	delivery_ad5__vs__baseline_0	baseline_0	Muscle	6	IMRS	IMRS	4.115105313956205	5.507797034889705	1	5	5	TRUE
GSE264344	GSE264344_design__T=Muscle__H=72__B=NA__G=delivery_ad26__VS=baseline_0	<upstream_project_root>/00_metadata/verified_metadata/splited/GSE264344_design/GSE264344_design__T=Muscle__H=72__B=NA__G=delivery_ad26__VS=baseline_0.tsv	extended_validation	extended_validation	Extended validation	delivery_ad26__vs__baseline_0	baseline_0	Muscle	72	IMRS	IMRS	1.0550234100660878	2.508898915295741	0.96	5	5	TRUE
GSE264344	GSE264344_design__T=Muscle__H=72__B=NA__G=delivery_ad5__VS=baseline_0	<upstream_project_root>/00_metadata/verified_metadata/splited/GSE264344_design/GSE264344_design__T=Muscle__H=72__B=NA__G=delivery_ad5__VS=baseline_0.tsv	extended_validation	extended_validation	Extended validation	delivery_ad5__vs__baseline_0	baseline_0	Muscle	72	IMRS	IMRS	1.441223145245387	2.937235134723757	1	5	5	TRUE
GSE279744	GSE279744_design__T=lymph_node__H=6__B=NA__G=delivery_vaccination_with_sm102__VS=baseline_0	<upstream_project_root>/00_metadata/verified_metadata/splited/GSE279744_design/GSE279744_design__T=lymph_node__H=6__B=NA__G=delivery_vaccination_with_sm102__VS=baseline_0.tsv	anchor	strict_anchor	Locked anchor (production)	delivery_vaccination_with_sm102__vs__baseline_0	baseline_0	lymph node	6	IMRS	IMRS	56.61527045924109	29.300818348701345	1	3	3	TRUE
GSE279744	GSE279744_design__T=lymph_node__H=6__B=NA__G=delivery_vaccination_with_ssop__VS=baseline_0	<upstream_project_root>/00_metadata/verified_metadata/splited/GSE279744_design/GSE279744_design__T=lymph_node__H=6__B=NA__G=delivery_vaccination_with_ssop__VS=baseline_0.tsv	anchor	strict_anchor	Locked anchor (production)	delivery_vaccination_with_ssop__vs__baseline_0	baseline_0	lymph node	6	IMRS	IMRS	13.680287410826422	10.866750708017287	1	3	3	TRUE
GSE262515_tissue	GSE262515_design__T=tissue__H=72__B=NA__G=delivery_tlnp_sihbv_1mg_kg__VS=baseline_0	<upstream_project_root>/00_metadata/verified_metadata/splited/GSE262515_tissue_design/GSE262515_design__T=tissue__H=72__B=NA__G=delivery_tlnp_sihbv_1mg_kg__VS=baseline_0.tsv	secondary_support	secondary_support_not_primary	Secondary support	delivery_tlnp_sihbv_1mg_kg__vs__baseline_0	baseline_0	tissue	72	IMRS	IMRS	1.0413601243524528	1.1873173485442483	0.8888888888888888	3	3	TRUE
GSE262515_tissue	GSE262515_design__T=tissue__H=72__B=NA__G=delivery_tlnp_sihbv_2_5mg_kg__VS=baseline_0	<upstream_project_root>/00_metadata/verified_metadata/splited/GSE262515_tissue_design/GSE262515_design__T=tissue__H=72__B=NA__G=delivery_tlnp_sihbv_2_5mg_kg__VS=baseline_0.tsv	secondary_support	secondary_support_not_primary	Secondary support	delivery_tlnp_sihbv_2_5mg_kg__vs__baseline_0	baseline_0	tissue	72	IMRS	IMRS	0.5621390394308718	0.7190684758418003	0.6666666666666666	3	3	TRUE
GSE262515_tissue	GSE262515_design__T=tissue__H=72__B=NA__G=delivery_tlnp_sinc_1mg_kg__VS=baseline_0	<upstream_project_root>/00_metadata/verified_metadata/splited/GSE262515_tissue_design/GSE262515_design__T=tissue__H=72__B=NA__G=delivery_tlnp_sinc_1mg_kg__VS=baseline_0.tsv	secondary_support	secondary_support_not_primary	Secondary support	delivery_tlnp_sinc_1mg_kg__vs__baseline_0	baseline_0	tissue	72	IMRS	IMRS	0.7571044035156834	0.8986591543041338	0.7777777777777778	3	3	TRUE
GSE262515_cell_line	GSE262515_design__T=cell_line__H=16__B=NA__G=delivery_tlnp_sihbv_50nm__VS=baseline_0	<upstream_project_root>/00_metadata/verified_metadata/splited/GSE262515_cell_line_design/GSE262515_design__T=cell_line__H=16__B=NA__G=delivery_tlnp_sihbv_50nm__VS=baseline_0.tsv	secondary_support	secondary_support_not_primary	Secondary support	delivery_tlnp_sihbv_50nm__vs__baseline_0	baseline_0	cell line	16	IMRS	IMRS	3.0762415648459083	1.5122300370806827	1	3	3	TRUE
GSE262515_cell_line	GSE262515_design__T=cell_line__H=16__B=NA__G=delivery_tlnp_sinc_50nm__VS=baseline_0	<upstream_project_root>/00_metadata/verified_metadata/splited/GSE262515_cell_line_design/GSE262515_design__T=cell_line__H=16__B=NA__G=delivery_tlnp_sinc_50nm__VS=baseline_0.tsv	secondary_support	secondary_support_not_primary	Secondary support	delivery_tlnp_sinc_50nm__vs__baseline_0	baseline_0	cell line	16	IMRS	IMRS	-0.48131475690837977	-0.2659897795561108	0.5555555555555556	3	3	TRUE
GSE178313	GSE178313_design__T=Liver__H=24__B=NA__G=mouse_repopulated_lnp__VS=mouse_repopulated_pbs	<upstream_project_root>/00_metadata/verified_metadata/splited/GSE178313_design/GSE178313_design__T=Liver__H=24__B=NA__G=mouse_repopulated_lnp__VS=mouse_repopulated_pbs.tsv	extended_validation	extended_validation	Extended validation	mouse_repopulated_lnp__vs__mouse_repopulated_pbs	mouse_repopulated_pbs	Liver	24	IMRS	IMRS	6.743275601355258	1.9394765242291057	1	4	4	TRUE
GSE279743	GSE279743_design__T=Lymph_Node__H=6__B=NA__G=delivery_vaccination_with_sm102__VS=baseline_0	<upstream_project_root>/00_metadata/verified_metadata/splited/GSE279743_design/GSE279743_design__T=Lymph_Node__H=6__B=NA__G=delivery_vaccination_with_sm102__VS=baseline_0.tsv	primary_acute_validation	primary_acute_validation	Primary acute validation	delivery_vaccination_with_sm102__vs__baseline_0	baseline_0	Lymph Node	6	IMRS	IMRS	13.946939108182676	7.423514309677196	1	3	3	TRUE
GSE279743	GSE279743_design__T=Lymph_Node__H=6__B=NA__G=delivery_vaccination_with_ssop__VS=baseline_0	<upstream_project_root>/00_metadata/verified_metadata/splited/GSE279743_design/GSE279743_design__T=Lymph_Node__H=6__B=NA__G=delivery_vaccination_with_ssop__VS=baseline_0.tsv	primary_acute_validation	primary_acute_validation	Primary acute validation	delivery_vaccination_with_ssop__vs__baseline_0	baseline_0	Lymph Node	6	IMRS	IMRS	2.349508430440869	2.187269703261498	0.8888888888888888	3	3	TRUE
GSE166655	GSE166655_design__T=Tibialis_anterior__H=1008__B=NA__G=delivery_aav9_ar45__VS=delivery_untreated	<upstream_project_root>/00_metadata/verified_metadata/splited/GSE166655_design/GSE166655_design__T=Tibialis_anterior__H=1008__B=NA__G=delivery_aav9_ar45__VS=delivery_untreated.tsv	extended_validation	extended_validation	Extended validation	delivery_aav9_ar45__vs__delivery_untreated	delivery_untreated	Tibialis anterior	1008	IMRS	IMRS	2.14949309685498	2.8463079583263227	1	3	3	TRUE
GSE166655	GSE166655_design__T=Tibialis_anterior__H=1008__B=NA__G=delivery_aav9_gfp__VS=delivery_untreated	<upstream_project_root>/00_metadata/verified_metadata/splited/GSE166655_design/GSE166655_design__T=Tibialis_anterior__H=1008__B=NA__G=delivery_aav9_gfp__VS=delivery_untreated.tsv	extended_validation	extended_validation	Extended validation	delivery_aav9_gfp__vs__delivery_untreated	delivery_untreated	Tibialis anterior	1008	IMRS	IMRS	-0.05802375536641783	-0.05635347127609266	0.4444444444444444	3	3	TRUE
GSE139529	GSE139529_design__T=blood__H=24__B=NA__G=ad.mva__VS=none	<upstream_project_root>/00_metadata/verified_metadata/splited/GSE139529_design/GSE139529_design__T=blood__H=24__B=NA__G=ad.mva__VS=none.tsv	primary_acute_validation	primary_acute_validation	Primary acute validation	ad.mva__vs__none	none	blood	24	IMRS	IMRS	12.68878133451116	7.278971073158338	1	6	6	TRUE
GSE139529	GSE139529_design__T=blood__H=24__B=NA__G=ad_empty__VS=none	<upstream_project_root>/00_metadata/verified_metadata/splited/GSE139529_design/GSE139529_design__T=blood__H=24__B=NA__G=ad_empty__VS=none.tsv	primary_acute_validation	primary_acute_validation	Primary acute validation	ad_empty__vs__none	none	blood	24	IMRS	IMRS	13.17891812194547	8.718196724979686	1	6	6	TRUE
GSE139529	GSE139529_design__T=blood__H=24__B=NA__G=ad_fhbp__VS=none	<upstream_project_root>/00_metadata/verified_metadata/splited/GSE139529_design/GSE139529_design__T=blood__H=24__B=NA__G=ad_fhbp__VS=none.tsv	primary_acute_validation	primary_acute_validation	Primary acute validation	ad_fhbp__vs__none	none	blood	24	IMRS	IMRS	14.328300033552733	13.715589413853044	1	6	6	TRUE
GSE139529	GSE139529_design__T=blood__H=24__B=NA__G=ad_pref__VS=none	<upstream_project_root>/00_metadata/verified_metadata/splited/GSE139529_design/GSE139529_design__T=blood__H=24__B=NA__G=ad_pref__VS=none.tsv	primary_acute_validation	primary_acute_validation	Primary acute validation	ad_pref__vs__none	none	blood	24	IMRS	IMRS	1.670093998272992	0.7739675337709251	0.6944444444444444	6	6	TRUE
GSE139529	GSE139529_design__T=blood__H=24__B=NA__G=mva.ad__VS=none	<upstream_project_root>/00_metadata/verified_metadata/splited/GSE139529_design/GSE139529_design__T=blood__H=24__B=NA__G=mva.ad__VS=none.tsv	primary_acute_validation	primary_acute_validation	Primary acute validation	mva.ad__vs__none	none	blood	24	IMRS	IMRS	15.317256935802664	19.545365349866465	1	6	6	TRUE
GSE139529	GSE139529_design__T=blood__H=24__B=NA__G=mva_fhbp__VS=none	<upstream_project_root>/00_metadata/verified_metadata/splited/GSE139529_design/GSE139529_design__T=blood__H=24__B=NA__G=mva_fhbp__VS=none.tsv	primary_acute_validation	primary_acute_validation	Primary acute validation	mva_fhbp__vs__none	none	blood	24	IMRS	IMRS	14.336311710882493	9.993163159124306	1	6	6	TRUE
GSE119119	GSE119119_design__T=whole_liver__H=4__B=NA__G=GID00069418__VS=WT_uninfected_whole_liver	<upstream_project_root>/00_metadata/verified_metadata/splited/GSE119119_design/GSE119119_design__T=whole_liver__H=4__B=NA__G=GID00069418__VS=WT_uninfected_whole_liver.tsv	primary_acute_validation	primary_acute_validation	Primary acute validation	WT_virus_plus_rh9C12_H433A_whole_liver__vs__WT_uninfected_whole_liver	WT_uninfected_whole_liver	whole liver	4	IMRS	IMRS	11.160680267451342	10.877982494157214	1	4	4	TRUE
GSE119119	GSE119119_design__T=whole_liver__H=4__B=NA__G=GID00088542__VS=TRIM21_KO_uninfected_whole_liver	<upstream_project_root>/00_metadata/verified_metadata/splited/GSE119119_design/GSE119119_design__T=whole_liver__H=4__B=NA__G=GID00088542__VS=TRIM21_KO_uninfected_whole_liver.tsv	primary_acute_validation	primary_acute_validation	Primary acute validation	TRIM21_KO_virus_plus_rh9C12_WT_whole_liver__vs__TRIM21_KO_uninfected_whole_liver	TRIM21_KO_uninfected_whole_liver	whole liver	4	IMRS	IMRS	10.144728497024795	6.353971667187039	1	4	4	TRUE
GSE119119	GSE119119_design__T=whole_liver__H=4__B=NA__G=GID00096342__VS=TRIM21_KO_uninfected_whole_liver	<upstream_project_root>/00_metadata/verified_metadata/splited/GSE119119_design/GSE119119_design__T=whole_liver__H=4__B=NA__G=GID00096342__VS=TRIM21_KO_uninfected_whole_liver.tsv	primary_acute_validation	primary_acute_validation	Primary acute validation	TRIM21_KO_virus_plus_rh9C12_H433A_whole_liver__vs__TRIM21_KO_uninfected_whole_liver	TRIM21_KO_uninfected_whole_liver	whole liver	4	IMRS	IMRS	9.804251345714937	7.44304567851696	1	4	4	TRUE
GSE119119	GSE119119_design__T=whole_liver__H=4__B=NA__G=TRIM21_KO_virus_only_whole_liver__VS=TRIM21_KO_uninfected_whole_liver	<upstream_project_root>/00_metadata/verified_metadata/splited/GSE119119_design/GSE119119_design__T=whole_liver__H=4__B=NA__G=TRIM21_KO_virus_only_whole_liver__VS=TRIM21_KO_uninfected_whole_liver.tsv	primary_acute_validation	primary_acute_validation	Primary acute validation	TRIM21_KO_virus_only_whole_liver__vs__TRIM21_KO_uninfected_whole_liver	TRIM21_KO_uninfected_whole_liver	whole liver	4	IMRS	IMRS	8.694617784859638	3.709700212455867	1	4	4	TRUE
GSE119119	GSE119119_design__T=whole_liver__H=4__B=NA__G=WT_virus_only_whole_liver__VS=WT_uninfected_whole_liver	<upstream_project_root>/00_metadata/verified_metadata/splited/GSE119119_design/GSE119119_design__T=whole_liver__H=4__B=NA__G=WT_virus_only_whole_liver__VS=WT_uninfected_whole_liver.tsv	primary_acute_validation	primary_acute_validation	Primary acute validation	WT_virus_only_whole_liver__vs__WT_uninfected_whole_liver	WT_uninfected_whole_liver	whole liver	4	IMRS	IMRS	9.606681809911851	8.833277286829619	1	4	4	TRUE
GSE119119	GSE119119_design__T=whole_liver__H=4__B=NA__G=WT_virus_plus_rh9C12_WT_whole_liver__VS=WT_uninfected_whole_liver	<upstream_project_root>/00_metadata/verified_metadata/splited/GSE119119_design/GSE119119_design__T=whole_liver__H=4__B=NA__G=WT_virus_plus_rh9C12_WT_whole_liver__VS=WT_uninfected_whole_liver.tsv	primary_acute_validation	primary_acute_validation	Primary acute validation	WT_virus_plus_rh9C12_WT_whole_liver__vs__WT_uninfected_whole_liver	WT_uninfected_whole_liver	whole liver	4	IMRS	IMRS	15.021082164906732	16.60084922867533	1	4	4	TRUE
GSE314070	GSE314070_design__T=small_intestine__H=336__B=NA__G=delivery_am80_lnp__VS=baseline_0	<upstream_project_root>/00_metadata/verified_metadata/splited/GSE314070_design/GSE314070_design__T=small_intestine__H=336__B=NA__G=delivery_am80_lnp__VS=baseline_0.tsv	extended_validation	extended_validation	Extended validation	delivery_am80_lnp__vs__baseline_0	baseline_0	small intestine	336	IMRS	IMRS	3.7750612954626153	0.7464925776767448	0.6666666666666666	3	3	TRUE
GSE314070	GSE314070_design__T=small_intestine__H=336__B=NA__G=delivery_sm102_lnp__VS=baseline_0	<upstream_project_root>/00_metadata/verified_metadata/splited/GSE314070_design/GSE314070_design__T=small_intestine__H=336__B=NA__G=delivery_sm102_lnp__VS=baseline_0.tsv	extended_validation	extended_validation	Extended validation	delivery_sm102_lnp__vs__baseline_0	baseline_0	small intestine	336	IMRS	IMRS	-1.3684435005519688	-0.8033279370524108	0.3333333333333333	3	3	TRUE
GSE279372	GSE279372_design__T=draining_lymph_nodes__H=24__B=NA__G=delivery_1000_g_lnps_injected__VS=baseline_0	<upstream_project_root>/00_metadata/verified_metadata/splited/GSE279372_design/GSE279372_design__T=draining_lymph_nodes__H=24__B=NA__G=delivery_1000_g_lnps_injected__VS=baseline_0.tsv	anchor	strict_anchor	Locked anchor (production)	delivery_1000_g_lnps_injected__vs__baseline_0	baseline_0	draining lymph nodes	24	ISG	Interferon-stimulated genes	24.029826838023588	30.465640045136908	1	4	4	TRUE
GSE279372	GSE279372_design__T=draining_lymph_nodes__H=24__B=NA__G=delivery_1000_g_lnps_injected__VS=baseline_0	<upstream_project_root>/00_metadata/verified_metadata/splited/GSE279372_design/GSE279372_design__T=draining_lymph_nodes__H=24__B=NA__G=delivery_1000_g_lnps_injected__VS=baseline_0.tsv	anchor	strict_anchor	Locked anchor (production)	delivery_1000_g_lnps_injected__vs__baseline_0	baseline_0	draining lymph nodes	24	CHEMOKINE_INFLAMMATORY	Chemokine/inflammatory genes	7.208868288989276	8.481734282862368	1	4	4	TRUE
GSE279372	GSE279372_design__T=draining_lymph_nodes__H=24__B=NA__G=delivery_1000_g_lnps_injected__VS=baseline_0	<upstream_project_root>/00_metadata/verified_metadata/splited/GSE279372_design/GSE279372_design__T=draining_lymph_nodes__H=24__B=NA__G=delivery_1000_g_lnps_injected__VS=baseline_0.tsv	anchor	strict_anchor	Locked anchor (production)	delivery_1000_g_lnps_injected__vs__baseline_0	baseline_0	draining lymph nodes	24	GENERIC_INNATE	Generic innate immune genes	23.854366831749807	27.271063026182368	1	4	4	TRUE
GSE279372	GSE279372_design__T=draining_lymph_nodes__H=24__B=NA__G=delivery_250_g_alum_injected__VS=baseline_0	<upstream_project_root>/00_metadata/verified_metadata/splited/GSE279372_design/GSE279372_design__T=draining_lymph_nodes__H=24__B=NA__G=delivery_250_g_alum_injected__VS=baseline_0.tsv	anchor	strict_anchor	Locked anchor (production)	delivery_250_g_alum_injected__vs__baseline_0	baseline_0	draining lymph nodes	24	ISG	Interferon-stimulated genes	-1.1175226361946933	-1.135294773337414	0.1875	4	4	TRUE
GSE279372	GSE279372_design__T=draining_lymph_nodes__H=24__B=NA__G=delivery_250_g_alum_injected__VS=baseline_0	<upstream_project_root>/00_metadata/verified_metadata/splited/GSE279372_design/GSE279372_design__T=draining_lymph_nodes__H=24__B=NA__G=delivery_250_g_alum_injected__VS=baseline_0.tsv	anchor	strict_anchor	Locked anchor (production)	delivery_250_g_alum_injected__vs__baseline_0	baseline_0	draining lymph nodes	24	CHEMOKINE_INFLAMMATORY	Chemokine/inflammatory genes	-0.6691069174407047	-0.8905964719365388	0.25	4	4	TRUE
GSE279372	GSE279372_design__T=draining_lymph_nodes__H=24__B=NA__G=delivery_250_g_alum_injected__VS=baseline_0	<upstream_project_root>/00_metadata/verified_metadata/splited/GSE279372_design/GSE279372_design__T=draining_lymph_nodes__H=24__B=NA__G=delivery_250_g_alum_injected__VS=baseline_0.tsv	anchor	strict_anchor	Locked anchor (production)	delivery_250_g_alum_injected__vs__baseline_0	baseline_0	draining lymph nodes	24	GENERIC_INNATE	Generic innate immune genes	0.5693140135416469	0.5058606095889798	0.6875	4	4	TRUE
GSE279372	GSE279372_design__T=draining_lymph_nodes__H=24__B=NA__G=delivery_5_g_gi_1_gii_4_vlp__VS=baseline_0	<upstream_project_root>/00_metadata/verified_metadata/splited/GSE279372_design/GSE279372_design__T=draining_lymph_nodes__H=24__B=NA__G=delivery_5_g_gi_1_gii_4_vlp__VS=baseline_0.tsv	anchor	strict_anchor	Locked anchor (production)	delivery_5_g_gi_1_gii_4_vlp__vs__baseline_0	baseline_0	draining lymph nodes	24	ISG	Interferon-stimulated genes	2.8903279925309353	2.639574951501758	1	4	4	TRUE
GSE279372	GSE279372_design__T=draining_lymph_nodes__H=24__B=NA__G=delivery_5_g_gi_1_gii_4_vlp__VS=baseline_0	<upstream_project_root>/00_metadata/verified_metadata/splited/GSE279372_design/GSE279372_design__T=draining_lymph_nodes__H=24__B=NA__G=delivery_5_g_gi_1_gii_4_vlp__VS=baseline_0.tsv	anchor	strict_anchor	Locked anchor (production)	delivery_5_g_gi_1_gii_4_vlp__vs__baseline_0	baseline_0	draining lymph nodes	24	CHEMOKINE_INFLAMMATORY	Chemokine/inflammatory genes	-0.07408961226487339	-0.08657991687180239	0.375	4	4	TRUE
GSE279372	GSE279372_design__T=draining_lymph_nodes__H=24__B=NA__G=delivery_5_g_gi_1_gii_4_vlp__VS=baseline_0	<upstream_project_root>/00_metadata/verified_metadata/splited/GSE279372_design/GSE279372_design__T=draining_lymph_nodes__H=24__B=NA__G=delivery_5_g_gi_1_gii_4_vlp__VS=baseline_0.tsv	anchor	strict_anchor	Locked anchor (production)	delivery_5_g_gi_1_gii_4_vlp__vs__baseline_0	baseline_0	draining lymph nodes	24	GENERIC_INNATE	Generic innate immune genes	3.6693545186707732	4.560908555532953	1	4	4	TRUE
GSE279372	GSE279372_design__T=draining_lymph_nodes__H=24__B=NA__G=GID00110503__VS=baseline_0	<upstream_project_root>/00_metadata/verified_metadata/splited/GSE279372_design/GSE279372_design__T=draining_lymph_nodes__H=24__B=NA__G=GID00110503__VS=baseline_0.tsv	anchor	strict_anchor	Locked anchor (production)	delivery_250_g_alum_5_g_gi_1_gii_4_vlp_injected__vs__baseline_0	baseline_0	draining lymph nodes	24	ISG	Interferon-stimulated genes	0.2582689416089718	0.23634069627008064	0.5625	4	4	TRUE
GSE279372	GSE279372_design__T=draining_lymph_nodes__H=24__B=NA__G=GID00110503__VS=baseline_0	<upstream_project_root>/00_metadata/verified_metadata/splited/GSE279372_design/GSE279372_design__T=draining_lymph_nodes__H=24__B=NA__G=GID00110503__VS=baseline_0.tsv	anchor	strict_anchor	Locked anchor (production)	delivery_250_g_alum_5_g_gi_1_gii_4_vlp_injected__vs__baseline_0	baseline_0	draining lymph nodes	24	CHEMOKINE_INFLAMMATORY	Chemokine/inflammatory genes	-0.41778091245419485	-0.5211104951242392	0.25	4	4	TRUE
GSE279372	GSE279372_design__T=draining_lymph_nodes__H=24__B=NA__G=GID00110503__VS=baseline_0	<upstream_project_root>/00_metadata/verified_metadata/splited/GSE279372_design/GSE279372_design__T=draining_lymph_nodes__H=24__B=NA__G=GID00110503__VS=baseline_0.tsv	anchor	strict_anchor	Locked anchor (production)	delivery_250_g_alum_5_g_gi_1_gii_4_vlp_injected__vs__baseline_0	baseline_0	draining lymph nodes	24	GENERIC_INNATE	Generic innate immune genes	1.9740560626566577	2.1812962071794737	1	4	4	TRUE
GSE279372	GSE279372_design__T=draining_lymph_nodes__H=24__B=NA__G=GID00110754__VS=baseline_0	<upstream_project_root>/00_metadata/verified_metadata/splited/GSE279372_design/GSE279372_design__T=draining_lymph_nodes__H=24__B=NA__G=GID00110754__VS=baseline_0.tsv	anchor	strict_anchor	Locked anchor (production)	delivery_125_g_lnps_5_g_gi_1_gii_4_vlp_injected__vs__baseline_0	baseline_0	draining lymph nodes	24	ISG	Interferon-stimulated genes	20.494435436730406	21.042110360615897	1	4	4	TRUE
GSE279372	GSE279372_design__T=draining_lymph_nodes__H=24__B=NA__G=GID00110754__VS=baseline_0	<upstream_project_root>/00_metadata/verified_metadata/splited/GSE279372_design/GSE279372_design__T=draining_lymph_nodes__H=24__B=NA__G=GID00110754__VS=baseline_0.tsv	anchor	strict_anchor	Locked anchor (production)	delivery_125_g_lnps_5_g_gi_1_gii_4_vlp_injected__vs__baseline_0	baseline_0	draining lymph nodes	24	CHEMOKINE_INFLAMMATORY	Chemokine/inflammatory genes	3.7629088580025947	3.710602359337106	1	4	4	TRUE
GSE279372	GSE279372_design__T=draining_lymph_nodes__H=24__B=NA__G=GID00110754__VS=baseline_0	<upstream_project_root>/00_metadata/verified_metadata/splited/GSE279372_design/GSE279372_design__T=draining_lymph_nodes__H=24__B=NA__G=GID00110754__VS=baseline_0.tsv	anchor	strict_anchor	Locked anchor (production)	delivery_125_g_lnps_5_g_gi_1_gii_4_vlp_injected__vs__baseline_0	baseline_0	draining lymph nodes	24	GENERIC_INNATE	Generic innate immune genes	19.872955522504697	15.135696938191018	1	4	4	TRUE
GSE279372	GSE279372_design__T=draining_lymph_nodes__H=24__B=NA__G=GID00114748__VS=baseline_0	<upstream_project_root>/00_metadata/verified_metadata/splited/GSE279372_design/GSE279372_design__T=draining_lymph_nodes__H=24__B=NA__G=GID00114748__VS=baseline_0.tsv	anchor	strict_anchor	Locked anchor (production)	delivery_1000_g_lnps_5_g_gi_1_gii_4_vlp_injected__vs__baseline_0	baseline_0	draining lymph nodes	24	ISG	Interferon-stimulated genes	23.388793253777646	30.70706407906049	1	4	4	TRUE
GSE279372	GSE279372_design__T=draining_lymph_nodes__H=24__B=NA__G=GID00114748__VS=baseline_0	<upstream_project_root>/00_metadata/verified_metadata/splited/GSE279372_design/GSE279372_design__T=draining_lymph_nodes__H=24__B=NA__G=GID00114748__VS=baseline_0.tsv	anchor	strict_anchor	Locked anchor (production)	delivery_1000_g_lnps_5_g_gi_1_gii_4_vlp_injected__vs__baseline_0	baseline_0	draining lymph nodes	24	CHEMOKINE_INFLAMMATORY	Chemokine/inflammatory genes	7.9421366246895255	9.799236556153193	1	4	4	TRUE
GSE279372	GSE279372_design__T=draining_lymph_nodes__H=24__B=NA__G=GID00114748__VS=baseline_0	<upstream_project_root>/00_metadata/verified_metadata/splited/GSE279372_design/GSE279372_design__T=draining_lymph_nodes__H=24__B=NA__G=GID00114748__VS=baseline_0.tsv	anchor	strict_anchor	Locked anchor (production)	delivery_1000_g_lnps_5_g_gi_1_gii_4_vlp_injected__vs__baseline_0	baseline_0	draining lymph nodes	24	GENERIC_INNATE	Generic innate immune genes	24.755569045123025	19.403061550095565	1	4	4	TRUE
GSE39129	GSE39129_design__T=liver__H=4__B=NA__G=delivery_lentiviral_vector_lv__VS=delivery_none	<upstream_project_root>/00_metadata/verified_metadata/splited/GSE39129_design/GSE39129_design__T=liver__H=4__B=NA__G=delivery_lentiviral_vector_lv__VS=delivery_none.tsv	anchor	strict_anchor	Locked anchor (production)	delivery_lentiviral_vector_lv___vs__delivery_none	delivery_none	liver	4	ISG	Interferon-stimulated genes	27.63584094321775	20.353147738278345	1	3	3	TRUE
GSE39129	GSE39129_design__T=liver__H=4__B=NA__G=delivery_lentiviral_vector_lv__VS=delivery_none	<upstream_project_root>/00_metadata/verified_metadata/splited/GSE39129_design/GSE39129_design__T=liver__H=4__B=NA__G=delivery_lentiviral_vector_lv__VS=delivery_none.tsv	anchor	strict_anchor	Locked anchor (production)	delivery_lentiviral_vector_lv___vs__delivery_none	delivery_none	liver	4	CHEMOKINE_INFLAMMATORY	Chemokine/inflammatory genes	46.29974468234871	8.370547997486517	1	3	3	TRUE
GSE39129	GSE39129_design__T=liver__H=4__B=NA__G=delivery_lentiviral_vector_lv__VS=delivery_none	<upstream_project_root>/00_metadata/verified_metadata/splited/GSE39129_design/GSE39129_design__T=liver__H=4__B=NA__G=delivery_lentiviral_vector_lv__VS=delivery_none.tsv	anchor	strict_anchor	Locked anchor (production)	delivery_lentiviral_vector_lv___vs__delivery_none	delivery_none	liver	4	GENERIC_INNATE	Generic innate immune genes	29.046151071450208	12.177601918651654	1	3	3	TRUE
GSE167521	GSE167521_design__T=skin__H=24__B=NA__G=delivery_lnp__VS=baseline_0	<upstream_project_root>/00_metadata/verified_metadata/splited/GSE167521_design/GSE167521_design__T=skin__H=24__B=NA__G=delivery_lnp__VS=baseline_0.tsv	anchor	strict_anchor	Locked anchor (production)	delivery_lnp__vs__baseline_0	baseline_0	skin	24	ISG	Interferon-stimulated genes	4.159493814654784	5.521370869342443	1	4	4	TRUE
GSE167521	GSE167521_design__T=skin__H=24__B=NA__G=delivery_lnp__VS=baseline_0	<upstream_project_root>/00_metadata/verified_metadata/splited/GSE167521_design/GSE167521_design__T=skin__H=24__B=NA__G=delivery_lnp__VS=baseline_0.tsv	anchor	strict_anchor	Locked anchor (production)	delivery_lnp__vs__baseline_0	baseline_0	skin	24	CHEMOKINE_INFLAMMATORY	Chemokine/inflammatory genes	19.296991538896116	17.36403160327598	1	4	4	TRUE
GSE167521	GSE167521_design__T=skin__H=24__B=NA__G=delivery_lnp__VS=baseline_0	<upstream_project_root>/00_metadata/verified_metadata/splited/GSE167521_design/GSE167521_design__T=skin__H=24__B=NA__G=delivery_lnp__VS=baseline_0.tsv	anchor	strict_anchor	Locked anchor (production)	delivery_lnp__vs__baseline_0	baseline_0	skin	24	GENERIC_INNATE	Generic innate immune genes	10.466305005597262	9.725769023512301	1	4	4	TRUE
GSE264344	GSE264344_design__T=Blood__H=1__B=NA__G=delivery_ad26__VS=baseline_0	<upstream_project_root>/00_metadata/verified_metadata/splited/GSE264344_design/GSE264344_design__T=Blood__H=1__B=NA__G=delivery_ad26__VS=baseline_0.tsv	anchor	strict_anchor	Locked anchor (production)	delivery_ad26__vs__baseline_0	baseline_0	Blood	1	ISG	Interferon-stimulated genes	-0.1454161521561571	-0.7412918732637955	0.36	5	5	TRUE
GSE264344	GSE264344_design__T=Blood__H=1__B=NA__G=delivery_ad26__VS=baseline_0	<upstream_project_root>/00_metadata/verified_metadata/splited/GSE264344_design/GSE264344_design__T=Blood__H=1__B=NA__G=delivery_ad26__VS=baseline_0.tsv	anchor	strict_anchor	Locked anchor (production)	delivery_ad26__vs__baseline_0	baseline_0	Blood	1	CHEMOKINE_INFLAMMATORY	Chemokine/inflammatory genes	0.5946727442169631	2.734963652045833	1	5	5	TRUE
GSE264344	GSE264344_design__T=Blood__H=1__B=NA__G=delivery_ad26__VS=baseline_0	<upstream_project_root>/00_metadata/verified_metadata/splited/GSE264344_design/GSE264344_design__T=Blood__H=1__B=NA__G=delivery_ad26__VS=baseline_0.tsv	anchor	strict_anchor	Locked anchor (production)	delivery_ad26__vs__baseline_0	baseline_0	Blood	1	GENERIC_INNATE	Generic innate immune genes	0.28252921078049587	2.2552822634825356	0.92	5	5	TRUE
GSE264344	GSE264344_design__T=Blood__H=1__B=NA__G=delivery_ad5__VS=baseline_0	<upstream_project_root>/00_metadata/verified_metadata/splited/GSE264344_design/GSE264344_design__T=Blood__H=1__B=NA__G=delivery_ad5__VS=baseline_0.tsv	anchor	strict_anchor	Locked anchor (production)	delivery_ad5__vs__baseline_0	baseline_0	Blood	1	ISG	Interferon-stimulated genes	-0.027185787425987762	-0.11886818143309316	0.48	5	5	TRUE
GSE264344	GSE264344_design__T=Blood__H=1__B=NA__G=delivery_ad5__VS=baseline_0	<upstream_project_root>/00_metadata/verified_metadata/splited/GSE264344_design/GSE264344_design__T=Blood__H=1__B=NA__G=delivery_ad5__VS=baseline_0.tsv	anchor	strict_anchor	Locked anchor (production)	delivery_ad5__vs__baseline_0	baseline_0	Blood	1	CHEMOKINE_INFLAMMATORY	Chemokine/inflammatory genes	0.5710462394111254	2.783005039406425	1	5	5	TRUE
GSE264344	GSE264344_design__T=Blood__H=1__B=NA__G=delivery_ad5__VS=baseline_0	<upstream_project_root>/00_metadata/verified_metadata/splited/GSE264344_design/GSE264344_design__T=Blood__H=1__B=NA__G=delivery_ad5__VS=baseline_0.tsv	anchor	strict_anchor	Locked anchor (production)	delivery_ad5__vs__baseline_0	baseline_0	Blood	1	GENERIC_INNATE	Generic innate immune genes	0.18959804942227	1.956433369278646	0.92	5	5	TRUE
GSE264344	GSE264344_design__T=Blood__H=12__B=NA__G=delivery_ad26__VS=baseline_0	<upstream_project_root>/00_metadata/verified_metadata/splited/GSE264344_design/GSE264344_design__T=Blood__H=12__B=NA__G=delivery_ad26__VS=baseline_0.tsv	anchor	strict_anchor	Locked anchor (production)	delivery_ad26__vs__baseline_0	baseline_0	Blood	12	ISG	Interferon-stimulated genes	4.766955459125013	21.430783935914594	1	5	5	TRUE
GSE264344	GSE264344_design__T=Blood__H=12__B=NA__G=delivery_ad26__VS=baseline_0	<upstream_project_root>/00_metadata/verified_metadata/splited/GSE264344_design/GSE264344_design__T=Blood__H=12__B=NA__G=delivery_ad26__VS=baseline_0.tsv	anchor	strict_anchor	Locked anchor (production)	delivery_ad26__vs__baseline_0	baseline_0	Blood	12	CHEMOKINE_INFLAMMATORY	Chemokine/inflammatory genes	3.8286278144106123	7.158621327973232	1	5	5	TRUE
GSE264344	GSE264344_design__T=Blood__H=12__B=NA__G=delivery_ad26__VS=baseline_0	<upstream_project_root>/00_metadata/verified_metadata/splited/GSE264344_design/GSE264344_design__T=Blood__H=12__B=NA__G=delivery_ad26__VS=baseline_0.tsv	anchor	strict_anchor	Locked anchor (production)	delivery_ad26__vs__baseline_0	baseline_0	Blood	12	GENERIC_INNATE	Generic innate immune genes	1.4538398341193046	7.027267273459696	1	5	5	TRUE
GSE264344	GSE264344_design__T=Blood__H=12__B=NA__G=delivery_ad5__VS=baseline_0	<upstream_project_root>/00_metadata/verified_metadata/splited/GSE264344_design/GSE264344_design__T=Blood__H=12__B=NA__G=delivery_ad5__VS=baseline_0.tsv	anchor	strict_anchor	Locked anchor (production)	delivery_ad5__vs__baseline_0	baseline_0	Blood	12	ISG	Interferon-stimulated genes	3.12818821912565	13.201661848651119	1	5	5	TRUE
GSE264344	GSE264344_design__T=Blood__H=12__B=NA__G=delivery_ad5__VS=baseline_0	<upstream_project_root>/00_metadata/verified_metadata/splited/GSE264344_design/GSE264344_design__T=Blood__H=12__B=NA__G=delivery_ad5__VS=baseline_0.tsv	anchor	strict_anchor	Locked anchor (production)	delivery_ad5__vs__baseline_0	baseline_0	Blood	12	CHEMOKINE_INFLAMMATORY	Chemokine/inflammatory genes	1.2026590249648734	2.8277438052303734	1	5	5	TRUE
GSE264344	GSE264344_design__T=Blood__H=12__B=NA__G=delivery_ad5__VS=baseline_0	<upstream_project_root>/00_metadata/verified_metadata/splited/GSE264344_design/GSE264344_design__T=Blood__H=12__B=NA__G=delivery_ad5__VS=baseline_0.tsv	anchor	strict_anchor	Locked anchor (production)	delivery_ad5__vs__baseline_0	baseline_0	Blood	12	GENERIC_INNATE	Generic innate immune genes	0.8428392818679006	2.5481304414971166	0.92	5	5	TRUE
GSE264344	GSE264344_design__T=Blood__H=24__B=NA__G=delivery_ad26__VS=baseline_0	<upstream_project_root>/00_metadata/verified_metadata/splited/GSE264344_design/GSE264344_design__T=Blood__H=24__B=NA__G=delivery_ad26__VS=baseline_0.tsv	anchor	strict_anchor	Locked anchor (production)	delivery_ad26__vs__baseline_0	baseline_0	Blood	24	ISG	Interferon-stimulated genes	3.1259985370382357	16.10087713864454	1	5	5	TRUE
GSE264344	GSE264344_design__T=Blood__H=24__B=NA__G=delivery_ad26__VS=baseline_0	<upstream_project_root>/00_metadata/verified_metadata/splited/GSE264344_design/GSE264344_design__T=Blood__H=24__B=NA__G=delivery_ad26__VS=baseline_0.tsv	anchor	strict_anchor	Locked anchor (production)	delivery_ad26__vs__baseline_0	baseline_0	Blood	24	CHEMOKINE_INFLAMMATORY	Chemokine/inflammatory genes	1.5645947347453002	6.308676152781405	1	5	5	TRUE
GSE264344	GSE264344_design__T=Blood__H=24__B=NA__G=delivery_ad26__VS=baseline_0	<upstream_project_root>/00_metadata/verified_metadata/splited/GSE264344_design/GSE264344_design__T=Blood__H=24__B=NA__G=delivery_ad26__VS=baseline_0.tsv	anchor	strict_anchor	Locked anchor (production)	delivery_ad26__vs__baseline_0	baseline_0	Blood	24	GENERIC_INNATE	Generic innate immune genes	1.0602616806749552	7.908983628849911	1	5	5	TRUE
GSE264344	GSE264344_design__T=Blood__H=24__B=NA__G=delivery_ad5__VS=baseline_0	<upstream_project_root>/00_metadata/verified_metadata/splited/GSE264344_design/GSE264344_design__T=Blood__H=24__B=NA__G=delivery_ad5__VS=baseline_0.tsv	anchor	strict_anchor	Locked anchor (production)	delivery_ad5__vs__baseline_0	baseline_0	Blood	24	ISG	Interferon-stimulated genes	1.915357342383984	7.619219027645582	1	5	5	TRUE
GSE264344	GSE264344_design__T=Blood__H=24__B=NA__G=delivery_ad5__VS=baseline_0	<upstream_project_root>/00_metadata/verified_metadata/splited/GSE264344_design/GSE264344_design__T=Blood__H=24__B=NA__G=delivery_ad5__VS=baseline_0.tsv	anchor	strict_anchor	Locked anchor (production)	delivery_ad5__vs__baseline_0	baseline_0	Blood	24	CHEMOKINE_INFLAMMATORY	Chemokine/inflammatory genes	0.49650419218433206	1.8933649196268179	0.96	5	5	TRUE
GSE264344	GSE264344_design__T=Blood__H=24__B=NA__G=delivery_ad5__VS=baseline_0	<upstream_project_root>/00_metadata/verified_metadata/splited/GSE264344_design/GSE264344_design__T=Blood__H=24__B=NA__G=delivery_ad5__VS=baseline_0.tsv	anchor	strict_anchor	Locked anchor (production)	delivery_ad5__vs__baseline_0	baseline_0	Blood	24	GENERIC_INNATE	Generic innate immune genes	0.5230918568927917	3.941043169237803	1	5	5	TRUE
GSE264344	GSE264344_design__T=Blood__H=3__B=NA__G=delivery_ad26__VS=baseline_0	<upstream_project_root>/00_metadata/verified_metadata/splited/GSE264344_design/GSE264344_design__T=Blood__H=3__B=NA__G=delivery_ad26__VS=baseline_0.tsv	anchor	strict_anchor	Locked anchor (production)	delivery_ad26__vs__baseline_0	baseline_0	Blood	3	ISG	Interferon-stimulated genes	3.597732432561141	10.217184875355272	1	5	5	TRUE
GSE264344	GSE264344_design__T=Blood__H=3__B=NA__G=delivery_ad26__VS=baseline_0	<upstream_project_root>/00_metadata/verified_metadata/splited/GSE264344_design/GSE264344_design__T=Blood__H=3__B=NA__G=delivery_ad26__VS=baseline_0.tsv	anchor	strict_anchor	Locked anchor (production)	delivery_ad26__vs__baseline_0	baseline_0	Blood	3	CHEMOKINE_INFLAMMATORY	Chemokine/inflammatory genes	2.339140519710911	6.9300086206200735	1	5	5	TRUE
GSE264344	GSE264344_design__T=Blood__H=3__B=NA__G=delivery_ad26__VS=baseline_0	<upstream_project_root>/00_metadata/verified_metadata/splited/GSE264344_design/GSE264344_design__T=Blood__H=3__B=NA__G=delivery_ad26__VS=baseline_0.tsv	anchor	strict_anchor	Locked anchor (production)	delivery_ad26__vs__baseline_0	baseline_0	Blood	3	GENERIC_INNATE	Generic innate immune genes	1.2774433540840011	7.45316863064213	1	5	5	TRUE
GSE264344	GSE264344_design__T=Blood__H=3__B=NA__G=delivery_ad5__VS=baseline_0	<upstream_project_root>/00_metadata/verified_metadata/splited/GSE264344_design/GSE264344_design__T=Blood__H=3__B=NA__G=delivery_ad5__VS=baseline_0.tsv	anchor	strict_anchor	Locked anchor (production)	delivery_ad5__vs__baseline_0	baseline_0	Blood	3	ISG	Interferon-stimulated genes	0.8900697350834623	2.1589178631027726	0.96	5	5	TRUE
GSE264344	GSE264344_design__T=Blood__H=3__B=NA__G=delivery_ad5__VS=baseline_0	<upstream_project_root>/00_metadata/verified_metadata/splited/GSE264344_design/GSE264344_design__T=Blood__H=3__B=NA__G=delivery_ad5__VS=baseline_0.tsv	anchor	strict_anchor	Locked anchor (production)	delivery_ad5__vs__baseline_0	baseline_0	Blood	3	CHEMOKINE_INFLAMMATORY	Chemokine/inflammatory genes	0.7697744363451826	2.988335834361053	1	5	5	TRUE
GSE264344	GSE264344_design__T=Blood__H=3__B=NA__G=delivery_ad5__VS=baseline_0	<upstream_project_root>/00_metadata/verified_metadata/splited/GSE264344_design/GSE264344_design__T=Blood__H=3__B=NA__G=delivery_ad5__VS=baseline_0.tsv	anchor	strict_anchor	Locked anchor (production)	delivery_ad5__vs__baseline_0	baseline_0	Blood	3	GENERIC_INNATE	Generic innate immune genes	0.7143737808293086	5.726738090972837	1	5	5	TRUE
GSE264344	GSE264344_design__T=Blood__H=6__B=NA__G=delivery_ad26__VS=baseline_0	<upstream_project_root>/00_metadata/verified_metadata/splited/GSE264344_design/GSE264344_design__T=Blood__H=6__B=NA__G=delivery_ad26__VS=baseline_0.tsv	anchor	strict_anchor	Locked anchor (production)	delivery_ad26__vs__baseline_0	baseline_0	Blood	6	ISG	Interferon-stimulated genes	3.6204815970690816	17.75298670709247	1	5	5	TRUE
GSE264344	GSE264344_design__T=Blood__H=6__B=NA__G=delivery_ad26__VS=baseline_0	<upstream_project_root>/00_metadata/verified_metadata/splited/GSE264344_design/GSE264344_design__T=Blood__H=6__B=NA__G=delivery_ad26__VS=baseline_0.tsv	anchor	strict_anchor	Locked anchor (production)	delivery_ad26__vs__baseline_0	baseline_0	Blood	6	CHEMOKINE_INFLAMMATORY	Chemokine/inflammatory genes	2.022028735071841	7.395785933365458	1	5	5	TRUE
GSE264344	GSE264344_design__T=Blood__H=6__B=NA__G=delivery_ad26__VS=baseline_0	<upstream_project_root>/00_metadata/verified_metadata/splited/GSE264344_design/GSE264344_design__T=Blood__H=6__B=NA__G=delivery_ad26__VS=baseline_0.tsv	anchor	strict_anchor	Locked anchor (production)	delivery_ad26__vs__baseline_0	baseline_0	Blood	6	GENERIC_INNATE	Generic innate immune genes	1.2899356881063375	9.767170795802649	1	5	5	TRUE
GSE264344	GSE264344_design__T=Blood__H=6__B=NA__G=delivery_ad5__VS=baseline_0	<upstream_project_root>/00_metadata/verified_metadata/splited/GSE264344_design/GSE264344_design__T=Blood__H=6__B=NA__G=delivery_ad5__VS=baseline_0.tsv	anchor	strict_anchor	Locked anchor (production)	delivery_ad5__vs__baseline_0	baseline_0	Blood	6	ISG	Interferon-stimulated genes	4.465315071507177	15.269674368043166	1	5	5	TRUE
GSE264344	GSE264344_design__T=Blood__H=6__B=NA__G=delivery_ad5__VS=baseline_0	<upstream_project_root>/00_metadata/verified_metadata/splited/GSE264344_design/GSE264344_design__T=Blood__H=6__B=NA__G=delivery_ad5__VS=baseline_0.tsv	anchor	strict_anchor	Locked anchor (production)	delivery_ad5__vs__baseline_0	baseline_0	Blood	6	CHEMOKINE_INFLAMMATORY	Chemokine/inflammatory genes	3.7608552128179773	8.094191158945979	1	5	5	TRUE
GSE264344	GSE264344_design__T=Blood__H=6__B=NA__G=delivery_ad5__VS=baseline_0	<upstream_project_root>/00_metadata/verified_metadata/splited/GSE264344_design/GSE264344_design__T=Blood__H=6__B=NA__G=delivery_ad5__VS=baseline_0.tsv	anchor	strict_anchor	Locked anchor (production)	delivery_ad5__vs__baseline_0	baseline_0	Blood	6	GENERIC_INNATE	Generic innate immune genes	1.4920617984651239	6.257929682225878	1	5	5	TRUE
GSE264344	GSE264344_design__T=Blood__H=72__B=NA__G=delivery_ad26__VS=baseline_0	<upstream_project_root>/00_metadata/verified_metadata/splited/GSE264344_design/GSE264344_design__T=Blood__H=72__B=NA__G=delivery_ad26__VS=baseline_0.tsv	extended_validation	extended_validation	Extended validation	delivery_ad26__vs__baseline_0	baseline_0	Blood	72	ISG	Interferon-stimulated genes	-0.11618591030346248	-0.4105294106942826	0.44	5	5	TRUE
GSE264344	GSE264344_design__T=Blood__H=72__B=NA__G=delivery_ad26__VS=baseline_0	<upstream_project_root>/00_metadata/verified_metadata/splited/GSE264344_design/GSE264344_design__T=Blood__H=72__B=NA__G=delivery_ad26__VS=baseline_0.tsv	extended_validation	extended_validation	Extended validation	delivery_ad26__vs__baseline_0	baseline_0	Blood	72	CHEMOKINE_INFLAMMATORY	Chemokine/inflammatory genes	0.22655116887837867	0.6618563956641773	0.7200000000000001	5	5	TRUE
GSE264344	GSE264344_design__T=Blood__H=72__B=NA__G=delivery_ad26__VS=baseline_0	<upstream_project_root>/00_metadata/verified_metadata/splited/GSE264344_design/GSE264344_design__T=Blood__H=72__B=NA__G=delivery_ad26__VS=baseline_0.tsv	extended_validation	extended_validation	Extended validation	delivery_ad26__vs__baseline_0	baseline_0	Blood	72	GENERIC_INNATE	Generic innate immune genes	-0.08006029225706823	-0.407106781547611	0.4	5	5	TRUE
GSE264344	GSE264344_design__T=Blood__H=72__B=NA__G=delivery_ad5__VS=baseline_0	<upstream_project_root>/00_metadata/verified_metadata/splited/GSE264344_design/GSE264344_design__T=Blood__H=72__B=NA__G=delivery_ad5__VS=baseline_0.tsv	extended_validation	extended_validation	Extended validation	delivery_ad5__vs__baseline_0	baseline_0	Blood	72	ISG	Interferon-stimulated genes	0.21464353496710054	1.1058100138749278	0.8	5	5	TRUE
GSE264344	GSE264344_design__T=Blood__H=72__B=NA__G=delivery_ad5__VS=baseline_0	<upstream_project_root>/00_metadata/verified_metadata/splited/GSE264344_design/GSE264344_design__T=Blood__H=72__B=NA__G=delivery_ad5__VS=baseline_0.tsv	extended_validation	extended_validation	Extended validation	delivery_ad5__vs__baseline_0	baseline_0	Blood	72	CHEMOKINE_INFLAMMATORY	Chemokine/inflammatory genes	0.4764663126488036	1.7439398871860576	0.92	5	5	TRUE
GSE264344	GSE264344_design__T=Blood__H=72__B=NA__G=delivery_ad5__VS=baseline_0	<upstream_project_root>/00_metadata/verified_metadata/splited/GSE264344_design/GSE264344_design__T=Blood__H=72__B=NA__G=delivery_ad5__VS=baseline_0.tsv	extended_validation	extended_validation	Extended validation	delivery_ad5__vs__baseline_0	baseline_0	Blood	72	GENERIC_INNATE	Generic innate immune genes	0.25073862824884785	2.6440445073598196	1	5	5	TRUE
GSE264344	GSE264344_design__T=dLN__H=1__B=NA__G=delivery_ad26__VS=baseline_0	<upstream_project_root>/00_metadata/verified_metadata/splited/GSE264344_design/GSE264344_design__T=dLN__H=1__B=NA__G=delivery_ad26__VS=baseline_0.tsv	anchor	strict_anchor	Locked anchor (production)	delivery_ad26__vs__baseline_0	baseline_0	dLN	1	ISG	Interferon-stimulated genes	0.21610624928203886	0.3174863582381338	0.7200000000000001	5	5	TRUE
GSE264344	GSE264344_design__T=dLN__H=1__B=NA__G=delivery_ad26__VS=baseline_0	<upstream_project_root>/00_metadata/verified_metadata/splited/GSE264344_design/GSE264344_design__T=dLN__H=1__B=NA__G=delivery_ad26__VS=baseline_0.tsv	anchor	strict_anchor	Locked anchor (production)	delivery_ad26__vs__baseline_0	baseline_0	dLN	1	CHEMOKINE_INFLAMMATORY	Chemokine/inflammatory genes	2.3824536165574566	4.33021650355392	1	5	5	TRUE
GSE264344	GSE264344_design__T=dLN__H=1__B=NA__G=delivery_ad26__VS=baseline_0	<upstream_project_root>/00_metadata/verified_metadata/splited/GSE264344_design/GSE264344_design__T=dLN__H=1__B=NA__G=delivery_ad26__VS=baseline_0.tsv	anchor	strict_anchor	Locked anchor (production)	delivery_ad26__vs__baseline_0	baseline_0	dLN	1	GENERIC_INNATE	Generic innate immune genes	0.3013559782921329	1.7682675865422752	0.92	5	5	TRUE
GSE264344	GSE264344_design__T=dLN__H=1__B=NA__G=delivery_ad5__VS=baseline_0	<upstream_project_root>/00_metadata/verified_metadata/splited/GSE264344_design/GSE264344_design__T=dLN__H=1__B=NA__G=delivery_ad5__VS=baseline_0.tsv	anchor	strict_anchor	Locked anchor (production)	delivery_ad5__vs__baseline_0	baseline_0	dLN	1	ISG	Interferon-stimulated genes	-0.13471121504067826	-0.259453690681725	0.6000000000000001	5	5	TRUE
GSE264344	GSE264344_design__T=dLN__H=1__B=NA__G=delivery_ad5__VS=baseline_0	<upstream_project_root>/00_metadata/verified_metadata/splited/GSE264344_design/GSE264344_design__T=dLN__H=1__B=NA__G=delivery_ad5__VS=baseline_0.tsv	anchor	strict_anchor	Locked anchor (production)	delivery_ad5__vs__baseline_0	baseline_0	dLN	1	CHEMOKINE_INFLAMMATORY	Chemokine/inflammatory genes	4.0777585373145016	4.097576438266681	1	5	5	TRUE
GSE264344	GSE264344_design__T=dLN__H=1__B=NA__G=delivery_ad5__VS=baseline_0	<upstream_project_root>/00_metadata/verified_metadata/splited/GSE264344_design/GSE264344_design__T=dLN__H=1__B=NA__G=delivery_ad5__VS=baseline_0.tsv	anchor	strict_anchor	Locked anchor (production)	delivery_ad5__vs__baseline_0	baseline_0	dLN	1	GENERIC_INNATE	Generic innate immune genes	0.29963127041816984	1.9582149436955545	0.92	5	5	TRUE
GSE264344	GSE264344_design__T=dLN__H=12__B=NA__G=delivery_ad26__VS=baseline_0	<upstream_project_root>/00_metadata/verified_metadata/splited/GSE264344_design/GSE264344_design__T=dLN__H=12__B=NA__G=delivery_ad26__VS=baseline_0.tsv	anchor	strict_anchor	Locked anchor (production)	delivery_ad26__vs__baseline_0	baseline_0	dLN	12	ISG	Interferon-stimulated genes	5.192069180974002	10.147129465180141	1	5	5	TRUE
GSE264344	GSE264344_design__T=dLN__H=12__B=NA__G=delivery_ad26__VS=baseline_0	<upstream_project_root>/00_metadata/verified_metadata/splited/GSE264344_design/GSE264344_design__T=dLN__H=12__B=NA__G=delivery_ad26__VS=baseline_0.tsv	anchor	strict_anchor	Locked anchor (production)	delivery_ad26__vs__baseline_0	baseline_0	dLN	12	CHEMOKINE_INFLAMMATORY	Chemokine/inflammatory genes	7.819730875160726	18.393067620273584	1	5	5	TRUE
GSE264344	GSE264344_design__T=dLN__H=12__B=NA__G=delivery_ad26__VS=baseline_0	<upstream_project_root>/00_metadata/verified_metadata/splited/GSE264344_design/GSE264344_design__T=dLN__H=12__B=NA__G=delivery_ad26__VS=baseline_0.tsv	anchor	strict_anchor	Locked anchor (production)	delivery_ad26__vs__baseline_0	baseline_0	dLN	12	GENERIC_INNATE	Generic innate immune genes	1.6532872243548422	12.670271264208676	1	5	5	TRUE
GSE264344	GSE264344_design__T=dLN__H=12__B=NA__G=delivery_ad5__VS=baseline_0	<upstream_project_root>/00_metadata/verified_metadata/splited/GSE264344_design/GSE264344_design__T=dLN__H=12__B=NA__G=delivery_ad5__VS=baseline_0.tsv	anchor	strict_anchor	Locked anchor (production)	delivery_ad5__vs__baseline_0	baseline_0	dLN	12	ISG	Interferon-stimulated genes	4.775935084475342	8.974013305376628	1	5	5	TRUE
GSE264344	GSE264344_design__T=dLN__H=12__B=NA__G=delivery_ad5__VS=baseline_0	<upstream_project_root>/00_metadata/verified_metadata/splited/GSE264344_design/GSE264344_design__T=dLN__H=12__B=NA__G=delivery_ad5__VS=baseline_0.tsv	anchor	strict_anchor	Locked anchor (production)	delivery_ad5__vs__baseline_0	baseline_0	dLN	12	CHEMOKINE_INFLAMMATORY	Chemokine/inflammatory genes	5.195892172829959	8.787252401230147	1	5	5	TRUE
GSE264344	GSE264344_design__T=dLN__H=12__B=NA__G=delivery_ad5__VS=baseline_0	<upstream_project_root>/00_metadata/verified_metadata/splited/GSE264344_design/GSE264344_design__T=dLN__H=12__B=NA__G=delivery_ad5__VS=baseline_0.tsv	anchor	strict_anchor	Locked anchor (production)	delivery_ad5__vs__baseline_0	baseline_0	dLN	12	GENERIC_INNATE	Generic innate immune genes	1.2177149952081843	7.587099299907507	1	5	5	TRUE
GSE264344	GSE264344_design__T=dLN__H=24__B=NA__G=delivery_ad26__VS=baseline_0	<upstream_project_root>/00_metadata/verified_metadata/splited/GSE264344_design/GSE264344_design__T=dLN__H=24__B=NA__G=delivery_ad26__VS=baseline_0.tsv	anchor	strict_anchor	Locked anchor (production)	delivery_ad26__vs__baseline_0	baseline_0	dLN	24	ISG	Interferon-stimulated genes	4.00331386549238	6.95406471678202	1	5	5	TRUE
GSE264344	GSE264344_design__T=dLN__H=24__B=NA__G=delivery_ad26__VS=baseline_0	<upstream_project_root>/00_metadata/verified_metadata/splited/GSE264344_design/GSE264344_design__T=dLN__H=24__B=NA__G=delivery_ad26__VS=baseline_0.tsv	anchor	strict_anchor	Locked anchor (production)	delivery_ad26__vs__baseline_0	baseline_0	dLN	24	CHEMOKINE_INFLAMMATORY	Chemokine/inflammatory genes	3.6139587733151313	4.535592641378045	1	5	5	TRUE
GSE264344	GSE264344_design__T=dLN__H=24__B=NA__G=delivery_ad26__VS=baseline_0	<upstream_project_root>/00_metadata/verified_metadata/splited/GSE264344_design/GSE264344_design__T=dLN__H=24__B=NA__G=delivery_ad26__VS=baseline_0.tsv	anchor	strict_anchor	Locked anchor (production)	delivery_ad26__vs__baseline_0	baseline_0	dLN	24	GENERIC_INNATE	Generic innate immune genes	0.8074427291662487	4.914713252090017	1	5	5	TRUE
GSE264344	GSE264344_design__T=dLN__H=24__B=NA__G=delivery_ad5__VS=baseline_0	<upstream_project_root>/00_metadata/verified_metadata/splited/GSE264344_design/GSE264344_design__T=dLN__H=24__B=NA__G=delivery_ad5__VS=baseline_0.tsv	anchor	strict_anchor	Locked anchor (production)	delivery_ad5__vs__baseline_0	baseline_0	dLN	24	ISG	Interferon-stimulated genes	3.532600264317266	7.013478594074882	1	5	5	TRUE
GSE264344	GSE264344_design__T=dLN__H=24__B=NA__G=delivery_ad5__VS=baseline_0	<upstream_project_root>/00_metadata/verified_metadata/splited/GSE264344_design/GSE264344_design__T=dLN__H=24__B=NA__G=delivery_ad5__VS=baseline_0.tsv	anchor	strict_anchor	Locked anchor (production)	delivery_ad5__vs__baseline_0	baseline_0	dLN	24	CHEMOKINE_INFLAMMATORY	Chemokine/inflammatory genes	2.0124039321451006	10.891725360990801	1	5	5	TRUE
GSE264344	GSE264344_design__T=dLN__H=24__B=NA__G=delivery_ad5__VS=baseline_0	<upstream_project_root>/00_metadata/verified_metadata/splited/GSE264344_design/GSE264344_design__T=dLN__H=24__B=NA__G=delivery_ad5__VS=baseline_0.tsv	anchor	strict_anchor	Locked anchor (production)	delivery_ad5__vs__baseline_0	baseline_0	dLN	24	GENERIC_INNATE	Generic innate immune genes	0.5388402338172755	4.617245468221233	1	5	5	TRUE
GSE264344	GSE264344_design__T=dLN__H=3__B=NA__G=delivery_ad26__VS=baseline_0	<upstream_project_root>/00_metadata/verified_metadata/splited/GSE264344_design/GSE264344_design__T=dLN__H=3__B=NA__G=delivery_ad26__VS=baseline_0.tsv	anchor	strict_anchor	Locked anchor (production)	delivery_ad26__vs__baseline_0	baseline_0	dLN	3	ISG	Interferon-stimulated genes	4.43296241957709	7.231040170556526	1	5	5	TRUE
GSE264344	GSE264344_design__T=dLN__H=3__B=NA__G=delivery_ad26__VS=baseline_0	<upstream_project_root>/00_metadata/verified_metadata/splited/GSE264344_design/GSE264344_design__T=dLN__H=3__B=NA__G=delivery_ad26__VS=baseline_0.tsv	anchor	strict_anchor	Locked anchor (production)	delivery_ad26__vs__baseline_0	baseline_0	dLN	3	CHEMOKINE_INFLAMMATORY	Chemokine/inflammatory genes	6.517889530259669	7.043008288344244	1	5	5	TRUE
GSE264344	GSE264344_design__T=dLN__H=3__B=NA__G=delivery_ad26__VS=baseline_0	<upstream_project_root>/00_metadata/verified_metadata/splited/GSE264344_design/GSE264344_design__T=dLN__H=3__B=NA__G=delivery_ad26__VS=baseline_0.tsv	anchor	strict_anchor	Locked anchor (production)	delivery_ad26__vs__baseline_0	baseline_0	dLN	3	GENERIC_INNATE	Generic innate immune genes	1.5269902040914298	5.577526945369157	1	5	5	TRUE
GSE264344	GSE264344_design__T=dLN__H=3__B=NA__G=delivery_ad5__VS=baseline_0	<upstream_project_root>/00_metadata/verified_metadata/splited/GSE264344_design/GSE264344_design__T=dLN__H=3__B=NA__G=delivery_ad5__VS=baseline_0.tsv	anchor	strict_anchor	Locked anchor (production)	delivery_ad5__vs__baseline_0	baseline_0	dLN	3	ISG	Interferon-stimulated genes	3.063023593385321	4.631072655214377	1	5	5	TRUE
GSE264344	GSE264344_design__T=dLN__H=3__B=NA__G=delivery_ad5__VS=baseline_0	<upstream_project_root>/00_metadata/verified_metadata/splited/GSE264344_design/GSE264344_design__T=dLN__H=3__B=NA__G=delivery_ad5__VS=baseline_0.tsv	anchor	strict_anchor	Locked anchor (production)	delivery_ad5__vs__baseline_0	baseline_0	dLN	3	CHEMOKINE_INFLAMMATORY	Chemokine/inflammatory genes	4.529191680506763	6.107824481110287	1	5	5	TRUE
GSE264344	GSE264344_design__T=dLN__H=3__B=NA__G=delivery_ad5__VS=baseline_0	<upstream_project_root>/00_metadata/verified_metadata/splited/GSE264344_design/GSE264344_design__T=dLN__H=3__B=NA__G=delivery_ad5__VS=baseline_0.tsv	anchor	strict_anchor	Locked anchor (production)	delivery_ad5__vs__baseline_0	baseline_0	dLN	3	GENERIC_INNATE	Generic innate immune genes	0.9415725900905154	4.515389554955133	1	5	5	TRUE
GSE264344	GSE264344_design__T=dLN__H=6__B=NA__G=delivery_ad26__VS=baseline_0	<upstream_project_root>/00_metadata/verified_metadata/splited/GSE264344_design/GSE264344_design__T=dLN__H=6__B=NA__G=delivery_ad26__VS=baseline_0.tsv	anchor	strict_anchor	Locked anchor (production)	delivery_ad26__vs__baseline_0	baseline_0	dLN	6	ISG	Interferon-stimulated genes	5.369708612183541	10.734473083017045	1	5	5	TRUE
GSE264344	GSE264344_design__T=dLN__H=6__B=NA__G=delivery_ad26__VS=baseline_0	<upstream_project_root>/00_metadata/verified_metadata/splited/GSE264344_design/GSE264344_design__T=dLN__H=6__B=NA__G=delivery_ad26__VS=baseline_0.tsv	anchor	strict_anchor	Locked anchor (production)	delivery_ad26__vs__baseline_0	baseline_0	dLN	6	CHEMOKINE_INFLAMMATORY	Chemokine/inflammatory genes	7.619391463187281	32.93534418744806	1	5	5	TRUE
GSE264344	GSE264344_design__T=dLN__H=6__B=NA__G=delivery_ad26__VS=baseline_0	<upstream_project_root>/00_metadata/verified_metadata/splited/GSE264344_design/GSE264344_design__T=dLN__H=6__B=NA__G=delivery_ad26__VS=baseline_0.tsv	anchor	strict_anchor	Locked anchor (production)	delivery_ad26__vs__baseline_0	baseline_0	dLN	6	GENERIC_INNATE	Generic innate immune genes	1.79130043925999	15.297732192346816	1	5	5	TRUE
GSE264344	GSE264344_design__T=dLN__H=6__B=NA__G=delivery_ad5__VS=baseline_0	<upstream_project_root>/00_metadata/verified_metadata/splited/GSE264344_design/GSE264344_design__T=dLN__H=6__B=NA__G=delivery_ad5__VS=baseline_0.tsv	anchor	strict_anchor	Locked anchor (production)	delivery_ad5__vs__baseline_0	baseline_0	dLN	6	ISG	Interferon-stimulated genes	5.1204589494235595	9.582372707307982	1	5	5	TRUE
GSE264344	GSE264344_design__T=dLN__H=6__B=NA__G=delivery_ad5__VS=baseline_0	<upstream_project_root>/00_metadata/verified_metadata/splited/GSE264344_design/GSE264344_design__T=dLN__H=6__B=NA__G=delivery_ad5__VS=baseline_0.tsv	anchor	strict_anchor	Locked anchor (production)	delivery_ad5__vs__baseline_0	baseline_0	dLN	6	CHEMOKINE_INFLAMMATORY	Chemokine/inflammatory genes	6.069467297314217	9.4961511054198	1	5	5	TRUE
GSE264344	GSE264344_design__T=dLN__H=6__B=NA__G=delivery_ad5__VS=baseline_0	<upstream_project_root>/00_metadata/verified_metadata/splited/GSE264344_design/GSE264344_design__T=dLN__H=6__B=NA__G=delivery_ad5__VS=baseline_0.tsv	anchor	strict_anchor	Locked anchor (production)	delivery_ad5__vs__baseline_0	baseline_0	dLN	6	GENERIC_INNATE	Generic innate immune genes	1.4868394437948835	7.010717330799717	1	5	5	TRUE
GSE264344	GSE264344_design__T=dLN__H=72__B=NA__G=delivery_ad26__VS=baseline_0	<upstream_project_root>/00_metadata/verified_metadata/splited/GSE264344_design/GSE264344_design__T=dLN__H=72__B=NA__G=delivery_ad26__VS=baseline_0.tsv	extended_validation	extended_validation	Extended validation	delivery_ad26__vs__baseline_0	baseline_0	dLN	72	ISG	Interferon-stimulated genes	0.32047031536763476	0.6288946013876309	0.8	5	5	TRUE
GSE264344	GSE264344_design__T=dLN__H=72__B=NA__G=delivery_ad26__VS=baseline_0	<upstream_project_root>/00_metadata/verified_metadata/splited/GSE264344_design/GSE264344_design__T=dLN__H=72__B=NA__G=delivery_ad26__VS=baseline_0.tsv	extended_validation	extended_validation	Extended validation	delivery_ad26__vs__baseline_0	baseline_0	dLN	72	CHEMOKINE_INFLAMMATORY	Chemokine/inflammatory genes	0.43987456535722935	2.0180093970280413	0.96	5	5	TRUE
GSE264344	GSE264344_design__T=dLN__H=72__B=NA__G=delivery_ad26__VS=baseline_0	<upstream_project_root>/00_metadata/verified_metadata/splited/GSE264344_design/GSE264344_design__T=dLN__H=72__B=NA__G=delivery_ad26__VS=baseline_0.tsv	extended_validation	extended_validation	Extended validation	delivery_ad26__vs__baseline_0	baseline_0	dLN	72	GENERIC_INNATE	Generic innate immune genes	-0.1918328997106996	-1.8419652442966692	0.04000000000000001	5	5	TRUE
GSE264344	GSE264344_design__T=dLN__H=72__B=NA__G=delivery_ad5__VS=baseline_0	<upstream_project_root>/00_metadata/verified_metadata/splited/GSE264344_design/GSE264344_design__T=dLN__H=72__B=NA__G=delivery_ad5__VS=baseline_0.tsv	extended_validation	extended_validation	Extended validation	delivery_ad5__vs__baseline_0	baseline_0	dLN	72	ISG	Interferon-stimulated genes	0.34585121227886045	0.6539794472169618	0.8	5	5	TRUE
GSE264344	GSE264344_design__T=dLN__H=72__B=NA__G=delivery_ad5__VS=baseline_0	<upstream_project_root>/00_metadata/verified_metadata/splited/GSE264344_design/GSE264344_design__T=dLN__H=72__B=NA__G=delivery_ad5__VS=baseline_0.tsv	extended_validation	extended_validation	Extended validation	delivery_ad5__vs__baseline_0	baseline_0	dLN	72	CHEMOKINE_INFLAMMATORY	Chemokine/inflammatory genes	0.6301490858748588	3.5288859716612655	1	5	5	TRUE
GSE264344	GSE264344_design__T=dLN__H=72__B=NA__G=delivery_ad5__VS=baseline_0	<upstream_project_root>/00_metadata/verified_metadata/splited/GSE264344_design/GSE264344_design__T=dLN__H=72__B=NA__G=delivery_ad5__VS=baseline_0.tsv	extended_validation	extended_validation	Extended validation	delivery_ad5__vs__baseline_0	baseline_0	dLN	72	GENERIC_INNATE	Generic innate immune genes	-0.09188944894294782	-0.9549294807530202	0.24000000000000002	5	5	TRUE
GSE264344	GSE264344_design__T=Muscle__H=1__B=NA__G=delivery_ad26__VS=baseline_0	<upstream_project_root>/00_metadata/verified_metadata/splited/GSE264344_design/GSE264344_design__T=Muscle__H=1__B=NA__G=delivery_ad26__VS=baseline_0.tsv	anchor	strict_anchor	Locked anchor (production)	delivery_ad26__vs__baseline_0	baseline_0	Muscle	1	ISG	Interferon-stimulated genes	-0.1843385356595444	-0.556107156643137	0.4	5	5	TRUE
GSE264344	GSE264344_design__T=Muscle__H=1__B=NA__G=delivery_ad26__VS=baseline_0	<upstream_project_root>/00_metadata/verified_metadata/splited/GSE264344_design/GSE264344_design__T=Muscle__H=1__B=NA__G=delivery_ad26__VS=baseline_0.tsv	anchor	strict_anchor	Locked anchor (production)	delivery_ad26__vs__baseline_0	baseline_0	Muscle	1	CHEMOKINE_INFLAMMATORY	Chemokine/inflammatory genes	3.882393557986337	10.24695599648537	1	5	5	TRUE
GSE264344	GSE264344_design__T=Muscle__H=1__B=NA__G=delivery_ad26__VS=baseline_0	<upstream_project_root>/00_metadata/verified_metadata/splited/GSE264344_design/GSE264344_design__T=Muscle__H=1__B=NA__G=delivery_ad26__VS=baseline_0.tsv	anchor	strict_anchor	Locked anchor (production)	delivery_ad26__vs__baseline_0	baseline_0	Muscle	1	GENERIC_INNATE	Generic innate immune genes	0.3625490018566382	3.0184467828886175	1	5	5	TRUE
GSE264344	GSE264344_design__T=Muscle__H=1__B=NA__G=delivery_ad5__VS=baseline_0	<upstream_project_root>/00_metadata/verified_metadata/splited/GSE264344_design/GSE264344_design__T=Muscle__H=1__B=NA__G=delivery_ad5__VS=baseline_0.tsv	anchor	strict_anchor	Locked anchor (production)	delivery_ad5__vs__baseline_0	baseline_0	Muscle	1	ISG	Interferon-stimulated genes	-0.3427698260302672	-1.0091932256652068	0.24	5	5	TRUE
GSE264344	GSE264344_design__T=Muscle__H=1__B=NA__G=delivery_ad5__VS=baseline_0	<upstream_project_root>/00_metadata/verified_metadata/splited/GSE264344_design/GSE264344_design__T=Muscle__H=1__B=NA__G=delivery_ad5__VS=baseline_0.tsv	anchor	strict_anchor	Locked anchor (production)	delivery_ad5__vs__baseline_0	baseline_0	Muscle	1	CHEMOKINE_INFLAMMATORY	Chemokine/inflammatory genes	4.303212498701978	13.822457389071458	1	5	5	TRUE
GSE264344	GSE264344_design__T=Muscle__H=1__B=NA__G=delivery_ad5__VS=baseline_0	<upstream_project_root>/00_metadata/verified_metadata/splited/GSE264344_design/GSE264344_design__T=Muscle__H=1__B=NA__G=delivery_ad5__VS=baseline_0.tsv	anchor	strict_anchor	Locked anchor (production)	delivery_ad5__vs__baseline_0	baseline_0	Muscle	1	GENERIC_INNATE	Generic innate immune genes	0.5334790654055728	3.137600089608256	1	5	5	TRUE
GSE264344	GSE264344_design__T=Muscle__H=12__B=NA__G=delivery_ad26__VS=baseline_0	<upstream_project_root>/00_metadata/verified_metadata/splited/GSE264344_design/GSE264344_design__T=Muscle__H=12__B=NA__G=delivery_ad26__VS=baseline_0.tsv	anchor	strict_anchor	Locked anchor (production)	delivery_ad26__vs__baseline_0	baseline_0	Muscle	12	ISG	Interferon-stimulated genes	4.372935920960205	10.693605962628954	1	5	5	TRUE
GSE264344	GSE264344_design__T=Muscle__H=12__B=NA__G=delivery_ad26__VS=baseline_0	<upstream_project_root>/00_metadata/verified_metadata/splited/GSE264344_design/GSE264344_design__T=Muscle__H=12__B=NA__G=delivery_ad26__VS=baseline_0.tsv	anchor	strict_anchor	Locked anchor (production)	delivery_ad26__vs__baseline_0	baseline_0	Muscle	12	CHEMOKINE_INFLAMMATORY	Chemokine/inflammatory genes	5.315505880384924	6.564522649887907	1	5	5	TRUE
GSE264344	GSE264344_design__T=Muscle__H=12__B=NA__G=delivery_ad26__VS=baseline_0	<upstream_project_root>/00_metadata/verified_metadata/splited/GSE264344_design/GSE264344_design__T=Muscle__H=12__B=NA__G=delivery_ad26__VS=baseline_0.tsv	anchor	strict_anchor	Locked anchor (production)	delivery_ad26__vs__baseline_0	baseline_0	Muscle	12	GENERIC_INNATE	Generic innate immune genes	1.3205604996863862	4.881043813592383	1	5	5	TRUE
GSE264344	GSE264344_design__T=Muscle__H=12__B=NA__G=delivery_ad5__VS=baseline_0	<upstream_project_root>/00_metadata/verified_metadata/splited/GSE264344_design/GSE264344_design__T=Muscle__H=12__B=NA__G=delivery_ad5__VS=baseline_0.tsv	anchor	strict_anchor	Locked anchor (production)	delivery_ad5__vs__baseline_0	baseline_0	Muscle	12	ISG	Interferon-stimulated genes	4.395950953139963	9.489314613926341	1	5	5	TRUE
GSE264344	GSE264344_design__T=Muscle__H=12__B=NA__G=delivery_ad5__VS=baseline_0	<upstream_project_root>/00_metadata/verified_metadata/splited/GSE264344_design/GSE264344_design__T=Muscle__H=12__B=NA__G=delivery_ad5__VS=baseline_0.tsv	anchor	strict_anchor	Locked anchor (production)	delivery_ad5__vs__baseline_0	baseline_0	Muscle	12	CHEMOKINE_INFLAMMATORY	Chemokine/inflammatory genes	5.662382893036337	6.29516536493528	1	5	5	TRUE
GSE264344	GSE264344_design__T=Muscle__H=12__B=NA__G=delivery_ad5__VS=baseline_0	<upstream_project_root>/00_metadata/verified_metadata/splited/GSE264344_design/GSE264344_design__T=Muscle__H=12__B=NA__G=delivery_ad5__VS=baseline_0.tsv	anchor	strict_anchor	Locked anchor (production)	delivery_ad5__vs__baseline_0	baseline_0	Muscle	12	GENERIC_INNATE	Generic innate immune genes	1.623111301764696	6.003221424812016	1	5	5	TRUE
GSE264344	GSE264344_design__T=Muscle__H=24__B=NA__G=delivery_ad26__VS=baseline_0	<upstream_project_root>/00_metadata/verified_metadata/splited/GSE264344_design/GSE264344_design__T=Muscle__H=24__B=NA__G=delivery_ad26__VS=baseline_0.tsv	anchor	strict_anchor	Locked anchor (production)	delivery_ad26__vs__baseline_0	baseline_0	Muscle	24	ISG	Interferon-stimulated genes	3.5575867727180737	6.975938892348481	1	5	5	TRUE
GSE264344	GSE264344_design__T=Muscle__H=24__B=NA__G=delivery_ad26__VS=baseline_0	<upstream_project_root>/00_metadata/verified_metadata/splited/GSE264344_design/GSE264344_design__T=Muscle__H=24__B=NA__G=delivery_ad26__VS=baseline_0.tsv	anchor	strict_anchor	Locked anchor (production)	delivery_ad26__vs__baseline_0	baseline_0	Muscle	24	CHEMOKINE_INFLAMMATORY	Chemokine/inflammatory genes	4.385368817596496	4.713569423799043	1	5	5	TRUE
GSE264344	GSE264344_design__T=Muscle__H=24__B=NA__G=delivery_ad26__VS=baseline_0	<upstream_project_root>/00_metadata/verified_metadata/splited/GSE264344_design/GSE264344_design__T=Muscle__H=24__B=NA__G=delivery_ad26__VS=baseline_0.tsv	anchor	strict_anchor	Locked anchor (production)	delivery_ad26__vs__baseline_0	baseline_0	Muscle	24	GENERIC_INNATE	Generic innate immune genes	1.3489116537023782	13.81616129755994	1	5	5	TRUE
GSE264344	GSE264344_design__T=Muscle__H=24__B=NA__G=delivery_ad5__VS=baseline_0	<upstream_project_root>/00_metadata/verified_metadata/splited/GSE264344_design/GSE264344_design__T=Muscle__H=24__B=NA__G=delivery_ad5__VS=baseline_0.tsv	anchor	strict_anchor	Locked anchor (production)	delivery_ad5__vs__baseline_0	baseline_0	Muscle	24	ISG	Interferon-stimulated genes	3.1718042463504212	3.9366435415363523	1	5	5	TRUE
GSE264344	GSE264344_design__T=Muscle__H=24__B=NA__G=delivery_ad5__VS=baseline_0	<upstream_project_root>/00_metadata/verified_metadata/splited/GSE264344_design/GSE264344_design__T=Muscle__H=24__B=NA__G=delivery_ad5__VS=baseline_0.tsv	anchor	strict_anchor	Locked anchor (production)	delivery_ad5__vs__baseline_0	baseline_0	Muscle	24	CHEMOKINE_INFLAMMATORY	Chemokine/inflammatory genes	4.449472458228335	3.5303073766110917	1	5	5	TRUE
GSE264344	GSE264344_design__T=Muscle__H=24__B=NA__G=delivery_ad5__VS=baseline_0	<upstream_project_root>/00_metadata/verified_metadata/splited/GSE264344_design/GSE264344_design__T=Muscle__H=24__B=NA__G=delivery_ad5__VS=baseline_0.tsv	anchor	strict_anchor	Locked anchor (production)	delivery_ad5__vs__baseline_0	baseline_0	Muscle	24	GENERIC_INNATE	Generic innate immune genes	1.4090550034138818	3.445634136028989	1	5	5	TRUE
GSE264344	GSE264344_design__T=Muscle__H=3__B=NA__G=delivery_ad26__VS=baseline_0	<upstream_project_root>/00_metadata/verified_metadata/splited/GSE264344_design/GSE264344_design__T=Muscle__H=3__B=NA__G=delivery_ad26__VS=baseline_0.tsv	anchor	strict_anchor	Locked anchor (production)	delivery_ad26__vs__baseline_0	baseline_0	Muscle	3	ISG	Interferon-stimulated genes	3.2084517855506376	5.280204191640568	1	5	5	TRUE
GSE264344	GSE264344_design__T=Muscle__H=3__B=NA__G=delivery_ad26__VS=baseline_0	<upstream_project_root>/00_metadata/verified_metadata/splited/GSE264344_design/GSE264344_design__T=Muscle__H=3__B=NA__G=delivery_ad26__VS=baseline_0.tsv	anchor	strict_anchor	Locked anchor (production)	delivery_ad26__vs__baseline_0	baseline_0	Muscle	3	CHEMOKINE_INFLAMMATORY	Chemokine/inflammatory genes	5.594677208382652	7.288607764412611	1	5	5	TRUE
GSE264344	GSE264344_design__T=Muscle__H=3__B=NA__G=delivery_ad26__VS=baseline_0	<upstream_project_root>/00_metadata/verified_metadata/splited/GSE264344_design/GSE264344_design__T=Muscle__H=3__B=NA__G=delivery_ad26__VS=baseline_0.tsv	anchor	strict_anchor	Locked anchor (production)	delivery_ad26__vs__baseline_0	baseline_0	Muscle	3	GENERIC_INNATE	Generic innate immune genes	1.3971277156217272	4.754487060204652	1	5	5	TRUE
GSE264344	GSE264344_design__T=Muscle__H=3__B=NA__G=delivery_ad5__VS=baseline_0	<upstream_project_root>/00_metadata/verified_metadata/splited/GSE264344_design/GSE264344_design__T=Muscle__H=3__B=NA__G=delivery_ad5__VS=baseline_0.tsv	anchor	strict_anchor	Locked anchor (production)	delivery_ad5__vs__baseline_0	baseline_0	Muscle	3	ISG	Interferon-stimulated genes	1.430469164869328	2.3597082348495158	0.92	5	5	TRUE
GSE264344	GSE264344_design__T=Muscle__H=3__B=NA__G=delivery_ad5__VS=baseline_0	<upstream_project_root>/00_metadata/verified_metadata/splited/GSE264344_design/GSE264344_design__T=Muscle__H=3__B=NA__G=delivery_ad5__VS=baseline_0.tsv	anchor	strict_anchor	Locked anchor (production)	delivery_ad5__vs__baseline_0	baseline_0	Muscle	3	CHEMOKINE_INFLAMMATORY	Chemokine/inflammatory genes	5.086553202264228	6.1149964859509085	1	5	5	TRUE
GSE264344	GSE264344_design__T=Muscle__H=3__B=NA__G=delivery_ad5__VS=baseline_0	<upstream_project_root>/00_metadata/verified_metadata/splited/GSE264344_design/GSE264344_design__T=Muscle__H=3__B=NA__G=delivery_ad5__VS=baseline_0.tsv	anchor	strict_anchor	Locked anchor (production)	delivery_ad5__vs__baseline_0	baseline_0	Muscle	3	GENERIC_INNATE	Generic innate immune genes	1.0964135999587503	4.914009194646812	1	5	5	TRUE
GSE264344	GSE264344_design__T=Muscle__H=6__B=NA__G=delivery_ad26__VS=baseline_0	<upstream_project_root>/00_metadata/verified_metadata/splited/GSE264344_design/GSE264344_design__T=Muscle__H=6__B=NA__G=delivery_ad26__VS=baseline_0.tsv	anchor	strict_anchor	Locked anchor (production)	delivery_ad26__vs__baseline_0	baseline_0	Muscle	6	ISG	Interferon-stimulated genes	4.553614455077108	11.001467752675433	1	5	5	TRUE
GSE264344	GSE264344_design__T=Muscle__H=6__B=NA__G=delivery_ad26__VS=baseline_0	<upstream_project_root>/00_metadata/verified_metadata/splited/GSE264344_design/GSE264344_design__T=Muscle__H=6__B=NA__G=delivery_ad26__VS=baseline_0.tsv	anchor	strict_anchor	Locked anchor (production)	delivery_ad26__vs__baseline_0	baseline_0	Muscle	6	CHEMOKINE_INFLAMMATORY	Chemokine/inflammatory genes	5.236206550482925	6.306290342480045	1	5	5	TRUE
GSE264344	GSE264344_design__T=Muscle__H=6__B=NA__G=delivery_ad26__VS=baseline_0	<upstream_project_root>/00_metadata/verified_metadata/splited/GSE264344_design/GSE264344_design__T=Muscle__H=6__B=NA__G=delivery_ad26__VS=baseline_0.tsv	anchor	strict_anchor	Locked anchor (production)	delivery_ad26__vs__baseline_0	baseline_0	Muscle	6	GENERIC_INNATE	Generic innate immune genes	1.7312261338840744	7.197525359827995	1	5	5	TRUE
GSE264344	GSE264344_design__T=Muscle__H=6__B=NA__G=delivery_ad5__VS=baseline_0	<upstream_project_root>/00_metadata/verified_metadata/splited/GSE264344_design/GSE264344_design__T=Muscle__H=6__B=NA__G=delivery_ad5__VS=baseline_0.tsv	anchor	strict_anchor	Locked anchor (production)	delivery_ad5__vs__baseline_0	baseline_0	Muscle	6	ISG	Interferon-stimulated genes	4.031820375292204	6.218929169453726	1	5	5	TRUE
GSE264344	GSE264344_design__T=Muscle__H=6__B=NA__G=delivery_ad5__VS=baseline_0	<upstream_project_root>/00_metadata/verified_metadata/splited/GSE264344_design/GSE264344_design__T=Muscle__H=6__B=NA__G=delivery_ad5__VS=baseline_0.tsv	anchor	strict_anchor	Locked anchor (production)	delivery_ad5__vs__baseline_0	baseline_0	Muscle	6	CHEMOKINE_INFLAMMATORY	Chemokine/inflammatory genes	6.0774442412943825	4.807222172140446	1	5	5	TRUE
GSE264344	GSE264344_design__T=Muscle__H=6__B=NA__G=delivery_ad5__VS=baseline_0	<upstream_project_root>/00_metadata/verified_metadata/splited/GSE264344_design/GSE264344_design__T=Muscle__H=6__B=NA__G=delivery_ad5__VS=baseline_0.tsv	anchor	strict_anchor	Locked anchor (production)	delivery_ad5__vs__baseline_0	baseline_0	Muscle	6	GENERIC_INNATE	Generic innate immune genes	1.7620535676417979	4.611118065027881	1	5	5	TRUE
GSE264344	GSE264344_design__T=Muscle__H=72__B=NA__G=delivery_ad26__VS=baseline_0	<upstream_project_root>/00_metadata/verified_metadata/splited/GSE264344_design/GSE264344_design__T=Muscle__H=72__B=NA__G=delivery_ad26__VS=baseline_0.tsv	extended_validation	extended_validation	Extended validation	delivery_ad26__vs__baseline_0	baseline_0	Muscle	72	ISG	Interferon-stimulated genes	0.7455732886786893	1.4227094146564285	0.88	5	5	TRUE
GSE264344	GSE264344_design__T=Muscle__H=72__B=NA__G=delivery_ad26__VS=baseline_0	<upstream_project_root>/00_metadata/verified_metadata/splited/GSE264344_design/GSE264344_design__T=Muscle__H=72__B=NA__G=delivery_ad26__VS=baseline_0.tsv	extended_validation	extended_validation	Extended validation	delivery_ad26__vs__baseline_0	baseline_0	Muscle	72	CHEMOKINE_INFLAMMATORY	Chemokine/inflammatory genes	1.3018437252292998	1.9839790550046672	0.92	5	5	TRUE
GSE264344	GSE264344_design__T=Muscle__H=72__B=NA__G=delivery_ad26__VS=baseline_0	<upstream_project_root>/00_metadata/verified_metadata/splited/GSE264344_design/GSE264344_design__T=Muscle__H=72__B=NA__G=delivery_ad26__VS=baseline_0.tsv	extended_validation	extended_validation	Extended validation	delivery_ad26__vs__baseline_0	baseline_0	Muscle	72	GENERIC_INNATE	Generic innate immune genes	0.6599101302690485	3.3008302823283366	1	5	5	TRUE
GSE264344	GSE264344_design__T=Muscle__H=72__B=NA__G=delivery_ad5__VS=baseline_0	<upstream_project_root>/00_metadata/verified_metadata/splited/GSE264344_design/GSE264344_design__T=Muscle__H=72__B=NA__G=delivery_ad5__VS=baseline_0.tsv	extended_validation	extended_validation	Extended validation	delivery_ad5__vs__baseline_0	baseline_0	Muscle	72	ISG	Interferon-stimulated genes	1.135966014606379	1.9703626154338216	0.96	5	5	TRUE
GSE264344	GSE264344_design__T=Muscle__H=72__B=NA__G=delivery_ad5__VS=baseline_0	<upstream_project_root>/00_metadata/verified_metadata/splited/GSE264344_design/GSE264344_design__T=Muscle__H=72__B=NA__G=delivery_ad5__VS=baseline_0.tsv	extended_validation	extended_validation	Extended validation	delivery_ad5__vs__baseline_0	baseline_0	Muscle	72	CHEMOKINE_INFLAMMATORY	Chemokine/inflammatory genes	1.9231225028673755	2.6780793772711995	1	5	5	TRUE
GSE264344	GSE264344_design__T=Muscle__H=72__B=NA__G=delivery_ad5__VS=baseline_0	<upstream_project_root>/00_metadata/verified_metadata/splited/GSE264344_design/GSE264344_design__T=Muscle__H=72__B=NA__G=delivery_ad5__VS=baseline_0.tsv	extended_validation	extended_validation	Extended validation	delivery_ad5__vs__baseline_0	baseline_0	Muscle	72	GENERIC_INNATE	Generic innate immune genes	0.870222725521085	3.5212152266662593	1	5	5	TRUE
GSE279744	GSE279744_design__T=lymph_node__H=6__B=NA__G=delivery_vaccination_with_sm102__VS=baseline_0	<upstream_project_root>/00_metadata/verified_metadata/splited/GSE279744_design/GSE279744_design__T=lymph_node__H=6__B=NA__G=delivery_vaccination_with_sm102__VS=baseline_0.tsv	anchor	strict_anchor	Locked anchor (production)	delivery_vaccination_with_sm102__vs__baseline_0	baseline_0	lymph node	6	ISG	Interferon-stimulated genes	23.46347502480971	23.838841648862903	1	3	3	TRUE
GSE279744	GSE279744_design__T=lymph_node__H=6__B=NA__G=delivery_vaccination_with_sm102__VS=baseline_0	<upstream_project_root>/00_metadata/verified_metadata/splited/GSE279744_design/GSE279744_design__T=lymph_node__H=6__B=NA__G=delivery_vaccination_with_sm102__VS=baseline_0.tsv	anchor	strict_anchor	Locked anchor (production)	delivery_vaccination_with_sm102__vs__baseline_0	baseline_0	lymph node	6	CHEMOKINE_INFLAMMATORY	Chemokine/inflammatory genes	30.41319124111064	24.22236297322584	1	3	3	TRUE
GSE279744	GSE279744_design__T=lymph_node__H=6__B=NA__G=delivery_vaccination_with_sm102__VS=baseline_0	<upstream_project_root>/00_metadata/verified_metadata/splited/GSE279744_design/GSE279744_design__T=lymph_node__H=6__B=NA__G=delivery_vaccination_with_sm102__VS=baseline_0.tsv	anchor	strict_anchor	Locked anchor (production)	delivery_vaccination_with_sm102__vs__baseline_0	baseline_0	lymph node	6	GENERIC_INNATE	Generic innate immune genes	14.017904308062377	13.266655161439036	1	3	3	TRUE
GSE279744	GSE279744_design__T=lymph_node__H=6__B=NA__G=delivery_vaccination_with_ssop__VS=baseline_0	<upstream_project_root>/00_metadata/verified_metadata/splited/GSE279744_design/GSE279744_design__T=lymph_node__H=6__B=NA__G=delivery_vaccination_with_ssop__VS=baseline_0.tsv	anchor	strict_anchor	Locked anchor (production)	delivery_vaccination_with_ssop__vs__baseline_0	baseline_0	lymph node	6	ISG	Interferon-stimulated genes	8.861447589427941	9.80633824590375	1	3	3	TRUE
GSE279744	GSE279744_design__T=lymph_node__H=6__B=NA__G=delivery_vaccination_with_ssop__VS=baseline_0	<upstream_project_root>/00_metadata/verified_metadata/splited/GSE279744_design/GSE279744_design__T=lymph_node__H=6__B=NA__G=delivery_vaccination_with_ssop__VS=baseline_0.tsv	anchor	strict_anchor	Locked anchor (production)	delivery_vaccination_with_ssop__vs__baseline_0	baseline_0	lymph node	6	CHEMOKINE_INFLAMMATORY	Chemokine/inflammatory genes	0.16625161598970625	0.19841269555913452	0.5555555555555556	3	3	TRUE
GSE279744	GSE279744_design__T=lymph_node__H=6__B=NA__G=delivery_vaccination_with_ssop__VS=baseline_0	<upstream_project_root>/00_metadata/verified_metadata/splited/GSE279744_design/GSE279744_design__T=lymph_node__H=6__B=NA__G=delivery_vaccination_with_ssop__VS=baseline_0.tsv	anchor	strict_anchor	Locked anchor (production)	delivery_vaccination_with_ssop__vs__baseline_0	baseline_0	lymph node	6	GENERIC_INNATE	Generic innate immune genes	3.4658002622777535	4.125750844866439	1	3	3	TRUE
GSE262515_tissue	GSE262515_design__T=tissue__H=72__B=NA__G=delivery_tlnp_sihbv_1mg_kg__VS=baseline_0	<upstream_project_root>/00_metadata/verified_metadata/splited/GSE262515_tissue_design/GSE262515_design__T=tissue__H=72__B=NA__G=delivery_tlnp_sihbv_1mg_kg__VS=baseline_0.tsv	secondary_support	secondary_support_not_primary	Secondary support	delivery_tlnp_sihbv_1mg_kg__vs__baseline_0	baseline_0	tissue	72	ISG	Interferon-stimulated genes	-0.45932566447308243	-0.6200457390161476	0.3333333333333333	3	3	TRUE
GSE262515_tissue	GSE262515_design__T=tissue__H=72__B=NA__G=delivery_tlnp_sihbv_1mg_kg__VS=baseline_0	<upstream_project_root>/00_metadata/verified_metadata/splited/GSE262515_tissue_design/GSE262515_design__T=tissue__H=72__B=NA__G=delivery_tlnp_sihbv_1mg_kg__VS=baseline_0.tsv	secondary_support	secondary_support_not_primary	Secondary support	delivery_tlnp_sihbv_1mg_kg__vs__baseline_0	baseline_0	tissue	72	CHEMOKINE_INFLAMMATORY	Chemokine/inflammatory genes	4.5075929681173825	2.829824015072696	1	3	3	TRUE
GSE262515_tissue	GSE262515_design__T=tissue__H=72__B=NA__G=delivery_tlnp_sihbv_1mg_kg__VS=baseline_0	<upstream_project_root>/00_metadata/verified_metadata/splited/GSE262515_tissue_design/GSE262515_design__T=tissue__H=72__B=NA__G=delivery_tlnp_sihbv_1mg_kg__VS=baseline_0.tsv	secondary_support	secondary_support_not_primary	Secondary support	delivery_tlnp_sihbv_1mg_kg__vs__baseline_0	baseline_0	tissue	72	GENERIC_INNATE	Generic innate immune genes	0.07905847301086695	0.10845681027110818	0.6666666666666666	3	3	TRUE
GSE262515_tissue	GSE262515_design__T=tissue__H=72__B=NA__G=delivery_tlnp_sihbv_2_5mg_kg__VS=baseline_0	<upstream_project_root>/00_metadata/verified_metadata/splited/GSE262515_tissue_design/GSE262515_design__T=tissue__H=72__B=NA__G=delivery_tlnp_sihbv_2_5mg_kg__VS=baseline_0.tsv	secondary_support	secondary_support_not_primary	Secondary support	delivery_tlnp_sihbv_2_5mg_kg__vs__baseline_0	baseline_0	tissue	72	ISG	Interferon-stimulated genes	-0.5078029539409217	-0.700374636947476	0.4444444444444444	3	3	TRUE
GSE262515_tissue	GSE262515_design__T=tissue__H=72__B=NA__G=delivery_tlnp_sihbv_2_5mg_kg__VS=baseline_0	<upstream_project_root>/00_metadata/verified_metadata/splited/GSE262515_tissue_design/GSE262515_design__T=tissue__H=72__B=NA__G=delivery_tlnp_sihbv_2_5mg_kg__VS=baseline_0.tsv	secondary_support	secondary_support_not_primary	Secondary support	delivery_tlnp_sihbv_2_5mg_kg__vs__baseline_0	baseline_0	tissue	72	CHEMOKINE_INFLAMMATORY	Chemokine/inflammatory genes	2.526769099880506	1.5626540312092896	0.8888888888888888	3	3	TRUE
GSE262515_tissue	GSE262515_design__T=tissue__H=72__B=NA__G=delivery_tlnp_sihbv_2_5mg_kg__VS=baseline_0	<upstream_project_root>/00_metadata/verified_metadata/splited/GSE262515_tissue_design/GSE262515_design__T=tissue__H=72__B=NA__G=delivery_tlnp_sihbv_2_5mg_kg__VS=baseline_0.tsv	secondary_support	secondary_support_not_primary	Secondary support	delivery_tlnp_sihbv_2_5mg_kg__vs__baseline_0	baseline_0	tissue	72	GENERIC_INNATE	Generic innate immune genes	-0.2060586923229941	-0.27641984326186186	0.5555555555555556	3	3	TRUE
GSE262515_tissue	GSE262515_design__T=tissue__H=72__B=NA__G=delivery_tlnp_sinc_1mg_kg__VS=baseline_0	<upstream_project_root>/00_metadata/verified_metadata/splited/GSE262515_tissue_design/GSE262515_design__T=tissue__H=72__B=NA__G=delivery_tlnp_sinc_1mg_kg__VS=baseline_0.tsv	secondary_support	secondary_support_not_primary	Secondary support	delivery_tlnp_sinc_1mg_kg__vs__baseline_0	baseline_0	tissue	72	ISG	Interferon-stimulated genes	-0.34287611139013596	-0.326526630839621	0.2222222222222222	3	3	TRUE
GSE262515_tissue	GSE262515_design__T=tissue__H=72__B=NA__G=delivery_tlnp_sinc_1mg_kg__VS=baseline_0	<upstream_project_root>/00_metadata/verified_metadata/splited/GSE262515_tissue_design/GSE262515_design__T=tissue__H=72__B=NA__G=delivery_tlnp_sinc_1mg_kg__VS=baseline_0.tsv	secondary_support	secondary_support_not_primary	Secondary support	delivery_tlnp_sinc_1mg_kg__vs__baseline_0	baseline_0	tissue	72	CHEMOKINE_INFLAMMATORY	Chemokine/inflammatory genes	2.7035919639622374	1.4630309268995414	0.8888888888888888	3	3	TRUE
GSE262515_tissue	GSE262515_design__T=tissue__H=72__B=NA__G=delivery_tlnp_sinc_1mg_kg__VS=baseline_0	<upstream_project_root>/00_metadata/verified_metadata/splited/GSE262515_tissue_design/GSE262515_design__T=tissue__H=72__B=NA__G=delivery_tlnp_sinc_1mg_kg__VS=baseline_0.tsv	secondary_support	secondary_support_not_primary	Secondary support	delivery_tlnp_sinc_1mg_kg__vs__baseline_0	baseline_0	tissue	72	GENERIC_INNATE	Generic innate immune genes	0.23918588855645548	0.2053541465565494	0.5555555555555556	3	3	TRUE
GSE262515_cell_line	GSE262515_design__T=cell_line__H=16__B=NA__G=delivery_tlnp_sihbv_50nm__VS=baseline_0	<upstream_project_root>/00_metadata/verified_metadata/splited/GSE262515_cell_line_design/GSE262515_design__T=cell_line__H=16__B=NA__G=delivery_tlnp_sihbv_50nm__VS=baseline_0.tsv	secondary_support	secondary_support_not_primary	Secondary support	delivery_tlnp_sihbv_50nm__vs__baseline_0	baseline_0	cell line	16	ISG	Interferon-stimulated genes	1.0778433836863048	0.4256192824226891	0.5555555555555556	3	3	TRUE
GSE262515_cell_line	GSE262515_design__T=cell_line__H=16__B=NA__G=delivery_tlnp_sihbv_50nm__VS=baseline_0	<upstream_project_root>/00_metadata/verified_metadata/splited/GSE262515_cell_line_design/GSE262515_design__T=cell_line__H=16__B=NA__G=delivery_tlnp_sihbv_50nm__VS=baseline_0.tsv	secondary_support	secondary_support_not_primary	Secondary support	delivery_tlnp_sihbv_50nm__vs__baseline_0	baseline_0	cell line	16	CHEMOKINE_INFLAMMATORY	Chemokine/inflammatory genes	0.8384678727430289	0.4075412758342477	0.4444444444444444	3	3	TRUE
GSE262515_cell_line	GSE262515_design__T=cell_line__H=16__B=NA__G=delivery_tlnp_sihbv_50nm__VS=baseline_0	<upstream_project_root>/00_metadata/verified_metadata/splited/GSE262515_cell_line_design/GSE262515_design__T=cell_line__H=16__B=NA__G=delivery_tlnp_sihbv_50nm__VS=baseline_0.tsv	secondary_support	secondary_support_not_primary	Secondary support	delivery_tlnp_sihbv_50nm__vs__baseline_0	baseline_0	cell line	16	GENERIC_INNATE	Generic innate immune genes	6.61249399371266	1.6584775417910271	1	3	3	TRUE
GSE262515_cell_line	GSE262515_design__T=cell_line__H=16__B=NA__G=delivery_tlnp_sinc_50nm__VS=baseline_0	<upstream_project_root>/00_metadata/verified_metadata/splited/GSE262515_cell_line_design/GSE262515_design__T=cell_line__H=16__B=NA__G=delivery_tlnp_sinc_50nm__VS=baseline_0.tsv	secondary_support	secondary_support_not_primary	Secondary support	delivery_tlnp_sinc_50nm__vs__baseline_0	baseline_0	cell line	16	ISG	Interferon-stimulated genes	0.8210728273070096	0.37565222525031605	0.5555555555555556	3	3	TRUE
GSE262515_cell_line	GSE262515_design__T=cell_line__H=16__B=NA__G=delivery_tlnp_sinc_50nm__VS=baseline_0	<upstream_project_root>/00_metadata/verified_metadata/splited/GSE262515_cell_line_design/GSE262515_design__T=cell_line__H=16__B=NA__G=delivery_tlnp_sinc_50nm__VS=baseline_0.tsv	secondary_support	secondary_support_not_primary	Secondary support	delivery_tlnp_sinc_50nm__vs__baseline_0	baseline_0	cell line	16	CHEMOKINE_INFLAMMATORY	Chemokine/inflammatory genes	-1.5151871950096136	-1.574792737023722	0.1111111111111111	3	3	TRUE
GSE262515_cell_line	GSE262515_design__T=cell_line__H=16__B=NA__G=delivery_tlnp_sinc_50nm__VS=baseline_0	<upstream_project_root>/00_metadata/verified_metadata/splited/GSE262515_cell_line_design/GSE262515_design__T=cell_line__H=16__B=NA__G=delivery_tlnp_sinc_50nm__VS=baseline_0.tsv	secondary_support	secondary_support_not_primary	Secondary support	delivery_tlnp_sinc_50nm__vs__baseline_0	baseline_0	cell line	16	GENERIC_INNATE	Generic innate immune genes	-2.0332182294781433	-0.8532435472425896	0.2222222222222222	3	3	TRUE
GSE178313	GSE178313_design__T=Liver__H=24__B=NA__G=mouse_repopulated_lnp__VS=mouse_repopulated_pbs	<upstream_project_root>/00_metadata/verified_metadata/splited/GSE178313_design/GSE178313_design__T=Liver__H=24__B=NA__G=mouse_repopulated_lnp__VS=mouse_repopulated_pbs.tsv	extended_validation	extended_validation	Extended validation	mouse_repopulated_lnp__vs__mouse_repopulated_pbs	mouse_repopulated_pbs	Liver	24	ISG	Interferon-stimulated genes	9.385138539215273	2.0530289934836783	0.875	4	4	TRUE
GSE178313	GSE178313_design__T=Liver__H=24__B=NA__G=mouse_repopulated_lnp__VS=mouse_repopulated_pbs	<upstream_project_root>/00_metadata/verified_metadata/splited/GSE178313_design/GSE178313_design__T=Liver__H=24__B=NA__G=mouse_repopulated_lnp__VS=mouse_repopulated_pbs.tsv	extended_validation	extended_validation	Extended validation	mouse_repopulated_lnp__vs__mouse_repopulated_pbs	mouse_repopulated_pbs	Liver	24	CHEMOKINE_INFLAMMATORY	Chemokine/inflammatory genes	4.422044449333118	0.9416205573363443	0.6875	4	4	TRUE
GSE178313	GSE178313_design__T=Liver__H=24__B=NA__G=mouse_repopulated_lnp__VS=mouse_repopulated_pbs	<upstream_project_root>/00_metadata/verified_metadata/splited/GSE178313_design/GSE178313_design__T=Liver__H=24__B=NA__G=mouse_repopulated_lnp__VS=mouse_repopulated_pbs.tsv	extended_validation	extended_validation	Extended validation	mouse_repopulated_lnp__vs__mouse_repopulated_pbs	mouse_repopulated_pbs	Liver	24	GENERIC_INNATE	Generic innate immune genes	0.961885206044878	0.7139691853809126	0.6875	4	4	TRUE
GSE279743	GSE279743_design__T=Lymph_Node__H=6__B=NA__G=delivery_vaccination_with_sm102__VS=baseline_0	<upstream_project_root>/00_metadata/verified_metadata/splited/GSE279743_design/GSE279743_design__T=Lymph_Node__H=6__B=NA__G=delivery_vaccination_with_sm102__VS=baseline_0.tsv	primary_acute_validation	primary_acute_validation	Primary acute validation	delivery_vaccination_with_sm102__vs__baseline_0	baseline_0	Lymph Node	6	ISG	Interferon-stimulated genes	6.84361129272771	6.337472967399853	1	3	3	TRUE
GSE279743	GSE279743_design__T=Lymph_Node__H=6__B=NA__G=delivery_vaccination_with_sm102__VS=baseline_0	<upstream_project_root>/00_metadata/verified_metadata/splited/GSE279743_design/GSE279743_design__T=Lymph_Node__H=6__B=NA__G=delivery_vaccination_with_sm102__VS=baseline_0.tsv	primary_acute_validation	primary_acute_validation	Primary acute validation	delivery_vaccination_with_sm102__vs__baseline_0	baseline_0	Lymph Node	6	CHEMOKINE_INFLAMMATORY	Chemokine/inflammatory genes	24.425715354175072	4.954881359707645	1	3	3	TRUE
GSE279743	GSE279743_design__T=Lymph_Node__H=6__B=NA__G=delivery_vaccination_with_sm102__VS=baseline_0	<upstream_project_root>/00_metadata/verified_metadata/splited/GSE279743_design/GSE279743_design__T=Lymph_Node__H=6__B=NA__G=delivery_vaccination_with_sm102__VS=baseline_0.tsv	primary_acute_validation	primary_acute_validation	Primary acute validation	delivery_vaccination_with_sm102__vs__baseline_0	baseline_0	Lymph Node	6	GENERIC_INNATE	Generic innate immune genes	8.209845313604024	5.6287177039681415	1	3	3	TRUE
GSE279743	GSE279743_design__T=Lymph_Node__H=6__B=NA__G=delivery_vaccination_with_ssop__VS=baseline_0	<upstream_project_root>/00_metadata/verified_metadata/splited/GSE279743_design/GSE279743_design__T=Lymph_Node__H=6__B=NA__G=delivery_vaccination_with_ssop__VS=baseline_0.tsv	primary_acute_validation	primary_acute_validation	Primary acute validation	delivery_vaccination_with_ssop__vs__baseline_0	baseline_0	Lymph Node	6	ISG	Interferon-stimulated genes	1.794661681903124	1.9214623653925655	0.8888888888888888	3	3	TRUE
GSE279743	GSE279743_design__T=Lymph_Node__H=6__B=NA__G=delivery_vaccination_with_ssop__VS=baseline_0	<upstream_project_root>/00_metadata/verified_metadata/splited/GSE279743_design/GSE279743_design__T=Lymph_Node__H=6__B=NA__G=delivery_vaccination_with_ssop__VS=baseline_0.tsv	primary_acute_validation	primary_acute_validation	Primary acute validation	delivery_vaccination_with_ssop__vs__baseline_0	baseline_0	Lymph Node	6	CHEMOKINE_INFLAMMATORY	Chemokine/inflammatory genes	1.4724343163944555	1.9567586867906583	1	3	3	TRUE
GSE279743	GSE279743_design__T=Lymph_Node__H=6__B=NA__G=delivery_vaccination_with_ssop__VS=baseline_0	<upstream_project_root>/00_metadata/verified_metadata/splited/GSE279743_design/GSE279743_design__T=Lymph_Node__H=6__B=NA__G=delivery_vaccination_with_ssop__VS=baseline_0.tsv	primary_acute_validation	primary_acute_validation	Primary acute validation	delivery_vaccination_with_ssop__vs__baseline_0	baseline_0	Lymph Node	6	GENERIC_INNATE	Generic innate immune genes	0.6832659146787747	0.8624934923617568	0.7777777777777778	3	3	TRUE
GSE166655	GSE166655_design__T=Tibialis_anterior__H=1008__B=NA__G=delivery_aav9_ar45__VS=delivery_untreated	<upstream_project_root>/00_metadata/verified_metadata/splited/GSE166655_design/GSE166655_design__T=Tibialis_anterior__H=1008__B=NA__G=delivery_aav9_ar45__VS=delivery_untreated.tsv	extended_validation	extended_validation	Extended validation	delivery_aav9_ar45__vs__delivery_untreated	delivery_untreated	Tibialis anterior	1008	ISG	Interferon-stimulated genes	1.0057992825063609	1.3758122213859174	0.7777777777777778	3	3	TRUE
GSE166655	GSE166655_design__T=Tibialis_anterior__H=1008__B=NA__G=delivery_aav9_ar45__VS=delivery_untreated	<upstream_project_root>/00_metadata/verified_metadata/splited/GSE166655_design/GSE166655_design__T=Tibialis_anterior__H=1008__B=NA__G=delivery_aav9_ar45__VS=delivery_untreated.tsv	extended_validation	extended_validation	Extended validation	delivery_aav9_ar45__vs__delivery_untreated	delivery_untreated	Tibialis anterior	1008	CHEMOKINE_INFLAMMATORY	Chemokine/inflammatory genes	1.5980094939547755	1.3334769561937647	0.7777777777777778	3	3	TRUE
GSE166655	GSE166655_design__T=Tibialis_anterior__H=1008__B=NA__G=delivery_aav9_ar45__VS=delivery_untreated	<upstream_project_root>/00_metadata/verified_metadata/splited/GSE166655_design/GSE166655_design__T=Tibialis_anterior__H=1008__B=NA__G=delivery_aav9_ar45__VS=delivery_untreated.tsv	extended_validation	extended_validation	Extended validation	delivery_aav9_ar45__vs__delivery_untreated	delivery_untreated	Tibialis anterior	1008	GENERIC_INNATE	Generic innate immune genes	2.0750251056506412	2.7830754325519926	1	3	3	TRUE
GSE166655	GSE166655_design__T=Tibialis_anterior__H=1008__B=NA__G=delivery_aav9_gfp__VS=delivery_untreated	<upstream_project_root>/00_metadata/verified_metadata/splited/GSE166655_design/GSE166655_design__T=Tibialis_anterior__H=1008__B=NA__G=delivery_aav9_gfp__VS=delivery_untreated.tsv	extended_validation	extended_validation	Extended validation	delivery_aav9_gfp__vs__delivery_untreated	delivery_untreated	Tibialis anterior	1008	ISG	Interferon-stimulated genes	0.14264413356644065	0.18713240045583449	0.4444444444444444	3	3	TRUE
GSE166655	GSE166655_design__T=Tibialis_anterior__H=1008__B=NA__G=delivery_aav9_gfp__VS=delivery_untreated	<upstream_project_root>/00_metadata/verified_metadata/splited/GSE166655_design/GSE166655_design__T=Tibialis_anterior__H=1008__B=NA__G=delivery_aav9_gfp__VS=delivery_untreated.tsv	extended_validation	extended_validation	Extended validation	delivery_aav9_gfp__vs__delivery_untreated	delivery_untreated	Tibialis anterior	1008	CHEMOKINE_INFLAMMATORY	Chemokine/inflammatory genes	0.21954339684349128	0.28202278569975753	0.5555555555555556	3	3	TRUE
GSE166655	GSE166655_design__T=Tibialis_anterior__H=1008__B=NA__G=delivery_aav9_gfp__VS=delivery_untreated	<upstream_project_root>/00_metadata/verified_metadata/splited/GSE166655_design/GSE166655_design__T=Tibialis_anterior__H=1008__B=NA__G=delivery_aav9_gfp__VS=delivery_untreated.tsv	extended_validation	extended_validation	Extended validation	delivery_aav9_gfp__vs__delivery_untreated	delivery_untreated	Tibialis anterior	1008	GENERIC_INNATE	Generic innate immune genes	1.9888841990974266	2.7004881599029966	1	3	3	TRUE
GSE139529	GSE139529_design__T=blood__H=24__B=NA__G=ad.mva__VS=none	<upstream_project_root>/00_metadata/verified_metadata/splited/GSE139529_design/GSE139529_design__T=blood__H=24__B=NA__G=ad.mva__VS=none.tsv	primary_acute_validation	primary_acute_validation	Primary acute validation	ad.mva__vs__none	none	blood	24	ISG	Interferon-stimulated genes	28.190555392497817	6.702349577479559	1	6	6	TRUE
GSE139529	GSE139529_design__T=blood__H=24__B=NA__G=ad.mva__VS=none	<upstream_project_root>/00_metadata/verified_metadata/splited/GSE139529_design/GSE139529_design__T=blood__H=24__B=NA__G=ad.mva__VS=none.tsv	primary_acute_validation	primary_acute_validation	Primary acute validation	ad.mva__vs__none	none	blood	24	CHEMOKINE_INFLAMMATORY	Chemokine/inflammatory genes	0.9477338296681961	0.7591929438681003	0.75	6	6	TRUE
GSE139529	GSE139529_design__T=blood__H=24__B=NA__G=ad.mva__VS=none	<upstream_project_root>/00_metadata/verified_metadata/splited/GSE139529_design/GSE139529_design__T=blood__H=24__B=NA__G=ad.mva__VS=none.tsv	primary_acute_validation	primary_acute_validation	Primary acute validation	ad.mva__vs__none	none	blood	24	GENERIC_INNATE	Generic innate immune genes	4.496157001605433	4.273018601720582	1	6	6	TRUE
GSE139529	GSE139529_design__T=blood__H=24__B=NA__G=ad_empty__VS=none	<upstream_project_root>/00_metadata/verified_metadata/splited/GSE139529_design/GSE139529_design__T=blood__H=24__B=NA__G=ad_empty__VS=none.tsv	primary_acute_validation	primary_acute_validation	Primary acute validation	ad_empty__vs__none	none	blood	24	ISG	Interferon-stimulated genes	35.298780692927	14.534633855847943	1	6	6	TRUE
GSE139529	GSE139529_design__T=blood__H=24__B=NA__G=ad_empty__VS=none	<upstream_project_root>/00_metadata/verified_metadata/splited/GSE139529_design/GSE139529_design__T=blood__H=24__B=NA__G=ad_empty__VS=none.tsv	primary_acute_validation	primary_acute_validation	Primary acute validation	ad_empty__vs__none	none	blood	24	CHEMOKINE_INFLAMMATORY	Chemokine/inflammatory genes	0.6760544089888239	0.36031610143032244	0.6666666666666666	6	6	TRUE
GSE139529	GSE139529_design__T=blood__H=24__B=NA__G=ad_empty__VS=none	<upstream_project_root>/00_metadata/verified_metadata/splited/GSE139529_design/GSE139529_design__T=blood__H=24__B=NA__G=ad_empty__VS=none.tsv	primary_acute_validation	primary_acute_validation	Primary acute validation	ad_empty__vs__none	none	blood	24	GENERIC_INNATE	Generic innate immune genes	3.4533237168794293	3.6841399335153926	1	6	6	TRUE
GSE139529	GSE139529_design__T=blood__H=24__B=NA__G=ad_fhbp__VS=none	<upstream_project_root>/00_metadata/verified_metadata/splited/GSE139529_design/GSE139529_design__T=blood__H=24__B=NA__G=ad_fhbp__VS=none.tsv	primary_acute_validation	primary_acute_validation	Primary acute validation	ad_fhbp__vs__none	none	blood	24	ISG	Interferon-stimulated genes	36.61263206443783	24.711322569232916	1	6	6	TRUE
GSE139529	GSE139529_design__T=blood__H=24__B=NA__G=ad_fhbp__VS=none	<upstream_project_root>/00_metadata/verified_metadata/splited/GSE139529_design/GSE139529_design__T=blood__H=24__B=NA__G=ad_fhbp__VS=none.tsv	primary_acute_validation	primary_acute_validation	Primary acute validation	ad_fhbp__vs__none	none	blood	24	CHEMOKINE_INFLAMMATORY	Chemokine/inflammatory genes	4.436534080535139	2.6901932158132418	1	6	6	TRUE
GSE139529	GSE139529_design__T=blood__H=24__B=NA__G=ad_fhbp__VS=none	<upstream_project_root>/00_metadata/verified_metadata/splited/GSE139529_design/GSE139529_design__T=blood__H=24__B=NA__G=ad_fhbp__VS=none.tsv	primary_acute_validation	primary_acute_validation	Primary acute validation	ad_fhbp__vs__none	none	blood	24	GENERIC_INNATE	Generic innate immune genes	3.800286632012742	4.350984537819916	1	6	6	TRUE
GSE139529	GSE139529_design__T=blood__H=24__B=NA__G=ad_pref__VS=none	<upstream_project_root>/00_metadata/verified_metadata/splited/GSE139529_design/GSE139529_design__T=blood__H=24__B=NA__G=ad_pref__VS=none.tsv	primary_acute_validation	primary_acute_validation	Primary acute validation	ad_pref__vs__none	none	blood	24	ISG	Interferon-stimulated genes	5.808351059971434	2.466501393078538	1	6	6	TRUE
GSE139529	GSE139529_design__T=blood__H=24__B=NA__G=ad_pref__VS=none	<upstream_project_root>/00_metadata/verified_metadata/splited/GSE139529_design/GSE139529_design__T=blood__H=24__B=NA__G=ad_pref__VS=none.tsv	primary_acute_validation	primary_acute_validation	Primary acute validation	ad_pref__vs__none	none	blood	24	CHEMOKINE_INFLAMMATORY	Chemokine/inflammatory genes	-1.556265844208186	-0.6914438728900466	0.3333333333333333	6	6	TRUE
GSE139529	GSE139529_design__T=blood__H=24__B=NA__G=ad_pref__VS=none	<upstream_project_root>/00_metadata/verified_metadata/splited/GSE139529_design/GSE139529_design__T=blood__H=24__B=NA__G=ad_pref__VS=none.tsv	primary_acute_validation	primary_acute_validation	Primary acute validation	ad_pref__vs__none	none	blood	24	GENERIC_INNATE	Generic innate immune genes	2.0103623346299053	1.1047365271171252	0.8055555555555556	6	6	TRUE
GSE139529	GSE139529_design__T=blood__H=24__B=NA__G=mva.ad__VS=none	<upstream_project_root>/00_metadata/verified_metadata/splited/GSE139529_design/GSE139529_design__T=blood__H=24__B=NA__G=mva.ad__VS=none.tsv	primary_acute_validation	primary_acute_validation	Primary acute validation	mva.ad__vs__none	none	blood	24	ISG	Interferon-stimulated genes	37.60849079051539	8.515640277127066	1	6	6	TRUE
GSE139529	GSE139529_design__T=blood__H=24__B=NA__G=mva.ad__VS=none	<upstream_project_root>/00_metadata/verified_metadata/splited/GSE139529_design/GSE139529_design__T=blood__H=24__B=NA__G=mva.ad__VS=none.tsv	primary_acute_validation	primary_acute_validation	Primary acute validation	mva.ad__vs__none	none	blood	24	CHEMOKINE_INFLAMMATORY	Chemokine/inflammatory genes	3.1315050028562377	2.138357204648584	0.9444444444444444	6	6	TRUE
GSE139529	GSE139529_design__T=blood__H=24__B=NA__G=mva.ad__VS=none	<upstream_project_root>/00_metadata/verified_metadata/splited/GSE139529_design/GSE139529_design__T=blood__H=24__B=NA__G=mva.ad__VS=none.tsv	primary_acute_validation	primary_acute_validation	Primary acute validation	mva.ad__vs__none	none	blood	24	GENERIC_INNATE	Generic innate immune genes	3.7664328137783603	3.7851299922476835	1	6	6	TRUE
GSE139529	GSE139529_design__T=blood__H=24__B=NA__G=mva_fhbp__VS=none	<upstream_project_root>/00_metadata/verified_metadata/splited/GSE139529_design/GSE139529_design__T=blood__H=24__B=NA__G=mva_fhbp__VS=none.tsv	primary_acute_validation	primary_acute_validation	Primary acute validation	mva_fhbp__vs__none	none	blood	24	ISG	Interferon-stimulated genes	33.5672217636031	8.926488819974923	1	6	6	TRUE
GSE139529	GSE139529_design__T=blood__H=24__B=NA__G=mva_fhbp__VS=none	<upstream_project_root>/00_metadata/verified_metadata/splited/GSE139529_design/GSE139529_design__T=blood__H=24__B=NA__G=mva_fhbp__VS=none.tsv	primary_acute_validation	primary_acute_validation	Primary acute validation	mva_fhbp__vs__none	none	blood	24	CHEMOKINE_INFLAMMATORY	Chemokine/inflammatory genes	3.497265957059328	2.2511107420198715	1	6	6	TRUE
GSE139529	GSE139529_design__T=blood__H=24__B=NA__G=mva_fhbp__VS=none	<upstream_project_root>/00_metadata/verified_metadata/splited/GSE139529_design/GSE139529_design__T=blood__H=24__B=NA__G=mva_fhbp__VS=none.tsv	primary_acute_validation	primary_acute_validation	Primary acute validation	mva_fhbp__vs__none	none	blood	24	GENERIC_INNATE	Generic innate immune genes	3.426458170787478	3.906886700157741	1	6	6	TRUE
GSE119119	GSE119119_design__T=whole_liver__H=4__B=NA__G=GID00069418__VS=WT_uninfected_whole_liver	<upstream_project_root>/00_metadata/verified_metadata/splited/GSE119119_design/GSE119119_design__T=whole_liver__H=4__B=NA__G=GID00069418__VS=WT_uninfected_whole_liver.tsv	primary_acute_validation	primary_acute_validation	Primary acute validation	WT_virus_plus_rh9C12_H433A_whole_liver__vs__WT_uninfected_whole_liver	WT_uninfected_whole_liver	whole liver	4	ISG	Interferon-stimulated genes	9.658719099608575	11.600332499706854	1	4	4	TRUE
GSE119119	GSE119119_design__T=whole_liver__H=4__B=NA__G=GID00069418__VS=WT_uninfected_whole_liver	<upstream_project_root>/00_metadata/verified_metadata/splited/GSE119119_design/GSE119119_design__T=whole_liver__H=4__B=NA__G=GID00069418__VS=WT_uninfected_whole_liver.tsv	primary_acute_validation	primary_acute_validation	Primary acute validation	WT_virus_plus_rh9C12_H433A_whole_liver__vs__WT_uninfected_whole_liver	WT_uninfected_whole_liver	whole liver	4	CHEMOKINE_INFLAMMATORY	Chemokine/inflammatory genes	10.461050646091163	10.736503887153939	1	4	4	TRUE
GSE119119	GSE119119_design__T=whole_liver__H=4__B=NA__G=GID00069418__VS=WT_uninfected_whole_liver	<upstream_project_root>/00_metadata/verified_metadata/splited/GSE119119_design/GSE119119_design__T=whole_liver__H=4__B=NA__G=GID00069418__VS=WT_uninfected_whole_liver.tsv	primary_acute_validation	primary_acute_validation	Primary acute validation	WT_virus_plus_rh9C12_H433A_whole_liver__vs__WT_uninfected_whole_liver	WT_uninfected_whole_liver	whole liver	4	GENERIC_INNATE	Generic innate immune genes	8.684894651758219	9.924836834978297	1	4	4	TRUE
GSE119119	GSE119119_design__T=whole_liver__H=4__B=NA__G=GID00088542__VS=TRIM21_KO_uninfected_whole_liver	<upstream_project_root>/00_metadata/verified_metadata/splited/GSE119119_design/GSE119119_design__T=whole_liver__H=4__B=NA__G=GID00088542__VS=TRIM21_KO_uninfected_whole_liver.tsv	primary_acute_validation	primary_acute_validation	Primary acute validation	TRIM21_KO_virus_plus_rh9C12_WT_whole_liver__vs__TRIM21_KO_uninfected_whole_liver	TRIM21_KO_uninfected_whole_liver	whole liver	4	ISG	Interferon-stimulated genes	8.793065711700805	8.39367339166937	1	4	4	TRUE
GSE119119	GSE119119_design__T=whole_liver__H=4__B=NA__G=GID00088542__VS=TRIM21_KO_uninfected_whole_liver	<upstream_project_root>/00_metadata/verified_metadata/splited/GSE119119_design/GSE119119_design__T=whole_liver__H=4__B=NA__G=GID00088542__VS=TRIM21_KO_uninfected_whole_liver.tsv	primary_acute_validation	primary_acute_validation	Primary acute validation	TRIM21_KO_virus_plus_rh9C12_WT_whole_liver__vs__TRIM21_KO_uninfected_whole_liver	TRIM21_KO_uninfected_whole_liver	whole liver	4	CHEMOKINE_INFLAMMATORY	Chemokine/inflammatory genes	9.41875046126996	10.133851750498197	1	4	4	TRUE
GSE119119	GSE119119_design__T=whole_liver__H=4__B=NA__G=GID00088542__VS=TRIM21_KO_uninfected_whole_liver	<upstream_project_root>/00_metadata/verified_metadata/splited/GSE119119_design/GSE119119_design__T=whole_liver__H=4__B=NA__G=GID00088542__VS=TRIM21_KO_uninfected_whole_liver.tsv	primary_acute_validation	primary_acute_validation	Primary acute validation	TRIM21_KO_virus_plus_rh9C12_WT_whole_liver__vs__TRIM21_KO_uninfected_whole_liver	TRIM21_KO_uninfected_whole_liver	whole liver	4	GENERIC_INNATE	Generic innate immune genes	7.817731491535349	7.8762915236524815	1	4	4	TRUE
GSE119119	GSE119119_design__T=whole_liver__H=4__B=NA__G=GID00096342__VS=TRIM21_KO_uninfected_whole_liver	<upstream_project_root>/00_metadata/verified_metadata/splited/GSE119119_design/GSE119119_design__T=whole_liver__H=4__B=NA__G=GID00096342__VS=TRIM21_KO_uninfected_whole_liver.tsv	primary_acute_validation	primary_acute_validation	Primary acute validation	TRIM21_KO_virus_plus_rh9C12_H433A_whole_liver__vs__TRIM21_KO_uninfected_whole_liver	TRIM21_KO_uninfected_whole_liver	whole liver	4	ISG	Interferon-stimulated genes	9.44437442180008	9.692657909011487	1	4	4	TRUE
GSE119119	GSE119119_design__T=whole_liver__H=4__B=NA__G=GID00096342__VS=TRIM21_KO_uninfected_whole_liver	<upstream_project_root>/00_metadata/verified_metadata/splited/GSE119119_design/GSE119119_design__T=whole_liver__H=4__B=NA__G=GID00096342__VS=TRIM21_KO_uninfected_whole_liver.tsv	primary_acute_validation	primary_acute_validation	Primary acute validation	TRIM21_KO_virus_plus_rh9C12_H433A_whole_liver__vs__TRIM21_KO_uninfected_whole_liver	TRIM21_KO_uninfected_whole_liver	whole liver	4	CHEMOKINE_INFLAMMATORY	Chemokine/inflammatory genes	7.872285535531951	8.27469283655307	1	4	4	TRUE
GSE119119	GSE119119_design__T=whole_liver__H=4__B=NA__G=GID00096342__VS=TRIM21_KO_uninfected_whole_liver	<upstream_project_root>/00_metadata/verified_metadata/splited/GSE119119_design/GSE119119_design__T=whole_liver__H=4__B=NA__G=GID00096342__VS=TRIM21_KO_uninfected_whole_liver.tsv	primary_acute_validation	primary_acute_validation	Primary acute validation	TRIM21_KO_virus_plus_rh9C12_H433A_whole_liver__vs__TRIM21_KO_uninfected_whole_liver	TRIM21_KO_uninfected_whole_liver	whole liver	4	GENERIC_INNATE	Generic innate immune genes	7.1217697531502315	7.093193271626539	1	4	4	TRUE
GSE119119	GSE119119_design__T=whole_liver__H=4__B=NA__G=TRIM21_KO_virus_only_whole_liver__VS=TRIM21_KO_uninfected_whole_liver	<upstream_project_root>/00_metadata/verified_metadata/splited/GSE119119_design/GSE119119_design__T=whole_liver__H=4__B=NA__G=TRIM21_KO_virus_only_whole_liver__VS=TRIM21_KO_uninfected_whole_liver.tsv	primary_acute_validation	primary_acute_validation	Primary acute validation	TRIM21_KO_virus_only_whole_liver__vs__TRIM21_KO_uninfected_whole_liver	TRIM21_KO_uninfected_whole_liver	whole liver	4	ISG	Interferon-stimulated genes	7.916206843842888	6.065725915913493	1	4	4	TRUE
GSE119119	GSE119119_design__T=whole_liver__H=4__B=NA__G=TRIM21_KO_virus_only_whole_liver__VS=TRIM21_KO_uninfected_whole_liver	<upstream_project_root>/00_metadata/verified_metadata/splited/GSE119119_design/GSE119119_design__T=whole_liver__H=4__B=NA__G=TRIM21_KO_virus_only_whole_liver__VS=TRIM21_KO_uninfected_whole_liver.tsv	primary_acute_validation	primary_acute_validation	Primary acute validation	TRIM21_KO_virus_only_whole_liver__vs__TRIM21_KO_uninfected_whole_liver	TRIM21_KO_uninfected_whole_liver	whole liver	4	CHEMOKINE_INFLAMMATORY	Chemokine/inflammatory genes	5.399417925893275	3.056071106404448	1	4	4	TRUE
GSE119119	GSE119119_design__T=whole_liver__H=4__B=NA__G=TRIM21_KO_virus_only_whole_liver__VS=TRIM21_KO_uninfected_whole_liver	<upstream_project_root>/00_metadata/verified_metadata/splited/GSE119119_design/GSE119119_design__T=whole_liver__H=4__B=NA__G=TRIM21_KO_virus_only_whole_liver__VS=TRIM21_KO_uninfected_whole_liver.tsv	primary_acute_validation	primary_acute_validation	Primary acute validation	TRIM21_KO_virus_only_whole_liver__vs__TRIM21_KO_uninfected_whole_liver	TRIM21_KO_uninfected_whole_liver	whole liver	4	GENERIC_INNATE	Generic innate immune genes	5.6729475051290645	4.722374507467864	1	4	4	TRUE
GSE119119	GSE119119_design__T=whole_liver__H=4__B=NA__G=WT_virus_only_whole_liver__VS=WT_uninfected_whole_liver	<upstream_project_root>/00_metadata/verified_metadata/splited/GSE119119_design/GSE119119_design__T=whole_liver__H=4__B=NA__G=WT_virus_only_whole_liver__VS=WT_uninfected_whole_liver.tsv	primary_acute_validation	primary_acute_validation	Primary acute validation	WT_virus_only_whole_liver__vs__WT_uninfected_whole_liver	WT_uninfected_whole_liver	whole liver	4	ISG	Interferon-stimulated genes	8.622163860354553	8.983644391157775	1	4	4	TRUE
GSE119119	GSE119119_design__T=whole_liver__H=4__B=NA__G=WT_virus_only_whole_liver__VS=WT_uninfected_whole_liver	<upstream_project_root>/00_metadata/verified_metadata/splited/GSE119119_design/GSE119119_design__T=whole_liver__H=4__B=NA__G=WT_virus_only_whole_liver__VS=WT_uninfected_whole_liver.tsv	primary_acute_validation	primary_acute_validation	Primary acute validation	WT_virus_only_whole_liver__vs__WT_uninfected_whole_liver	WT_uninfected_whole_liver	whole liver	4	CHEMOKINE_INFLAMMATORY	Chemokine/inflammatory genes	6.772725024563551	7.633618672233781	1	4	4	TRUE
GSE119119	GSE119119_design__T=whole_liver__H=4__B=NA__G=WT_virus_only_whole_liver__VS=WT_uninfected_whole_liver	<upstream_project_root>/00_metadata/verified_metadata/splited/GSE119119_design/GSE119119_design__T=whole_liver__H=4__B=NA__G=WT_virus_only_whole_liver__VS=WT_uninfected_whole_liver.tsv	primary_acute_validation	primary_acute_validation	Primary acute validation	WT_virus_only_whole_liver__vs__WT_uninfected_whole_liver	WT_uninfected_whole_liver	whole liver	4	GENERIC_INNATE	Generic innate immune genes	6.323411180745995	6.456087743167035	1	4	4	TRUE
GSE119119	GSE119119_design__T=whole_liver__H=4__B=NA__G=WT_virus_plus_rh9C12_WT_whole_liver__VS=WT_uninfected_whole_liver	<upstream_project_root>/00_metadata/verified_metadata/splited/GSE119119_design/GSE119119_design__T=whole_liver__H=4__B=NA__G=WT_virus_plus_rh9C12_WT_whole_liver__VS=WT_uninfected_whole_liver.tsv	primary_acute_validation	primary_acute_validation	Primary acute validation	WT_virus_plus_rh9C12_WT_whole_liver__vs__WT_uninfected_whole_liver	WT_uninfected_whole_liver	whole liver	4	ISG	Interferon-stimulated genes	12.83191334138434	16.0582058788453	1	4	4	TRUE
GSE119119	GSE119119_design__T=whole_liver__H=4__B=NA__G=WT_virus_plus_rh9C12_WT_whole_liver__VS=WT_uninfected_whole_liver	<upstream_project_root>/00_metadata/verified_metadata/splited/GSE119119_design/GSE119119_design__T=whole_liver__H=4__B=NA__G=WT_virus_plus_rh9C12_WT_whole_liver__VS=WT_uninfected_whole_liver.tsv	primary_acute_validation	primary_acute_validation	Primary acute validation	WT_virus_plus_rh9C12_WT_whole_liver__vs__WT_uninfected_whole_liver	WT_uninfected_whole_liver	whole liver	4	CHEMOKINE_INFLAMMATORY	Chemokine/inflammatory genes	15.39093496692518	9.49841693383164	1	4	4	TRUE
GSE119119	GSE119119_design__T=whole_liver__H=4__B=NA__G=WT_virus_plus_rh9C12_WT_whole_liver__VS=WT_uninfected_whole_liver	<upstream_project_root>/00_metadata/verified_metadata/splited/GSE119119_design/GSE119119_design__T=whole_liver__H=4__B=NA__G=WT_virus_plus_rh9C12_WT_whole_liver__VS=WT_uninfected_whole_liver.tsv	primary_acute_validation	primary_acute_validation	Primary acute validation	WT_virus_plus_rh9C12_WT_whole_liver__vs__WT_uninfected_whole_liver	WT_uninfected_whole_liver	whole liver	4	GENERIC_INNATE	Generic innate immune genes	13.084068161978564	13.488030019328948	1	4	4	TRUE
GSE314070	GSE314070_design__T=small_intestine__H=336__B=NA__G=delivery_am80_lnp__VS=baseline_0	<upstream_project_root>/00_metadata/verified_metadata/splited/GSE314070_design/GSE314070_design__T=small_intestine__H=336__B=NA__G=delivery_am80_lnp__VS=baseline_0.tsv	extended_validation	extended_validation	Extended validation	delivery_am80_lnp__vs__baseline_0	baseline_0	small intestine	336	ISG	Interferon-stimulated genes	-0.32070186068978496	-0.4184589345002672	0.4444444444444444	3	3	TRUE
GSE314070	GSE314070_design__T=small_intestine__H=336__B=NA__G=delivery_am80_lnp__VS=baseline_0	<upstream_project_root>/00_metadata/verified_metadata/splited/GSE314070_design/GSE314070_design__T=small_intestine__H=336__B=NA__G=delivery_am80_lnp__VS=baseline_0.tsv	extended_validation	extended_validation	Extended validation	delivery_am80_lnp__vs__baseline_0	baseline_0	small intestine	336	CHEMOKINE_INFLAMMATORY	Chemokine/inflammatory genes	15.172405440177366	0.7101762883365911	0.6666666666666666	3	3	TRUE
GSE314070	GSE314070_design__T=small_intestine__H=336__B=NA__G=delivery_am80_lnp__VS=baseline_0	<upstream_project_root>/00_metadata/verified_metadata/splited/GSE314070_design/GSE314070_design__T=small_intestine__H=336__B=NA__G=delivery_am80_lnp__VS=baseline_0.tsv	extended_validation	extended_validation	Extended validation	delivery_am80_lnp__vs__baseline_0	baseline_0	small intestine	336	GENERIC_INNATE	Generic innate immune genes	4.264655441834273	1.125154273391723	0.6666666666666666	3	3	TRUE
GSE314070	GSE314070_design__T=small_intestine__H=336__B=NA__G=delivery_sm102_lnp__VS=baseline_0	<upstream_project_root>/00_metadata/verified_metadata/splited/GSE314070_design/GSE314070_design__T=small_intestine__H=336__B=NA__G=delivery_sm102_lnp__VS=baseline_0.tsv	extended_validation	extended_validation	Extended validation	delivery_sm102_lnp__vs__baseline_0	baseline_0	small intestine	336	ISG	Interferon-stimulated genes	0.21332721708354835	0.20619049461773029	0.6666666666666666	3	3	TRUE
GSE314070	GSE314070_design__T=small_intestine__H=336__B=NA__G=delivery_sm102_lnp__VS=baseline_0	<upstream_project_root>/00_metadata/verified_metadata/splited/GSE314070_design/GSE314070_design__T=small_intestine__H=336__B=NA__G=delivery_sm102_lnp__VS=baseline_0.tsv	extended_validation	extended_validation	Extended validation	delivery_sm102_lnp__vs__baseline_0	baseline_0	small intestine	336	CHEMOKINE_INFLAMMATORY	Chemokine/inflammatory genes	1.8607172495524822	0.40222266878869417	0.6666666666666666	3	3	TRUE
GSE314070	GSE314070_design__T=small_intestine__H=336__B=NA__G=delivery_sm102_lnp__VS=baseline_0	<upstream_project_root>/00_metadata/verified_metadata/splited/GSE314070_design/GSE314070_design__T=small_intestine__H=336__B=NA__G=delivery_sm102_lnp__VS=baseline_0.tsv	extended_validation	extended_validation	Extended validation	delivery_sm102_lnp__vs__baseline_0	baseline_0	small intestine	336	GENERIC_INNATE	Generic innate immune genes	0.42485171444793257	0.290792910953979	0.5555555555555556	3	3	TRUE
