removed_gene_id	removed_gene_symbol	removal_rank	removal_selection_reason	removed_gene_beta_meta	gene_present_in_dataset	gse_id	split_id	split_path	audit_role	time_group	tissue	time_h	n_controls	n_delivery	original_delta_mean_imrs_z	leave_one_gene_out_delta_mean_imrs_z	absolute_change_delta	percent_change_delta	absolute_percent_change_delta	direction_preserved	original_auc_imrs_z	auc_imrs_z
ENSMUSG00000022126	Acod1	1	top_abs_beta_meta	6.353446492462103	TRUE	GSE119119	GSE119119_design__T=whole_liver__H=4__B=NA__G=GID00069418__VS=WT_uninfected_whole_liver	<upstream_project_root>/00_metadata/verified_metadata/splited/GSE119119_design/GSE119119_design__T=whole_liver__H=4__B=NA__G=GID00069418__VS=WT_uninfected_whole_liver.tsv	external	acute_main	whole liver	4	4	4	11.16068026745134	10.56621628881899	0.5944639786323496	-5.326413483647818	5.326413483647818	TRUE	1	1
ENSMUSG00000022126	Acod1	1	top_abs_beta_meta	6.353446492462103	TRUE	GSE119119	GSE119119_design__T=whole_liver__H=4__B=NA__G=GID00088542__VS=TRIM21_KO_uninfected_whole_liver	<upstream_project_root>/00_metadata/verified_metadata/splited/GSE119119_design/GSE119119_design__T=whole_liver__H=4__B=NA__G=GID00088542__VS=TRIM21_KO_uninfected_whole_liver.tsv	external	acute_main	whole liver	4	4	4	10.144728497024794	9.567476067407132	0.577252429617662	-5.690171302139396	5.690171302139396	TRUE	1	1
ENSMUSG00000022126	Acod1	1	top_abs_beta_meta	6.353446492462103	TRUE	GSE119119	GSE119119_design__T=whole_liver__H=4__B=NA__G=GID00096342__VS=TRIM21_KO_uninfected_whole_liver	<upstream_project_root>/00_metadata/verified_metadata/splited/GSE119119_design/GSE119119_design__T=whole_liver__H=4__B=NA__G=GID00096342__VS=TRIM21_KO_uninfected_whole_liver.tsv	external	acute_main	whole liver	4	4	4	9.804251345714937	9.216211474199948	0.5880398715149884	-5.997804939711161	5.997804939711161	TRUE	1	1
ENSMUSG00000022126	Acod1	1	top_abs_beta_meta	6.353446492462103	TRUE	GSE119119	GSE119119_design__T=whole_liver__H=4__B=NA__G=TRIM21_KO_virus_only_whole_liver__VS=TRIM21_KO_uninfected_whole_liver	<upstream_project_root>/00_metadata/verified_metadata/splited/GSE119119_design/GSE119119_design__T=whole_liver__H=4__B=NA__G=TRIM21_KO_virus_only_whole_liver__VS=TRIM21_KO_uninfected_whole_liver.tsv	external	acute_main	whole liver	4	4	4	8.694617784859636	8.288735348856003	0.4058824360036333	-4.668203318959187	4.668203318959187	TRUE	1	1
ENSMUSG00000022126	Acod1	1	top_abs_beta_meta	6.353446492462103	TRUE	GSE119119	GSE119119_design__T=whole_liver__H=4__B=NA__G=WT_virus_only_whole_liver__VS=WT_uninfected_whole_liver	<upstream_project_root>/00_metadata/verified_metadata/splited/GSE119119_design/GSE119119_design__T=whole_liver__H=4__B=NA__G=WT_virus_only_whole_liver__VS=WT_uninfected_whole_liver.tsv	external	acute_main	whole liver	4	4	4	9.606681809911851	9.162618862150934	0.4440629477609175	-4.622438387651689	4.622438387651689	TRUE	1	1
ENSMUSG00000022126	Acod1	1	top_abs_beta_meta	6.353446492462103	TRUE	GSE119119	GSE119119_design__T=whole_liver__H=4__B=NA__G=WT_virus_plus_rh9C12_WT_whole_liver__VS=WT_uninfected_whole_liver	<upstream_project_root>/00_metadata/verified_metadata/splited/GSE119119_design/GSE119119_design__T=whole_liver__H=4__B=NA__G=WT_virus_plus_rh9C12_WT_whole_liver__VS=WT_uninfected_whole_liver.tsv	external	acute_main	whole liver	4	4	4	15.021082164906733	14.195720495915205	0.825361668991528	-5.494688464721893	5.494688464721893	TRUE	1	1
ENSMUSG00000060183	Cxcl11	2	top_abs_beta_meta	6.0257926459264395	TRUE	GSE119119	GSE119119_design__T=whole_liver__H=4__B=NA__G=GID00069418__VS=WT_uninfected_whole_liver	<upstream_project_root>/00_metadata/verified_metadata/splited/GSE119119_design/GSE119119_design__T=whole_liver__H=4__B=NA__G=GID00069418__VS=WT_uninfected_whole_liver.tsv	external	acute_main	whole liver	4	4	4	11.16068026745134	11.275210985015942	0.11453071756460176	1.0261983572687372	1.0261983572687372	TRUE	1	1
ENSMUSG00000060183	Cxcl11	2	top_abs_beta_meta	6.0257926459264395	TRUE	GSE119119	GSE119119_design__T=whole_liver__H=4__B=NA__G=GID00088542__VS=TRIM21_KO_uninfected_whole_liver	<upstream_project_root>/00_metadata/verified_metadata/splited/GSE119119_design/GSE119119_design__T=whole_liver__H=4__B=NA__G=GID00088542__VS=TRIM21_KO_uninfected_whole_liver.tsv	external	acute_main	whole liver	4	4	4	10.144728497024794	10.255181650600695	0.11045315357590191	1.0887738751046436	1.0887738751046436	TRUE	1	1
ENSMUSG00000060183	Cxcl11	2	top_abs_beta_meta	6.0257926459264395	TRUE	GSE119119	GSE119119_design__T=whole_liver__H=4__B=NA__G=GID00096342__VS=TRIM21_KO_uninfected_whole_liver	<upstream_project_root>/00_metadata/verified_metadata/splited/GSE119119_design/GSE119119_design__T=whole_liver__H=4__B=NA__G=GID00096342__VS=TRIM21_KO_uninfected_whole_liver.tsv	external	acute_main	whole liver	4	4	4	9.804251345714937	9.904208179377742	0.09995683366280517	1.0195254093163624	1.0195254093163624	TRUE	1	1
ENSMUSG00000060183	Cxcl11	2	top_abs_beta_meta	6.0257926459264395	TRUE	GSE119119	GSE119119_design__T=whole_liver__H=4__B=NA__G=TRIM21_KO_virus_only_whole_liver__VS=TRIM21_KO_uninfected_whole_liver	<upstream_project_root>/00_metadata/verified_metadata/splited/GSE119119_design/GSE119119_design__T=whole_liver__H=4__B=NA__G=TRIM21_KO_virus_only_whole_liver__VS=TRIM21_KO_uninfected_whole_liver.tsv	external	acute_main	whole liver	4	4	4	8.694617784859636	8.792928911097336	0.09831112623770011	1.1307124553409822	1.1307124553409822	TRUE	1	1
ENSMUSG00000060183	Cxcl11	2	top_abs_beta_meta	6.0257926459264395	TRUE	GSE119119	GSE119119_design__T=whole_liver__H=4__B=NA__G=WT_virus_only_whole_liver__VS=WT_uninfected_whole_liver	<upstream_project_root>/00_metadata/verified_metadata/splited/GSE119119_design/GSE119119_design__T=whole_liver__H=4__B=NA__G=WT_virus_only_whole_liver__VS=WT_uninfected_whole_liver.tsv	external	acute_main	whole liver	4	4	4	9.606681809911851	9.718003857494596	0.11132204758274433	1.1587981134951924	1.1587981134951924	TRUE	1	1
ENSMUSG00000060183	Cxcl11	2	top_abs_beta_meta	6.0257926459264395	TRUE	GSE119119	GSE119119_design__T=whole_liver__H=4__B=NA__G=WT_virus_plus_rh9C12_WT_whole_liver__VS=WT_uninfected_whole_liver	<upstream_project_root>/00_metadata/verified_metadata/splited/GSE119119_design/GSE119119_design__T=whole_liver__H=4__B=NA__G=WT_virus_plus_rh9C12_WT_whole_liver__VS=WT_uninfected_whole_liver.tsv	external	acute_main	whole liver	4	4	4	15.021082164906733	15.155044328289083	0.13396216338234979	0.8918276453831085	0.8918276453831085	TRUE	1	1
ENSMUSG00000138573	Gm72936	3	top_abs_beta_meta	4.977817758075086	TRUE	GSE119119	GSE119119_design__T=whole_liver__H=4__B=NA__G=GID00069418__VS=WT_uninfected_whole_liver	<upstream_project_root>/00_metadata/verified_metadata/splited/GSE119119_design/GSE119119_design__T=whole_liver__H=4__B=NA__G=GID00069418__VS=WT_uninfected_whole_liver.tsv	external	acute_main	whole liver	4	4	4	11.16068026745134	10.011879497320988	1.148800770130352	-10.293286274678781	10.293286274678781	TRUE	1	1
ENSMUSG00000138573	Gm72936	3	top_abs_beta_meta	4.977817758075086	TRUE	GSE119119	GSE119119_design__T=whole_liver__H=4__B=NA__G=GID00088542__VS=TRIM21_KO_uninfected_whole_liver	<upstream_project_root>/00_metadata/verified_metadata/splited/GSE119119_design/GSE119119_design__T=whole_liver__H=4__B=NA__G=GID00088542__VS=TRIM21_KO_uninfected_whole_liver.tsv	external	acute_main	whole liver	4	4	4	10.144728497024794	9.210593807925369	0.9341346890994249	-9.208079736913454	9.208079736913454	TRUE	1	1
ENSMUSG00000138573	Gm72936	3	top_abs_beta_meta	4.977817758075086	TRUE	GSE119119	GSE119119_design__T=whole_liver__H=4__B=NA__G=GID00096342__VS=TRIM21_KO_uninfected_whole_liver	<upstream_project_root>/00_metadata/verified_metadata/splited/GSE119119_design/GSE119119_design__T=whole_liver__H=4__B=NA__G=GID00096342__VS=TRIM21_KO_uninfected_whole_liver.tsv	external	acute_main	whole liver	4	4	4	9.804251345714937	9.08294843548989	0.721302910225047	-7.357042213532204	7.357042213532204	TRUE	1	1
ENSMUSG00000138573	Gm72936	3	top_abs_beta_meta	4.977817758075086	TRUE	GSE119119	GSE119119_design__T=whole_liver__H=4__B=NA__G=TRIM21_KO_virus_only_whole_liver__VS=TRIM21_KO_uninfected_whole_liver	<upstream_project_root>/00_metadata/verified_metadata/splited/GSE119119_design/GSE119119_design__T=whole_liver__H=4__B=NA__G=TRIM21_KO_virus_only_whole_liver__VS=TRIM21_KO_uninfected_whole_liver.tsv	external	acute_main	whole liver	4	4	4	8.694617784859636	7.785271194554459	0.9093465903051774	-10.458729904017945	10.458729904017945	TRUE	1	1
ENSMUSG00000138573	Gm72936	3	top_abs_beta_meta	4.977817758075086	TRUE	GSE119119	GSE119119_design__T=whole_liver__H=4__B=NA__G=WT_virus_only_whole_liver__VS=WT_uninfected_whole_liver	<upstream_project_root>/00_metadata/verified_metadata/splited/GSE119119_design/GSE119119_design__T=whole_liver__H=4__B=NA__G=WT_virus_only_whole_liver__VS=WT_uninfected_whole_liver.tsv	external	acute_main	whole liver	4	4	4	9.606681809911851	8.666091660800836	0.94059014911101535	-9.790999303636205	9.790999303636205	TRUE	1	1
ENSMUSG00000138573	Gm72936	3	top_abs_beta_meta	4.977817758075086	TRUE	GSE119119	GSE119119_design__T=whole_liver__H=4__B=NA__G=WT_virus_plus_rh9C12_WT_whole_liver__VS=WT_uninfected_whole_liver	<upstream_project_root>/00_metadata/verified_metadata/splited/GSE119119_design/GSE119119_design__T=whole_liver__H=4__B=NA__G=WT_virus_plus_rh9C12_WT_whole_liver__VS=WT_uninfected_whole_liver.tsv	external	acute_main	whole liver	4	4	4	15.021082164906733	13.76300934140476	1.2580728235019727	-8.37538074614336	8.37538074614336	TRUE	1	1
ENSMUSG00000035385	Ccl2	4	top_abs_beta_meta	4.6635139717927325	TRUE	GSE119119	GSE119119_design__T=whole_liver__H=4__B=NA__G=GID00069418__VS=WT_uninfected_whole_liver	<upstream_project_root>/00_metadata/verified_metadata/splited/GSE119119_design/GSE119119_design__T=whole_liver__H=4__B=NA__G=GID00069418__VS=WT_uninfected_whole_liver.tsv	external	acute_main	whole liver	4	4	4	11.16068026745134	11.21024064216444	0.049560374713099264	0.44406231094743925	0.44406231094743925	TRUE	1	1
ENSMUSG00000035385	Ccl2	4	top_abs_beta_meta	4.6635139717927325	TRUE	GSE119119	GSE119119_design__T=whole_liver__H=4__B=NA__G=GID00088542__VS=TRIM21_KO_uninfected_whole_liver	<upstream_project_root>/00_metadata/verified_metadata/splited/GSE119119_design/GSE119119_design__T=whole_liver__H=4__B=NA__G=GID00088542__VS=TRIM21_KO_uninfected_whole_liver.tsv	external	acute_main	whole liver	4	4	4	10.144728497024794	10.19526180985523	0.05053331283043683	0.49812385659465447	0.49812385659465447	TRUE	1	1
ENSMUSG00000035385	Ccl2	4	top_abs_beta_meta	4.6635139717927325	TRUE	GSE119119	GSE119119_design__T=whole_liver__H=4__B=NA__G=GID00096342__VS=TRIM21_KO_uninfected_whole_liver	<upstream_project_root>/00_metadata/verified_metadata/splited/GSE119119_design/GSE119119_design__T=whole_liver__H=4__B=NA__G=GID00096342__VS=TRIM21_KO_uninfected_whole_liver.tsv	external	acute_main	whole liver	4	4	4	9.804251345714937	9.852897099990104	0.04864575427516726	0.4961700038058333	0.4961700038058333	TRUE	1	1
ENSMUSG00000035385	Ccl2	4	top_abs_beta_meta	4.6635139717927325	TRUE	GSE119119	GSE119119_design__T=whole_liver__H=4__B=NA__G=TRIM21_KO_virus_only_whole_liver__VS=TRIM21_KO_uninfected_whole_liver	<upstream_project_root>/00_metadata/verified_metadata/splited/GSE119119_design/GSE119119_design__T=whole_liver__H=4__B=NA__G=TRIM21_KO_virus_only_whole_liver__VS=TRIM21_KO_uninfected_whole_liver.tsv	external	acute_main	whole liver	4	4	4	8.694617784859636	8.734354526983925	0.03973674212428868	0.4570268999458978	0.4570268999458978	TRUE	1	1
ENSMUSG00000035385	Ccl2	4	top_abs_beta_meta	4.6635139717927325	TRUE	GSE119119	GSE119119_design__T=whole_liver__H=4__B=NA__G=WT_virus_only_whole_liver__VS=WT_uninfected_whole_liver	<upstream_project_root>/00_metadata/verified_metadata/splited/GSE119119_design/GSE119119_design__T=whole_liver__H=4__B=NA__G=WT_virus_only_whole_liver__VS=WT_uninfected_whole_liver.tsv	external	acute_main	whole liver	4	4	4	9.606681809911851	9.648340986174647	0.04165917626279558	0.4336479243000746	0.4336479243000746	TRUE	1	1
ENSMUSG00000035385	Ccl2	4	top_abs_beta_meta	4.6635139717927325	TRUE	GSE119119	GSE119119_design__T=whole_liver__H=4__B=NA__G=WT_virus_plus_rh9C12_WT_whole_liver__VS=WT_uninfected_whole_liver	<upstream_project_root>/00_metadata/verified_metadata/splited/GSE119119_design/GSE119119_design__T=whole_liver__H=4__B=NA__G=WT_virus_plus_rh9C12_WT_whole_liver__VS=WT_uninfected_whole_liver.tsv	external	acute_main	whole liver	4	4	4	15.021082164906733	15.09581045036095	0.07472828545421706	0.4974893595136729	0.4974893595136729	TRUE	1	1
ENSMUSG00000034855	Cxcl10	5	top_abs_beta_meta	4.612796832918611	TRUE	GSE119119	GSE119119_design__T=whole_liver__H=4__B=NA__G=GID00069418__VS=WT_uninfected_whole_liver	<upstream_project_root>/00_metadata/verified_metadata/splited/GSE119119_design/GSE119119_design__T=whole_liver__H=4__B=NA__G=GID00069418__VS=WT_uninfected_whole_liver.tsv	external	acute_main	whole liver	4	4	4	11.16068026745134	11.152054802242501	0.00862546520883889	-0.0772844038368694	0.0772844038368694	TRUE	1	1
ENSMUSG00000034855	Cxcl10	5	top_abs_beta_meta	4.612796832918611	TRUE	GSE119119	GSE119119_design__T=whole_liver__H=4__B=NA__G=GID00088542__VS=TRIM21_KO_uninfected_whole_liver	<upstream_project_root>/00_metadata/verified_metadata/splited/GSE119119_design/GSE119119_design__T=whole_liver__H=4__B=NA__G=GID00088542__VS=TRIM21_KO_uninfected_whole_liver.tsv	external	acute_main	whole liver	4	4	4	10.144728497024794	10.136441493156179	0.008287003868614917	-0.08168778367055655	0.08168778367055655	TRUE	1	1
ENSMUSG00000034855	Cxcl10	5	top_abs_beta_meta	4.612796832918611	TRUE	GSE119119	GSE119119_design__T=whole_liver__H=4__B=NA__G=GID00096342__VS=TRIM21_KO_uninfected_whole_liver	<upstream_project_root>/00_metadata/verified_metadata/splited/GSE119119_design/GSE119119_design__T=whole_liver__H=4__B=NA__G=GID00096342__VS=TRIM21_KO_uninfected_whole_liver.tsv	external	acute_main	whole liver	4	4	4	9.804251345714937	9.786771171452305	0.01748017426263182	-0.17829178023135583	0.17829178023135583	TRUE	1	1
ENSMUSG00000034855	Cxcl10	5	top_abs_beta_meta	4.612796832918611	TRUE	GSE119119	GSE119119_design__T=whole_liver__H=4__B=NA__G=TRIM21_KO_virus_only_whole_liver__VS=TRIM21_KO_uninfected_whole_liver	<upstream_project_root>/00_metadata/verified_metadata/splited/GSE119119_design/GSE119119_design__T=whole_liver__H=4__B=NA__G=TRIM21_KO_virus_only_whole_liver__VS=TRIM21_KO_uninfected_whole_liver.tsv	external	acute_main	whole liver	4	4	4	8.694617784859636	8.689785962669141	0.004831822190494606	-0.055572565810868585	0.055572565810868585	TRUE	1	1
ENSMUSG00000034855	Cxcl10	5	top_abs_beta_meta	4.612796832918611	TRUE	GSE119119	GSE119119_design__T=whole_liver__H=4__B=NA__G=WT_virus_only_whole_liver__VS=WT_uninfected_whole_liver	<upstream_project_root>/00_metadata/verified_metadata/splited/GSE119119_design/GSE119119_design__T=whole_liver__H=4__B=NA__G=WT_virus_only_whole_liver__VS=WT_uninfected_whole_liver.tsv	external	acute_main	whole liver	4	4	4	9.606681809911851	9.600929161358216	0.005752648553634998	-0.05988174343090669	0.05988174343090669	TRUE	1	1
ENSMUSG00000034855	Cxcl10	5	top_abs_beta_meta	4.612796832918611	TRUE	GSE119119	GSE119119_design__T=whole_liver__H=4__B=NA__G=WT_virus_plus_rh9C12_WT_whole_liver__VS=WT_uninfected_whole_liver	<upstream_project_root>/00_metadata/verified_metadata/splited/GSE119119_design/GSE119119_design__T=whole_liver__H=4__B=NA__G=WT_virus_plus_rh9C12_WT_whole_liver__VS=WT_uninfected_whole_liver.tsv	external	acute_main	whole liver	4	4	4	15.021082164906733	15.017046625312002	0.004035539594731574	-0.026865837963124084	0.026865837963124084	TRUE	1	1
ENSMUSG00000085295	4930430E12Rik	6	top_abs_beta_meta	4.495088843307157	TRUE	GSE119119	GSE119119_design__T=whole_liver__H=4__B=NA__G=GID00069418__VS=WT_uninfected_whole_liver	<upstream_project_root>/00_metadata/verified_metadata/splited/GSE119119_design/GSE119119_design__T=whole_liver__H=4__B=NA__G=GID00069418__VS=WT_uninfected_whole_liver.tsv	external	acute_main	whole liver	4	4	4	11.16068026745134	11.138416775472203	0.02226349197913713	-0.1994814961599221	0.1994814961599221	TRUE	1	1
ENSMUSG00000085295	4930430E12Rik	6	top_abs_beta_meta	4.495088843307157	TRUE	GSE119119	GSE119119_design__T=whole_liver__H=4__B=NA__G=GID00088542__VS=TRIM21_KO_uninfected_whole_liver	<upstream_project_root>/00_metadata/verified_metadata/splited/GSE119119_design/GSE119119_design__T=whole_liver__H=4__B=NA__G=GID00088542__VS=TRIM21_KO_uninfected_whole_liver.tsv	external	acute_main	whole liver	4	4	4	10.144728497024794	10.132906226333244	0.011822270691549619	-0.11653609749158697	0.11653609749158697	TRUE	1	1
ENSMUSG00000085295	4930430E12Rik	6	top_abs_beta_meta	4.495088843307157	TRUE	GSE119119	GSE119119_design__T=whole_liver__H=4__B=NA__G=GID00096342__VS=TRIM21_KO_uninfected_whole_liver	<upstream_project_root>/00_metadata/verified_metadata/splited/GSE119119_design/GSE119119_design__T=whole_liver__H=4__B=NA__G=GID00096342__VS=TRIM21_KO_uninfected_whole_liver.tsv	external	acute_main	whole liver	4	4	4	9.804251345714937	9.793807415497264	0.010443930217672204	-0.10652450502747307	0.10652450502747307	TRUE	1	1
ENSMUSG00000085295	4930430E12Rik	6	top_abs_beta_meta	4.495088843307157	TRUE	GSE119119	GSE119119_design__T=whole_liver__H=4__B=NA__G=TRIM21_KO_virus_only_whole_liver__VS=TRIM21_KO_uninfected_whole_liver	<upstream_project_root>/00_metadata/verified_metadata/splited/GSE119119_design/GSE119119_design__T=whole_liver__H=4__B=NA__G=TRIM21_KO_virus_only_whole_liver__VS=TRIM21_KO_uninfected_whole_liver.tsv	external	acute_main	whole liver	4	4	4	8.694617784859636	8.7083472374687	0.013729452609064552	0.1579074888487027	0.1579074888487027	TRUE	1	1
ENSMUSG00000085295	4930430E12Rik	6	top_abs_beta_meta	4.495088843307157	TRUE	GSE119119	GSE119119_design__T=whole_liver__H=4__B=NA__G=WT_virus_only_whole_liver__VS=WT_uninfected_whole_liver	<upstream_project_root>/00_metadata/verified_metadata/splited/GSE119119_design/GSE119119_design__T=whole_liver__H=4__B=NA__G=WT_virus_only_whole_liver__VS=WT_uninfected_whole_liver.tsv	external	acute_main	whole liver	4	4	4	9.606681809911851	9.592193860731225	0.014487949180626458	-0.15081116942666176	0.15081116942666176	TRUE	1	1
ENSMUSG00000085295	4930430E12Rik	6	top_abs_beta_meta	4.495088843307157	TRUE	GSE119119	GSE119119_design__T=whole_liver__H=4__B=NA__G=WT_virus_plus_rh9C12_WT_whole_liver__VS=WT_uninfected_whole_liver	<upstream_project_root>/00_metadata/verified_metadata/splited/GSE119119_design/GSE119119_design__T=whole_liver__H=4__B=NA__G=WT_virus_plus_rh9C12_WT_whole_liver__VS=WT_uninfected_whole_liver.tsv	external	acute_main	whole liver	4	4	4	15.021082164906733	14.986006086719284	0.03507607818744951	-0.23351232489358598	0.23351232489358598	TRUE	1	1
ENSMUSG00000052485	Tmem171	7	top_abs_beta_meta	4.404983306498316	TRUE	GSE119119	GSE119119_design__T=whole_liver__H=4__B=NA__G=GID00069418__VS=WT_uninfected_whole_liver	<upstream_project_root>/00_metadata/verified_metadata/splited/GSE119119_design/GSE119119_design__T=whole_liver__H=4__B=NA__G=GID00069418__VS=WT_uninfected_whole_liver.tsv	external	acute_main	whole liver	4	4	4	11.16068026745134	11.219045678734158	0.0583654112828178	0.5229556790819719	0.5229556790819719	TRUE	1	1
ENSMUSG00000052485	Tmem171	7	top_abs_beta_meta	4.404983306498316	TRUE	GSE119119	GSE119119_design__T=whole_liver__H=4__B=NA__G=GID00088542__VS=TRIM21_KO_uninfected_whole_liver	<upstream_project_root>/00_metadata/verified_metadata/splited/GSE119119_design/GSE119119_design__T=whole_liver__H=4__B=NA__G=GID00088542__VS=TRIM21_KO_uninfected_whole_liver.tsv	external	acute_main	whole liver	4	4	4	10.144728497024794	10.19084335990037	0.046114862875576534	0.4545697096684344	0.4545697096684344	TRUE	1	1
ENSMUSG00000052485	Tmem171	7	top_abs_beta_meta	4.404983306498316	TRUE	GSE119119	GSE119119_design__T=whole_liver__H=4__B=NA__G=GID00096342__VS=TRIM21_KO_uninfected_whole_liver	<upstream_project_root>/00_metadata/verified_metadata/splited/GSE119119_design/GSE119119_design__T=whole_liver__H=4__B=NA__G=GID00096342__VS=TRIM21_KO_uninfected_whole_liver.tsv	external	acute_main	whole liver	4	4	4	9.804251345714937	9.854285058140515	0.05003371242557897	0.5103267007474955	0.5103267007474955	TRUE	1	1
ENSMUSG00000052485	Tmem171	7	top_abs_beta_meta	4.404983306498316	TRUE	GSE119119	GSE119119_design__T=whole_liver__H=4__B=NA__G=TRIM21_KO_virus_only_whole_liver__VS=TRIM21_KO_uninfected_whole_liver	<upstream_project_root>/00_metadata/verified_metadata/splited/GSE119119_design/GSE119119_design__T=whole_liver__H=4__B=NA__G=TRIM21_KO_virus_only_whole_liver__VS=TRIM21_KO_uninfected_whole_liver.tsv	external	acute_main	whole liver	4	4	4	8.694617784859636	8.736523759059898	0.04190597420026165	0.48197603663768385	0.48197603663768385	TRUE	1	1
ENSMUSG00000052485	Tmem171	7	top_abs_beta_meta	4.404983306498316	TRUE	GSE119119	GSE119119_design__T=whole_liver__H=4__B=NA__G=WT_virus_only_whole_liver__VS=WT_uninfected_whole_liver	<upstream_project_root>/00_metadata/verified_metadata/splited/GSE119119_design/GSE119119_design__T=whole_liver__H=4__B=NA__G=WT_virus_only_whole_liver__VS=WT_uninfected_whole_liver.tsv	external	acute_main	whole liver	4	4	4	9.606681809911851	9.655084456819615	0.04840264690776408	0.503843552493056	0.503843552493056	TRUE	1	1
ENSMUSG00000052485	Tmem171	7	top_abs_beta_meta	4.404983306498316	TRUE	GSE119119	GSE119119_design__T=whole_liver__H=4__B=NA__G=WT_virus_plus_rh9C12_WT_whole_liver__VS=WT_uninfected_whole_liver	<upstream_project_root>/00_metadata/verified_metadata/splited/GSE119119_design/GSE119119_design__T=whole_liver__H=4__B=NA__G=WT_virus_plus_rh9C12_WT_whole_liver__VS=WT_uninfected_whole_liver.tsv	external	acute_main	whole liver	4	4	4	15.021082164906733	15.089496637446674	0.06841447253994026	0.4554563498745435	0.4554563498745435	TRUE	1	1
ENSMUSG00000040026	Saa3	8	top_abs_beta_meta	4.397792528205895	TRUE	GSE119119	GSE119119_design__T=whole_liver__H=4__B=NA__G=GID00069418__VS=WT_uninfected_whole_liver	<upstream_project_root>/00_metadata/verified_metadata/splited/GSE119119_design/GSE119119_design__T=whole_liver__H=4__B=NA__G=GID00069418__VS=WT_uninfected_whole_liver.tsv	external	acute_main	whole liver	4	4	4	11.16068026745134	10.92763320314839	0.23304706430294964	-2.0881080607837212	2.0881080607837212	TRUE	1	1
ENSMUSG00000040026	Saa3	8	top_abs_beta_meta	4.397792528205895	TRUE	GSE119119	GSE119119_design__T=whole_liver__H=4__B=NA__G=GID00088542__VS=TRIM21_KO_uninfected_whole_liver	<upstream_project_root>/00_metadata/verified_metadata/splited/GSE119119_design/GSE119119_design__T=whole_liver__H=4__B=NA__G=GID00088542__VS=TRIM21_KO_uninfected_whole_liver.tsv	external	acute_main	whole liver	4	4	4	10.144728497024794	9.936790352513523	0.2079381445112709	-2.0497162104659004	2.0497162104659004	TRUE	1	1
ENSMUSG00000040026	Saa3	8	top_abs_beta_meta	4.397792528205895	TRUE	GSE119119	GSE119119_design__T=whole_liver__H=4__B=NA__G=GID00096342__VS=TRIM21_KO_uninfected_whole_liver	<upstream_project_root>/00_metadata/verified_metadata/splited/GSE119119_design/GSE119119_design__T=whole_liver__H=4__B=NA__G=GID00096342__VS=TRIM21_KO_uninfected_whole_liver.tsv	external	acute_main	whole liver	4	4	4	9.804251345714937	9.60607427931427	0.19817706640066568	-2.021338085006167	2.021338085006167	TRUE	1	1
ENSMUSG00000040026	Saa3	8	top_abs_beta_meta	4.397792528205895	TRUE	GSE119119	GSE119119_design__T=whole_liver__H=4__B=NA__G=TRIM21_KO_virus_only_whole_liver__VS=TRIM21_KO_uninfected_whole_liver	<upstream_project_root>/00_metadata/verified_metadata/splited/GSE119119_design/GSE119119_design__T=whole_liver__H=4__B=NA__G=TRIM21_KO_virus_only_whole_liver__VS=TRIM21_KO_uninfected_whole_liver.tsv	external	acute_main	whole liver	4	4	4	8.694617784859636	8.501853481442211	0.1927643034174249	-2.217053218292066	2.217053218292066	TRUE	1	1
ENSMUSG00000040026	Saa3	8	top_abs_beta_meta	4.397792528205895	TRUE	GSE119119	GSE119119_design__T=whole_liver__H=4__B=NA__G=WT_virus_only_whole_liver__VS=WT_uninfected_whole_liver	<upstream_project_root>/00_metadata/verified_metadata/splited/GSE119119_design/GSE119119_design__T=whole_liver__H=4__B=NA__G=WT_virus_only_whole_liver__VS=WT_uninfected_whole_liver.tsv	external	acute_main	whole liver	4	4	4	9.606681809911851	9.390036858826406	0.21664495108544557	-2.2551486077317415	2.2551486077317415	TRUE	1	1
ENSMUSG00000040026	Saa3	8	top_abs_beta_meta	4.397792528205895	TRUE	GSE119119	GSE119119_design__T=whole_liver__H=4__B=NA__G=WT_virus_plus_rh9C12_WT_whole_liver__VS=WT_uninfected_whole_liver	<upstream_project_root>/00_metadata/verified_metadata/splited/GSE119119_design/GSE119119_design__T=whole_liver__H=4__B=NA__G=WT_virus_plus_rh9C12_WT_whole_liver__VS=WT_uninfected_whole_liver.tsv	external	acute_main	whole liver	4	4	4	15.021082164906733	14.74018583307151	0.28089633183522267	-1.8700139494042023	1.8700139494042023	TRUE	1	1
ENSMUSG00000134421	Gm67078	9	top_abs_beta_meta	4.366412049518441	TRUE	GSE119119	GSE119119_design__T=whole_liver__H=4__B=NA__G=GID00069418__VS=WT_uninfected_whole_liver	<upstream_project_root>/00_metadata/verified_metadata/splited/GSE119119_design/GSE119119_design__T=whole_liver__H=4__B=NA__G=GID00069418__VS=WT_uninfected_whole_liver.tsv	external	acute_main	whole liver	4	4	4	11.16068026745134	11.142755427994748	0.017924839456592068	-0.16060705106719625	0.16060705106719625	TRUE	1	1
ENSMUSG00000134421	Gm67078	9	top_abs_beta_meta	4.366412049518441	TRUE	GSE119119	GSE119119_design__T=whole_liver__H=4__B=NA__G=GID00088542__VS=TRIM21_KO_uninfected_whole_liver	<upstream_project_root>/00_metadata/verified_metadata/splited/GSE119119_design/GSE119119_design__T=whole_liver__H=4__B=NA__G=GID00088542__VS=TRIM21_KO_uninfected_whole_liver.tsv	external	acute_main	whole liver	4	4	4	10.144728497024794	10.141374607767421	0.0033538892573723444	-0.03306041416836301	0.03306041416836301	TRUE	1	1
ENSMUSG00000134421	Gm67078	9	top_abs_beta_meta	4.366412049518441	TRUE	GSE119119	GSE119119_design__T=whole_liver__H=4__B=NA__G=GID00096342__VS=TRIM21_KO_uninfected_whole_liver	<upstream_project_root>/00_metadata/verified_metadata/splited/GSE119119_design/GSE119119_design__T=whole_liver__H=4__B=NA__G=GID00096342__VS=TRIM21_KO_uninfected_whole_liver.tsv	external	acute_main	whole liver	4	4	4	9.804251345714937	9.79522283148282	0.009028514232117146	-0.09208774758781725	0.09208774758781725	TRUE	1	1
ENSMUSG00000134421	Gm67078	9	top_abs_beta_meta	4.366412049518441	TRUE	GSE119119	GSE119119_design__T=whole_liver__H=4__B=NA__G=TRIM21_KO_virus_only_whole_liver__VS=TRIM21_KO_uninfected_whole_liver	<upstream_project_root>/00_metadata/verified_metadata/splited/GSE119119_design/GSE119119_design__T=whole_liver__H=4__B=NA__G=TRIM21_KO_virus_only_whole_liver__VS=TRIM21_KO_uninfected_whole_liver.tsv	external	acute_main	whole liver	4	4	4	8.694617784859636	8.686911934766396	0.007705850093239874	-0.08862781877149849	0.08862781877149849	TRUE	1	1
ENSMUSG00000134421	Gm67078	9	top_abs_beta_meta	4.366412049518441	TRUE	GSE119119	GSE119119_design__T=whole_liver__H=4__B=NA__G=WT_virus_only_whole_liver__VS=WT_uninfected_whole_liver	<upstream_project_root>/00_metadata/verified_metadata/splited/GSE119119_design/GSE119119_design__T=whole_liver__H=4__B=NA__G=WT_virus_only_whole_liver__VS=WT_uninfected_whole_liver.tsv	external	acute_main	whole liver	4	4	4	9.606681809911851	9.590825547837431	0.015856262074420258	-0.1650545150570127	0.1650545150570127	TRUE	1	1
ENSMUSG00000134421	Gm67078	9	top_abs_beta_meta	4.366412049518441	TRUE	GSE119119	GSE119119_design__T=whole_liver__H=4__B=NA__G=WT_virus_plus_rh9C12_WT_whole_liver__VS=WT_uninfected_whole_liver	<upstream_project_root>/00_metadata/verified_metadata/splited/GSE119119_design/GSE119119_design__T=whole_liver__H=4__B=NA__G=WT_virus_plus_rh9C12_WT_whole_liver__VS=WT_uninfected_whole_liver.tsv	external	acute_main	whole liver	4	4	4	15.021082164906733	15.014091541221537	0.006990623685195985	-0.04653874872962183	0.04653874872962183	TRUE	1	1
ENSMUSG00000055110	A630012P03Rik	10	top_abs_beta_meta	4.36126211559667	TRUE	GSE119119	GSE119119_design__T=whole_liver__H=4__B=NA__G=GID00069418__VS=WT_uninfected_whole_liver	<upstream_project_root>/00_metadata/verified_metadata/splited/GSE119119_design/GSE119119_design__T=whole_liver__H=4__B=NA__G=GID00069418__VS=WT_uninfected_whole_liver.tsv	external	acute_main	whole liver	4	4	4	11.16068026745134	11.16068026745134	0	0	0	TRUE	1	1
ENSMUSG00000055110	A630012P03Rik	10	top_abs_beta_meta	4.36126211559667	TRUE	GSE119119	GSE119119_design__T=whole_liver__H=4__B=NA__G=GID00088542__VS=TRIM21_KO_uninfected_whole_liver	<upstream_project_root>/00_metadata/verified_metadata/splited/GSE119119_design/GSE119119_design__T=whole_liver__H=4__B=NA__G=GID00088542__VS=TRIM21_KO_uninfected_whole_liver.tsv	external	acute_main	whole liver	4	4	4	10.144728497024794	10.144728497024794	0	0	0	TRUE	1	1
ENSMUSG00000055110	A630012P03Rik	10	top_abs_beta_meta	4.36126211559667	TRUE	GSE119119	GSE119119_design__T=whole_liver__H=4__B=NA__G=GID00096342__VS=TRIM21_KO_uninfected_whole_liver	<upstream_project_root>/00_metadata/verified_metadata/splited/GSE119119_design/GSE119119_design__T=whole_liver__H=4__B=NA__G=GID00096342__VS=TRIM21_KO_uninfected_whole_liver.tsv	external	acute_main	whole liver	4	4	4	9.804251345714937	9.804251345714937	0	0	0	TRUE	1	1
ENSMUSG00000055110	A630012P03Rik	10	top_abs_beta_meta	4.36126211559667	TRUE	GSE119119	GSE119119_design__T=whole_liver__H=4__B=NA__G=TRIM21_KO_virus_only_whole_liver__VS=TRIM21_KO_uninfected_whole_liver	<upstream_project_root>/00_metadata/verified_metadata/splited/GSE119119_design/GSE119119_design__T=whole_liver__H=4__B=NA__G=TRIM21_KO_virus_only_whole_liver__VS=TRIM21_KO_uninfected_whole_liver.tsv	external	acute_main	whole liver	4	4	4	8.694617784859636	8.61817644851381	0.07644133634582673	-0.8791799506004482	0.8791799506004482	TRUE	1	1
ENSMUSG00000055110	A630012P03Rik	10	top_abs_beta_meta	4.36126211559667	TRUE	GSE119119	GSE119119_design__T=whole_liver__H=4__B=NA__G=WT_virus_only_whole_liver__VS=WT_uninfected_whole_liver	<upstream_project_root>/00_metadata/verified_metadata/splited/GSE119119_design/GSE119119_design__T=whole_liver__H=4__B=NA__G=WT_virus_only_whole_liver__VS=WT_uninfected_whole_liver.tsv	external	acute_main	whole liver	4	4	4	9.606681809911851	9.606681809911851	0	0	0	TRUE	1	1
ENSMUSG00000055110	A630012P03Rik	10	top_abs_beta_meta	4.36126211559667	TRUE	GSE119119	GSE119119_design__T=whole_liver__H=4__B=NA__G=WT_virus_plus_rh9C12_WT_whole_liver__VS=WT_uninfected_whole_liver	<upstream_project_root>/00_metadata/verified_metadata/splited/GSE119119_design/GSE119119_design__T=whole_liver__H=4__B=NA__G=WT_virus_plus_rh9C12_WT_whole_liver__VS=WT_uninfected_whole_liver.tsv	external	acute_main	whole liver	4	4	4	15.021082164906733	15.021082164906733	0	0	0	TRUE	1	1
ENSMUSG00000050578	Mmp13	11	top_abs_beta_meta	4.342772097488057	TRUE	GSE119119	GSE119119_design__T=whole_liver__H=4__B=NA__G=GID00069418__VS=WT_uninfected_whole_liver	<upstream_project_root>/00_metadata/verified_metadata/splited/GSE119119_design/GSE119119_design__T=whole_liver__H=4__B=NA__G=GID00069418__VS=WT_uninfected_whole_liver.tsv	external	acute_main	whole liver	4	4	4	11.16068026745134	11.199881079693542	0.03920081224220162	0.35124034828347916	0.35124034828347916	TRUE	1	1
ENSMUSG00000050578	Mmp13	11	top_abs_beta_meta	4.342772097488057	TRUE	GSE119119	GSE119119_design__T=whole_liver__H=4__B=NA__G=GID00088542__VS=TRIM21_KO_uninfected_whole_liver	<upstream_project_root>/00_metadata/verified_metadata/splited/GSE119119_design/GSE119119_design__T=whole_liver__H=4__B=NA__G=GID00088542__VS=TRIM21_KO_uninfected_whole_liver.tsv	external	acute_main	whole liver	4	4	4	10.144728497024794	10.186238064642799	0.041509567618005505	0.4091737657659273	0.4091737657659273	TRUE	1	1
ENSMUSG00000050578	Mmp13	11	top_abs_beta_meta	4.342772097488057	TRUE	GSE119119	GSE119119_design__T=whole_liver__H=4__B=NA__G=GID00096342__VS=TRIM21_KO_uninfected_whole_liver	<upstream_project_root>/00_metadata/verified_metadata/splited/GSE119119_design/GSE119119_design__T=whole_liver__H=4__B=NA__G=GID00096342__VS=TRIM21_KO_uninfected_whole_liver.tsv	external	acute_main	whole liver	4	4	4	9.804251345714937	9.82080403029723	0.016552684582293864	0.16883170370299014	0.16883170370299014	TRUE	1	1
ENSMUSG00000050578	Mmp13	11	top_abs_beta_meta	4.342772097488057	TRUE	GSE119119	GSE119119_design__T=whole_liver__H=4__B=NA__G=TRIM21_KO_virus_only_whole_liver__VS=TRIM21_KO_uninfected_whole_liver	<upstream_project_root>/00_metadata/verified_metadata/splited/GSE119119_design/GSE119119_design__T=whole_liver__H=4__B=NA__G=TRIM21_KO_virus_only_whole_liver__VS=TRIM21_KO_uninfected_whole_liver.tsv	external	acute_main	whole liver	4	4	4	8.694617784859636	8.716518811038528	0.02190102617889167	0.251891764776929	0.251891764776929	TRUE	1	1
ENSMUSG00000050578	Mmp13	11	top_abs_beta_meta	4.342772097488057	TRUE	GSE119119	GSE119119_design__T=whole_liver__H=4__B=NA__G=WT_virus_only_whole_liver__VS=WT_uninfected_whole_liver	<upstream_project_root>/00_metadata/verified_metadata/splited/GSE119119_design/GSE119119_design__T=whole_liver__H=4__B=NA__G=WT_virus_only_whole_liver__VS=WT_uninfected_whole_liver.tsv	external	acute_main	whole liver	4	4	4	9.606681809911851	9.636287161744244	0.029605351832392657	0.3081745853375392	0.3081745853375392	TRUE	1	1
ENSMUSG00000050578	Mmp13	11	top_abs_beta_meta	4.342772097488057	TRUE	GSE119119	GSE119119_design__T=whole_liver__H=4__B=NA__G=WT_virus_plus_rh9C12_WT_whole_liver__VS=WT_uninfected_whole_liver	<upstream_project_root>/00_metadata/verified_metadata/splited/GSE119119_design/GSE119119_design__T=whole_liver__H=4__B=NA__G=WT_virus_plus_rh9C12_WT_whole_liver__VS=WT_uninfected_whole_liver.tsv	external	acute_main	whole liver	4	4	4	15.021082164906733	15.064059883021546	0.042977718114812546	0.2861159911315843	0.2861159911315843	TRUE	1	1
ENSMUSG00000111078	Gm35028	12	top_abs_beta_meta	4.2332077695080725	TRUE	GSE119119	GSE119119_design__T=whole_liver__H=4__B=NA__G=GID00069418__VS=WT_uninfected_whole_liver	<upstream_project_root>/00_metadata/verified_metadata/splited/GSE119119_design/GSE119119_design__T=whole_liver__H=4__B=NA__G=GID00069418__VS=WT_uninfected_whole_liver.tsv	external	acute_main	whole liver	4	4	4	11.16068026745134	11.173105845763299	0.012425578311958674	0.11133352102376988	0.11133352102376988	TRUE	1	1
ENSMUSG00000111078	Gm35028	12	top_abs_beta_meta	4.2332077695080725	TRUE	GSE119119	GSE119119_design__T=whole_liver__H=4__B=NA__G=GID00088542__VS=TRIM21_KO_uninfected_whole_liver	<upstream_project_root>/00_metadata/verified_metadata/splited/GSE119119_design/GSE119119_design__T=whole_liver__H=4__B=NA__G=GID00088542__VS=TRIM21_KO_uninfected_whole_liver.tsv	external	acute_main	whole liver	4	4	4	10.144728497024794	10.141828613906528	0.0028998831182658336	-0.02858512299384158	0.02858512299384158	TRUE	1	1
ENSMUSG00000111078	Gm35028	12	top_abs_beta_meta	4.2332077695080725	TRUE	GSE119119	GSE119119_design__T=whole_liver__H=4__B=NA__G=GID00096342__VS=TRIM21_KO_uninfected_whole_liver	<upstream_project_root>/00_metadata/verified_metadata/splited/GSE119119_design/GSE119119_design__T=whole_liver__H=4__B=NA__G=GID00096342__VS=TRIM21_KO_uninfected_whole_liver.tsv	external	acute_main	whole liver	4	4	4	9.804251345714937	9.790939656894016	0.013311688820920153	-0.1357746588854863	0.1357746588854863	TRUE	1	1
ENSMUSG00000111078	Gm35028	12	top_abs_beta_meta	4.2332077695080725	TRUE	GSE119119	GSE119119_design__T=whole_liver__H=4__B=NA__G=TRIM21_KO_virus_only_whole_liver__VS=TRIM21_KO_uninfected_whole_liver	<upstream_project_root>/00_metadata/verified_metadata/splited/GSE119119_design/GSE119119_design__T=whole_liver__H=4__B=NA__G=TRIM21_KO_virus_only_whole_liver__VS=TRIM21_KO_uninfected_whole_liver.tsv	external	acute_main	whole liver	4	4	4	8.694617784859636	8.69492796331316	3.1017845352465656e-4	0.0035674765837871046	0.0035674765837871046	TRUE	1	1
ENSMUSG00000111078	Gm35028	12	top_abs_beta_meta	4.2332077695080725	TRUE	GSE119119	GSE119119_design__T=whole_liver__H=4__B=NA__G=WT_virus_only_whole_liver__VS=WT_uninfected_whole_liver	<upstream_project_root>/00_metadata/verified_metadata/splited/GSE119119_design/GSE119119_design__T=whole_liver__H=4__B=NA__G=WT_virus_only_whole_liver__VS=WT_uninfected_whole_liver.tsv	external	acute_main	whole liver	4	4	4	9.606681809911851	9.614610798159983	0.00792898824813193	0.0825361805982901	0.0825361805982901	TRUE	1	1
ENSMUSG00000111078	Gm35028	12	top_abs_beta_meta	4.2332077695080725	TRUE	GSE119119	GSE119119_design__T=whole_liver__H=4__B=NA__G=WT_virus_plus_rh9C12_WT_whole_liver__VS=WT_uninfected_whole_liver	<upstream_project_root>/00_metadata/verified_metadata/splited/GSE119119_design/GSE119119_design__T=whole_liver__H=4__B=NA__G=WT_virus_plus_rh9C12_WT_whole_liver__VS=WT_uninfected_whole_liver.tsv	external	acute_main	whole liver	4	4	4	15.021082164906733	15.010414046544577	0.01066811836215642	-0.07102097069330995	0.07102097069330995	TRUE	1	1
ENSMUSG00000138247	Gm60893	13	top_abs_beta_meta	4.118168331717115	TRUE	GSE119119	GSE119119_design__T=whole_liver__H=4__B=NA__G=GID00069418__VS=WT_uninfected_whole_liver	<upstream_project_root>/00_metadata/verified_metadata/splited/GSE119119_design/GSE119119_design__T=whole_liver__H=4__B=NA__G=GID00069418__VS=WT_uninfected_whole_liver.tsv	external	acute_main	whole liver	4	4	4	11.16068026745134	10.893414259223679	0.26726600822766144	-2.394710732885232	2.394710732885232	TRUE	1	1
ENSMUSG00000138247	Gm60893	13	top_abs_beta_meta	4.118168331717115	TRUE	GSE119119	GSE119119_design__T=whole_liver__H=4__B=NA__G=GID00088542__VS=TRIM21_KO_uninfected_whole_liver	<upstream_project_root>/00_metadata/verified_metadata/splited/GSE119119_design/GSE119119_design__T=whole_liver__H=4__B=NA__G=GID00088542__VS=TRIM21_KO_uninfected_whole_liver.tsv	external	acute_main	whole liver	4	4	4	10.144728497024794	9.85307972489059	0.29164877213420404	-2.874880014972679	2.874880014972679	TRUE	1	1
ENSMUSG00000138247	Gm60893	13	top_abs_beta_meta	4.118168331717115	TRUE	GSE119119	GSE119119_design__T=whole_liver__H=4__B=NA__G=GID00096342__VS=TRIM21_KO_uninfected_whole_liver	<upstream_project_root>/00_metadata/verified_metadata/splited/GSE119119_design/GSE119119_design__T=whole_liver__H=4__B=NA__G=GID00096342__VS=TRIM21_KO_uninfected_whole_liver.tsv	external	acute_main	whole liver	4	4	4	9.804251345714937	9.484467378256602	0.31978396745833493	-3.2616867538601024	3.2616867538601024	TRUE	1	1
ENSMUSG00000138247	Gm60893	13	top_abs_beta_meta	4.118168331717115	TRUE	GSE119119	GSE119119_design__T=whole_liver__H=4__B=NA__G=TRIM21_KO_virus_only_whole_liver__VS=TRIM21_KO_uninfected_whole_liver	<upstream_project_root>/00_metadata/verified_metadata/splited/GSE119119_design/GSE119119_design__T=whole_liver__H=4__B=NA__G=TRIM21_KO_virus_only_whole_liver__VS=TRIM21_KO_uninfected_whole_liver.tsv	external	acute_main	whole liver	4	4	4	8.694617784859636	8.404277906364648	0.2903398784949882	-3.339305828952841	3.339305828952841	TRUE	1	1
ENSMUSG00000138247	Gm60893	13	top_abs_beta_meta	4.118168331717115	TRUE	GSE119119	GSE119119_design__T=whole_liver__H=4__B=NA__G=WT_virus_only_whole_liver__VS=WT_uninfected_whole_liver	<upstream_project_root>/00_metadata/verified_metadata/splited/GSE119119_design/GSE119119_design__T=whole_liver__H=4__B=NA__G=WT_virus_only_whole_liver__VS=WT_uninfected_whole_liver.tsv	external	acute_main	whole liver	4	4	4	9.606681809911851	9.38283021930502	0.2238515906068308	-2.3301655559765524	2.3301655559765524	TRUE	1	1
ENSMUSG00000138247	Gm60893	13	top_abs_beta_meta	4.118168331717115	TRUE	GSE119119	GSE119119_design__T=whole_liver__H=4__B=NA__G=WT_virus_plus_rh9C12_WT_whole_liver__VS=WT_uninfected_whole_liver	<upstream_project_root>/00_metadata/verified_metadata/splited/GSE119119_design/GSE119119_design__T=whole_liver__H=4__B=NA__G=WT_virus_plus_rh9C12_WT_whole_liver__VS=WT_uninfected_whole_liver.tsv	external	acute_main	whole liver	4	4	4	15.021082164906733	14.656983697614375	0.36409846729235795	-2.4239163549946445	2.4239163549946445	TRUE	1	1
ENSMUSG00000035373	Ccl7	14	top_abs_beta_meta	4.080173963641654	TRUE	GSE119119	GSE119119_design__T=whole_liver__H=4__B=NA__G=GID00069418__VS=WT_uninfected_whole_liver	<upstream_project_root>/00_metadata/verified_metadata/splited/GSE119119_design/GSE119119_design__T=whole_liver__H=4__B=NA__G=GID00069418__VS=WT_uninfected_whole_liver.tsv	external	acute_main	whole liver	4	4	4	11.16068026745134	11.074191651514264	0.08648861593707657	-0.7749403608426028	0.7749403608426028	TRUE	1	1
ENSMUSG00000035373	Ccl7	14	top_abs_beta_meta	4.080173963641654	TRUE	GSE119119	GSE119119_design__T=whole_liver__H=4__B=NA__G=GID00088542__VS=TRIM21_KO_uninfected_whole_liver	<upstream_project_root>/00_metadata/verified_metadata/splited/GSE119119_design/GSE119119_design__T=whole_liver__H=4__B=NA__G=GID00088542__VS=TRIM21_KO_uninfected_whole_liver.tsv	external	acute_main	whole liver	4	4	4	10.144728497024794	10.056517636948032	0.08821086007676193	-0.869524109025018	0.869524109025018	TRUE	1	1
ENSMUSG00000035373	Ccl7	14	top_abs_beta_meta	4.080173963641654	TRUE	GSE119119	GSE119119_design__T=whole_liver__H=4__B=NA__G=GID00096342__VS=TRIM21_KO_uninfected_whole_liver	<upstream_project_root>/00_metadata/verified_metadata/splited/GSE119119_design/GSE119119_design__T=whole_liver__H=4__B=NA__G=GID00096342__VS=TRIM21_KO_uninfected_whole_liver.tsv	external	acute_main	whole liver	4	4	4	9.804251345714937	9.718808950247837	0.08544239546709953	-0.8714831194575926	0.8714831194575926	TRUE	1	1
ENSMUSG00000035373	Ccl7	14	top_abs_beta_meta	4.080173963641654	TRUE	GSE119119	GSE119119_design__T=whole_liver__H=4__B=NA__G=TRIM21_KO_virus_only_whole_liver__VS=TRIM21_KO_uninfected_whole_liver	<upstream_project_root>/00_metadata/verified_metadata/splited/GSE119119_design/GSE119119_design__T=whole_liver__H=4__B=NA__G=TRIM21_KO_virus_only_whole_liver__VS=TRIM21_KO_uninfected_whole_liver.tsv	external	acute_main	whole liver	4	4	4	8.694617784859636	8.620610771767312	0.0740070130923236	-0.8511819026846199	0.8511819026846199	TRUE	1	1
ENSMUSG00000035373	Ccl7	14	top_abs_beta_meta	4.080173963641654	TRUE	GSE119119	GSE119119_design__T=whole_liver__H=4__B=NA__G=WT_virus_only_whole_liver__VS=WT_uninfected_whole_liver	<upstream_project_root>/00_metadata/verified_metadata/splited/GSE119119_design/GSE119119_design__T=whole_liver__H=4__B=NA__G=WT_virus_only_whole_liver__VS=WT_uninfected_whole_liver.tsv	external	acute_main	whole liver	4	4	4	9.606681809911851	9.536638571632023	0.07004323827982795	-0.729109589198215	0.729109589198215	TRUE	1	1
ENSMUSG00000035373	Ccl7	14	top_abs_beta_meta	4.080173963641654	TRUE	GSE119119	GSE119119_design__T=whole_liver__H=4__B=NA__G=WT_virus_plus_rh9C12_WT_whole_liver__VS=WT_uninfected_whole_liver	<upstream_project_root>/00_metadata/verified_metadata/splited/GSE119119_design/GSE119119_design__T=whole_liver__H=4__B=NA__G=WT_virus_plus_rh9C12_WT_whole_liver__VS=WT_uninfected_whole_liver.tsv	external	acute_main	whole liver	4	4	4	15.021082164906733	14.907470290153825	0.1136118747529089	-0.7563494660746656	0.7563494660746656	TRUE	1	1
ENSMUSG00000000204	Slfn4	15	top_abs_beta_meta	4.009242973558268	TRUE	GSE119119	GSE119119_design__T=whole_liver__H=4__B=NA__G=GID00069418__VS=WT_uninfected_whole_liver	<upstream_project_root>/00_metadata/verified_metadata/splited/GSE119119_design/GSE119119_design__T=whole_liver__H=4__B=NA__G=GID00069418__VS=WT_uninfected_whole_liver.tsv	external	acute_main	whole liver	4	4	4	11.16068026745134	11.226979218642782	0.0662989511914418	0.5940404133320977	0.5940404133320977	TRUE	1	1
ENSMUSG00000000204	Slfn4	15	top_abs_beta_meta	4.009242973558268	TRUE	GSE119119	GSE119119_design__T=whole_liver__H=4__B=NA__G=GID00088542__VS=TRIM21_KO_uninfected_whole_liver	<upstream_project_root>/00_metadata/verified_metadata/splited/GSE119119_design/GSE119119_design__T=whole_liver__H=4__B=NA__G=GID00088542__VS=TRIM21_KO_uninfected_whole_liver.tsv	external	acute_main	whole liver	4	4	4	10.144728497024794	10.200333081638345	0.05560458461355111	0.5481130877958795	0.5481130877958795	TRUE	1	1
ENSMUSG00000000204	Slfn4	15	top_abs_beta_meta	4.009242973558268	TRUE	GSE119119	GSE119119_design__T=whole_liver__H=4__B=NA__G=GID00096342__VS=TRIM21_KO_uninfected_whole_liver	<upstream_project_root>/00_metadata/verified_metadata/splited/GSE119119_design/GSE119119_design__T=whole_liver__H=4__B=NA__G=GID00096342__VS=TRIM21_KO_uninfected_whole_liver.tsv	external	acute_main	whole liver	4	4	4	9.804251345714937	9.858755836015375	0.054504490300438135	0.5559271011983996	0.5559271011983996	TRUE	1	1
ENSMUSG00000000204	Slfn4	15	top_abs_beta_meta	4.009242973558268	TRUE	GSE119119	GSE119119_design__T=whole_liver__H=4__B=NA__G=TRIM21_KO_virus_only_whole_liver__VS=TRIM21_KO_uninfected_whole_liver	<upstream_project_root>/00_metadata/verified_metadata/splited/GSE119119_design/GSE119119_design__T=whole_liver__H=4__B=NA__G=TRIM21_KO_virus_only_whole_liver__VS=TRIM21_KO_uninfected_whole_liver.tsv	external	acute_main	whole liver	4	4	4	8.694617784859636	8.740761423542583	0.04614363868294724	0.5307149759164735	0.5307149759164735	TRUE	1	1
ENSMUSG00000000204	Slfn4	15	top_abs_beta_meta	4.009242973558268	TRUE	GSE119119	GSE119119_design__T=whole_liver__H=4__B=NA__G=WT_virus_only_whole_liver__VS=WT_uninfected_whole_liver	<upstream_project_root>/00_metadata/verified_metadata/splited/GSE119119_design/GSE119119_design__T=whole_liver__H=4__B=NA__G=WT_virus_only_whole_liver__VS=WT_uninfected_whole_liver.tsv	external	acute_main	whole liver	4	4	4	9.606681809911851	9.663310484368601	0.056628674456749906	0.5894717403705653	0.5894717403705653	TRUE	1	1
ENSMUSG00000000204	Slfn4	15	top_abs_beta_meta	4.009242973558268	TRUE	GSE119119	GSE119119_design__T=whole_liver__H=4__B=NA__G=WT_virus_plus_rh9C12_WT_whole_liver__VS=WT_uninfected_whole_liver	<upstream_project_root>/00_metadata/verified_metadata/splited/GSE119119_design/GSE119119_design__T=whole_liver__H=4__B=NA__G=WT_virus_plus_rh9C12_WT_whole_liver__VS=WT_uninfected_whole_liver.tsv	external	acute_main	whole liver	4	4	4	15.021082164906733	15.111647838124052	0.09056567321731812	0.6029237589080217	0.6029237589080217	TRUE	1	1
ENSMUSG00000040328	Or2v1	16	top_abs_beta_meta	3.894945621699911	TRUE	GSE119119	GSE119119_design__T=whole_liver__H=4__B=NA__G=GID00069418__VS=WT_uninfected_whole_liver	<upstream_project_root>/00_metadata/verified_metadata/splited/GSE119119_design/GSE119119_design__T=whole_liver__H=4__B=NA__G=GID00069418__VS=WT_uninfected_whole_liver.tsv	external	acute_main	whole liver	4	4	4	11.16068026745134	11.122360008378344	0.03832025907299652	-0.3433505678390638	0.3433505678390638	TRUE	1	1
ENSMUSG00000040328	Or2v1	16	top_abs_beta_meta	3.894945621699911	TRUE	GSE119119	GSE119119_design__T=whole_liver__H=4__B=NA__G=GID00088542__VS=TRIM21_KO_uninfected_whole_liver	<upstream_project_root>/00_metadata/verified_metadata/splited/GSE119119_design/GSE119119_design__T=whole_liver__H=4__B=NA__G=GID00088542__VS=TRIM21_KO_uninfected_whole_liver.tsv	external	acute_main	whole liver	4	4	4	10.144728497024794	10.08949916237881	0.055229334645982675	-0.5444141226862811	0.5444141226862811	TRUE	1	1
ENSMUSG00000040328	Or2v1	16	top_abs_beta_meta	3.894945621699911	TRUE	GSE119119	GSE119119_design__T=whole_liver__H=4__B=NA__G=GID00096342__VS=TRIM21_KO_uninfected_whole_liver	<upstream_project_root>/00_metadata/verified_metadata/splited/GSE119119_design/GSE119119_design__T=whole_liver__H=4__B=NA__G=GID00096342__VS=TRIM21_KO_uninfected_whole_liver.tsv	external	acute_main	whole liver	4	4	4	9.804251345714937	9.785039990093152	0.019211355621784776	-0.1959492361462288	0.1959492361462288	TRUE	1	1
ENSMUSG00000040328	Or2v1	16	top_abs_beta_meta	3.894945621699911	TRUE	GSE119119	GSE119119_design__T=whole_liver__H=4__B=NA__G=TRIM21_KO_virus_only_whole_liver__VS=TRIM21_KO_uninfected_whole_liver	<upstream_project_root>/00_metadata/verified_metadata/splited/GSE119119_design/GSE119119_design__T=whole_liver__H=4__B=NA__G=TRIM21_KO_virus_only_whole_liver__VS=TRIM21_KO_uninfected_whole_liver.tsv	external	acute_main	whole liver	4	4	4	8.694617784859636	8.644109106579304	0.05050867828033212	-0.5809189032815837	0.5809189032815837	TRUE	1	1
ENSMUSG00000040328	Or2v1	16	top_abs_beta_meta	3.894945621699911	TRUE	GSE119119	GSE119119_design__T=whole_liver__H=4__B=NA__G=WT_virus_only_whole_liver__VS=WT_uninfected_whole_liver	<upstream_project_root>/00_metadata/verified_metadata/splited/GSE119119_design/GSE119119_design__T=whole_liver__H=4__B=NA__G=WT_virus_only_whole_liver__VS=WT_uninfected_whole_liver.tsv	external	acute_main	whole liver	4	4	4	9.606681809911851	9.56639915545345	0.04028265445840162	-0.419319128659381	0.419319128659381	TRUE	1	1
ENSMUSG00000040328	Or2v1	16	top_abs_beta_meta	3.894945621699911	TRUE	GSE119119	GSE119119_design__T=whole_liver__H=4__B=NA__G=WT_virus_plus_rh9C12_WT_whole_liver__VS=WT_uninfected_whole_liver	<upstream_project_root>/00_metadata/verified_metadata/splited/GSE119119_design/GSE119119_design__T=whole_liver__H=4__B=NA__G=WT_virus_plus_rh9C12_WT_whole_liver__VS=WT_uninfected_whole_liver.tsv	external	acute_main	whole liver	4	4	4	15.021082164906733	14.964329309251344	0.05675285565538957	-0.3778213515666629	0.3778213515666629	TRUE	1	1
ENSMUSG00000109729	Gm45418	17	top_abs_beta_meta	3.8495640515383616	TRUE	GSE119119	GSE119119_design__T=whole_liver__H=4__B=NA__G=GID00069418__VS=WT_uninfected_whole_liver	<upstream_project_root>/00_metadata/verified_metadata/splited/GSE119119_design/GSE119119_design__T=whole_liver__H=4__B=NA__G=GID00069418__VS=WT_uninfected_whole_liver.tsv	external	acute_main	whole liver	4	4	4	11.16068026745134	11.223856837159646	0.06317656970830576	0.5660637899694335	0.5660637899694335	TRUE	1	1
ENSMUSG00000109729	Gm45418	17	top_abs_beta_meta	3.8495640515383616	TRUE	GSE119119	GSE119119_design__T=whole_liver__H=4__B=NA__G=GID00088542__VS=TRIM21_KO_uninfected_whole_liver	<upstream_project_root>/00_metadata/verified_metadata/splited/GSE119119_design/GSE119119_design__T=whole_liver__H=4__B=NA__G=GID00088542__VS=TRIM21_KO_uninfected_whole_liver.tsv	external	acute_main	whole liver	4	4	4	10.144728497024794	10.218755933740004	0.07402743671521073	0.7297133357183606	0.7297133357183606	TRUE	1	1
ENSMUSG00000109729	Gm45418	17	top_abs_beta_meta	3.8495640515383616	TRUE	GSE119119	GSE119119_design__T=whole_liver__H=4__B=NA__G=GID00096342__VS=TRIM21_KO_uninfected_whole_liver	<upstream_project_root>/00_metadata/verified_metadata/splited/GSE119119_design/GSE119119_design__T=whole_liver__H=4__B=NA__G=GID00096342__VS=TRIM21_KO_uninfected_whole_liver.tsv	external	acute_main	whole liver	4	4	4	9.804251345714937	9.853243625675603	0.04899227996066635	0.49970444690893207	0.49970444690893207	TRUE	1	1
ENSMUSG00000109729	Gm45418	17	top_abs_beta_meta	3.8495640515383616	TRUE	GSE119119	GSE119119_design__T=whole_liver__H=4__B=NA__G=TRIM21_KO_virus_only_whole_liver__VS=TRIM21_KO_uninfected_whole_liver	<upstream_project_root>/00_metadata/verified_metadata/splited/GSE119119_design/GSE119119_design__T=whole_liver__H=4__B=NA__G=TRIM21_KO_virus_only_whole_liver__VS=TRIM21_KO_uninfected_whole_liver.tsv	external	acute_main	whole liver	4	4	4	8.694617784859636	8.757408294362406	0.06279050950277032	0.7221767656320731	0.7221767656320731	TRUE	1	1
ENSMUSG00000109729	Gm45418	17	top_abs_beta_meta	3.8495640515383616	TRUE	GSE119119	GSE119119_design__T=whole_liver__H=4__B=NA__G=WT_virus_only_whole_liver__VS=WT_uninfected_whole_liver	<upstream_project_root>/00_metadata/verified_metadata/splited/GSE119119_design/GSE119119_design__T=whole_liver__H=4__B=NA__G=WT_virus_only_whole_liver__VS=WT_uninfected_whole_liver.tsv	external	acute_main	whole liver	4	4	4	9.606681809911851	9.647338388773358	0.04065657886150653	0.4232114653735949	0.4232114653735949	TRUE	1	1
ENSMUSG00000109729	Gm45418	17	top_abs_beta_meta	3.8495640515383616	TRUE	GSE119119	GSE119119_design__T=whole_liver__H=4__B=NA__G=WT_virus_plus_rh9C12_WT_whole_liver__VS=WT_uninfected_whole_liver	<upstream_project_root>/00_metadata/verified_metadata/splited/GSE119119_design/GSE119119_design__T=whole_liver__H=4__B=NA__G=WT_virus_plus_rh9C12_WT_whole_liver__VS=WT_uninfected_whole_liver.tsv	external	acute_main	whole liver	4	4	4	15.021082164906733	15.117034866368932	0.09595270146219903	0.6387868757310323	0.6387868757310323	TRUE	1	1
ENSMUSG00000034459	Ifit1	18	top_abs_beta_meta	3.8087768616083655	TRUE	GSE119119	GSE119119_design__T=whole_liver__H=4__B=NA__G=GID00069418__VS=WT_uninfected_whole_liver	<upstream_project_root>/00_metadata/verified_metadata/splited/GSE119119_design/GSE119119_design__T=whole_liver__H=4__B=NA__G=GID00069418__VS=WT_uninfected_whole_liver.tsv	external	acute_main	whole liver	4	4	4	11.16068026745134	11.20457504281623	0.04389477536489039	0.3932983860571989	0.3932983860571989	TRUE	1	1
ENSMUSG00000034459	Ifit1	18	top_abs_beta_meta	3.8087768616083655	TRUE	GSE119119	GSE119119_design__T=whole_liver__H=4__B=NA__G=GID00088542__VS=TRIM21_KO_uninfected_whole_liver	<upstream_project_root>/00_metadata/verified_metadata/splited/GSE119119_design/GSE119119_design__T=whole_liver__H=4__B=NA__G=GID00088542__VS=TRIM21_KO_uninfected_whole_liver.tsv	external	acute_main	whole liver	4	4	4	10.144728497024794	10.17372167671233	0.028993179687535786	0.2857955212506554	0.2857955212506554	TRUE	1	1
ENSMUSG00000034459	Ifit1	18	top_abs_beta_meta	3.8087768616083655	TRUE	GSE119119	GSE119119_design__T=whole_liver__H=4__B=NA__G=GID00096342__VS=TRIM21_KO_uninfected_whole_liver	<upstream_project_root>/00_metadata/verified_metadata/splited/GSE119119_design/GSE119119_design__T=whole_liver__H=4__B=NA__G=GID00096342__VS=TRIM21_KO_uninfected_whole_liver.tsv	external	acute_main	whole liver	4	4	4	9.804251345714937	9.820987060759046	0.016735715044109867	0.1706985516178592	0.1706985516178592	TRUE	1	1
ENSMUSG00000034459	Ifit1	18	top_abs_beta_meta	3.8087768616083655	TRUE	GSE119119	GSE119119_design__T=whole_liver__H=4__B=NA__G=TRIM21_KO_virus_only_whole_liver__VS=TRIM21_KO_uninfected_whole_liver	<upstream_project_root>/00_metadata/verified_metadata/splited/GSE119119_design/GSE119119_design__T=whole_liver__H=4__B=NA__G=TRIM21_KO_virus_only_whole_liver__VS=TRIM21_KO_uninfected_whole_liver.tsv	external	acute_main	whole liver	4	4	4	8.694617784859636	8.713677406547674	0.01905962168803832	0.21921172568652497	0.21921172568652497	TRUE	1	1
ENSMUSG00000034459	Ifit1	18	top_abs_beta_meta	3.8087768616083655	TRUE	GSE119119	GSE119119_design__T=whole_liver__H=4__B=NA__G=WT_virus_only_whole_liver__VS=WT_uninfected_whole_liver	<upstream_project_root>/00_metadata/verified_metadata/splited/GSE119119_design/GSE119119_design__T=whole_liver__H=4__B=NA__G=WT_virus_only_whole_liver__VS=WT_uninfected_whole_liver.tsv	external	acute_main	whole liver	4	4	4	9.606681809911851	9.635609476225074	0.028927666313222744	0.3011202711364516	0.3011202711364516	TRUE	1	1
ENSMUSG00000034459	Ifit1	18	top_abs_beta_meta	3.8087768616083655	TRUE	GSE119119	GSE119119_design__T=whole_liver__H=4__B=NA__G=WT_virus_plus_rh9C12_WT_whole_liver__VS=WT_uninfected_whole_liver	<upstream_project_root>/00_metadata/verified_metadata/splited/GSE119119_design/GSE119119_design__T=whole_liver__H=4__B=NA__G=WT_virus_plus_rh9C12_WT_whole_liver__VS=WT_uninfected_whole_liver.tsv	external	acute_main	whole liver	4	4	4	15.021082164906733	15.098678456225192	0.07759629131845891	0.5165825635368976	0.5165825635368976	TRUE	1	1
ENSMUSG00000078616	Trim30c	19	top_abs_beta_meta	3.806981760861859	TRUE	GSE119119	GSE119119_design__T=whole_liver__H=4__B=NA__G=GID00069418__VS=WT_uninfected_whole_liver	<upstream_project_root>/00_metadata/verified_metadata/splited/GSE119119_design/GSE119119_design__T=whole_liver__H=4__B=NA__G=GID00069418__VS=WT_uninfected_whole_liver.tsv	external	acute_main	whole liver	4	4	4	11.16068026745134	11.252276514268138	0.09159624681679723	0.820704873016797	0.820704873016797	TRUE	1	1
ENSMUSG00000078616	Trim30c	19	top_abs_beta_meta	3.806981760861859	TRUE	GSE119119	GSE119119_design__T=whole_liver__H=4__B=NA__G=GID00088542__VS=TRIM21_KO_uninfected_whole_liver	<upstream_project_root>/00_metadata/verified_metadata/splited/GSE119119_design/GSE119119_design__T=whole_liver__H=4__B=NA__G=GID00088542__VS=TRIM21_KO_uninfected_whole_liver.tsv	external	acute_main	whole liver	4	4	4	10.144728497024794	10.24254305878124	0.0978145617564472	0.9641910257641088	0.9641910257641088	TRUE	1	1
ENSMUSG00000078616	Trim30c	19	top_abs_beta_meta	3.806981760861859	TRUE	GSE119119	GSE119119_design__T=whole_liver__H=4__B=NA__G=GID00096342__VS=TRIM21_KO_uninfected_whole_liver	<upstream_project_root>/00_metadata/verified_metadata/splited/GSE119119_design/GSE119119_design__T=whole_liver__H=4__B=NA__G=GID00096342__VS=TRIM21_KO_uninfected_whole_liver.tsv	external	acute_main	whole liver	4	4	4	9.804251345714937	9.898015186114215	0.09376384039927821	0.9563590027734121	0.9563590027734121	TRUE	1	1
ENSMUSG00000078616	Trim30c	19	top_abs_beta_meta	3.806981760861859	TRUE	GSE119119	GSE119119_design__T=whole_liver__H=4__B=NA__G=TRIM21_KO_virus_only_whole_liver__VS=TRIM21_KO_uninfected_whole_liver	<upstream_project_root>/00_metadata/verified_metadata/splited/GSE119119_design/GSE119119_design__T=whole_liver__H=4__B=NA__G=TRIM21_KO_virus_only_whole_liver__VS=TRIM21_KO_uninfected_whole_liver.tsv	external	acute_main	whole liver	4	4	4	8.694617784859636	8.777883202866814	0.08326541800717813	0.9576662260205651	0.9576662260205651	TRUE	1	1
ENSMUSG00000078616	Trim30c	19	top_abs_beta_meta	3.806981760861859	TRUE	GSE119119	GSE119119_design__T=whole_liver__H=4__B=NA__G=WT_virus_only_whole_liver__VS=WT_uninfected_whole_liver	<upstream_project_root>/00_metadata/verified_metadata/splited/GSE119119_design/GSE119119_design__T=whole_liver__H=4__B=NA__G=WT_virus_only_whole_liver__VS=WT_uninfected_whole_liver.tsv	external	acute_main	whole liver	4	4	4	9.606681809911851	9.692625659038317	0.08594384912646547	0.8946257493174333	0.8946257493174333	TRUE	1	1
ENSMUSG00000078616	Trim30c	19	top_abs_beta_meta	3.806981760861859	TRUE	GSE119119	GSE119119_design__T=whole_liver__H=4__B=NA__G=WT_virus_plus_rh9C12_WT_whole_liver__VS=WT_uninfected_whole_liver	<upstream_project_root>/00_metadata/verified_metadata/splited/GSE119119_design/GSE119119_design__T=whole_liver__H=4__B=NA__G=WT_virus_plus_rh9C12_WT_whole_liver__VS=WT_uninfected_whole_liver.tsv	external	acute_main	whole liver	4	4	4	15.021082164906733	15.146076184956371	0.12499402004963756	0.8321239353956603	0.8321239353956603	TRUE	1	1
ENSMUSG00000105096	Gbp10	20	top_abs_beta_meta	3.775453263034024	TRUE	GSE119119	GSE119119_design__T=whole_liver__H=4__B=NA__G=GID00069418__VS=WT_uninfected_whole_liver	<upstream_project_root>/00_metadata/verified_metadata/splited/GSE119119_design/GSE119119_design__T=whole_liver__H=4__B=NA__G=GID00069418__VS=WT_uninfected_whole_liver.tsv	external	acute_main	whole liver	4	4	4	11.16068026745134	11.21333243902951	0.05265217157817048	0.4717648952969617	0.4717648952969617	TRUE	1	1
ENSMUSG00000105096	Gbp10	20	top_abs_beta_meta	3.775453263034024	TRUE	GSE119119	GSE119119_design__T=whole_liver__H=4__B=NA__G=GID00088542__VS=TRIM21_KO_uninfected_whole_liver	<upstream_project_root>/00_metadata/verified_metadata/splited/GSE119119_design/GSE119119_design__T=whole_liver__H=4__B=NA__G=GID00088542__VS=TRIM21_KO_uninfected_whole_liver.tsv	external	acute_main	whole liver	4	4	4	10.144728497024794	10.201340402502268	0.05661190547747452	0.5580425882671719	0.5580425882671719	TRUE	1	1
ENSMUSG00000105096	Gbp10	20	top_abs_beta_meta	3.775453263034024	TRUE	GSE119119	GSE119119_design__T=whole_liver__H=4__B=NA__G=GID00096342__VS=TRIM21_KO_uninfected_whole_liver	<upstream_project_root>/00_metadata/verified_metadata/splited/GSE119119_design/GSE119119_design__T=whole_liver__H=4__B=NA__G=GID00096342__VS=TRIM21_KO_uninfected_whole_liver.tsv	external	acute_main	whole liver	4	4	4	9.804251345714937	9.852081523196915	0.04783017748197871	0.4878514003303623	0.4878514003303623	TRUE	1	1
ENSMUSG00000105096	Gbp10	20	top_abs_beta_meta	3.775453263034024	TRUE	GSE119119	GSE119119_design__T=whole_liver__H=4__B=NA__G=TRIM21_KO_virus_only_whole_liver__VS=TRIM21_KO_uninfected_whole_liver	<upstream_project_root>/00_metadata/verified_metadata/splited/GSE119119_design/GSE119119_design__T=whole_liver__H=4__B=NA__G=TRIM21_KO_virus_only_whole_liver__VS=TRIM21_KO_uninfected_whole_liver.tsv	external	acute_main	whole liver	4	4	4	8.694617784859636	8.744493353928798	0.049875569069161685	0.5736372811696502	0.5736372811696502	TRUE	1	1
ENSMUSG00000105096	Gbp10	20	top_abs_beta_meta	3.775453263034024	TRUE	GSE119119	GSE119119_design__T=whole_liver__H=4__B=NA__G=WT_virus_only_whole_liver__VS=WT_uninfected_whole_liver	<upstream_project_root>/00_metadata/verified_metadata/splited/GSE119119_design/GSE119119_design__T=whole_liver__H=4__B=NA__G=WT_virus_only_whole_liver__VS=WT_uninfected_whole_liver.tsv	external	acute_main	whole liver	4	4	4	9.606681809911851	9.644912275973905	0.03823046606205338	0.39795703468192806	0.39795703468192806	TRUE	1	1
ENSMUSG00000105096	Gbp10	20	top_abs_beta_meta	3.775453263034024	TRUE	GSE119119	GSE119119_design__T=whole_liver__H=4__B=NA__G=WT_virus_plus_rh9C12_WT_whole_liver__VS=WT_uninfected_whole_liver	<upstream_project_root>/00_metadata/verified_metadata/splited/GSE119119_design/GSE119119_design__T=whole_liver__H=4__B=NA__G=WT_virus_plus_rh9C12_WT_whole_liver__VS=WT_uninfected_whole_liver.tsv	external	acute_main	whole liver	4	4	4	15.021082164906733	15.086340647361496	0.0652584824547624	0.43444594562716443	0.43444594562716443	TRUE	1	1
ENSMUSG00000074896	Ifit3	21	top_abs_beta_meta	3.7414787591211223	TRUE	GSE119119	GSE119119_design__T=whole_liver__H=4__B=NA__G=GID00069418__VS=WT_uninfected_whole_liver	<upstream_project_root>/00_metadata/verified_metadata/splited/GSE119119_design/GSE119119_design__T=whole_liver__H=4__B=NA__G=GID00069418__VS=WT_uninfected_whole_liver.tsv	external	acute_main	whole liver	4	4	4	11.16068026745134	11.215998386200159	0.055318118748818534	0.4956518547542892	0.4956518547542892	TRUE	1	1
ENSMUSG00000074896	Ifit3	21	top_abs_beta_meta	3.7414787591211223	TRUE	GSE119119	GSE119119_design__T=whole_liver__H=4__B=NA__G=GID00088542__VS=TRIM21_KO_uninfected_whole_liver	<upstream_project_root>/00_metadata/verified_metadata/splited/GSE119119_design/GSE119119_design__T=whole_liver__H=4__B=NA__G=GID00088542__VS=TRIM21_KO_uninfected_whole_liver.tsv	external	acute_main	whole liver	4	4	4	10.144728497024794	10.190304291283466	0.04557579425867253	0.44925592904767064	0.44925592904767064	TRUE	1	1
ENSMUSG00000074896	Ifit3	21	top_abs_beta_meta	3.7414787591211223	TRUE	GSE119119	GSE119119_design__T=whole_liver__H=4__B=NA__G=GID00096342__VS=TRIM21_KO_uninfected_whole_liver	<upstream_project_root>/00_metadata/verified_metadata/splited/GSE119119_design/GSE119119_design__T=whole_liver__H=4__B=NA__G=GID00096342__VS=TRIM21_KO_uninfected_whole_liver.tsv	external	acute_main	whole liver	4	4	4	9.804251345714937	9.838143853935543	0.03389250822060674	0.3456919557189837	0.3456919557189837	TRUE	1	1
ENSMUSG00000074896	Ifit3	21	top_abs_beta_meta	3.7414787591211223	TRUE	GSE119119	GSE119119_design__T=whole_liver__H=4__B=NA__G=TRIM21_KO_virus_only_whole_liver__VS=TRIM21_KO_uninfected_whole_liver	<upstream_project_root>/00_metadata/verified_metadata/splited/GSE119119_design/GSE119119_design__T=whole_liver__H=4__B=NA__G=TRIM21_KO_virus_only_whole_liver__VS=TRIM21_KO_uninfected_whole_liver.tsv	external	acute_main	whole liver	4	4	4	8.694617784859636	8.727297928052934	0.03268014319329815	0.37586635780822575	0.37586635780822575	TRUE	1	1
ENSMUSG00000074896	Ifit3	21	top_abs_beta_meta	3.7414787591211223	TRUE	GSE119119	GSE119119_design__T=whole_liver__H=4__B=NA__G=WT_virus_only_whole_liver__VS=WT_uninfected_whole_liver	<upstream_project_root>/00_metadata/verified_metadata/splited/GSE119119_design/GSE119119_design__T=whole_liver__H=4__B=NA__G=WT_virus_only_whole_liver__VS=WT_uninfected_whole_liver.tsv	external	acute_main	whole liver	4	4	4	9.606681809911851	9.647102244435345	0.04042043452349375	0.4207533394287017	0.4207533394287017	TRUE	1	1
ENSMUSG00000074896	Ifit3	21	top_abs_beta_meta	3.7414787591211223	TRUE	GSE119119	GSE119119_design__T=whole_liver__H=4__B=NA__G=WT_virus_plus_rh9C12_WT_whole_liver__VS=WT_uninfected_whole_liver	<upstream_project_root>/00_metadata/verified_metadata/splited/GSE119119_design/GSE119119_design__T=whole_liver__H=4__B=NA__G=WT_virus_plus_rh9C12_WT_whole_liver__VS=WT_uninfected_whole_liver.tsv	external	acute_main	whole liver	4	4	4	15.021082164906733	15.105720373527278	0.08463820862054483	0.5634627897734448	0.5634627897734448	TRUE	1	1
ENSMUSG00000068606	Gm4841	22	top_abs_beta_meta	3.73972852042063	TRUE	GSE119119	GSE119119_design__T=whole_liver__H=4__B=NA__G=GID00069418__VS=WT_uninfected_whole_liver	<upstream_project_root>/00_metadata/verified_metadata/splited/GSE119119_design/GSE119119_design__T=whole_liver__H=4__B=NA__G=GID00069418__VS=WT_uninfected_whole_liver.tsv	external	acute_main	whole liver	4	4	4	11.16068026745134	11.013084495693137	0.14759577175820304	-1.3224621458662045	1.3224621458662045	TRUE	1	1
ENSMUSG00000068606	Gm4841	22	top_abs_beta_meta	3.73972852042063	TRUE	GSE119119	GSE119119_design__T=whole_liver__H=4__B=NA__G=GID00088542__VS=TRIM21_KO_uninfected_whole_liver	<upstream_project_root>/00_metadata/verified_metadata/splited/GSE119119_design/GSE119119_design__T=whole_liver__H=4__B=NA__G=GID00088542__VS=TRIM21_KO_uninfected_whole_liver.tsv	external	acute_main	whole liver	4	4	4	10.144728497024794	9.99874730725685	0.14598118976794439	-1.4389856742914036	1.4389856742914036	TRUE	1	1
ENSMUSG00000068606	Gm4841	22	top_abs_beta_meta	3.73972852042063	TRUE	GSE119119	GSE119119_design__T=whole_liver__H=4__B=NA__G=GID00096342__VS=TRIM21_KO_uninfected_whole_liver	<upstream_project_root>/00_metadata/verified_metadata/splited/GSE119119_design/GSE119119_design__T=whole_liver__H=4__B=NA__G=GID00096342__VS=TRIM21_KO_uninfected_whole_liver.tsv	external	acute_main	whole liver	4	4	4	9.804251345714937	9.655355104954575	0.14889624076036156	-1.5186905711616463	1.5186905711616463	TRUE	1	1
ENSMUSG00000068606	Gm4841	22	top_abs_beta_meta	3.73972852042063	TRUE	GSE119119	GSE119119_design__T=whole_liver__H=4__B=NA__G=TRIM21_KO_virus_only_whole_liver__VS=TRIM21_KO_uninfected_whole_liver	<upstream_project_root>/00_metadata/verified_metadata/splited/GSE119119_design/GSE119119_design__T=whole_liver__H=4__B=NA__G=TRIM21_KO_virus_only_whole_liver__VS=TRIM21_KO_uninfected_whole_liver.tsv	external	acute_main	whole liver	4	4	4	8.694617784859636	8.570161560976928	0.12445622388270827	-1.4314168484718213	1.4314168484718213	TRUE	1	1
ENSMUSG00000068606	Gm4841	22	top_abs_beta_meta	3.73972852042063	TRUE	GSE119119	GSE119119_design__T=whole_liver__H=4__B=NA__G=WT_virus_only_whole_liver__VS=WT_uninfected_whole_liver	<upstream_project_root>/00_metadata/verified_metadata/splited/GSE119119_design/GSE119119_design__T=whole_liver__H=4__B=NA__G=WT_virus_only_whole_liver__VS=WT_uninfected_whole_liver.tsv	external	acute_main	whole liver	4	4	4	9.606681809911851	9.477865106462279	0.12881670344957286	-1.3409073600903916	1.3409073600903916	TRUE	1	1
ENSMUSG00000068606	Gm4841	22	top_abs_beta_meta	3.73972852042063	TRUE	GSE119119	GSE119119_design__T=whole_liver__H=4__B=NA__G=WT_virus_plus_rh9C12_WT_whole_liver__VS=WT_uninfected_whole_liver	<upstream_project_root>/00_metadata/verified_metadata/splited/GSE119119_design/GSE119119_design__T=whole_liver__H=4__B=NA__G=WT_virus_plus_rh9C12_WT_whole_liver__VS=WT_uninfected_whole_liver.tsv	external	acute_main	whole liver	4	4	4	15.021082164906733	14.817332397748725	0.2037497671580084	-1.3564253555181423	1.3564253555181423	TRUE	1	1
ENSMUSG00000092021	Gbp11	23	top_abs_beta_meta	3.667647830351214	TRUE	GSE119119	GSE119119_design__T=whole_liver__H=4__B=NA__G=GID00069418__VS=WT_uninfected_whole_liver	<upstream_project_root>/00_metadata/verified_metadata/splited/GSE119119_design/GSE119119_design__T=whole_liver__H=4__B=NA__G=GID00069418__VS=WT_uninfected_whole_liver.tsv	external	acute_main	whole liver	4	4	4	11.16068026745134	11.20128141245896	0.04060114500761891	0.3637873681053907	0.3637873681053907	TRUE	1	1
ENSMUSG00000092021	Gbp11	23	top_abs_beta_meta	3.667647830351214	TRUE	GSE119119	GSE119119_design__T=whole_liver__H=4__B=NA__G=GID00088542__VS=TRIM21_KO_uninfected_whole_liver	<upstream_project_root>/00_metadata/verified_metadata/splited/GSE119119_design/GSE119119_design__T=whole_liver__H=4__B=NA__G=GID00088542__VS=TRIM21_KO_uninfected_whole_liver.tsv	external	acute_main	whole liver	4	4	4	10.144728497024794	10.1709558694808	0.026227372456006037	0.25853202935591524	0.25853202935591524	TRUE	1	1
ENSMUSG00000092021	Gbp11	23	top_abs_beta_meta	3.667647830351214	TRUE	GSE119119	GSE119119_design__T=whole_liver__H=4__B=NA__G=GID00096342__VS=TRIM21_KO_uninfected_whole_liver	<upstream_project_root>/00_metadata/verified_metadata/splited/GSE119119_design/GSE119119_design__T=whole_liver__H=4__B=NA__G=GID00096342__VS=TRIM21_KO_uninfected_whole_liver.tsv	external	acute_main	whole liver	4	4	4	9.804251345714937	9.819332078247834	0.015080732532897656	0.15381829780903025	0.15381829780903025	TRUE	1	1
ENSMUSG00000092021	Gbp11	23	top_abs_beta_meta	3.667647830351214	TRUE	GSE119119	GSE119119_design__T=whole_liver__H=4__B=NA__G=TRIM21_KO_virus_only_whole_liver__VS=TRIM21_KO_uninfected_whole_liver	<upstream_project_root>/00_metadata/verified_metadata/splited/GSE119119_design/GSE119119_design__T=whole_liver__H=4__B=NA__G=TRIM21_KO_virus_only_whole_liver__VS=TRIM21_KO_uninfected_whole_liver.tsv	external	acute_main	whole liver	4	4	4	8.694617784859636	8.714892916590186	0.020275131730549845	0.23319175416607646	0.23319175416607646	TRUE	1	1
ENSMUSG00000092021	Gbp11	23	top_abs_beta_meta	3.667647830351214	TRUE	GSE119119	GSE119119_design__T=whole_liver__H=4__B=NA__G=WT_virus_only_whole_liver__VS=WT_uninfected_whole_liver	<upstream_project_root>/00_metadata/verified_metadata/splited/GSE119119_design/GSE119119_design__T=whole_liver__H=4__B=NA__G=WT_virus_only_whole_liver__VS=WT_uninfected_whole_liver.tsv	external	acute_main	whole liver	4	4	4	9.606681809911851	9.654576624939068	0.04789481502721671	0.49855731640659157	0.49855731640659157	TRUE	1	1
ENSMUSG00000092021	Gbp11	23	top_abs_beta_meta	3.667647830351214	TRUE	GSE119119	GSE119119_design__T=whole_liver__H=4__B=NA__G=WT_virus_plus_rh9C12_WT_whole_liver__VS=WT_uninfected_whole_liver	<upstream_project_root>/00_metadata/verified_metadata/splited/GSE119119_design/GSE119119_design__T=whole_liver__H=4__B=NA__G=WT_virus_plus_rh9C12_WT_whole_liver__VS=WT_uninfected_whole_liver.tsv	external	acute_main	whole liver	4	4	4	15.021082164906733	15.06488252909377	0.04380036418703703	0.2915926010268847	0.2915926010268847	TRUE	1	1
ENSMUSG00000023341	Mx2	24	top_abs_beta_meta	3.588993939733922	TRUE	GSE119119	GSE119119_design__T=whole_liver__H=4__B=NA__G=GID00069418__VS=WT_uninfected_whole_liver	<upstream_project_root>/00_metadata/verified_metadata/splited/GSE119119_design/GSE119119_design__T=whole_liver__H=4__B=NA__G=GID00069418__VS=WT_uninfected_whole_liver.tsv	external	acute_main	whole liver	4	4	4	11.16068026745134	11.160236417674852	4.438497764880367e-4	-0.00397690611908726	0.00397690611908726	TRUE	1	1
ENSMUSG00000023341	Mx2	24	top_abs_beta_meta	3.588993939733922	TRUE	GSE119119	GSE119119_design__T=whole_liver__H=4__B=NA__G=GID00088542__VS=TRIM21_KO_uninfected_whole_liver	<upstream_project_root>/00_metadata/verified_metadata/splited/GSE119119_design/GSE119119_design__T=whole_liver__H=4__B=NA__G=GID00088542__VS=TRIM21_KO_uninfected_whole_liver.tsv	external	acute_main	whole liver	4	4	4	10.144728497024794	10.137615381339423	0.007113115685370985	-0.07011637312380604	0.07011637312380604	TRUE	1	1
ENSMUSG00000023341	Mx2	24	top_abs_beta_meta	3.588993939733922	TRUE	GSE119119	GSE119119_design__T=whole_liver__H=4__B=NA__G=GID00096342__VS=TRIM21_KO_uninfected_whole_liver	<upstream_project_root>/00_metadata/verified_metadata/splited/GSE119119_design/GSE119119_design__T=whole_liver__H=4__B=NA__G=GID00096342__VS=TRIM21_KO_uninfected_whole_liver.tsv	external	acute_main	whole liver	4	4	4	9.804251345714937	9.788442331198286	0.015809014516650066	-0.1612465241781014	0.1612465241781014	TRUE	1	1
ENSMUSG00000023341	Mx2	24	top_abs_beta_meta	3.588993939733922	TRUE	GSE119119	GSE119119_design__T=whole_liver__H=4__B=NA__G=TRIM21_KO_virus_only_whole_liver__VS=TRIM21_KO_uninfected_whole_liver	<upstream_project_root>/00_metadata/verified_metadata/splited/GSE119119_design/GSE119119_design__T=whole_liver__H=4__B=NA__G=TRIM21_KO_virus_only_whole_liver__VS=TRIM21_KO_uninfected_whole_liver.tsv	external	acute_main	whole liver	4	4	4	8.694617784859636	8.67754621359476	0.017071571264876795	-0.19634642588434834	0.19634642588434834	TRUE	1	1
ENSMUSG00000023341	Mx2	24	top_abs_beta_meta	3.588993939733922	TRUE	GSE119119	GSE119119_design__T=whole_liver__H=4__B=NA__G=WT_virus_only_whole_liver__VS=WT_uninfected_whole_liver	<upstream_project_root>/00_metadata/verified_metadata/splited/GSE119119_design/GSE119119_design__T=whole_liver__H=4__B=NA__G=WT_virus_only_whole_liver__VS=WT_uninfected_whole_liver.tsv	external	acute_main	whole liver	4	4	4	9.606681809911851	9.60148564603923	0.005196163872621895	-0.05408905983812921	0.05408905983812921	TRUE	1	1
ENSMUSG00000023341	Mx2	24	top_abs_beta_meta	3.588993939733922	TRUE	GSE119119	GSE119119_design__T=whole_liver__H=4__B=NA__G=WT_virus_plus_rh9C12_WT_whole_liver__VS=WT_uninfected_whole_liver	<upstream_project_root>/00_metadata/verified_metadata/splited/GSE119119_design/GSE119119_design__T=whole_liver__H=4__B=NA__G=WT_virus_plus_rh9C12_WT_whole_liver__VS=WT_uninfected_whole_liver.tsv	external	acute_main	whole liver	4	4	4	15.021082164906733	15.042433298329737	0.021351133423003432	0.14214111332727672	0.14214111332727672	TRUE	1	1
ENSMUSG00000085977	Gm5970	25	top_abs_beta_meta	3.5069390366748956	TRUE	GSE119119	GSE119119_design__T=whole_liver__H=4__B=NA__G=GID00069418__VS=WT_uninfected_whole_liver	<upstream_project_root>/00_metadata/verified_metadata/splited/GSE119119_design/GSE119119_design__T=whole_liver__H=4__B=NA__G=GID00069418__VS=WT_uninfected_whole_liver.tsv	external	acute_main	whole liver	4	4	4	11.16068026745134	11.18042281052226	0.019742543070918828	0.1768937250939386	0.1768937250939386	TRUE	1	1
ENSMUSG00000085977	Gm5970	25	top_abs_beta_meta	3.5069390366748956	TRUE	GSE119119	GSE119119_design__T=whole_liver__H=4__B=NA__G=GID00088542__VS=TRIM21_KO_uninfected_whole_liver	<upstream_project_root>/00_metadata/verified_metadata/splited/GSE119119_design/GSE119119_design__T=whole_liver__H=4__B=NA__G=GID00088542__VS=TRIM21_KO_uninfected_whole_liver.tsv	external	acute_main	whole liver	4	4	4	10.144728497024794	10.15534384641932	0.01061534939452713	0.10463906843480689	0.10463906843480689	TRUE	1	1
ENSMUSG00000085977	Gm5970	25	top_abs_beta_meta	3.5069390366748956	TRUE	GSE119119	GSE119119_design__T=whole_liver__H=4__B=NA__G=GID00096342__VS=TRIM21_KO_uninfected_whole_liver	<upstream_project_root>/00_metadata/verified_metadata/splited/GSE119119_design/GSE119119_design__T=whole_liver__H=4__B=NA__G=GID00096342__VS=TRIM21_KO_uninfected_whole_liver.tsv	external	acute_main	whole liver	4	4	4	9.804251345714937	9.806837323145086	0.0025859774301491	0.02637608256829658	0.02637608256829658	TRUE	1	1
ENSMUSG00000085977	Gm5970	25	top_abs_beta_meta	3.5069390366748956	TRUE	GSE119119	GSE119119_design__T=whole_liver__H=4__B=NA__G=TRIM21_KO_virus_only_whole_liver__VS=TRIM21_KO_uninfected_whole_liver	<upstream_project_root>/00_metadata/verified_metadata/splited/GSE119119_design/GSE119119_design__T=whole_liver__H=4__B=NA__G=TRIM21_KO_virus_only_whole_liver__VS=TRIM21_KO_uninfected_whole_liver.tsv	external	acute_main	whole liver	4	4	4	8.694617784859636	8.698828974156749	0.004211189297112838	0.048434438422882586	0.048434438422882586	TRUE	1	1
ENSMUSG00000085977	Gm5970	25	top_abs_beta_meta	3.5069390366748956	TRUE	GSE119119	GSE119119_design__T=whole_liver__H=4__B=NA__G=WT_virus_only_whole_liver__VS=WT_uninfected_whole_liver	<upstream_project_root>/00_metadata/verified_metadata/splited/GSE119119_design/GSE119119_design__T=whole_liver__H=4__B=NA__G=WT_virus_only_whole_liver__VS=WT_uninfected_whole_liver.tsv	external	acute_main	whole liver	4	4	4	9.606681809911851	9.62856487166223	0.02188306175037802	0.22779001306985946	0.22779001306985946	TRUE	1	1
ENSMUSG00000085977	Gm5970	25	top_abs_beta_meta	3.5069390366748956	TRUE	GSE119119	GSE119119_design__T=whole_liver__H=4__B=NA__G=WT_virus_plus_rh9C12_WT_whole_liver__VS=WT_uninfected_whole_liver	<upstream_project_root>/00_metadata/verified_metadata/splited/GSE119119_design/GSE119119_design__T=whole_liver__H=4__B=NA__G=WT_virus_plus_rh9C12_WT_whole_liver__VS=WT_uninfected_whole_liver.tsv	external	acute_main	whole liver	4	4	4	15.021082164906733	15.05675781427879	0.03567564937205603	0.23750385611633154	0.23750385611633154	TRUE	1	1
ENSMUSG00000022126	Acod1	1	top_abs_beta_meta	6.353446492462103	TRUE	GSE139529	GSE139529_design__T=blood__H=24__B=NA__G=ad.mva__VS=none	<upstream_project_root>/00_metadata/verified_metadata/splited/GSE139529_design/GSE139529_design__T=blood__H=24__B=NA__G=ad.mva__VS=none.tsv	external	acute_main	blood	24	6	6	12.688781334511157	12.563280908456733	0.12550042605442435	-0.9890660320001434	0.9890660320001434	TRUE	1	1
ENSMUSG00000022126	Acod1	1	top_abs_beta_meta	6.353446492462103	TRUE	GSE139529	GSE139529_design__T=blood__H=24__B=NA__G=ad_empty__VS=none	<upstream_project_root>/00_metadata/verified_metadata/splited/GSE139529_design/GSE139529_design__T=blood__H=24__B=NA__G=ad_empty__VS=none.tsv	external	acute_main	blood	24	6	6	13.17891812194547	13.053999735317062	0.12491838662840848	-0.9478652608091934	0.9478652608091934	TRUE	1	1
ENSMUSG00000022126	Acod1	1	top_abs_beta_meta	6.353446492462103	TRUE	GSE139529	GSE139529_design__T=blood__H=24__B=NA__G=ad_fhbp__VS=none	<upstream_project_root>/00_metadata/verified_metadata/splited/GSE139529_design/GSE139529_design__T=blood__H=24__B=NA__G=ad_fhbp__VS=none.tsv	external	acute_main	blood	24	6	6	14.328300033552733	14.257781984510434	0.07051804904229897	-0.49215921551870145	0.49215921551870145	TRUE	1	1
ENSMUSG00000022126	Acod1	1	top_abs_beta_meta	6.353446492462103	TRUE	GSE139529	GSE139529_design__T=blood__H=24__B=NA__G=ad_pref__VS=none	<upstream_project_root>/00_metadata/verified_metadata/splited/GSE139529_design/GSE139529_design__T=blood__H=24__B=NA__G=ad_pref__VS=none.tsv	external	acute_main	blood	24	6	6	1.670093998272992	1.6126985966179468	0.05739540165504531	-3.4366569614881946	3.4366569614881946	TRUE	0.6944444444444444	0.6944444444444444
ENSMUSG00000022126	Acod1	1	top_abs_beta_meta	6.353446492462103	TRUE	GSE139529	GSE139529_design__T=blood__H=24__B=NA__G=mva.ad__VS=none	<upstream_project_root>/00_metadata/verified_metadata/splited/GSE139529_design/GSE139529_design__T=blood__H=24__B=NA__G=mva.ad__VS=none.tsv	external	acute_main	blood	24	6	6	15.317256935802664	15.114594956404613	0.20266197939805153	-1.3230957752255756	1.3230957752255756	TRUE	1	1
ENSMUSG00000022126	Acod1	1	top_abs_beta_meta	6.353446492462103	TRUE	GSE139529	GSE139529_design__T=blood__H=24__B=NA__G=mva_fhbp__VS=none	<upstream_project_root>/00_metadata/verified_metadata/splited/GSE139529_design/GSE139529_design__T=blood__H=24__B=NA__G=mva_fhbp__VS=none.tsv	external	acute_main	blood	24	6	6	14.336311710882491	14.247805888956002	0.08850582192648915	-0.6173541961933322	0.6173541961933322	TRUE	1	1
ENSMUSG00000060183	Cxcl11	2	top_abs_beta_meta	6.0257926459264395	TRUE	GSE139529	GSE139529_design__T=blood__H=24__B=NA__G=ad.mva__VS=none	<upstream_project_root>/00_metadata/verified_metadata/splited/GSE139529_design/GSE139529_design__T=blood__H=24__B=NA__G=ad.mva__VS=none.tsv	external	acute_main	blood	24	6	6	12.688781334511157	12.70838645393212	0.019605119420962325	0.1545075047328619	0.1545075047328619	TRUE	1	1
ENSMUSG00000060183	Cxcl11	2	top_abs_beta_meta	6.0257926459264395	TRUE	GSE139529	GSE139529_design__T=blood__H=24__B=NA__G=ad_empty__VS=none	<upstream_project_root>/00_metadata/verified_metadata/splited/GSE139529_design/GSE139529_design__T=blood__H=24__B=NA__G=ad_empty__VS=none.tsv	external	acute_main	blood	24	6	6	13.17891812194547	13.177296592625448	0.0016215293200225744	-0.012303963838445979	0.012303963838445979	TRUE	1	1
ENSMUSG00000060183	Cxcl11	2	top_abs_beta_meta	6.0257926459264395	TRUE	GSE139529	GSE139529_design__T=blood__H=24__B=NA__G=ad_fhbp__VS=none	<upstream_project_root>/00_metadata/verified_metadata/splited/GSE139529_design/GSE139529_design__T=blood__H=24__B=NA__G=ad_fhbp__VS=none.tsv	external	acute_main	blood	24	6	6	14.328300033552733	14.348474630383663	0.02017459683093037	0.14080244539608539	0.14080244539608539	TRUE	1	1
ENSMUSG00000060183	Cxcl11	2	top_abs_beta_meta	6.0257926459264395	TRUE	GSE139529	GSE139529_design__T=blood__H=24__B=NA__G=ad_pref__VS=none	<upstream_project_root>/00_metadata/verified_metadata/splited/GSE139529_design/GSE139529_design__T=blood__H=24__B=NA__G=ad_pref__VS=none.tsv	external	acute_main	blood	24	6	6	1.670093998272992	1.6933022415586998	0.023208243285707697	1.3896369491601572	1.3896369491601572	TRUE	0.6944444444444444	0.6944444444444444
ENSMUSG00000060183	Cxcl11	2	top_abs_beta_meta	6.0257926459264395	TRUE	GSE139529	GSE139529_design__T=blood__H=24__B=NA__G=mva.ad__VS=none	<upstream_project_root>/00_metadata/verified_metadata/splited/GSE139529_design/GSE139529_design__T=blood__H=24__B=NA__G=mva.ad__VS=none.tsv	external	acute_main	blood	24	6	6	15.317256935802664	15.321787089160958	0.004530153358293987	0.029575487159878962	0.029575487159878962	TRUE	1	1
ENSMUSG00000060183	Cxcl11	2	top_abs_beta_meta	6.0257926459264395	TRUE	GSE139529	GSE139529_design__T=blood__H=24__B=NA__G=mva_fhbp__VS=none	<upstream_project_root>/00_metadata/verified_metadata/splited/GSE139529_design/GSE139529_design__T=blood__H=24__B=NA__G=mva_fhbp__VS=none.tsv	external	acute_main	blood	24	6	6	14.336311710882491	14.328273458626464	0.008038252256026723	-0.0560691788664514	0.0560691788664514	TRUE	1	1
ENSMUSG00000138573	Gm72936	3	top_abs_beta_meta	4.977817758075086	TRUE	GSE139529	GSE139529_design__T=blood__H=24__B=NA__G=ad.mva__VS=none	<upstream_project_root>/00_metadata/verified_metadata/splited/GSE139529_design/GSE139529_design__T=blood__H=24__B=NA__G=ad.mva__VS=none.tsv	external	acute_main	blood	24	6	6	12.688781334511157	13.01378348251332	0.325002148002163	2.5613346107416697	2.5613346107416697	TRUE	1	1
ENSMUSG00000138573	Gm72936	3	top_abs_beta_meta	4.977817758075086	TRUE	GSE139529	GSE139529_design__T=blood__H=24__B=NA__G=ad_empty__VS=none	<upstream_project_root>/00_metadata/verified_metadata/splited/GSE139529_design/GSE139529_design__T=blood__H=24__B=NA__G=ad_empty__VS=none.tsv	external	acute_main	blood	24	6	6	13.17891812194547	13.471750291145005	0.29283216919953503	2.2219742659445796	2.2219742659445796	TRUE	1	1
ENSMUSG00000138573	Gm72936	3	top_abs_beta_meta	4.977817758075086	TRUE	GSE139529	GSE139529_design__T=blood__H=24__B=NA__G=ad_fhbp__VS=none	<upstream_project_root>/00_metadata/verified_metadata/splited/GSE139529_design/GSE139529_design__T=blood__H=24__B=NA__G=ad_fhbp__VS=none.tsv	external	acute_main	blood	24	6	6	14.328300033552733	14.624449382325666	0.29614934877293386	2.0668840551875505	2.0668840551875505	TRUE	1	1
ENSMUSG00000138573	Gm72936	3	top_abs_beta_meta	4.977817758075086	TRUE	GSE139529	GSE139529_design__T=blood__H=24__B=NA__G=ad_pref__VS=none	<upstream_project_root>/00_metadata/verified_metadata/splited/GSE139529_design/GSE139529_design__T=blood__H=24__B=NA__G=ad_pref__VS=none.tsv	external	acute_main	blood	24	6	6	1.670093998272992	1.7306747643938876	0.06058076612089547	3.627386613181098	3.627386613181098	TRUE	0.6944444444444444	0.7222222222222222
ENSMUSG00000138573	Gm72936	3	top_abs_beta_meta	4.977817758075086	TRUE	GSE139529	GSE139529_design__T=blood__H=24__B=NA__G=mva.ad__VS=none	<upstream_project_root>/00_metadata/verified_metadata/splited/GSE139529_design/GSE139529_design__T=blood__H=24__B=NA__G=mva.ad__VS=none.tsv	external	acute_main	blood	24	6	6	15.317256935802664	15.638728116651547	0.32147118084888326	2.0987516380787103	2.0987516380787103	TRUE	1	1
ENSMUSG00000138573	Gm72936	3	top_abs_beta_meta	4.977817758075086	TRUE	GSE139529	GSE139529_design__T=blood__H=24__B=NA__G=mva_fhbp__VS=none	<upstream_project_root>/00_metadata/verified_metadata/splited/GSE139529_design/GSE139529_design__T=blood__H=24__B=NA__G=mva_fhbp__VS=none.tsv	external	acute_main	blood	24	6	6	14.336311710882491	14.609608785831814	0.27329707494932265	1.9063276556819473	1.9063276556819473	TRUE	1	1
ENSMUSG00000035385	Ccl2	4	top_abs_beta_meta	4.6635139717927325	TRUE	GSE139529	GSE139529_design__T=blood__H=24__B=NA__G=ad.mva__VS=none	<upstream_project_root>/00_metadata/verified_metadata/splited/GSE139529_design/GSE139529_design__T=blood__H=24__B=NA__G=ad.mva__VS=none.tsv	external	acute_main	blood	24	6	6	12.688781334511157	12.73271716415952	0.04393582964836362	0.3462572842111025	0.3462572842111025	TRUE	1	1
ENSMUSG00000035385	Ccl2	4	top_abs_beta_meta	4.6635139717927325	TRUE	GSE139529	GSE139529_design__T=blood__H=24__B=NA__G=ad_empty__VS=none	<upstream_project_root>/00_metadata/verified_metadata/splited/GSE139529_design/GSE139529_design__T=blood__H=24__B=NA__G=ad_empty__VS=none.tsv	external	acute_main	blood	24	6	6	13.17891812194547	13.25393901591095	0.07502089396547973	0.5692492606093007	0.5692492606093007	TRUE	1	1
ENSMUSG00000035385	Ccl2	4	top_abs_beta_meta	4.6635139717927325	TRUE	GSE139529	GSE139529_design__T=blood__H=24__B=NA__G=ad_fhbp__VS=none	<upstream_project_root>/00_metadata/verified_metadata/splited/GSE139529_design/GSE139529_design__T=blood__H=24__B=NA__G=ad_fhbp__VS=none.tsv	external	acute_main	blood	24	6	6	14.328300033552733	14.383286024481349	0.05498599092861589	0.38375795314066996	0.38375795314066996	TRUE	1	1
ENSMUSG00000035385	Ccl2	4	top_abs_beta_meta	4.6635139717927325	TRUE	GSE139529	GSE139529_design__T=blood__H=24__B=NA__G=ad_pref__VS=none	<upstream_project_root>/00_metadata/verified_metadata/splited/GSE139529_design/GSE139529_design__T=blood__H=24__B=NA__G=ad_pref__VS=none.tsv	external	acute_main	blood	24	6	6	1.670093998272992	1.678724263097758	0.00863026482476581	0.5167532386614274	0.5167532386614274	TRUE	0.6944444444444444	0.6944444444444444
ENSMUSG00000035385	Ccl2	4	top_abs_beta_meta	4.6635139717927325	TRUE	GSE139529	GSE139529_design__T=blood__H=24__B=NA__G=mva.ad__VS=none	<upstream_project_root>/00_metadata/verified_metadata/splited/GSE139529_design/GSE139529_design__T=blood__H=24__B=NA__G=mva.ad__VS=none.tsv	external	acute_main	blood	24	6	6	15.317256935802664	15.38992477368877	0.07266783788610631	0.4744180905933098	0.4744180905933098	TRUE	1	1
ENSMUSG00000035385	Ccl2	4	top_abs_beta_meta	4.6635139717927325	TRUE	GSE139529	GSE139529_design__T=blood__H=24__B=NA__G=mva_fhbp__VS=none	<upstream_project_root>/00_metadata/verified_metadata/splited/GSE139529_design/GSE139529_design__T=blood__H=24__B=NA__G=mva_fhbp__VS=none.tsv	external	acute_main	blood	24	6	6	14.336311710882491	14.386954644382962	0.05064293350047144	0.35324938883708223	0.35324938883708223	TRUE	1	1
ENSMUSG00000034855	Cxcl10	5	top_abs_beta_meta	4.612796832918611	TRUE	GSE139529	GSE139529_design__T=blood__H=24__B=NA__G=ad.mva__VS=none	<upstream_project_root>/00_metadata/verified_metadata/splited/GSE139529_design/GSE139529_design__T=blood__H=24__B=NA__G=ad.mva__VS=none.tsv	external	acute_main	blood	24	6	6	12.688781334511157	12.769928803810387	0.08114746929923022	0.6395213784520346	0.6395213784520346	TRUE	1	1
ENSMUSG00000034855	Cxcl10	5	top_abs_beta_meta	4.612796832918611	TRUE	GSE139529	GSE139529_design__T=blood__H=24__B=NA__G=ad_empty__VS=none	<upstream_project_root>/00_metadata/verified_metadata/splited/GSE139529_design/GSE139529_design__T=blood__H=24__B=NA__G=ad_empty__VS=none.tsv	external	acute_main	blood	24	6	6	13.17891812194547	13.265507917220129	0.0865897952746586	0.6570326522513991	0.6570326522513991	TRUE	1	1
ENSMUSG00000034855	Cxcl10	5	top_abs_beta_meta	4.612796832918611	TRUE	GSE139529	GSE139529_design__T=blood__H=24__B=NA__G=ad_fhbp__VS=none	<upstream_project_root>/00_metadata/verified_metadata/splited/GSE139529_design/GSE139529_design__T=blood__H=24__B=NA__G=ad_fhbp__VS=none.tsv	external	acute_main	blood	24	6	6	14.328300033552733	14.404599110439213	0.07629907688647997	0.532506136162766	0.532506136162766	TRUE	1	1
ENSMUSG00000034855	Cxcl10	5	top_abs_beta_meta	4.612796832918611	TRUE	GSE139529	GSE139529_design__T=blood__H=24__B=NA__G=ad_pref__VS=none	<upstream_project_root>/00_metadata/verified_metadata/splited/GSE139529_design/GSE139529_design__T=blood__H=24__B=NA__G=ad_pref__VS=none.tsv	external	acute_main	blood	24	6	6	1.670093998272992	1.7823056123179344	0.11221161404494229	6.718880144529463	6.718880144529463	TRUE	0.6944444444444444	0.7222222222222222
ENSMUSG00000034855	Cxcl10	5	top_abs_beta_meta	4.612796832918611	TRUE	GSE139529	GSE139529_design__T=blood__H=24__B=NA__G=mva.ad__VS=none	<upstream_project_root>/00_metadata/verified_metadata/splited/GSE139529_design/GSE139529_design__T=blood__H=24__B=NA__G=mva.ad__VS=none.tsv	external	acute_main	blood	24	6	6	15.317256935802664	15.433274098611163	0.1160171628084985	0.757427803782015	0.757427803782015	TRUE	1	1
ENSMUSG00000034855	Cxcl10	5	top_abs_beta_meta	4.612796832918611	TRUE	GSE139529	GSE139529_design__T=blood__H=24__B=NA__G=mva_fhbp__VS=none	<upstream_project_root>/00_metadata/verified_metadata/splited/GSE139529_design/GSE139529_design__T=blood__H=24__B=NA__G=mva_fhbp__VS=none.tsv	external	acute_main	blood	24	6	6	14.336311710882491	14.401989989068632	0.06567827818614091	0.45812534988539255	0.45812534988539255	TRUE	1	1
ENSMUSG00000085295	4930430E12Rik	6	top_abs_beta_meta	4.495088843307157	TRUE	GSE139529	GSE139529_design__T=blood__H=24__B=NA__G=ad.mva__VS=none	<upstream_project_root>/00_metadata/verified_metadata/splited/GSE139529_design/GSE139529_design__T=blood__H=24__B=NA__G=ad.mva__VS=none.tsv	external	acute_main	blood	24	6	6	12.688781334511157	12.741578223564034	0.052796889052876494	0.41609109386477205	0.41609109386477205	TRUE	1	1
ENSMUSG00000085295	4930430E12Rik	6	top_abs_beta_meta	4.495088843307157	TRUE	GSE139529	GSE139529_design__T=blood__H=24__B=NA__G=ad_empty__VS=none	<upstream_project_root>/00_metadata/verified_metadata/splited/GSE139529_design/GSE139529_design__T=blood__H=24__B=NA__G=ad_empty__VS=none.tsv	external	acute_main	blood	24	6	6	13.17891812194547	13.245609542246903	0.06669142030143327	0.506046245103982	0.506046245103982	TRUE	1	1
ENSMUSG00000085295	4930430E12Rik	6	top_abs_beta_meta	4.495088843307157	TRUE	GSE139529	GSE139529_design__T=blood__H=24__B=NA__G=ad_fhbp__VS=none	<upstream_project_root>/00_metadata/verified_metadata/splited/GSE139529_design/GSE139529_design__T=blood__H=24__B=NA__G=ad_fhbp__VS=none.tsv	external	acute_main	blood	24	6	6	14.328300033552733	14.39318171998478	0.06488168643204695	0.4528219417524257	0.4528219417524257	TRUE	1	1
ENSMUSG00000085295	4930430E12Rik	6	top_abs_beta_meta	4.495088843307157	TRUE	GSE139529	GSE139529_design__T=blood__H=24__B=NA__G=ad_pref__VS=none	<upstream_project_root>/00_metadata/verified_metadata/splited/GSE139529_design/GSE139529_design__T=blood__H=24__B=NA__G=ad_pref__VS=none.tsv	external	acute_main	blood	24	6	6	1.670093998272992	1.6705897330402644	4.957347672722712e-4	0.029683045851604743	0.029683045851604743	TRUE	0.6944444444444444	0.6944444444444444
ENSMUSG00000085295	4930430E12Rik	6	top_abs_beta_meta	4.495088843307157	TRUE	GSE139529	GSE139529_design__T=blood__H=24__B=NA__G=mva.ad__VS=none	<upstream_project_root>/00_metadata/verified_metadata/splited/GSE139529_design/GSE139529_design__T=blood__H=24__B=NA__G=mva.ad__VS=none.tsv	external	acute_main	blood	24	6	6	15.317256935802664	15.33668440364522	0.019427467842556112	0.12683385755021326	0.12683385755021326	TRUE	1	1
ENSMUSG00000085295	4930430E12Rik	6	top_abs_beta_meta	4.495088843307157	TRUE	GSE139529	GSE139529_design__T=blood__H=24__B=NA__G=mva_fhbp__VS=none	<upstream_project_root>/00_metadata/verified_metadata/splited/GSE139529_design/GSE139529_design__T=blood__H=24__B=NA__G=mva_fhbp__VS=none.tsv	external	acute_main	blood	24	6	6	14.336311710882491	14.395320720029353	0.05900900914686247	0.41160523248158426	0.41160523248158426	TRUE	1	1
ENSMUSG00000052485	Tmem171	7	top_abs_beta_meta	4.404983306498316	TRUE	GSE139529	GSE139529_design__T=blood__H=24__B=NA__G=ad.mva__VS=none	<upstream_project_root>/00_metadata/verified_metadata/splited/GSE139529_design/GSE139529_design__T=blood__H=24__B=NA__G=ad.mva__VS=none.tsv	external	acute_main	blood	24	6	6	12.688781334511157	12.551375795260025	0.13740553925113197	-1.0828899610509806	1.0828899610509806	TRUE	1	1
ENSMUSG00000052485	Tmem171	7	top_abs_beta_meta	4.404983306498316	TRUE	GSE139529	GSE139529_design__T=blood__H=24__B=NA__G=ad_empty__VS=none	<upstream_project_root>/00_metadata/verified_metadata/splited/GSE139529_design/GSE139529_design__T=blood__H=24__B=NA__G=ad_empty__VS=none.tsv	external	acute_main	blood	24	6	6	13.17891812194547	13.026157107948675	0.15276101399679476	-1.1591316721394442	1.1591316721394442	TRUE	1	1
ENSMUSG00000052485	Tmem171	7	top_abs_beta_meta	4.404983306498316	TRUE	GSE139529	GSE139529_design__T=blood__H=24__B=NA__G=ad_fhbp__VS=none	<upstream_project_root>/00_metadata/verified_metadata/splited/GSE139529_design/GSE139529_design__T=blood__H=24__B=NA__G=ad_fhbp__VS=none.tsv	external	acute_main	blood	24	6	6	14.328300033552733	14.115690267353116	0.21260976619961625	-1.4838450179138187	1.4838450179138187	TRUE	1	1
ENSMUSG00000052485	Tmem171	7	top_abs_beta_meta	4.404983306498316	TRUE	GSE139529	GSE139529_design__T=blood__H=24__B=NA__G=ad_pref__VS=none	<upstream_project_root>/00_metadata/verified_metadata/splited/GSE139529_design/GSE139529_design__T=blood__H=24__B=NA__G=ad_pref__VS=none.tsv	external	acute_main	blood	24	6	6	1.670093998272992	1.6970817705590033	0.026987772286011236	1.6159433130062562	1.6159433130062562	TRUE	0.6944444444444444	0.6944444444444444
ENSMUSG00000052485	Tmem171	7	top_abs_beta_meta	4.404983306498316	TRUE	GSE139529	GSE139529_design__T=blood__H=24__B=NA__G=mva.ad__VS=none	<upstream_project_root>/00_metadata/verified_metadata/splited/GSE139529_design/GSE139529_design__T=blood__H=24__B=NA__G=mva.ad__VS=none.tsv	external	acute_main	blood	24	6	6	15.317256935802664	15.094827908749469	0.22242902705319523	-1.4521466081390073	1.4521466081390073	TRUE	1	1
ENSMUSG00000052485	Tmem171	7	top_abs_beta_meta	4.404983306498316	TRUE	GSE139529	GSE139529_design__T=blood__H=24__B=NA__G=mva_fhbp__VS=none	<upstream_project_root>/00_metadata/verified_metadata/splited/GSE139529_design/GSE139529_design__T=blood__H=24__B=NA__G=mva_fhbp__VS=none.tsv	external	acute_main	blood	24	6	6	14.336311710882491	14.140204905580063	0.19610680530242774	-1.3679027720467731	1.3679027720467731	TRUE	1	1
ENSMUSG00000040026	Saa3	8	top_abs_beta_meta	4.397792528205895	TRUE	GSE139529	GSE139529_design__T=blood__H=24__B=NA__G=ad.mva__VS=none	<upstream_project_root>/00_metadata/verified_metadata/splited/GSE139529_design/GSE139529_design__T=blood__H=24__B=NA__G=ad.mva__VS=none.tsv	external	acute_main	blood	24	6	6	12.688781334511157	12.686406829268954	0.002374505242203284	-0.018713422350064977	0.018713422350064977	TRUE	1	1
ENSMUSG00000040026	Saa3	8	top_abs_beta_meta	4.397792528205895	TRUE	GSE139529	GSE139529_design__T=blood__H=24__B=NA__G=ad_empty__VS=none	<upstream_project_root>/00_metadata/verified_metadata/splited/GSE139529_design/GSE139529_design__T=blood__H=24__B=NA__G=ad_empty__VS=none.tsv	external	acute_main	blood	24	6	6	13.17891812194547	13.225151762167581	0.04623364022211085	0.35081514123016533	0.35081514123016533	TRUE	1	1
ENSMUSG00000040026	Saa3	8	top_abs_beta_meta	4.397792528205895	TRUE	GSE139529	GSE139529_design__T=blood__H=24__B=NA__G=ad_fhbp__VS=none	<upstream_project_root>/00_metadata/verified_metadata/splited/GSE139529_design/GSE139529_design__T=blood__H=24__B=NA__G=ad_fhbp__VS=none.tsv	external	acute_main	blood	24	6	6	14.328300033552733	14.33343029602559	0.005130262472857083	0.03580510221619797	0.03580510221619797	TRUE	1	1
ENSMUSG00000040026	Saa3	8	top_abs_beta_meta	4.397792528205895	TRUE	GSE139529	GSE139529_design__T=blood__H=24__B=NA__G=ad_pref__VS=none	<upstream_project_root>/00_metadata/verified_metadata/splited/GSE139529_design/GSE139529_design__T=blood__H=24__B=NA__G=ad_pref__VS=none.tsv	external	acute_main	blood	24	6	6	1.670093998272992	1.656073823557462	0.014020174715530187	-0.8394841685574671	0.8394841685574671	TRUE	0.6944444444444444	0.6944444444444444
ENSMUSG00000040026	Saa3	8	top_abs_beta_meta	4.397792528205895	TRUE	GSE139529	GSE139529_design__T=blood__H=24__B=NA__G=mva.ad__VS=none	<upstream_project_root>/00_metadata/verified_metadata/splited/GSE139529_design/GSE139529_design__T=blood__H=24__B=NA__G=mva.ad__VS=none.tsv	external	acute_main	blood	24	6	6	15.317256935802664	15.37780809242294	0.0605511566202761	0.3953133180050235	0.3953133180050235	TRUE	1	1
ENSMUSG00000040026	Saa3	8	top_abs_beta_meta	4.397792528205895	TRUE	GSE139529	GSE139529_design__T=blood__H=24__B=NA__G=mva_fhbp__VS=none	<upstream_project_root>/00_metadata/verified_metadata/splited/GSE139529_design/GSE139529_design__T=blood__H=24__B=NA__G=mva_fhbp__VS=none.tsv	external	acute_main	blood	24	6	6	14.336311710882491	14.342102665517007	0.00579095463451651	0.04039361553586114	0.04039361553586114	TRUE	1	1
ENSMUSG00000134421	Gm67078	9	top_abs_beta_meta	4.366412049518441	TRUE	GSE139529	GSE139529_design__T=blood__H=24__B=NA__G=ad.mva__VS=none	<upstream_project_root>/00_metadata/verified_metadata/splited/GSE139529_design/GSE139529_design__T=blood__H=24__B=NA__G=ad.mva__VS=none.tsv	external	acute_main	blood	24	6	6	12.688781334511157	12.870995849416733	0.18221451490557605	1.436028489276476	1.436028489276476	TRUE	1	1
ENSMUSG00000134421	Gm67078	9	top_abs_beta_meta	4.366412049518441	TRUE	GSE139529	GSE139529_design__T=blood__H=24__B=NA__G=ad_empty__VS=none	<upstream_project_root>/00_metadata/verified_metadata/splited/GSE139529_design/GSE139529_design__T=blood__H=24__B=NA__G=ad_empty__VS=none.tsv	external	acute_main	blood	24	6	6	13.17891812194547	13.393185382383177	0.2142672604377065	1.6258334595835275	1.6258334595835275	TRUE	1	1
ENSMUSG00000134421	Gm67078	9	top_abs_beta_meta	4.366412049518441	TRUE	GSE139529	GSE139529_design__T=blood__H=24__B=NA__G=ad_fhbp__VS=none	<upstream_project_root>/00_metadata/verified_metadata/splited/GSE139529_design/GSE139529_design__T=blood__H=24__B=NA__G=ad_fhbp__VS=none.tsv	external	acute_main	blood	24	6	6	14.328300033552733	14.566819375106904	0.23851934155417176	1.6646729967660399	1.6646729967660399	TRUE	1	1
ENSMUSG00000134421	Gm67078	9	top_abs_beta_meta	4.366412049518441	TRUE	GSE139529	GSE139529_design__T=blood__H=24__B=NA__G=ad_pref__VS=none	<upstream_project_root>/00_metadata/verified_metadata/splited/GSE139529_design/GSE139529_design__T=blood__H=24__B=NA__G=ad_pref__VS=none.tsv	external	acute_main	blood	24	6	6	1.670093998272992	1.6878707219794562	0.017776723706464104	1.064414561386762	1.064414561386762	TRUE	0.6944444444444444	0.6944444444444444
ENSMUSG00000134421	Gm67078	9	top_abs_beta_meta	4.366412049518441	TRUE	GSE139529	GSE139529_design__T=blood__H=24__B=NA__G=mva.ad__VS=none	<upstream_project_root>/00_metadata/verified_metadata/splited/GSE139529_design/GSE139529_design__T=blood__H=24__B=NA__G=mva.ad__VS=none.tsv	external	acute_main	blood	24	6	6	15.317256935802664	15.545438598903102	0.22818166310043786	1.4897031763375623	1.4897031763375623	TRUE	1	1
ENSMUSG00000134421	Gm67078	9	top_abs_beta_meta	4.366412049518441	TRUE	GSE139529	GSE139529_design__T=blood__H=24__B=NA__G=mva_fhbp__VS=none	<upstream_project_root>/00_metadata/verified_metadata/splited/GSE139529_design/GSE139529_design__T=blood__H=24__B=NA__G=mva_fhbp__VS=none.tsv	external	acute_main	blood	24	6	6	14.336311710882491	14.544008610483484	0.20769689960099313	1.4487470961121287	1.4487470961121287	TRUE	1	1
ENSMUSG00000055110	A630012P03Rik	10	top_abs_beta_meta	4.36126211559667	TRUE	GSE139529	GSE139529_design__T=blood__H=24__B=NA__G=ad.mva__VS=none	<upstream_project_root>/00_metadata/verified_metadata/splited/GSE139529_design/GSE139529_design__T=blood__H=24__B=NA__G=ad.mva__VS=none.tsv	external	acute_main	blood	24	6	6	12.688781334511157	12.73364172673735	0.04486039222619276	0.3535437410697647	0.3535437410697647	TRUE	1	1
ENSMUSG00000055110	A630012P03Rik	10	top_abs_beta_meta	4.36126211559667	TRUE	GSE139529	GSE139529_design__T=blood__H=24__B=NA__G=ad_empty__VS=none	<upstream_project_root>/00_metadata/verified_metadata/splited/GSE139529_design/GSE139529_design__T=blood__H=24__B=NA__G=ad_empty__VS=none.tsv	external	acute_main	blood	24	6	6	13.17891812194547	13.222078676705403	0.04316055475993252	0.32749694899509074	0.32749694899509074	TRUE	1	1
ENSMUSG00000055110	A630012P03Rik	10	top_abs_beta_meta	4.36126211559667	TRUE	GSE139529	GSE139529_design__T=blood__H=24__B=NA__G=ad_fhbp__VS=none	<upstream_project_root>/00_metadata/verified_metadata/splited/GSE139529_design/GSE139529_design__T=blood__H=24__B=NA__G=ad_fhbp__VS=none.tsv	external	acute_main	blood	24	6	6	14.328300033552733	14.349598462682993	0.021298429130260033	0.1486458901641177	0.1486458901641177	TRUE	1	1
ENSMUSG00000055110	A630012P03Rik	10	top_abs_beta_meta	4.36126211559667	TRUE	GSE139529	GSE139529_design__T=blood__H=24__B=NA__G=ad_pref__VS=none	<upstream_project_root>/00_metadata/verified_metadata/splited/GSE139529_design/GSE139529_design__T=blood__H=24__B=NA__G=ad_pref__VS=none.tsv	external	acute_main	blood	24	6	6	1.670093998272992	1.6710321825721546	9.381842991624811e-4	0.05617553863031884	0.05617553863031884	TRUE	0.6944444444444444	0.6944444444444444
ENSMUSG00000055110	A630012P03Rik	10	top_abs_beta_meta	4.36126211559667	TRUE	GSE139529	GSE139529_design__T=blood__H=24__B=NA__G=mva.ad__VS=none	<upstream_project_root>/00_metadata/verified_metadata/splited/GSE139529_design/GSE139529_design__T=blood__H=24__B=NA__G=mva.ad__VS=none.tsv	external	acute_main	blood	24	6	6	15.317256935802664	15.34930236333449	0.032045427531825155	0.20921126848059815	0.20921126848059815	TRUE	1	1
ENSMUSG00000055110	A630012P03Rik	10	top_abs_beta_meta	4.36126211559667	TRUE	GSE139529	GSE139529_design__T=blood__H=24__B=NA__G=mva_fhbp__VS=none	<upstream_project_root>/00_metadata/verified_metadata/splited/GSE139529_design/GSE139529_design__T=blood__H=24__B=NA__G=mva_fhbp__VS=none.tsv	external	acute_main	blood	24	6	6	14.336311710882491	14.381268116217285	0.04495640533479417	0.3135841787024511	0.3135841787024511	TRUE	1	1
ENSMUSG00000050578	Mmp13	11	top_abs_beta_meta	4.342772097488057	TRUE	GSE139529	GSE139529_design__T=blood__H=24__B=NA__G=ad.mva__VS=none	<upstream_project_root>/00_metadata/verified_metadata/splited/GSE139529_design/GSE139529_design__T=blood__H=24__B=NA__G=ad.mva__VS=none.tsv	external	acute_main	blood	24	6	6	12.688781334511157	12.544760534808814	0.14402079970234283	-1.135024679719499	1.135024679719499	TRUE	1	1
ENSMUSG00000050578	Mmp13	11	top_abs_beta_meta	4.342772097488057	TRUE	GSE139529	GSE139529_design__T=blood__H=24__B=NA__G=ad_empty__VS=none	<upstream_project_root>/00_metadata/verified_metadata/splited/GSE139529_design/GSE139529_design__T=blood__H=24__B=NA__G=ad_empty__VS=none.tsv	external	acute_main	blood	24	6	6	13.17891812194547	12.927834660796066	0.2510834611494044	-1.9051902350869108	1.9051902350869108	TRUE	1	1
ENSMUSG00000050578	Mmp13	11	top_abs_beta_meta	4.342772097488057	TRUE	GSE139529	GSE139529_design__T=blood__H=24__B=NA__G=ad_fhbp__VS=none	<upstream_project_root>/00_metadata/verified_metadata/splited/GSE139529_design/GSE139529_design__T=blood__H=24__B=NA__G=ad_fhbp__VS=none.tsv	external	acute_main	blood	24	6	6	14.328300033552733	14.106350664600917	0.22194936895181527	-1.5490279267748028	1.5490279267748028	TRUE	1	1
ENSMUSG00000050578	Mmp13	11	top_abs_beta_meta	4.342772097488057	TRUE	GSE139529	GSE139529_design__T=blood__H=24__B=NA__G=ad_pref__VS=none	<upstream_project_root>/00_metadata/verified_metadata/splited/GSE139529_design/GSE139529_design__T=blood__H=24__B=NA__G=ad_pref__VS=none.tsv	external	acute_main	blood	24	6	6	1.670093998272992	1.6289617773541691	0.04113222091882296	-2.4628686146622223	2.4628686146622223	TRUE	0.6944444444444444	0.6944444444444444
ENSMUSG00000050578	Mmp13	11	top_abs_beta_meta	4.342772097488057	TRUE	GSE139529	GSE139529_design__T=blood__H=24__B=NA__G=mva.ad__VS=none	<upstream_project_root>/00_metadata/verified_metadata/splited/GSE139529_design/GSE139529_design__T=blood__H=24__B=NA__G=mva.ad__VS=none.tsv	external	acute_main	blood	24	6	6	15.317256935802664	15.08310394801626	0.2341529877864037	-1.5286874717044985	1.5286874717044985	TRUE	1	1
ENSMUSG00000050578	Mmp13	11	top_abs_beta_meta	4.342772097488057	TRUE	GSE139529	GSE139529_design__T=blood__H=24__B=NA__G=mva_fhbp__VS=none	<upstream_project_root>/00_metadata/verified_metadata/splited/GSE139529_design/GSE139529_design__T=blood__H=24__B=NA__G=mva_fhbp__VS=none.tsv	external	acute_main	blood	24	6	6	14.336311710882491	14.184152019516489	0.15215969136600194	-1.0613586983498668	1.0613586983498668	TRUE	1	1
ENSMUSG00000111078	Gm35028	12	top_abs_beta_meta	4.2332077695080725	TRUE	GSE139529	GSE139529_design__T=blood__H=24__B=NA__G=ad.mva__VS=none	<upstream_project_root>/00_metadata/verified_metadata/splited/GSE139529_design/GSE139529_design__T=blood__H=24__B=NA__G=ad.mva__VS=none.tsv	external	acute_main	blood	24	6	6	12.688781334511157	12.574683293230823	0.11409804128033407	-0.8992040943286519	0.8992040943286519	TRUE	1	1
ENSMUSG00000111078	Gm35028	12	top_abs_beta_meta	4.2332077695080725	TRUE	GSE139529	GSE139529_design__T=blood__H=24__B=NA__G=ad_empty__VS=none	<upstream_project_root>/00_metadata/verified_metadata/splited/GSE139529_design/GSE139529_design__T=blood__H=24__B=NA__G=ad_empty__VS=none.tsv	external	acute_main	blood	24	6	6	13.17891812194547	13.059944019826814	0.11897410211865633	-0.9027607654724042	0.9027607654724042	TRUE	1	1
ENSMUSG00000111078	Gm35028	12	top_abs_beta_meta	4.2332077695080725	TRUE	GSE139529	GSE139529_design__T=blood__H=24__B=NA__G=ad_fhbp__VS=none	<upstream_project_root>/00_metadata/verified_metadata/splited/GSE139529_design/GSE139529_design__T=blood__H=24__B=NA__G=ad_fhbp__VS=none.tsv	external	acute_main	blood	24	6	6	14.328300033552733	14.149171059075499	0.17912897447723353	-1.250176043618331	1.250176043618331	TRUE	1	1
ENSMUSG00000111078	Gm35028	12	top_abs_beta_meta	4.2332077695080725	TRUE	GSE139529	GSE139529_design__T=blood__H=24__B=NA__G=ad_pref__VS=none	<upstream_project_root>/00_metadata/verified_metadata/splited/GSE139529_design/GSE139529_design__T=blood__H=24__B=NA__G=ad_pref__VS=none.tsv	external	acute_main	blood	24	6	6	1.670093998272992	1.653719477079841	0.016374521193151192	-0.980455064809749	0.980455064809749	TRUE	0.6944444444444444	0.6944444444444444
ENSMUSG00000111078	Gm35028	12	top_abs_beta_meta	4.2332077695080725	TRUE	GSE139529	GSE139529_design__T=blood__H=24__B=NA__G=mva.ad__VS=none	<upstream_project_root>/00_metadata/verified_metadata/splited/GSE139529_design/GSE139529_design__T=blood__H=24__B=NA__G=mva.ad__VS=none.tsv	external	acute_main	blood	24	6	6	15.317256935802664	15.08038359189468	0.23687334390798398	-1.546447545410788	1.546447545410788	TRUE	1	1
ENSMUSG00000111078	Gm35028	12	top_abs_beta_meta	4.2332077695080725	TRUE	GSE139529	GSE139529_design__T=blood__H=24__B=NA__G=mva_fhbp__VS=none	<upstream_project_root>/00_metadata/verified_metadata/splited/GSE139529_design/GSE139529_design__T=blood__H=24__B=NA__G=mva_fhbp__VS=none.tsv	external	acute_main	blood	24	6	6	14.336311710882491	14.144448152435217	0.19186355844727387	-1.3383048744792077	1.3383048744792077	TRUE	1	1
ENSMUSG00000138247	Gm60893	13	top_abs_beta_meta	4.118168331717115	TRUE	GSE139529	GSE139529_design__T=blood__H=24__B=NA__G=ad.mva__VS=none	<upstream_project_root>/00_metadata/verified_metadata/splited/GSE139529_design/GSE139529_design__T=blood__H=24__B=NA__G=ad.mva__VS=none.tsv	external	acute_main	blood	24	6	6	12.688781334511157	12.71192759821933	0.0231462637081723	0.18241518312888494	0.18241518312888494	TRUE	1	1
ENSMUSG00000138247	Gm60893	13	top_abs_beta_meta	4.118168331717115	TRUE	GSE139529	GSE139529_design__T=blood__H=24__B=NA__G=ad_empty__VS=none	<upstream_project_root>/00_metadata/verified_metadata/splited/GSE139529_design/GSE139529_design__T=blood__H=24__B=NA__G=ad_empty__VS=none.tsv	external	acute_main	blood	24	6	6	13.17891812194547	13.255098047393034	0.07617992544756369	0.578043848081196	0.578043848081196	TRUE	1	1
ENSMUSG00000138247	Gm60893	13	top_abs_beta_meta	4.118168331717115	TRUE	GSE139529	GSE139529_design__T=blood__H=24__B=NA__G=ad_fhbp__VS=none	<upstream_project_root>/00_metadata/verified_metadata/splited/GSE139529_design/GSE139529_design__T=blood__H=24__B=NA__G=ad_fhbp__VS=none.tsv	external	acute_main	blood	24	6	6	14.328300033552733	14.391306607891305	0.06300657433857282	0.4397351687990177	0.4397351687990177	TRUE	1	1
ENSMUSG00000138247	Gm60893	13	top_abs_beta_meta	4.118168331717115	TRUE	GSE139529	GSE139529_design__T=blood__H=24__B=NA__G=ad_pref__VS=none	<upstream_project_root>/00_metadata/verified_metadata/splited/GSE139529_design/GSE139529_design__T=blood__H=24__B=NA__G=ad_pref__VS=none.tsv	external	acute_main	blood	24	6	6	1.670093998272992	1.742635113835028	0.07254111556203591	4.343534893068839	4.343534893068839	TRUE	0.6944444444444444	0.7222222222222222
ENSMUSG00000138247	Gm60893	13	top_abs_beta_meta	4.118168331717115	TRUE	GSE139529	GSE139529_design__T=blood__H=24__B=NA__G=mva.ad__VS=none	<upstream_project_root>/00_metadata/verified_metadata/splited/GSE139529_design/GSE139529_design__T=blood__H=24__B=NA__G=mva.ad__VS=none.tsv	external	acute_main	blood	24	6	6	15.317256935802664	15.399784188948242	0.08252725314557807	0.53878611223579	0.53878611223579	TRUE	1	1
ENSMUSG00000138247	Gm60893	13	top_abs_beta_meta	4.118168331717115	TRUE	GSE139529	GSE139529_design__T=blood__H=24__B=NA__G=mva_fhbp__VS=none	<upstream_project_root>/00_metadata/verified_metadata/splited/GSE139529_design/GSE139529_design__T=blood__H=24__B=NA__G=mva_fhbp__VS=none.tsv	external	acute_main	blood	24	6	6	14.336311710882491	14.330678241725389	0.005633469157102056	-0.039295107909977776	0.039295107909977776	TRUE	1	1
ENSMUSG00000035373	Ccl7	14	top_abs_beta_meta	4.080173963641654	TRUE	GSE139529	GSE139529_design__T=blood__H=24__B=NA__G=ad.mva__VS=none	<upstream_project_root>/00_metadata/verified_metadata/splited/GSE139529_design/GSE139529_design__T=blood__H=24__B=NA__G=ad.mva__VS=none.tsv	external	acute_main	blood	24	6	6	12.688781334511157	12.522854727444066	0.16592660706709061	-1.307663854335646	1.307663854335646	TRUE	1	1
ENSMUSG00000035373	Ccl7	14	top_abs_beta_meta	4.080173963641654	TRUE	GSE139529	GSE139529_design__T=blood__H=24__B=NA__G=ad_empty__VS=none	<upstream_project_root>/00_metadata/verified_metadata/splited/GSE139529_design/GSE139529_design__T=blood__H=24__B=NA__G=ad_empty__VS=none.tsv	external	acute_main	blood	24	6	6	13.17891812194547	13.02884199842483	0.15007612352063937	-1.138759055424537	1.138759055424537	TRUE	1	1
ENSMUSG00000035373	Ccl7	14	top_abs_beta_meta	4.080173963641654	TRUE	GSE139529	GSE139529_design__T=blood__H=24__B=NA__G=ad_fhbp__VS=none	<upstream_project_root>/00_metadata/verified_metadata/splited/GSE139529_design/GSE139529_design__T=blood__H=24__B=NA__G=ad_fhbp__VS=none.tsv	external	acute_main	blood	24	6	6	14.328300033552733	14.119699811230053	0.20860022232267994	-1.45586162932238	1.45586162932238	TRUE	1	1
ENSMUSG00000035373	Ccl7	14	top_abs_beta_meta	4.080173963641654	TRUE	GSE139529	GSE139529_design__T=blood__H=24__B=NA__G=ad_pref__VS=none	<upstream_project_root>/00_metadata/verified_metadata/splited/GSE139529_design/GSE139529_design__T=blood__H=24__B=NA__G=ad_pref__VS=none.tsv	external	acute_main	blood	24	6	6	1.670093998272992	1.6373695929094065	0.03272440536358556	-1.959434941831128	1.959434941831128	TRUE	0.6944444444444444	0.6944444444444444
ENSMUSG00000035373	Ccl7	14	top_abs_beta_meta	4.080173963641654	TRUE	GSE139529	GSE139529_design__T=blood__H=24__B=NA__G=mva.ad__VS=none	<upstream_project_root>/00_metadata/verified_metadata/splited/GSE139529_design/GSE139529_design__T=blood__H=24__B=NA__G=mva.ad__VS=none.tsv	external	acute_main	blood	24	6	6	15.317256935802664	15.142986952951528	0.17426998285113626	-1.137736238162829	1.137736238162829	TRUE	1	1
ENSMUSG00000035373	Ccl7	14	top_abs_beta_meta	4.080173963641654	TRUE	GSE139529	GSE139529_design__T=blood__H=24__B=NA__G=mva_fhbp__VS=none	<upstream_project_root>/00_metadata/verified_metadata/splited/GSE139529_design/GSE139529_design__T=blood__H=24__B=NA__G=mva_fhbp__VS=none.tsv	external	acute_main	blood	24	6	6	14.336311710882491	14.15217820839521	0.18413350248728122	-1.2843854556225092	1.2843854556225092	TRUE	1	1
ENSMUSG00000000204	Slfn4	15	top_abs_beta_meta	4.009242973558268	TRUE	GSE139529	GSE139529_design__T=blood__H=24__B=NA__G=ad.mva__VS=none	<upstream_project_root>/00_metadata/verified_metadata/splited/GSE139529_design/GSE139529_design__T=blood__H=24__B=NA__G=ad.mva__VS=none.tsv	external	acute_main	blood	24	6	6	12.688781334511157	12.559967287923914	0.12881404658724271	-1.0151806008106716	1.0151806008106716	TRUE	1	1
ENSMUSG00000000204	Slfn4	15	top_abs_beta_meta	4.009242973558268	TRUE	GSE139529	GSE139529_design__T=blood__H=24__B=NA__G=ad_empty__VS=none	<upstream_project_root>/00_metadata/verified_metadata/splited/GSE139529_design/GSE139529_design__T=blood__H=24__B=NA__G=ad_empty__VS=none.tsv	external	acute_main	blood	24	6	6	13.17891812194547	13.039566330927634	0.13935179101783568	-1.057384147381474	1.057384147381474	TRUE	1	1
ENSMUSG00000000204	Slfn4	15	top_abs_beta_meta	4.009242973558268	TRUE	GSE139529	GSE139529_design__T=blood__H=24__B=NA__G=ad_fhbp__VS=none	<upstream_project_root>/00_metadata/verified_metadata/splited/GSE139529_design/GSE139529_design__T=blood__H=24__B=NA__G=ad_fhbp__VS=none.tsv	external	acute_main	blood	24	6	6	14.328300033552733	14.184206644191923	0.14409338936081006	-1.005655863035985	1.005655863035985	TRUE	1	1
ENSMUSG00000000204	Slfn4	15	top_abs_beta_meta	4.009242973558268	TRUE	GSE139529	GSE139529_design__T=blood__H=24__B=NA__G=ad_pref__VS=none	<upstream_project_root>/00_metadata/verified_metadata/splited/GSE139529_design/GSE139529_design__T=blood__H=24__B=NA__G=ad_pref__VS=none.tsv	external	acute_main	blood	24	6	6	1.670093998272992	1.6662060642692202	0.0038879340037718535	-0.23279731606677717	0.23279731606677717	TRUE	0.6944444444444444	0.6944444444444444
ENSMUSG00000000204	Slfn4	15	top_abs_beta_meta	4.009242973558268	TRUE	GSE139529	GSE139529_design__T=blood__H=24__B=NA__G=mva.ad__VS=none	<upstream_project_root>/00_metadata/verified_metadata/splited/GSE139529_design/GSE139529_design__T=blood__H=24__B=NA__G=mva.ad__VS=none.tsv	external	acute_main	blood	24	6	6	15.317256935802664	15.122971683732839	0.19428525206982528	-1.2684076064278949	1.2684076064278949	TRUE	1	1
ENSMUSG00000000204	Slfn4	15	top_abs_beta_meta	4.009242973558268	TRUE	GSE139529	GSE139529_design__T=blood__H=24__B=NA__G=mva_fhbp__VS=none	<upstream_project_root>/00_metadata/verified_metadata/splited/GSE139529_design/GSE139529_design__T=blood__H=24__B=NA__G=mva_fhbp__VS=none.tsv	external	acute_main	blood	24	6	6	14.336311710882491	14.182468332417097	0.1538433784653943	-1.0731029121570645	1.0731029121570645	TRUE	1	1
ENSMUSG00000040328	Or2v1	16	top_abs_beta_meta	3.894945621699911	TRUE	GSE139529	GSE139529_design__T=blood__H=24__B=NA__G=ad.mva__VS=none	<upstream_project_root>/00_metadata/verified_metadata/splited/GSE139529_design/GSE139529_design__T=blood__H=24__B=NA__G=ad.mva__VS=none.tsv	external	acute_main	blood	24	6	6	12.688781334511157	12.624050093342825	0.06473124116833162	-0.5101454541759225	0.5101454541759225	TRUE	1	1
ENSMUSG00000040328	Or2v1	16	top_abs_beta_meta	3.894945621699911	TRUE	GSE139529	GSE139529_design__T=blood__H=24__B=NA__G=ad_empty__VS=none	<upstream_project_root>/00_metadata/verified_metadata/splited/GSE139529_design/GSE139529_design__T=blood__H=24__B=NA__G=ad_empty__VS=none.tsv	external	acute_main	blood	24	6	6	13.17891812194547	13.007478349930011	0.171439772015459	-1.3008637767464262	1.3008637767464262	TRUE	1	1
ENSMUSG00000040328	Or2v1	16	top_abs_beta_meta	3.894945621699911	TRUE	GSE139529	GSE139529_design__T=blood__H=24__B=NA__G=ad_fhbp__VS=none	<upstream_project_root>/00_metadata/verified_metadata/splited/GSE139529_design/GSE139529_design__T=blood__H=24__B=NA__G=ad_fhbp__VS=none.tsv	external	acute_main	blood	24	6	6	14.328300033552733	14.185266762477953	0.14303327107477948	-0.99825709079121006	0.99825709079121006	TRUE	1	1
ENSMUSG00000040328	Or2v1	16	top_abs_beta_meta	3.894945621699911	TRUE	GSE139529	GSE139529_design__T=blood__H=24__B=NA__G=ad_pref__VS=none	<upstream_project_root>/00_metadata/verified_metadata/splited/GSE139529_design/GSE139529_design__T=blood__H=24__B=NA__G=ad_pref__VS=none.tsv	external	acute_main	blood	24	6	6	1.670093998272992	1.6727191699322959	0.00262517165930376	0.15718706025040463	0.15718706025040463	TRUE	0.6944444444444444	0.6944444444444444
ENSMUSG00000040328	Or2v1	16	top_abs_beta_meta	3.894945621699911	TRUE	GSE139529	GSE139529_design__T=blood__H=24__B=NA__G=mva.ad__VS=none	<upstream_project_root>/00_metadata/verified_metadata/splited/GSE139529_design/GSE139529_design__T=blood__H=24__B=NA__G=mva.ad__VS=none.tsv	external	acute_main	blood	24	6	6	15.317256935802664	15.179672564498933	0.13758437130373125	-0.8982311381233057	0.8982311381233057	TRUE	1	1
ENSMUSG00000040328	Or2v1	16	top_abs_beta_meta	3.894945621699911	TRUE	GSE139529	GSE139529_design__T=blood__H=24__B=NA__G=mva_fhbp__VS=none	<upstream_project_root>/00_metadata/verified_metadata/splited/GSE139529_design/GSE139529_design__T=blood__H=24__B=NA__G=mva_fhbp__VS=none.tsv	external	acute_main	blood	24	6	6	14.336311710882491	14.24553990110903	0.09077180977346089	-0.6331601293557065	0.6331601293557065	TRUE	1	1
ENSMUSG00000109729	Gm45418	17	top_abs_beta_meta	3.8495640515383616	TRUE	GSE139529	GSE139529_design__T=blood__H=24__B=NA__G=ad.mva__VS=none	<upstream_project_root>/00_metadata/verified_metadata/splited/GSE139529_design/GSE139529_design__T=blood__H=24__B=NA__G=ad.mva__VS=none.tsv	external	acute_main	blood	24	6	6	12.688781334511157	12.850951021611195	0.16216968710003776	1.27805565266513	1.27805565266513	TRUE	1	1
ENSMUSG00000109729	Gm45418	17	top_abs_beta_meta	3.8495640515383616	TRUE	GSE139529	GSE139529_design__T=blood__H=24__B=NA__G=ad_empty__VS=none	<upstream_project_root>/00_metadata/verified_metadata/splited/GSE139529_design/GSE139529_design__T=blood__H=24__B=NA__G=ad_empty__VS=none.tsv	external	acute_main	blood	24	6	6	13.17891812194547	13.333217369891027	0.15429924794555738	1.1708036010074228	1.1708036010074228	TRUE	1	1
ENSMUSG00000109729	Gm45418	17	top_abs_beta_meta	3.8495640515383616	TRUE	GSE139529	GSE139529_design__T=blood__H=24__B=NA__G=ad_fhbp__VS=none	<upstream_project_root>/00_metadata/verified_metadata/splited/GSE139529_design/GSE139529_design__T=blood__H=24__B=NA__G=ad_fhbp__VS=none.tsv	external	acute_main	blood	24	6	6	14.328300033552733	14.485649421862762	0.15734938831002943	1.098172064666169	1.098172064666169	TRUE	1	1
ENSMUSG00000109729	Gm45418	17	top_abs_beta_meta	3.8495640515383616	TRUE	GSE139529	GSE139529_design__T=blood__H=24__B=NA__G=ad_pref__VS=none	<upstream_project_root>/00_metadata/verified_metadata/splited/GSE139529_design/GSE139529_design__T=blood__H=24__B=NA__G=ad_pref__VS=none.tsv	external	acute_main	blood	24	6	6	1.670093998272992	1.7357958387659063	0.06570184049291417	3.9340205138665856	3.9340205138665856	TRUE	0.6944444444444444	0.7222222222222222
ENSMUSG00000109729	Gm45418	17	top_abs_beta_meta	3.8495640515383616	TRUE	GSE139529	GSE139529_design__T=blood__H=24__B=NA__G=mva.ad__VS=none	<upstream_project_root>/00_metadata/verified_metadata/splited/GSE139529_design/GSE139529_design__T=blood__H=24__B=NA__G=mva.ad__VS=none.tsv	external	acute_main	blood	24	6	6	15.317256935802664	15.509385595690379	0.19212865988771455	1.2543281130097887	1.2543281130097887	TRUE	1	1
ENSMUSG00000109729	Gm45418	17	top_abs_beta_meta	3.8495640515383616	TRUE	GSE139529	GSE139529_design__T=blood__H=24__B=NA__G=mva_fhbp__VS=none	<upstream_project_root>/00_metadata/verified_metadata/splited/GSE139529_design/GSE139529_design__T=blood__H=24__B=NA__G=mva_fhbp__VS=none.tsv	external	acute_main	blood	24	6	6	14.336311710882491	14.496283937976663	0.15997222709417258	1.1158534379016043	1.1158534379016043	TRUE	1	1
ENSMUSG00000034459	Ifit1	18	top_abs_beta_meta	3.8087768616083655	TRUE	GSE139529	GSE139529_design__T=blood__H=24__B=NA__G=ad.mva__VS=none	<upstream_project_root>/00_metadata/verified_metadata/splited/GSE139529_design/GSE139529_design__T=blood__H=24__B=NA__G=ad.mva__VS=none.tsv	external	acute_main	blood	24	6	6	12.688781334511157	12.407367638551774	0.28141369595938315	-2.2178150016187095	2.2178150016187095	TRUE	1	1
ENSMUSG00000034459	Ifit1	18	top_abs_beta_meta	3.8087768616083655	TRUE	GSE139529	GSE139529_design__T=blood__H=24__B=NA__G=ad_empty__VS=none	<upstream_project_root>/00_metadata/verified_metadata/splited/GSE139529_design/GSE139529_design__T=blood__H=24__B=NA__G=ad_empty__VS=none.tsv	external	acute_main	blood	24	6	6	13.17891812194547	12.7009775643073	0.47794055763817056	-3.6265538128073374	3.6265538128073374	TRUE	1	1
ENSMUSG00000034459	Ifit1	18	top_abs_beta_meta	3.8087768616083655	TRUE	GSE139529	GSE139529_design__T=blood__H=24__B=NA__G=ad_fhbp__VS=none	<upstream_project_root>/00_metadata/verified_metadata/splited/GSE139529_design/GSE139529_design__T=blood__H=24__B=NA__G=ad_fhbp__VS=none.tsv	external	acute_main	blood	24	6	6	14.328300033552733	13.838432494524268	0.4898675390284648	-3.4188810806678864	3.4188810806678864	TRUE	1	1
ENSMUSG00000034459	Ifit1	18	top_abs_beta_meta	3.8087768616083655	TRUE	GSE139529	GSE139529_design__T=blood__H=24__B=NA__G=ad_pref__VS=none	<upstream_project_root>/00_metadata/verified_metadata/splited/GSE139529_design/GSE139529_design__T=blood__H=24__B=NA__G=ad_pref__VS=none.tsv	external	acute_main	blood	24	6	6	1.670093998272992	1.6271359020212972	0.04295809625169489	-2.5721963132684103	2.5721963132684103	TRUE	0.6944444444444444	0.6944444444444444
ENSMUSG00000034459	Ifit1	18	top_abs_beta_meta	3.8087768616083655	TRUE	GSE139529	GSE139529_design__T=blood__H=24__B=NA__G=mva.ad__VS=none	<upstream_project_root>/00_metadata/verified_metadata/splited/GSE139529_design/GSE139529_design__T=blood__H=24__B=NA__G=mva.ad__VS=none.tsv	external	acute_main	blood	24	6	6	15.317256935802664	14.832288300404201	0.484968635398463	-3.1661585193161703	3.1661585193161703	TRUE	1	1
ENSMUSG00000034459	Ifit1	18	top_abs_beta_meta	3.8087768616083655	TRUE	GSE139529	GSE139529_design__T=blood__H=24__B=NA__G=mva_fhbp__VS=none	<upstream_project_root>/00_metadata/verified_metadata/splited/GSE139529_design/GSE139529_design__T=blood__H=24__B=NA__G=mva_fhbp__VS=none.tsv	external	acute_main	blood	24	6	6	14.336311710882491	13.966994691331674	0.36931701955081664	-2.5760950724200096	2.5760950724200096	TRUE	1	1
ENSMUSG00000078616	Trim30c	19	top_abs_beta_meta	3.806981760861859	TRUE	GSE139529	GSE139529_design__T=blood__H=24__B=NA__G=ad.mva__VS=none	<upstream_project_root>/00_metadata/verified_metadata/splited/GSE139529_design/GSE139529_design__T=blood__H=24__B=NA__G=ad.mva__VS=none.tsv	external	acute_main	blood	24	6	6	12.688781334511157	12.798933239434193	0.11015190492303617	0.8681046825469614	0.8681046825469614	TRUE	1	1
ENSMUSG00000078616	Trim30c	19	top_abs_beta_meta	3.806981760861859	TRUE	GSE139529	GSE139529_design__T=blood__H=24__B=NA__G=ad_empty__VS=none	<upstream_project_root>/00_metadata/verified_metadata/splited/GSE139529_design/GSE139529_design__T=blood__H=24__B=NA__G=ad_empty__VS=none.tsv	external	acute_main	blood	24	6	6	13.17891812194547	13.328107343252032	0.1491892213065622	1.1320293511660342	1.1320293511660342	TRUE	1	1
ENSMUSG00000078616	Trim30c	19	top_abs_beta_meta	3.806981760861859	TRUE	GSE139529	GSE139529_design__T=blood__H=24__B=NA__G=ad_fhbp__VS=none	<upstream_project_root>/00_metadata/verified_metadata/splited/GSE139529_design/GSE139529_design__T=blood__H=24__B=NA__G=ad_fhbp__VS=none.tsv	external	acute_main	blood	24	6	6	14.328300033552733	14.48576062888187	0.15746059532913748	1.0989482001382602	1.0989482001382602	TRUE	1	1
ENSMUSG00000078616	Trim30c	19	top_abs_beta_meta	3.806981760861859	TRUE	GSE139529	GSE139529_design__T=blood__H=24__B=NA__G=ad_pref__VS=none	<upstream_project_root>/00_metadata/verified_metadata/splited/GSE139529_design/GSE139529_design__T=blood__H=24__B=NA__G=ad_pref__VS=none.tsv	external	acute_main	blood	24	6	6	1.670093998272992	1.6734544502910857	0.0033604520180936515	0.20121334616905526	0.20121334616905526	TRUE	0.6944444444444444	0.7222222222222222
ENSMUSG00000078616	Trim30c	19	top_abs_beta_meta	3.806981760861859	TRUE	GSE139529	GSE139529_design__T=blood__H=24__B=NA__G=mva.ad__VS=none	<upstream_project_root>/00_metadata/verified_metadata/splited/GSE139529_design/GSE139529_design__T=blood__H=24__B=NA__G=mva.ad__VS=none.tsv	external	acute_main	blood	24	6	6	15.317256935802664	15.498051504322055	0.18079456851939035	1.1803325443787513	1.1803325443787513	TRUE	1	1
ENSMUSG00000078616	Trim30c	19	top_abs_beta_meta	3.806981760861859	TRUE	GSE139529	GSE139529_design__T=blood__H=24__B=NA__G=mva_fhbp__VS=none	<upstream_project_root>/00_metadata/verified_metadata/splited/GSE139529_design/GSE139529_design__T=blood__H=24__B=NA__G=mva_fhbp__VS=none.tsv	external	acute_main	blood	24	6	6	14.336311710882491	14.475672159422693	0.13936044854020224	0.9720802068946066	0.9720802068946066	TRUE	1	1
ENSMUSG00000105096	Gbp10	20	top_abs_beta_meta	3.775453263034024	TRUE	GSE139529	GSE139529_design__T=blood__H=24__B=NA__G=ad.mva__VS=none	<upstream_project_root>/00_metadata/verified_metadata/splited/GSE139529_design/GSE139529_design__T=blood__H=24__B=NA__G=ad.mva__VS=none.tsv	external	acute_main	blood	24	6	6	12.688781334511157	12.845871283446922	0.15708994893576467	1.23802235056655	1.23802235056655	TRUE	1	1
ENSMUSG00000105096	Gbp10	20	top_abs_beta_meta	3.775453263034024	TRUE	GSE139529	GSE139529_design__T=blood__H=24__B=NA__G=ad_empty__VS=none	<upstream_project_root>/00_metadata/verified_metadata/splited/GSE139529_design/GSE139529_design__T=blood__H=24__B=NA__G=ad_empty__VS=none.tsv	external	acute_main	blood	24	6	6	13.17891812194547	13.329081604166412	0.15016348222094145	1.1394219224329951	1.1394219224329951	TRUE	1	1
ENSMUSG00000105096	Gbp10	20	top_abs_beta_meta	3.775453263034024	TRUE	GSE139529	GSE139529_design__T=blood__H=24__B=NA__G=ad_fhbp__VS=none	<upstream_project_root>/00_metadata/verified_metadata/splited/GSE139529_design/GSE139529_design__T=blood__H=24__B=NA__G=ad_fhbp__VS=none.tsv	external	acute_main	blood	24	6	6	14.328300033552733	14.50469824684859	0.17639821329585814	1.2311175288260614	1.2311175288260614	TRUE	1	1
ENSMUSG00000105096	Gbp10	20	top_abs_beta_meta	3.775453263034024	TRUE	GSE139529	GSE139529_design__T=blood__H=24__B=NA__G=ad_pref__VS=none	<upstream_project_root>/00_metadata/verified_metadata/splited/GSE139529_design/GSE139529_design__T=blood__H=24__B=NA__G=ad_pref__VS=none.tsv	external	acute_main	blood	24	6	6	1.670093998272992	1.7094334789671581	0.03933948069416604	2.3555249425988083	2.3555249425988083	TRUE	0.6944444444444444	0.6944444444444444
ENSMUSG00000105096	Gbp10	20	top_abs_beta_meta	3.775453263034024	TRUE	GSE139529	GSE139529_design__T=blood__H=24__B=NA__G=mva.ad__VS=none	<upstream_project_root>/00_metadata/verified_metadata/splited/GSE139529_design/GSE139529_design__T=blood__H=24__B=NA__G=mva.ad__VS=none.tsv	external	acute_main	blood	24	6	6	15.317256935802664	15.508056156595368	0.1907992207927034	1.245648758079705	1.245648758079705	TRUE	1	1
ENSMUSG00000105096	Gbp10	20	top_abs_beta_meta	3.775453263034024	TRUE	GSE139529	GSE139529_design__T=blood__H=24__B=NA__G=mva_fhbp__VS=none	<upstream_project_root>/00_metadata/verified_metadata/splited/GSE139529_design/GSE139529_design__T=blood__H=24__B=NA__G=mva_fhbp__VS=none.tsv	external	acute_main	blood	24	6	6	14.336311710882491	14.493988392556908	0.15767668167441684	1.0998413319565779	1.0998413319565779	TRUE	1	1
ENSMUSG00000074896	Ifit3	21	top_abs_beta_meta	3.7414787591211223	TRUE	GSE139529	GSE139529_design__T=blood__H=24__B=NA__G=ad.mva__VS=none	<upstream_project_root>/00_metadata/verified_metadata/splited/GSE139529_design/GSE139529_design__T=blood__H=24__B=NA__G=ad.mva__VS=none.tsv	external	acute_main	blood	24	6	6	12.688781334511157	12.74759220536264	0.05881087085148273	0.46348714901034627	0.46348714901034627	TRUE	1	1
ENSMUSG00000074896	Ifit3	21	top_abs_beta_meta	3.7414787591211223	TRUE	GSE139529	GSE139529_design__T=blood__H=24__B=NA__G=ad_empty__VS=none	<upstream_project_root>/00_metadata/verified_metadata/splited/GSE139529_design/GSE139529_design__T=blood__H=24__B=NA__G=ad_empty__VS=none.tsv	external	acute_main	blood	24	6	6	13.17891812194547	13.266151125673344	0.08723300372787435	0.6619132384062268	0.6619132384062268	TRUE	1	1
ENSMUSG00000074896	Ifit3	21	top_abs_beta_meta	3.7414787591211223	TRUE	GSE139529	GSE139529_design__T=blood__H=24__B=NA__G=ad_fhbp__VS=none	<upstream_project_root>/00_metadata/verified_metadata/splited/GSE139529_design/GSE139529_design__T=blood__H=24__B=NA__G=ad_fhbp__VS=none.tsv	external	acute_main	blood	24	6	6	14.328300033552733	14.430092438394524	0.10179240484179175	0.7104290432460473	0.7104290432460473	TRUE	1	1
ENSMUSG00000074896	Ifit3	21	top_abs_beta_meta	3.7414787591211223	TRUE	GSE139529	GSE139529_design__T=blood__H=24__B=NA__G=ad_pref__VS=none	<upstream_project_root>/00_metadata/verified_metadata/splited/GSE139529_design/GSE139529_design__T=blood__H=24__B=NA__G=ad_pref__VS=none.tsv	external	acute_main	blood	24	6	6	1.670093998272992	1.7025661551069389	0.032472156833946775	1.9443310895988803	1.9443310895988803	TRUE	0.6944444444444444	0.7222222222222222
ENSMUSG00000074896	Ifit3	21	top_abs_beta_meta	3.7414787591211223	TRUE	GSE139529	GSE139529_design__T=blood__H=24__B=NA__G=mva.ad__VS=none	<upstream_project_root>/00_metadata/verified_metadata/splited/GSE139529_design/GSE139529_design__T=blood__H=24__B=NA__G=mva.ad__VS=none.tsv	external	acute_main	blood	24	6	6	15.317256935802664	15.425215390343952	0.10795845454128816	0.7048158491677796	0.7048158491677796	TRUE	1	1
ENSMUSG00000074896	Ifit3	21	top_abs_beta_meta	3.7414787591211223	TRUE	GSE139529	GSE139529_design__T=blood__H=24__B=NA__G=mva_fhbp__VS=none	<upstream_project_root>/00_metadata/verified_metadata/splited/GSE139529_design/GSE139529_design__T=blood__H=24__B=NA__G=mva_fhbp__VS=none.tsv	external	acute_main	blood	24	6	6	14.336311710882491	14.413440660670002	0.07712894978751095	0.5379971595411354	0.5379971595411354	TRUE	1	1
ENSMUSG00000068606	Gm4841	22	top_abs_beta_meta	3.73972852042063	TRUE	GSE139529	GSE139529_design__T=blood__H=24__B=NA__G=ad.mva__VS=none	<upstream_project_root>/00_metadata/verified_metadata/splited/GSE139529_design/GSE139529_design__T=blood__H=24__B=NA__G=ad.mva__VS=none.tsv	external	acute_main	blood	24	6	6	12.688781334511157	12.711267195085064	0.02248586057390689	0.17721056089720355	0.17721056089720355	TRUE	1	1
ENSMUSG00000068606	Gm4841	22	top_abs_beta_meta	3.73972852042063	TRUE	GSE139529	GSE139529_design__T=blood__H=24__B=NA__G=ad_empty__VS=none	<upstream_project_root>/00_metadata/verified_metadata/splited/GSE139529_design/GSE139529_design__T=blood__H=24__B=NA__G=ad_empty__VS=none.tsv	external	acute_main	blood	24	6	6	13.17891812194547	13.220250559451552	0.04133243750608173	0.31362542147716327	0.31362542147716327	TRUE	1	1
ENSMUSG00000068606	Gm4841	22	top_abs_beta_meta	3.73972852042063	TRUE	GSE139529	GSE139529_design__T=blood__H=24__B=NA__G=ad_fhbp__VS=none	<upstream_project_root>/00_metadata/verified_metadata/splited/GSE139529_design/GSE139529_design__T=blood__H=24__B=NA__G=ad_fhbp__VS=none.tsv	external	acute_main	blood	24	6	6	14.328300033552733	14.348059077481015	0.019759043928281983	0.13790222065431362	0.13790222065431362	TRUE	1	1
ENSMUSG00000068606	Gm4841	22	top_abs_beta_meta	3.73972852042063	TRUE	GSE139529	GSE139529_design__T=blood__H=24__B=NA__G=ad_pref__VS=none	<upstream_project_root>/00_metadata/verified_metadata/splited/GSE139529_design/GSE139529_design__T=blood__H=24__B=NA__G=ad_pref__VS=none.tsv	external	acute_main	blood	24	6	6	1.670093998272992	1.6635396136557619	0.006554384617230236	-0.39245603085862124	0.39245603085862124	TRUE	0.6944444444444444	0.6944444444444444
ENSMUSG00000068606	Gm4841	22	top_abs_beta_meta	3.73972852042063	TRUE	GSE139529	GSE139529_design__T=blood__H=24__B=NA__G=mva.ad__VS=none	<upstream_project_root>/00_metadata/verified_metadata/splited/GSE139529_design/GSE139529_design__T=blood__H=24__B=NA__G=mva.ad__VS=none.tsv	external	acute_main	blood	24	6	6	15.317256935802664	15.343575428280083	0.026318492477418687	0.17182249137508204	0.17182249137508204	TRUE	1	1
ENSMUSG00000068606	Gm4841	22	top_abs_beta_meta	3.73972852042063	TRUE	GSE139529	GSE139529_design__T=blood__H=24__B=NA__G=mva_fhbp__VS=none	<upstream_project_root>/00_metadata/verified_metadata/splited/GSE139529_design/GSE139529_design__T=blood__H=24__B=NA__G=mva_fhbp__VS=none.tsv	external	acute_main	blood	24	6	6	14.336311710882491	14.362189820161031	0.025878109278540506	0.18050744013117964	0.18050744013117964	TRUE	1	1
ENSMUSG00000092021	Gbp11	23	top_abs_beta_meta	3.667647830351214	TRUE	GSE139529	GSE139529_design__T=blood__H=24__B=NA__G=ad.mva__VS=none	<upstream_project_root>/00_metadata/verified_metadata/splited/GSE139529_design/GSE139529_design__T=blood__H=24__B=NA__G=ad.mva__VS=none.tsv	external	acute_main	blood	24	6	6	12.688781334511157	12.90057071656757	0.21178938205641273	1.669107351392245	1.669107351392245	TRUE	1	1
ENSMUSG00000092021	Gbp11	23	top_abs_beta_meta	3.667647830351214	TRUE	GSE139529	GSE139529_design__T=blood__H=24__B=NA__G=ad_empty__VS=none	<upstream_project_root>/00_metadata/verified_metadata/splited/GSE139529_design/GSE139529_design__T=blood__H=24__B=NA__G=ad_empty__VS=none.tsv	external	acute_main	blood	24	6	6	13.17891812194547	13.366742955666886	0.18782483372141634	1.4251915975458664	1.4251915975458664	TRUE	1	1
ENSMUSG00000092021	Gbp11	23	top_abs_beta_meta	3.667647830351214	TRUE	GSE139529	GSE139529_design__T=blood__H=24__B=NA__G=ad_fhbp__VS=none	<upstream_project_root>/00_metadata/verified_metadata/splited/GSE139529_design/GSE139529_design__T=blood__H=24__B=NA__G=ad_fhbp__VS=none.tsv	external	acute_main	blood	24	6	6	14.328300033552733	14.54411031330065	0.21581027974791667	1.5061820260781211	1.5061820260781211	TRUE	1	1
ENSMUSG00000092021	Gbp11	23	top_abs_beta_meta	3.667647830351214	TRUE	GSE139529	GSE139529_design__T=blood__H=24__B=NA__G=ad_pref__VS=none	<upstream_project_root>/00_metadata/verified_metadata/splited/GSE139529_design/GSE139529_design__T=blood__H=24__B=NA__G=ad_pref__VS=none.tsv	external	acute_main	blood	24	6	6	1.670093998272992	1.720988823767719	0.05089482549472679	3.0474228125695935	3.0474228125695935	TRUE	0.6944444444444444	0.6944444444444444
ENSMUSG00000092021	Gbp11	23	top_abs_beta_meta	3.667647830351214	TRUE	GSE139529	GSE139529_design__T=blood__H=24__B=NA__G=mva.ad__VS=none	<upstream_project_root>/00_metadata/verified_metadata/splited/GSE139529_design/GSE139529_design__T=blood__H=24__B=NA__G=mva.ad__VS=none.tsv	external	acute_main	blood	24	6	6	15.317256935802664	15.552660217279906	0.23540328147724132	1.5368501192077546	1.5368501192077546	TRUE	1	1
ENSMUSG00000092021	Gbp11	23	top_abs_beta_meta	3.667647830351214	TRUE	GSE139529	GSE139529_design__T=blood__H=24__B=NA__G=mva_fhbp__VS=none	<upstream_project_root>/00_metadata/verified_metadata/splited/GSE139529_design/GSE139529_design__T=blood__H=24__B=NA__G=mva_fhbp__VS=none.tsv	external	acute_main	blood	24	6	6	14.336311710882491	14.530629878530068	0.1943181676475767	1.3554264971796932	1.3554264971796932	TRUE	1	1
ENSMUSG00000023341	Mx2	24	top_abs_beta_meta	3.588993939733922	TRUE	GSE139529	GSE139529_design__T=blood__H=24__B=NA__G=ad.mva__VS=none	<upstream_project_root>/00_metadata/verified_metadata/splited/GSE139529_design/GSE139529_design__T=blood__H=24__B=NA__G=ad.mva__VS=none.tsv	external	acute_main	blood	24	6	6	12.688781334511157	12.86895447878311	0.18017314427195252	1.4199404932758564	1.4199404932758564	TRUE	1	1
ENSMUSG00000023341	Mx2	24	top_abs_beta_meta	3.588993939733922	TRUE	GSE139529	GSE139529_design__T=blood__H=24__B=NA__G=ad_empty__VS=none	<upstream_project_root>/00_metadata/verified_metadata/splited/GSE139529_design/GSE139529_design__T=blood__H=24__B=NA__G=ad_empty__VS=none.tsv	external	acute_main	blood	24	6	6	13.17891812194547	13.365678305595846	0.18676018365037628	1.4171131645425745	1.4171131645425745	TRUE	1	1
ENSMUSG00000023341	Mx2	24	top_abs_beta_meta	3.588993939733922	TRUE	GSE139529	GSE139529_design__T=blood__H=24__B=NA__G=ad_fhbp__VS=none	<upstream_project_root>/00_metadata/verified_metadata/splited/GSE139529_design/GSE139529_design__T=blood__H=24__B=NA__G=ad_fhbp__VS=none.tsv	external	acute_main	blood	24	6	6	14.328300033552733	14.549706684903482	0.22140665135074933	1.5452401948052388	1.5452401948052388	TRUE	1	1
ENSMUSG00000023341	Mx2	24	top_abs_beta_meta	3.588993939733922	TRUE	GSE139529	GSE139529_design__T=blood__H=24__B=NA__G=ad_pref__VS=none	<upstream_project_root>/00_metadata/verified_metadata/splited/GSE139529_design/GSE139529_design__T=blood__H=24__B=NA__G=ad_pref__VS=none.tsv	external	acute_main	blood	24	6	6	1.670093998272992	1.6835363898632971	0.013442391590305025	0.8048883239030563	0.8048883239030563	TRUE	0.6944444444444444	0.7222222222222222
ENSMUSG00000023341	Mx2	24	top_abs_beta_meta	3.588993939733922	TRUE	GSE139529	GSE139529_design__T=blood__H=24__B=NA__G=mva.ad__VS=none	<upstream_project_root>/00_metadata/verified_metadata/splited/GSE139529_design/GSE139529_design__T=blood__H=24__B=NA__G=mva.ad__VS=none.tsv	external	acute_main	blood	24	6	6	15.317256935802664	15.565778033372384	0.24852109756971963	1.6224908847015855	1.6224908847015855	TRUE	1	1
ENSMUSG00000023341	Mx2	24	top_abs_beta_meta	3.588993939733922	TRUE	GSE139529	GSE139529_design__T=blood__H=24__B=NA__G=mva_fhbp__VS=none	<upstream_project_root>/00_metadata/verified_metadata/splited/GSE139529_design/GSE139529_design__T=blood__H=24__B=NA__G=mva_fhbp__VS=none.tsv	external	acute_main	blood	24	6	6	14.336311710882491	14.527806079282007	0.19149436839951584	1.3357296650724688	1.3357296650724688	TRUE	1	1
ENSMUSG00000085977	Gm5970	25	top_abs_beta_meta	3.5069390366748956	TRUE	GSE139529	GSE139529_design__T=blood__H=24__B=NA__G=ad.mva__VS=none	<upstream_project_root>/00_metadata/verified_metadata/splited/GSE139529_design/GSE139529_design__T=blood__H=24__B=NA__G=ad.mva__VS=none.tsv	external	acute_main	blood	24	6	6	12.688781334511157	12.632140080944765	0.056641253566391825	-0.4463884440370803	0.4463884440370803	TRUE	1	1
ENSMUSG00000085977	Gm5970	25	top_abs_beta_meta	3.5069390366748956	TRUE	GSE139529	GSE139529_design__T=blood__H=24__B=NA__G=ad_empty__VS=none	<upstream_project_root>/00_metadata/verified_metadata/splited/GSE139529_design/GSE139529_design__T=blood__H=24__B=NA__G=ad_empty__VS=none.tsv	external	acute_main	blood	24	6	6	13.17891812194547	13.137688440914445	0.04122968103102487	-0.31284571805912814	0.31284571805912814	TRUE	1	1
ENSMUSG00000085977	Gm5970	25	top_abs_beta_meta	3.5069390366748956	TRUE	GSE139529	GSE139529_design__T=blood__H=24__B=NA__G=ad_fhbp__VS=none	<upstream_project_root>/00_metadata/verified_metadata/splited/GSE139529_design/GSE139529_design__T=blood__H=24__B=NA__G=ad_fhbp__VS=none.tsv	external	acute_main	blood	24	6	6	14.328300033552733	14.250877832263157	0.07742220128957555	-0.5403446403849387	0.5403446403849387	TRUE	1	1
ENSMUSG00000085977	Gm5970	25	top_abs_beta_meta	3.5069390366748956	TRUE	GSE139529	GSE139529_design__T=blood__H=24__B=NA__G=ad_pref__VS=none	<upstream_project_root>/00_metadata/verified_metadata/splited/GSE139529_design/GSE139529_design__T=blood__H=24__B=NA__G=ad_pref__VS=none.tsv	external	acute_main	blood	24	6	6	1.670093998272992	1.6833638977499892	0.013269899476997082	0.7945600361847415	0.7945600361847415	TRUE	0.6944444444444444	0.6944444444444444
ENSMUSG00000085977	Gm5970	25	top_abs_beta_meta	3.5069390366748956	TRUE	GSE139529	GSE139529_design__T=blood__H=24__B=NA__G=mva.ad__VS=none	<upstream_project_root>/00_metadata/verified_metadata/splited/GSE139529_design/GSE139529_design__T=blood__H=24__B=NA__G=mva.ad__VS=none.tsv	external	acute_main	blood	24	6	6	15.317256935802664	15.243907272827508	0.073349662975156	-0.4788694430248015	0.4788694430248015	TRUE	1	1
ENSMUSG00000085977	Gm5970	25	top_abs_beta_meta	3.5069390366748956	TRUE	GSE139529	GSE139529_design__T=blood__H=24__B=NA__G=mva_fhbp__VS=none	<upstream_project_root>/00_metadata/verified_metadata/splited/GSE139529_design/GSE139529_design__T=blood__H=24__B=NA__G=mva_fhbp__VS=none.tsv	external	acute_main	blood	24	6	6	14.336311710882491	14.258234404996976	0.07807730588551465	-0.5446122228651549	0.5446122228651549	TRUE	1	1
ENSMUSG00000022126	Acod1	1	top_abs_beta_meta	6.353446492462103	TRUE	GSE166655	GSE166655_design__T=Tibialis_anterior__H=672__B=NA__G=delivery_aav9_ar45__VS=delivery_untreated	<upstream_project_root>/00_metadata/verified_metadata/splited/GSE166655_design/GSE166655_design__T=Tibialis_anterior__H=672__B=NA__G=delivery_aav9_ar45__VS=delivery_untreated.tsv	external	extended_transfer	Tibialis anterior	672	3	3	2.14949309685498	2.14949309685498	0	0	0	TRUE	1	1
ENSMUSG00000022126	Acod1	1	top_abs_beta_meta	6.353446492462103	TRUE	GSE166655	GSE166655_design__T=Tibialis_anterior__H=672__B=NA__G=delivery_aav9_gfp__VS=delivery_untreated	<upstream_project_root>/00_metadata/verified_metadata/splited/GSE166655_design/GSE166655_design__T=Tibialis_anterior__H=672__B=NA__G=delivery_aav9_gfp__VS=delivery_untreated.tsv	external	extended_transfer	Tibialis anterior	672	3	3	-0.05802375536641785	-0.05802375536641785	0	0	0	TRUE	0.4444444444444444	0.4444444444444444
ENSMUSG00000060183	Cxcl11	2	top_abs_beta_meta	6.0257926459264395	TRUE	GSE166655	GSE166655_design__T=Tibialis_anterior__H=672__B=NA__G=delivery_aav9_ar45__VS=delivery_untreated	<upstream_project_root>/00_metadata/verified_metadata/splited/GSE166655_design/GSE166655_design__T=Tibialis_anterior__H=672__B=NA__G=delivery_aav9_ar45__VS=delivery_untreated.tsv	external	extended_transfer	Tibialis anterior	672	3	3	2.14949309685498	1.9486306200585435	0.20086247679643665	-9.34464395769996	9.34464395769996	TRUE	1	1
ENSMUSG00000060183	Cxcl11	2	top_abs_beta_meta	6.0257926459264395	TRUE	GSE166655	GSE166655_design__T=Tibialis_anterior__H=672__B=NA__G=delivery_aav9_gfp__VS=delivery_untreated	<upstream_project_root>/00_metadata/verified_metadata/splited/GSE166655_design/GSE166655_design__T=Tibialis_anterior__H=672__B=NA__G=delivery_aav9_gfp__VS=delivery_untreated.tsv	external	extended_transfer	Tibialis anterior	672	3	3	-0.05802375536641785	-0.18362331710421084	0.125599561737793	-216.46231090117564	216.46231090117564	TRUE	0.4444444444444444	0.4444444444444444
ENSMUSG00000138573	Gm72936	3	top_abs_beta_meta	4.977817758075086	TRUE	GSE166655	GSE166655_design__T=Tibialis_anterior__H=672__B=NA__G=delivery_aav9_ar45__VS=delivery_untreated	<upstream_project_root>/00_metadata/verified_metadata/splited/GSE166655_design/GSE166655_design__T=Tibialis_anterior__H=672__B=NA__G=delivery_aav9_ar45__VS=delivery_untreated.tsv	external	extended_transfer	Tibialis anterior	672	3	3	2.14949309685498	2.1243631296152663	0.025129967239713835	-1.1691113256647634	1.1691113256647634	TRUE	1	1
ENSMUSG00000138573	Gm72936	3	top_abs_beta_meta	4.977817758075086	TRUE	GSE166655	GSE166655_design__T=Tibialis_anterior__H=672__B=NA__G=delivery_aav9_gfp__VS=delivery_untreated	<upstream_project_root>/00_metadata/verified_metadata/splited/GSE166655_design/GSE166655_design__T=Tibialis_anterior__H=672__B=NA__G=delivery_aav9_gfp__VS=delivery_untreated.tsv	external	extended_transfer	Tibialis anterior	672	3	3	-0.05802375536641785	-0.04796403407545424	0.010059721290963608	17.337246145887736	17.337246145887736	TRUE	0.4444444444444444	0.4444444444444444
ENSMUSG00000035385	Ccl2	4	top_abs_beta_meta	4.6635139717927325	TRUE	GSE166655	GSE166655_design__T=Tibialis_anterior__H=672__B=NA__G=delivery_aav9_ar45__VS=delivery_untreated	<upstream_project_root>/00_metadata/verified_metadata/splited/GSE166655_design/GSE166655_design__T=Tibialis_anterior__H=672__B=NA__G=delivery_aav9_ar45__VS=delivery_untreated.tsv	external	extended_transfer	Tibialis anterior	672	3	3	2.14949309685498	2.2061892895944792	0.05669619273949911	2.637654097259203	2.637654097259203	TRUE	1	1
ENSMUSG00000035385	Ccl2	4	top_abs_beta_meta	4.6635139717927325	TRUE	GSE166655	GSE166655_design__T=Tibialis_anterior__H=672__B=NA__G=delivery_aav9_gfp__VS=delivery_untreated	<upstream_project_root>/00_metadata/verified_metadata/splited/GSE166655_design/GSE166655_design__T=Tibialis_anterior__H=672__B=NA__G=delivery_aav9_gfp__VS=delivery_untreated.tsv	external	extended_transfer	Tibialis anterior	672	3	3	-0.05802375536641785	-0.08303634478957532	0.02501258942315747	-43.107498411993326	43.107498411993326	TRUE	0.4444444444444444	0.4444444444444444
ENSMUSG00000034855	Cxcl10	5	top_abs_beta_meta	4.612796832918611	TRUE	GSE166655	GSE166655_design__T=Tibialis_anterior__H=672__B=NA__G=delivery_aav9_ar45__VS=delivery_untreated	<upstream_project_root>/00_metadata/verified_metadata/splited/GSE166655_design/GSE166655_design__T=Tibialis_anterior__H=672__B=NA__G=delivery_aav9_ar45__VS=delivery_untreated.tsv	external	extended_transfer	Tibialis anterior	672	3	3	2.14949309685498	2.046396418561522	0.10309667829345814	-4.7963251635608195	4.7963251635608195	TRUE	1	1
ENSMUSG00000034855	Cxcl10	5	top_abs_beta_meta	4.612796832918611	TRUE	GSE166655	GSE166655_design__T=Tibialis_anterior__H=672__B=NA__G=delivery_aav9_gfp__VS=delivery_untreated	<upstream_project_root>/00_metadata/verified_metadata/splited/GSE166655_design/GSE166655_design__T=Tibialis_anterior__H=672__B=NA__G=delivery_aav9_gfp__VS=delivery_untreated.tsv	external	extended_transfer	Tibialis anterior	672	3	3	-0.05802375536641785	-0.03376092431886363	0.024262831047554223	41.81534079332741	41.81534079332741	TRUE	0.4444444444444444	0.4444444444444444
ENSMUSG00000085295	4930430E12Rik	6	top_abs_beta_meta	4.495088843307157	TRUE	GSE166655	GSE166655_design__T=Tibialis_anterior__H=672__B=NA__G=delivery_aav9_ar45__VS=delivery_untreated	<upstream_project_root>/00_metadata/verified_metadata/splited/GSE166655_design/GSE166655_design__T=Tibialis_anterior__H=672__B=NA__G=delivery_aav9_ar45__VS=delivery_untreated.tsv	external	extended_transfer	Tibialis anterior	672	3	3	2.14949309685498	2.1875720763107367	0.038078979455756556	1.771532995917578	1.771532995917578	TRUE	1	1
ENSMUSG00000085295	4930430E12Rik	6	top_abs_beta_meta	4.495088843307157	TRUE	GSE166655	GSE166655_design__T=Tibialis_anterior__H=672__B=NA__G=delivery_aav9_gfp__VS=delivery_untreated	<upstream_project_root>/00_metadata/verified_metadata/splited/GSE166655_design/GSE166655_design__T=Tibialis_anterior__H=672__B=NA__G=delivery_aav9_gfp__VS=delivery_untreated.tsv	external	extended_transfer	Tibialis anterior	672	3	3	-0.05802375536641785	-0.11151458432494349	0.05349082895852564	-92.18780932177356	92.18780932177356	TRUE	0.4444444444444444	0.4444444444444444
ENSMUSG00000052485	Tmem171	7	top_abs_beta_meta	4.404983306498316	TRUE	GSE166655	GSE166655_design__T=Tibialis_anterior__H=672__B=NA__G=delivery_aav9_ar45__VS=delivery_untreated	<upstream_project_root>/00_metadata/verified_metadata/splited/GSE166655_design/GSE166655_design__T=Tibialis_anterior__H=672__B=NA__G=delivery_aav9_ar45__VS=delivery_untreated.tsv	external	extended_transfer	Tibialis anterior	672	3	3	2.14949309685498	1.447577852263307	0.7019152445916732	-32.65491969333035	32.65491969333035	TRUE	1	0.8888888888888888
ENSMUSG00000052485	Tmem171	7	top_abs_beta_meta	4.404983306498316	TRUE	GSE166655	GSE166655_design__T=Tibialis_anterior__H=672__B=NA__G=delivery_aav9_gfp__VS=delivery_untreated	<upstream_project_root>/00_metadata/verified_metadata/splited/GSE166655_design/GSE166655_design__T=Tibialis_anterior__H=672__B=NA__G=delivery_aav9_gfp__VS=delivery_untreated.tsv	external	extended_transfer	Tibialis anterior	672	3	3	-0.05802375536641785	-0.7590218092628841	0.7009980538964662	-1208.1225171822982	1208.1225171822982	TRUE	0.4444444444444444	0.3333333333333333
ENSMUSG00000040026	Saa3	8	top_abs_beta_meta	4.397792528205895	TRUE	GSE166655	GSE166655_design__T=Tibialis_anterior__H=672__B=NA__G=delivery_aav9_ar45__VS=delivery_untreated	<upstream_project_root>/00_metadata/verified_metadata/splited/GSE166655_design/GSE166655_design__T=Tibialis_anterior__H=672__B=NA__G=delivery_aav9_ar45__VS=delivery_untreated.tsv	external	extended_transfer	Tibialis anterior	672	3	3	2.14949309685498	2.2422253584287724	0.09273226157379222	4.3141455866721765	4.3141455866721765	TRUE	1	1
ENSMUSG00000040026	Saa3	8	top_abs_beta_meta	4.397792528205895	TRUE	GSE166655	GSE166655_design__T=Tibialis_anterior__H=672__B=NA__G=delivery_aav9_gfp__VS=delivery_untreated	<upstream_project_root>/00_metadata/verified_metadata/splited/GSE166655_design/GSE166655_design__T=Tibialis_anterior__H=672__B=NA__G=delivery_aav9_gfp__VS=delivery_untreated.tsv	external	extended_transfer	Tibialis anterior	672	3	3	-0.05802375536641785	-0.0319619980788969	0.02606175728752095	44.915667941418	44.915667941418	TRUE	0.4444444444444444	0.4444444444444444
ENSMUSG00000134421	Gm67078	9	top_abs_beta_meta	4.366412049518441	TRUE	GSE166655	GSE166655_design__T=Tibialis_anterior__H=672__B=NA__G=delivery_aav9_ar45__VS=delivery_untreated	<upstream_project_root>/00_metadata/verified_metadata/splited/GSE166655_design/GSE166655_design__T=Tibialis_anterior__H=672__B=NA__G=delivery_aav9_ar45__VS=delivery_untreated.tsv	external	extended_transfer	Tibialis anterior	672	3	3	2.14949309685498	2.24530514065438	0.09581204379939967	4.457425052426852	4.457425052426852	TRUE	1	1
ENSMUSG00000134421	Gm67078	9	top_abs_beta_meta	4.366412049518441	TRUE	GSE166655	GSE166655_design__T=Tibialis_anterior__H=672__B=NA__G=delivery_aav9_gfp__VS=delivery_untreated	<upstream_project_root>/00_metadata/verified_metadata/splited/GSE166655_design/GSE166655_design__T=Tibialis_anterior__H=672__B=NA__G=delivery_aav9_gfp__VS=delivery_untreated.tsv	external	extended_transfer	Tibialis anterior	672	3	3	-0.05802375536641785	-0.04924905061753217	0.008774704748885684	15.122607444957245	15.122607444957245	TRUE	0.4444444444444444	0.4444444444444444
ENSMUSG00000055110	A630012P03Rik	10	top_abs_beta_meta	4.36126211559667	TRUE	GSE166655	GSE166655_design__T=Tibialis_anterior__H=672__B=NA__G=delivery_aav9_ar45__VS=delivery_untreated	<upstream_project_root>/00_metadata/verified_metadata/splited/GSE166655_design/GSE166655_design__T=Tibialis_anterior__H=672__B=NA__G=delivery_aav9_ar45__VS=delivery_untreated.tsv	external	extended_transfer	Tibialis anterior	672	3	3	2.14949309685498	2.0618101476430093	0.08768294921197084	-4.079238465118297	4.079238465118297	TRUE	1	1
ENSMUSG00000055110	A630012P03Rik	10	top_abs_beta_meta	4.36126211559667	TRUE	GSE166655	GSE166655_design__T=Tibialis_anterior__H=672__B=NA__G=delivery_aav9_gfp__VS=delivery_untreated	<upstream_project_root>/00_metadata/verified_metadata/splited/GSE166655_design/GSE166655_design__T=Tibialis_anterior__H=672__B=NA__G=delivery_aav9_gfp__VS=delivery_untreated.tsv	external	extended_transfer	Tibialis anterior	672	3	3	-0.05802375536641785	-0.05802375536641785	0	0	0	TRUE	0.4444444444444444	0.4444444444444444
ENSMUSG00000050578	Mmp13	11	top_abs_beta_meta	4.342772097488057	TRUE	GSE166655	GSE166655_design__T=Tibialis_anterior__H=672__B=NA__G=delivery_aav9_ar45__VS=delivery_untreated	<upstream_project_root>/00_metadata/verified_metadata/splited/GSE166655_design/GSE166655_design__T=Tibialis_anterior__H=672__B=NA__G=delivery_aav9_ar45__VS=delivery_untreated.tsv	external	extended_transfer	Tibialis anterior	672	3	3	2.14949309685498	2.1452946668658393	0.004198429989140884	-0.19532186427040846	0.19532186427040846	TRUE	1	1
ENSMUSG00000050578	Mmp13	11	top_abs_beta_meta	4.342772097488057	TRUE	GSE166655	GSE166655_design__T=Tibialis_anterior__H=672__B=NA__G=delivery_aav9_gfp__VS=delivery_untreated	<upstream_project_root>/00_metadata/verified_metadata/splited/GSE166655_design/GSE166655_design__T=Tibialis_anterior__H=672__B=NA__G=delivery_aav9_gfp__VS=delivery_untreated.tsv	external	extended_transfer	Tibialis anterior	672	3	3	-0.05802375536641785	-0.06525425583313493	0.0072305004667170825	-12.461276284267955	12.461276284267955	TRUE	0.4444444444444444	0.4444444444444444
ENSMUSG00000111078	Gm35028	12	top_abs_beta_meta	4.2332077695080725	TRUE	GSE166655	GSE166655_design__T=Tibialis_anterior__H=672__B=NA__G=delivery_aav9_ar45__VS=delivery_untreated	<upstream_project_root>/00_metadata/verified_metadata/splited/GSE166655_design/GSE166655_design__T=Tibialis_anterior__H=672__B=NA__G=delivery_aav9_ar45__VS=delivery_untreated.tsv	external	extended_transfer	Tibialis anterior	672	3	3	2.14949309685498	2.232090488840602	0.08259739198562199	3.842645138357222	3.842645138357222	TRUE	1	1
ENSMUSG00000111078	Gm35028	12	top_abs_beta_meta	4.2332077695080725	TRUE	GSE166655	GSE166655_design__T=Tibialis_anterior__H=672__B=NA__G=delivery_aav9_gfp__VS=delivery_untreated	<upstream_project_root>/00_metadata/verified_metadata/splited/GSE166655_design/GSE166655_design__T=Tibialis_anterior__H=672__B=NA__G=delivery_aav9_gfp__VS=delivery_untreated.tsv	external	extended_transfer	Tibialis anterior	672	3	3	-0.05802375536641785	-0.04027260695109419	0.01775114841532366	30.59289820733908	30.59289820733908	TRUE	0.4444444444444444	0.4444444444444444
ENSMUSG00000138247	Gm60893	13	top_abs_beta_meta	4.118168331717115	TRUE	GSE166655	GSE166655_design__T=Tibialis_anterior__H=672__B=NA__G=delivery_aav9_ar45__VS=delivery_untreated	<upstream_project_root>/00_metadata/verified_metadata/splited/GSE166655_design/GSE166655_design__T=Tibialis_anterior__H=672__B=NA__G=delivery_aav9_ar45__VS=delivery_untreated.tsv	external	extended_transfer	Tibialis anterior	672	3	3	2.14949309685498	1.966533317251703	0.18295977960327714	-8.511764000125137	8.511764000125137	TRUE	1	1
ENSMUSG00000138247	Gm60893	13	top_abs_beta_meta	4.118168331717115	TRUE	GSE166655	GSE166655_design__T=Tibialis_anterior__H=672__B=NA__G=delivery_aav9_gfp__VS=delivery_untreated	<upstream_project_root>/00_metadata/verified_metadata/splited/GSE166655_design/GSE166655_design__T=Tibialis_anterior__H=672__B=NA__G=delivery_aav9_gfp__VS=delivery_untreated.tsv	external	extended_transfer	Tibialis anterior	672	3	3	-0.05802375536641785	-0.05802375536641785	0	0	0	TRUE	0.4444444444444444	0.4444444444444444
ENSMUSG00000035373	Ccl7	14	top_abs_beta_meta	4.080173963641654	TRUE	GSE166655	GSE166655_design__T=Tibialis_anterior__H=672__B=NA__G=delivery_aav9_ar45__VS=delivery_untreated	<upstream_project_root>/00_metadata/verified_metadata/splited/GSE166655_design/GSE166655_design__T=Tibialis_anterior__H=672__B=NA__G=delivery_aav9_ar45__VS=delivery_untreated.tsv	external	extended_transfer	Tibialis anterior	672	3	3	2.14949309685498	2.0543403882067057	0.09515270864827441	-4.426751069240306	4.426751069240306	TRUE	1	1
ENSMUSG00000035373	Ccl7	14	top_abs_beta_meta	4.080173963641654	TRUE	GSE166655	GSE166655_design__T=Tibialis_anterior__H=672__B=NA__G=delivery_aav9_gfp__VS=delivery_untreated	<upstream_project_root>/00_metadata/verified_metadata/splited/GSE166655_design/GSE166655_design__T=Tibialis_anterior__H=672__B=NA__G=delivery_aav9_gfp__VS=delivery_untreated.tsv	external	extended_transfer	Tibialis anterior	672	3	3	-0.05802375536641785	-0.0668232070450778	0.008799451678659947	-15.165257097014385	15.165257097014385	TRUE	0.4444444444444444	0.4444444444444444
ENSMUSG00000000204	Slfn4	15	top_abs_beta_meta	4.009242973558268	TRUE	GSE166655	GSE166655_design__T=Tibialis_anterior__H=672__B=NA__G=delivery_aav9_ar45__VS=delivery_untreated	<upstream_project_root>/00_metadata/verified_metadata/splited/GSE166655_design/GSE166655_design__T=Tibialis_anterior__H=672__B=NA__G=delivery_aav9_ar45__VS=delivery_untreated.tsv	external	extended_transfer	Tibialis anterior	672	3	3	2.14949309685498	2.1586868516688034	0.00919375481382323	0.4277173454185559	0.4277173454185559	TRUE	1	1
ENSMUSG00000000204	Slfn4	15	top_abs_beta_meta	4.009242973558268	TRUE	GSE166655	GSE166655_design__T=Tibialis_anterior__H=672__B=NA__G=delivery_aav9_gfp__VS=delivery_untreated	<upstream_project_root>/00_metadata/verified_metadata/splited/GSE166655_design/GSE166655_design__T=Tibialis_anterior__H=672__B=NA__G=delivery_aav9_gfp__VS=delivery_untreated.tsv	external	extended_transfer	Tibialis anterior	672	3	3	-0.05802375536641785	-0.033289485582088295	0.024734269784329556	42.62783342466127	42.62783342466127	TRUE	0.4444444444444444	0.4444444444444444
ENSMUSG00000040328	Or2v1	16	top_abs_beta_meta	3.894945621699911	TRUE	GSE166655	GSE166655_design__T=Tibialis_anterior__H=672__B=NA__G=delivery_aav9_ar45__VS=delivery_untreated	<upstream_project_root>/00_metadata/verified_metadata/splited/GSE166655_design/GSE166655_design__T=Tibialis_anterior__H=672__B=NA__G=delivery_aav9_ar45__VS=delivery_untreated.tsv	external	extended_transfer	Tibialis anterior	672	3	3	2.14949309685498	2.0950266439520626	0.05446645290291752	-2.5339208105673765	2.5339208105673765	TRUE	1	1
ENSMUSG00000040328	Or2v1	16	top_abs_beta_meta	3.894945621699911	TRUE	GSE166655	GSE166655_design__T=Tibialis_anterior__H=672__B=NA__G=delivery_aav9_gfp__VS=delivery_untreated	<upstream_project_root>/00_metadata/verified_metadata/splited/GSE166655_design/GSE166655_design__T=Tibialis_anterior__H=672__B=NA__G=delivery_aav9_gfp__VS=delivery_untreated.tsv	external	extended_transfer	Tibialis anterior	672	3	3	-0.05802375536641785	-0.02193636076334497	0.03608739460307288	62.19417267149002	62.19417267149002	TRUE	0.4444444444444444	0.4444444444444444
ENSMUSG00000109729	Gm45418	17	top_abs_beta_meta	3.8495640515383616	TRUE	GSE166655	GSE166655_design__T=Tibialis_anterior__H=672__B=NA__G=delivery_aav9_ar45__VS=delivery_untreated	<upstream_project_root>/00_metadata/verified_metadata/splited/GSE166655_design/GSE166655_design__T=Tibialis_anterior__H=672__B=NA__G=delivery_aav9_ar45__VS=delivery_untreated.tsv	external	extended_transfer	Tibialis anterior	672	3	3	2.14949309685498	2.092815410635435	0.056677686219545276	-2.6367931258989827	2.6367931258989827	TRUE	1	1
ENSMUSG00000109729	Gm45418	17	top_abs_beta_meta	3.8495640515383616	TRUE	GSE166655	GSE166655_design__T=Tibialis_anterior__H=672__B=NA__G=delivery_aav9_gfp__VS=delivery_untreated	<upstream_project_root>/00_metadata/verified_metadata/splited/GSE166655_design/GSE166655_design__T=Tibialis_anterior__H=672__B=NA__G=delivery_aav9_gfp__VS=delivery_untreated.tsv	external	extended_transfer	Tibialis anterior	672	3	3	-0.05802375536641785	-0.06470583851442946	0.006682083148011608	-11.516116297220858	11.516116297220858	TRUE	0.4444444444444444	0.4444444444444444
ENSMUSG00000034459	Ifit1	18	top_abs_beta_meta	3.8087768616083655	TRUE	GSE166655	GSE166655_design__T=Tibialis_anterior__H=672__B=NA__G=delivery_aav9_ar45__VS=delivery_untreated	<upstream_project_root>/00_metadata/verified_metadata/splited/GSE166655_design/GSE166655_design__T=Tibialis_anterior__H=672__B=NA__G=delivery_aav9_ar45__VS=delivery_untreated.tsv	external	extended_transfer	Tibialis anterior	672	3	3	2.14949309685498	2.160553937271905	0.01106084041692501	0.514579015541321	0.514579015541321	TRUE	1	1
ENSMUSG00000034459	Ifit1	18	top_abs_beta_meta	3.8087768616083655	TRUE	GSE166655	GSE166655_design__T=Tibialis_anterior__H=672__B=NA__G=delivery_aav9_gfp__VS=delivery_untreated	<upstream_project_root>/00_metadata/verified_metadata/splited/GSE166655_design/GSE166655_design__T=Tibialis_anterior__H=672__B=NA__G=delivery_aav9_gfp__VS=delivery_untreated.tsv	external	extended_transfer	Tibialis anterior	672	3	3	-0.05802375536641785	-0.08583793303389153	0.027814177667473683	-47.93584539957503	47.93584539957503	TRUE	0.4444444444444444	0.4444444444444444
ENSMUSG00000078616	Trim30c	19	top_abs_beta_meta	3.806981760861859	TRUE	GSE166655	GSE166655_design__T=Tibialis_anterior__H=672__B=NA__G=delivery_aav9_ar45__VS=delivery_untreated	<upstream_project_root>/00_metadata/verified_metadata/splited/GSE166655_design/GSE166655_design__T=Tibialis_anterior__H=672__B=NA__G=delivery_aav9_ar45__VS=delivery_untreated.tsv	external	extended_transfer	Tibialis anterior	672	3	3	2.14949309685498	2.1175301405676294	0.031962956287350686	-1.4869997179389467	1.4869997179389467	TRUE	1	1
ENSMUSG00000078616	Trim30c	19	top_abs_beta_meta	3.806981760861859	TRUE	GSE166655	GSE166655_design__T=Tibialis_anterior__H=672__B=NA__G=delivery_aav9_gfp__VS=delivery_untreated	<upstream_project_root>/00_metadata/verified_metadata/splited/GSE166655_design/GSE166655_design__T=Tibialis_anterior__H=672__B=NA__G=delivery_aav9_gfp__VS=delivery_untreated.tsv	external	extended_transfer	Tibialis anterior	672	3	3	-0.05802375536641785	-0.059728280216359765	0.0017045248499419144	-2.9376327664038695	2.9376327664038695	TRUE	0.4444444444444444	0.4444444444444444
ENSMUSG00000105096	Gbp10	20	top_abs_beta_meta	3.775453263034024	TRUE	GSE166655	GSE166655_design__T=Tibialis_anterior__H=672__B=NA__G=delivery_aav9_ar45__VS=delivery_untreated	<upstream_project_root>/00_metadata/verified_metadata/splited/GSE166655_design/GSE166655_design__T=Tibialis_anterior__H=672__B=NA__G=delivery_aav9_ar45__VS=delivery_untreated.tsv	external	extended_transfer	Tibialis anterior	672	3	3	2.14949309685498	2.3453863718867196	0.19589327503173948	9.11346378913055	9.11346378913055	TRUE	1	1
ENSMUSG00000105096	Gbp10	20	top_abs_beta_meta	3.775453263034024	TRUE	GSE166655	GSE166655_design__T=Tibialis_anterior__H=672__B=NA__G=delivery_aav9_gfp__VS=delivery_untreated	<upstream_project_root>/00_metadata/verified_metadata/splited/GSE166655_design/GSE166655_design__T=Tibialis_anterior__H=672__B=NA__G=delivery_aav9_gfp__VS=delivery_untreated.tsv	external	extended_transfer	Tibialis anterior	672	3	3	-0.05802375536641785	0.06511433066109948	0.12313808602751733	212.22012475736	212.22012475736	FALSE	0.4444444444444444	0.4444444444444444
ENSMUSG00000074896	Ifit3	21	top_abs_beta_meta	3.7414787591211223	TRUE	GSE166655	GSE166655_design__T=Tibialis_anterior__H=672__B=NA__G=delivery_aav9_ar45__VS=delivery_untreated	<upstream_project_root>/00_metadata/verified_metadata/splited/GSE166655_design/GSE166655_design__T=Tibialis_anterior__H=672__B=NA__G=delivery_aav9_ar45__VS=delivery_untreated.tsv	external	extended_transfer	Tibialis anterior	672	3	3	2.14949309685498	2.097315242737907	0.052177854117072986	-2.427449252729248	2.427449252729248	TRUE	1	1
ENSMUSG00000074896	Ifit3	21	top_abs_beta_meta	3.7414787591211223	TRUE	GSE166655	GSE166655_design__T=Tibialis_anterior__H=672__B=NA__G=delivery_aav9_gfp__VS=delivery_untreated	<upstream_project_root>/00_metadata/verified_metadata/splited/GSE166655_design/GSE166655_design__T=Tibialis_anterior__H=672__B=NA__G=delivery_aav9_gfp__VS=delivery_untreated.tsv	external	extended_transfer	Tibialis anterior	672	3	3	-0.05802375536641785	-0.06525463705042851	0.007230881684010662	-12.461933286371957	12.461933286371957	TRUE	0.4444444444444444	0.4444444444444444
ENSMUSG00000068606	Gm4841	22	top_abs_beta_meta	3.73972852042063	TRUE	GSE166655	GSE166655_design__T=Tibialis_anterior__H=672__B=NA__G=delivery_aav9_ar45__VS=delivery_untreated	<upstream_project_root>/00_metadata/verified_metadata/splited/GSE166655_design/GSE166655_design__T=Tibialis_anterior__H=672__B=NA__G=delivery_aav9_ar45__VS=delivery_untreated.tsv	external	extended_transfer	Tibialis anterior	672	3	3	2.14949309685498	2.142890498256885	0.0066025985980950885	-0.3071700303553264	0.3071700303553264	TRUE	1	1
ENSMUSG00000068606	Gm4841	22	top_abs_beta_meta	3.73972852042063	TRUE	GSE166655	GSE166655_design__T=Tibialis_anterior__H=672__B=NA__G=delivery_aav9_gfp__VS=delivery_untreated	<upstream_project_root>/00_metadata/verified_metadata/splited/GSE166655_design/GSE166655_design__T=Tibialis_anterior__H=672__B=NA__G=delivery_aav9_gfp__VS=delivery_untreated.tsv	external	extended_transfer	Tibialis anterior	672	3	3	-0.05802375536641785	-0.017153245983381082	0.04087050938303677	70.43754601014882	70.43754601014882	TRUE	0.4444444444444444	0.4444444444444444
ENSMUSG00000092021	Gbp11	23	top_abs_beta_meta	3.667647830351214	TRUE	GSE166655	GSE166655_design__T=Tibialis_anterior__H=672__B=NA__G=delivery_aav9_ar45__VS=delivery_untreated	<upstream_project_root>/00_metadata/verified_metadata/splited/GSE166655_design/GSE166655_design__T=Tibialis_anterior__H=672__B=NA__G=delivery_aav9_ar45__VS=delivery_untreated.tsv	external	extended_transfer	Tibialis anterior	672	3	3	2.14949309685498	2.216415663753846	0.066922566898866	3.113411575816801	3.113411575816801	TRUE	1	1
ENSMUSG00000092021	Gbp11	23	top_abs_beta_meta	3.667647830351214	TRUE	GSE166655	GSE166655_design__T=Tibialis_anterior__H=672__B=NA__G=delivery_aav9_gfp__VS=delivery_untreated	<upstream_project_root>/00_metadata/verified_metadata/splited/GSE166655_design/GSE166655_design__T=Tibialis_anterior__H=672__B=NA__G=delivery_aav9_gfp__VS=delivery_untreated.tsv	external	extended_transfer	Tibialis anterior	672	3	3	-0.05802375536641785	-0.04485064496689175	0.013173110399526101	22.702960737957067	22.702960737957067	TRUE	0.4444444444444444	0.4444444444444444
ENSMUSG00000023341	Mx2	24	top_abs_beta_meta	3.588993939733922	TRUE	GSE166655	GSE166655_design__T=Tibialis_anterior__H=672__B=NA__G=delivery_aav9_ar45__VS=delivery_untreated	<upstream_project_root>/00_metadata/verified_metadata/splited/GSE166655_design/GSE166655_design__T=Tibialis_anterior__H=672__B=NA__G=delivery_aav9_ar45__VS=delivery_untreated.tsv	external	extended_transfer	Tibialis anterior	672	3	3	2.14949309685498	2.2325014266020156	0.08300832974703543	3.861763030013385	3.861763030013385	TRUE	1	1
ENSMUSG00000023341	Mx2	24	top_abs_beta_meta	3.588993939733922	TRUE	GSE166655	GSE166655_design__T=Tibialis_anterior__H=672__B=NA__G=delivery_aav9_gfp__VS=delivery_untreated	<upstream_project_root>/00_metadata/verified_metadata/splited/GSE166655_design/GSE166655_design__T=Tibialis_anterior__H=672__B=NA__G=delivery_aav9_gfp__VS=delivery_untreated.tsv	external	extended_transfer	Tibialis anterior	672	3	3	-0.05802375536641785	-0.03125456532278553	0.026769190043632318	46.13488023066739	46.13488023066739	TRUE	0.4444444444444444	0.4444444444444444
ENSMUSG00000085977	Gm5970	25	top_abs_beta_meta	3.5069390366748956	TRUE	GSE166655	GSE166655_design__T=Tibialis_anterior__H=672__B=NA__G=delivery_aav9_ar45__VS=delivery_untreated	<upstream_project_root>/00_metadata/verified_metadata/splited/GSE166655_design/GSE166655_design__T=Tibialis_anterior__H=672__B=NA__G=delivery_aav9_ar45__VS=delivery_untreated.tsv	external	extended_transfer	Tibialis anterior	672	3	3	2.14949309685498	2.2235073135250545	0.07401421667007435	3.443333536561149	3.443333536561149	TRUE	1	1
ENSMUSG00000085977	Gm5970	25	top_abs_beta_meta	3.5069390366748956	TRUE	GSE166655	GSE166655_design__T=Tibialis_anterior__H=672__B=NA__G=delivery_aav9_gfp__VS=delivery_untreated	<upstream_project_root>/00_metadata/verified_metadata/splited/GSE166655_design/GSE166655_design__T=Tibialis_anterior__H=672__B=NA__G=delivery_aav9_gfp__VS=delivery_untreated.tsv	external	extended_transfer	Tibialis anterior	672	3	3	-0.05802375536641785	-0.04350127800378902	0.014522477362628829	25.028503017289946	25.028503017289946	TRUE	0.4444444444444444	0.4444444444444444
ENSMUSG00000022126	Acod1	1	top_abs_beta_meta	6.353446492462103	TRUE	GSE167521	GSE167521_design__T=skin__H=24__B=NA__G=delivery_lnp__VS=baseline_0	<upstream_project_root>/00_metadata/verified_metadata/splited/GSE167521_design/GSE167521_design__T=skin__H=24__B=NA__G=delivery_lnp__VS=baseline_0.tsv	anchor	acute_main	skin	24	4	4	8.690306696957737	8.516367135963115	0.17393956099462216	-2.001535354966403	2.001535354966403	TRUE	1	1
ENSMUSG00000060183	Cxcl11	2	top_abs_beta_meta	6.0257926459264395	TRUE	GSE167521	GSE167521_design__T=skin__H=24__B=NA__G=delivery_lnp__VS=baseline_0	<upstream_project_root>/00_metadata/verified_metadata/splited/GSE167521_design/GSE167521_design__T=skin__H=24__B=NA__G=delivery_lnp__VS=baseline_0.tsv	anchor	acute_main	skin	24	4	4	8.690306696957737	8.559924805644787	0.13038189131295042	-1.5003140379222049	1.5003140379222049	TRUE	1	1
ENSMUSG00000138573	Gm72936	3	top_abs_beta_meta	4.977817758075086	TRUE	GSE167521	GSE167521_design__T=skin__H=24__B=NA__G=delivery_lnp__VS=baseline_0	<upstream_project_root>/00_metadata/verified_metadata/splited/GSE167521_design/GSE167521_design__T=skin__H=24__B=NA__G=delivery_lnp__VS=baseline_0.tsv	anchor	acute_main	skin	24	4	4	8.690306696957737	8.269998322321415	0.4203083746363223	-4.836519461199936	4.836519461199936	TRUE	1	1
ENSMUSG00000035385	Ccl2	4	top_abs_beta_meta	4.6635139717927325	TRUE	GSE167521	GSE167521_design__T=skin__H=24__B=NA__G=delivery_lnp__VS=baseline_0	<upstream_project_root>/00_metadata/verified_metadata/splited/GSE167521_design/GSE167521_design__T=skin__H=24__B=NA__G=delivery_lnp__VS=baseline_0.tsv	anchor	acute_main	skin	24	4	4	8.690306696957737	8.648296961475705	0.042009735482032795	-0.4834091240616326	0.4834091240616326	TRUE	1	1
ENSMUSG00000034855	Cxcl10	5	top_abs_beta_meta	4.612796832918611	TRUE	GSE167521	GSE167521_design__T=skin__H=24__B=NA__G=delivery_lnp__VS=baseline_0	<upstream_project_root>/00_metadata/verified_metadata/splited/GSE167521_design/GSE167521_design__T=skin__H=24__B=NA__G=delivery_lnp__VS=baseline_0.tsv	anchor	acute_main	skin	24	4	4	8.690306696957737	8.568272704307894	0.12203399264984327	-1.4042541524174788	1.4042541524174788	TRUE	1	1
ENSMUSG00000085295	4930430E12Rik	6	top_abs_beta_meta	4.495088843307157	TRUE	GSE167521	GSE167521_design__T=skin__H=24__B=NA__G=delivery_lnp__VS=baseline_0	<upstream_project_root>/00_metadata/verified_metadata/splited/GSE167521_design/GSE167521_design__T=skin__H=24__B=NA__G=delivery_lnp__VS=baseline_0.tsv	anchor	acute_main	skin	24	4	4	8.690306696957737	8.437283357344224	0.2530233396135131	-2.9115582273073324	2.9115582273073324	TRUE	1	1
ENSMUSG00000052485	Tmem171	7	top_abs_beta_meta	4.404983306498316	TRUE	GSE167521	GSE167521_design__T=skin__H=24__B=NA__G=delivery_lnp__VS=baseline_0	<upstream_project_root>/00_metadata/verified_metadata/splited/GSE167521_design/GSE167521_design__T=skin__H=24__B=NA__G=delivery_lnp__VS=baseline_0.tsv	anchor	acute_main	skin	24	4	4	8.690306696957737	8.695231045548091	0.004924348590353844	0.056664842359104975	0.056664842359104975	TRUE	1	1
ENSMUSG00000040026	Saa3	8	top_abs_beta_meta	4.397792528205895	TRUE	GSE167521	GSE167521_design__T=skin__H=24__B=NA__G=delivery_lnp__VS=baseline_0	<upstream_project_root>/00_metadata/verified_metadata/splited/GSE167521_design/GSE167521_design__T=skin__H=24__B=NA__G=delivery_lnp__VS=baseline_0.tsv	anchor	acute_main	skin	24	4	4	8.690306696957737	8.722815702094053	0.032509005136315494	0.37408351937332773	0.37408351937332773	TRUE	1	1
ENSMUSG00000134421	Gm67078	9	top_abs_beta_meta	4.366412049518441	TRUE	GSE167521	GSE167521_design__T=skin__H=24__B=NA__G=delivery_lnp__VS=baseline_0	<upstream_project_root>/00_metadata/verified_metadata/splited/GSE167521_design/GSE167521_design__T=skin__H=24__B=NA__G=delivery_lnp__VS=baseline_0.tsv	anchor	acute_main	skin	24	4	4	8.690306696957737	8.635947919760108	0.05435877719762949	-0.6255104577225009	0.6255104577225009	TRUE	1	1
ENSMUSG00000055110	A630012P03Rik	10	top_abs_beta_meta	4.36126211559667	TRUE	GSE167521	GSE167521_design__T=skin__H=24__B=NA__G=delivery_lnp__VS=baseline_0	<upstream_project_root>/00_metadata/verified_metadata/splited/GSE167521_design/GSE167521_design__T=skin__H=24__B=NA__G=delivery_lnp__VS=baseline_0.tsv	anchor	acute_main	skin	24	4	4	8.690306696957737	8.702159300407518	0.01185260344978012	0.13638878192790854	0.13638878192790854	TRUE	1	1
ENSMUSG00000050578	Mmp13	11	top_abs_beta_meta	4.342772097488057	TRUE	GSE167521	GSE167521_design__T=skin__H=24__B=NA__G=delivery_lnp__VS=baseline_0	<upstream_project_root>/00_metadata/verified_metadata/splited/GSE167521_design/GSE167521_design__T=skin__H=24__B=NA__G=delivery_lnp__VS=baseline_0.tsv	anchor	acute_main	skin	24	4	4	8.690306696957737	8.619378980009543	0.07092771694819433	-0.8161704692542598	0.8161704692542598	TRUE	1	1
ENSMUSG00000111078	Gm35028	12	top_abs_beta_meta	4.2332077695080725	TRUE	GSE167521	GSE167521_design__T=skin__H=24__B=NA__G=delivery_lnp__VS=baseline_0	<upstream_project_root>/00_metadata/verified_metadata/splited/GSE167521_design/GSE167521_design__T=skin__H=24__B=NA__G=delivery_lnp__VS=baseline_0.tsv	anchor	acute_main	skin	24	4	4	8.690306696957737	8.597965567831068	0.09234112912666959	-1.0625761822536821	1.0625761822536821	TRUE	1	1
ENSMUSG00000138247	Gm60893	13	top_abs_beta_meta	4.118168331717115	TRUE	GSE167521	GSE167521_design__T=skin__H=24__B=NA__G=delivery_lnp__VS=baseline_0	<upstream_project_root>/00_metadata/verified_metadata/splited/GSE167521_design/GSE167521_design__T=skin__H=24__B=NA__G=delivery_lnp__VS=baseline_0.tsv	anchor	acute_main	skin	24	4	4	8.690306696957737	8.699315937404656	0.009009240446918199	0.10366999417951626	0.10366999417951626	TRUE	1	1
ENSMUSG00000035373	Ccl7	14	top_abs_beta_meta	4.080173963641654	TRUE	GSE167521	GSE167521_design__T=skin__H=24__B=NA__G=delivery_lnp__VS=baseline_0	<upstream_project_root>/00_metadata/verified_metadata/splited/GSE167521_design/GSE167521_design__T=skin__H=24__B=NA__G=delivery_lnp__VS=baseline_0.tsv	anchor	acute_main	skin	24	4	4	8.690306696957737	8.72274043798768	0.03243374102994245	0.373217449751189	0.373217449751189	TRUE	1	1
ENSMUSG00000000204	Slfn4	15	top_abs_beta_meta	4.009242973558268	TRUE	GSE167521	GSE167521_design__T=skin__H=24__B=NA__G=delivery_lnp__VS=baseline_0	<upstream_project_root>/00_metadata/verified_metadata/splited/GSE167521_design/GSE167521_design__T=skin__H=24__B=NA__G=delivery_lnp__VS=baseline_0.tsv	anchor	acute_main	skin	24	4	4	8.690306696957737	8.719103073672006	0.02879637671426849	0.33136203034525114	0.33136203034525114	TRUE	1	1
ENSMUSG00000040328	Or2v1	16	top_abs_beta_meta	3.894945621699911	TRUE	GSE167521	GSE167521_design__T=skin__H=24__B=NA__G=delivery_lnp__VS=baseline_0	<upstream_project_root>/00_metadata/verified_metadata/splited/GSE167521_design/GSE167521_design__T=skin__H=24__B=NA__G=delivery_lnp__VS=baseline_0.tsv	anchor	acute_main	skin	24	4	4	8.690306696957737	8.74805404369766	0.05774734673992299	0.6645029773245967	0.6645029773245967	TRUE	1	1
ENSMUSG00000109729	Gm45418	17	top_abs_beta_meta	3.8495640515383616	TRUE	GSE167521	GSE167521_design__T=skin__H=24__B=NA__G=delivery_lnp__VS=baseline_0	<upstream_project_root>/00_metadata/verified_metadata/splited/GSE167521_design/GSE167521_design__T=skin__H=24__B=NA__G=delivery_lnp__VS=baseline_0.tsv	anchor	acute_main	skin	24	4	4	8.690306696957737	8.74885102744479	0.05854433048705232	0.6736739280737613	0.6736739280737613	TRUE	1	1
ENSMUSG00000034459	Ifit1	18	top_abs_beta_meta	3.8087768616083655	TRUE	GSE167521	GSE167521_design__T=skin__H=24__B=NA__G=delivery_lnp__VS=baseline_0	<upstream_project_root>/00_metadata/verified_metadata/splited/GSE167521_design/GSE167521_design__T=skin__H=24__B=NA__G=delivery_lnp__VS=baseline_0.tsv	anchor	acute_main	skin	24	4	4	8.690306696957737	8.740928726298927	0.050622029341189645	0.5825114245842574	0.5825114245842574	TRUE	1	1
ENSMUSG00000078616	Trim30c	19	top_abs_beta_meta	3.806981760861859	TRUE	GSE167521	GSE167521_design__T=skin__H=24__B=NA__G=delivery_lnp__VS=baseline_0	<upstream_project_root>/00_metadata/verified_metadata/splited/GSE167521_design/GSE167521_design__T=skin__H=24__B=NA__G=delivery_lnp__VS=baseline_0.tsv	anchor	acute_main	skin	24	4	4	8.690306696957737	8.63089745953666	0.059409237421077066	-0.6836264759433034	0.6836264759433034	TRUE	1	1
ENSMUSG00000105096	Gbp10	20	top_abs_beta_meta	3.775453263034024	TRUE	GSE167521	GSE167521_design__T=skin__H=24__B=NA__G=delivery_lnp__VS=baseline_0	<upstream_project_root>/00_metadata/verified_metadata/splited/GSE167521_design/GSE167521_design__T=skin__H=24__B=NA__G=delivery_lnp__VS=baseline_0.tsv	anchor	acute_main	skin	24	4	4	8.690306696957737	8.757036326186775	0.06672962922903736	0.7678627642957384	0.7678627642957384	TRUE	1	1
ENSMUSG00000074896	Ifit3	21	top_abs_beta_meta	3.7414787591211223	TRUE	GSE167521	GSE167521_design__T=skin__H=24__B=NA__G=delivery_lnp__VS=baseline_0	<upstream_project_root>/00_metadata/verified_metadata/splited/GSE167521_design/GSE167521_design__T=skin__H=24__B=NA__G=delivery_lnp__VS=baseline_0.tsv	anchor	acute_main	skin	24	4	4	8.690306696957737	8.746382491489381	0.05607579453164391	0.6452683028008053	0.6452683028008053	TRUE	1	1
ENSMUSG00000068606	Gm4841	22	top_abs_beta_meta	3.73972852042063	TRUE	GSE167521	GSE167521_design__T=skin__H=24__B=NA__G=delivery_lnp__VS=baseline_0	<upstream_project_root>/00_metadata/verified_metadata/splited/GSE167521_design/GSE167521_design__T=skin__H=24__B=NA__G=delivery_lnp__VS=baseline_0.tsv	anchor	acute_main	skin	24	4	4	8.690306696957737	8.673759957095445	0.01654673986229227	-0.19040455578034865	0.19040455578034865	TRUE	1	1
ENSMUSG00000092021	Gbp11	23	top_abs_beta_meta	3.667647830351214	TRUE	GSE167521	GSE167521_design__T=skin__H=24__B=NA__G=delivery_lnp__VS=baseline_0	<upstream_project_root>/00_metadata/verified_metadata/splited/GSE167521_design/GSE167521_design__T=skin__H=24__B=NA__G=delivery_lnp__VS=baseline_0.tsv	anchor	acute_main	skin	24	4	4	8.690306696957737	8.731994161811356	0.041687464853618295	0.47970073217567855	0.47970073217567855	TRUE	1	1
ENSMUSG00000023341	Mx2	24	top_abs_beta_meta	3.588993939733922	TRUE	GSE167521	GSE167521_design__T=skin__H=24__B=NA__G=delivery_lnp__VS=baseline_0	<upstream_project_root>/00_metadata/verified_metadata/splited/GSE167521_design/GSE167521_design__T=skin__H=24__B=NA__G=delivery_lnp__VS=baseline_0.tsv	anchor	acute_main	skin	24	4	4	8.690306696957737	8.737346197253869	0.047039500296131465	0.5412869986809422	0.5412869986809422	TRUE	1	1
ENSMUSG00000085977	Gm5970	25	top_abs_beta_meta	3.5069390366748956	TRUE	GSE167521	GSE167521_design__T=skin__H=24__B=NA__G=delivery_lnp__VS=baseline_0	<upstream_project_root>/00_metadata/verified_metadata/splited/GSE167521_design/GSE167521_design__T=skin__H=24__B=NA__G=delivery_lnp__VS=baseline_0.tsv	anchor	acute_main	skin	24	4	4	8.690306696957737	8.639257422203427	0.05104927475431076	-0.587427769058851	0.587427769058851	TRUE	1	1
ENSMUSG00000022126	Acod1	1	top_abs_beta_meta	6.353446492462103	TRUE	GSE178313	GSE178313_design__T=Liver__H=48__B=NA__G=mouse_repopulated_lnp__VS=mouse_repopulated_pbs	<upstream_project_root>/00_metadata/verified_metadata/splited/GSE178313_design/GSE178313_design__T=Liver__H=48__B=NA__G=mouse_repopulated_lnp__VS=mouse_repopulated_pbs.tsv	external	extended_transfer	Liver	48	4	4	6.743275601355258	5.701535108800885	1.0417404925543723	-15.448582471477277	15.448582471477277	TRUE	1	0.9375
ENSMUSG00000060183	Cxcl11	2	top_abs_beta_meta	6.0257926459264395	TRUE	GSE178313	GSE178313_design__T=Liver__H=48__B=NA__G=mouse_repopulated_lnp__VS=mouse_repopulated_pbs	<upstream_project_root>/00_metadata/verified_metadata/splited/GSE178313_design/GSE178313_design__T=Liver__H=48__B=NA__G=mouse_repopulated_lnp__VS=mouse_repopulated_pbs.tsv	external	extended_transfer	Liver	48	4	4	6.743275601355258	6.948323756180306	0.20504815482504846	3.040779688492015	3.040779688492015	TRUE	1	1
ENSMUSG00000138573	Gm72936	3	top_abs_beta_meta	4.977817758075086	TRUE	GSE178313	GSE178313_design__T=Liver__H=48__B=NA__G=mouse_repopulated_lnp__VS=mouse_repopulated_pbs	<upstream_project_root>/00_metadata/verified_metadata/splited/GSE178313_design/GSE178313_design__T=Liver__H=48__B=NA__G=mouse_repopulated_lnp__VS=mouse_repopulated_pbs.tsv	external	extended_transfer	Liver	48	4	4	6.743275601355258	6.743275601355258	0	0	0	TRUE	1	1
ENSMUSG00000035385	Ccl2	4	top_abs_beta_meta	4.6635139717927325	TRUE	GSE178313	GSE178313_design__T=Liver__H=48__B=NA__G=mouse_repopulated_lnp__VS=mouse_repopulated_pbs	<upstream_project_root>/00_metadata/verified_metadata/splited/GSE178313_design/GSE178313_design__T=Liver__H=48__B=NA__G=mouse_repopulated_lnp__VS=mouse_repopulated_pbs.tsv	external	extended_transfer	Liver	48	4	4	6.743275601355258	6.702148375140018	0.04112722621523979	-0.6098998268285827	0.6098998268285827	TRUE	1	1
ENSMUSG00000034855	Cxcl10	5	top_abs_beta_meta	4.612796832918611	TRUE	GSE178313	GSE178313_design__T=Liver__H=48__B=NA__G=mouse_repopulated_lnp__VS=mouse_repopulated_pbs	<upstream_project_root>/00_metadata/verified_metadata/splited/GSE178313_design/GSE178313_design__T=Liver__H=48__B=NA__G=mouse_repopulated_lnp__VS=mouse_repopulated_pbs.tsv	external	extended_transfer	Liver	48	4	4	6.743275601355258	6.894268496148239	0.1509928947929815	2.2391624444748346	2.2391624444748346	TRUE	1	1
ENSMUSG00000085295	4930430E12Rik	6	top_abs_beta_meta	4.495088843307157	TRUE	GSE178313	GSE178313_design__T=Liver__H=48__B=NA__G=mouse_repopulated_lnp__VS=mouse_repopulated_pbs	<upstream_project_root>/00_metadata/verified_metadata/splited/GSE178313_design/GSE178313_design__T=Liver__H=48__B=NA__G=mouse_repopulated_lnp__VS=mouse_repopulated_pbs.tsv	external	extended_transfer	Liver	48	4	4	6.743275601355258	6.9056631959213615	0.16238759456610374	2.4081411492875544	2.4081411492875544	TRUE	1	1
ENSMUSG00000052485	Tmem171	7	top_abs_beta_meta	4.404983306498316	TRUE	GSE178313	GSE178313_design__T=Liver__H=48__B=NA__G=mouse_repopulated_lnp__VS=mouse_repopulated_pbs	<upstream_project_root>/00_metadata/verified_metadata/splited/GSE178313_design/GSE178313_design__T=Liver__H=48__B=NA__G=mouse_repopulated_lnp__VS=mouse_repopulated_pbs.tsv	external	extended_transfer	Liver	48	4	4	6.743275601355258	6.774753189221287	0.03147758786602939	0.4667996642418567	0.4667996642418567	TRUE	1	1
ENSMUSG00000040026	Saa3	8	top_abs_beta_meta	4.397792528205895	TRUE	GSE178313	GSE178313_design__T=Liver__H=48__B=NA__G=mouse_repopulated_lnp__VS=mouse_repopulated_pbs	<upstream_project_root>/00_metadata/verified_metadata/splited/GSE178313_design/GSE178313_design__T=Liver__H=48__B=NA__G=mouse_repopulated_lnp__VS=mouse_repopulated_pbs.tsv	external	extended_transfer	Liver	48	4	4	6.743275601355258	6.64327753447881	0.09999806687644774	-1.4829301483147184	1.4829301483147184	TRUE	1	1
ENSMUSG00000134421	Gm67078	9	top_abs_beta_meta	4.366412049518441	TRUE	GSE178313	GSE178313_design__T=Liver__H=48__B=NA__G=mouse_repopulated_lnp__VS=mouse_repopulated_pbs	<upstream_project_root>/00_metadata/verified_metadata/splited/GSE178313_design/GSE178313_design__T=Liver__H=48__B=NA__G=mouse_repopulated_lnp__VS=mouse_repopulated_pbs.tsv	external	extended_transfer	Liver	48	4	4	6.743275601355258	6.743275601355258	0	0	0	TRUE	1	1
ENSMUSG00000055110	A630012P03Rik	10	top_abs_beta_meta	4.36126211559667	TRUE	GSE178313	GSE178313_design__T=Liver__H=48__B=NA__G=mouse_repopulated_lnp__VS=mouse_repopulated_pbs	<upstream_project_root>/00_metadata/verified_metadata/splited/GSE178313_design/GSE178313_design__T=Liver__H=48__B=NA__G=mouse_repopulated_lnp__VS=mouse_repopulated_pbs.tsv	external	extended_transfer	Liver	48	4	4	6.743275601355258	6.743275601355258	0	0	0	TRUE	1	1
ENSMUSG00000050578	Mmp13	11	top_abs_beta_meta	4.342772097488057	TRUE	GSE178313	GSE178313_design__T=Liver__H=48__B=NA__G=mouse_repopulated_lnp__VS=mouse_repopulated_pbs	<upstream_project_root>/00_metadata/verified_metadata/splited/GSE178313_design/GSE178313_design__T=Liver__H=48__B=NA__G=mouse_repopulated_lnp__VS=mouse_repopulated_pbs.tsv	external	extended_transfer	Liver	48	4	4	6.743275601355258	6.88722467272528	0.143949071370022	2.1347054440588376	2.1347054440588376	TRUE	1	1
ENSMUSG00000111078	Gm35028	12	top_abs_beta_meta	4.2332077695080725	TRUE	GSE178313	GSE178313_design__T=Liver__H=48__B=NA__G=mouse_repopulated_lnp__VS=mouse_repopulated_pbs	<upstream_project_root>/00_metadata/verified_metadata/splited/GSE178313_design/GSE178313_design__T=Liver__H=48__B=NA__G=mouse_repopulated_lnp__VS=mouse_repopulated_pbs.tsv	external	extended_transfer	Liver	48	4	4	6.743275601355258	6.6571566746607465	0.08611892669451127	-1.27710821543766	1.27710821543766	TRUE	1	1
ENSMUSG00000138247	Gm60893	13	top_abs_beta_meta	4.118168331717115	TRUE	GSE178313	GSE178313_design__T=Liver__H=48__B=NA__G=mouse_repopulated_lnp__VS=mouse_repopulated_pbs	<upstream_project_root>/00_metadata/verified_metadata/splited/GSE178313_design/GSE178313_design__T=Liver__H=48__B=NA__G=mouse_repopulated_lnp__VS=mouse_repopulated_pbs.tsv	external	extended_transfer	Liver	48	4	4	6.743275601355258	6.743275601355258	0	0	0	TRUE	1	1
ENSMUSG00000035373	Ccl7	14	top_abs_beta_meta	4.080173963641654	TRUE	GSE178313	GSE178313_design__T=Liver__H=48__B=NA__G=mouse_repopulated_lnp__VS=mouse_repopulated_pbs	<upstream_project_root>/00_metadata/verified_metadata/splited/GSE178313_design/GSE178313_design__T=Liver__H=48__B=NA__G=mouse_repopulated_lnp__VS=mouse_repopulated_pbs.tsv	external	extended_transfer	Liver	48	4	4	6.743275601355258	6.705097799303125	0.03817780205213239	-0.5661610811881906	0.5661610811881906	TRUE	1	1
ENSMUSG00000000204	Slfn4	15	top_abs_beta_meta	4.009242973558268	TRUE	GSE178313	GSE178313_design__T=Liver__H=48__B=NA__G=mouse_repopulated_lnp__VS=mouse_repopulated_pbs	<upstream_project_root>/00_metadata/verified_metadata/splited/GSE178313_design/GSE178313_design__T=Liver__H=48__B=NA__G=mouse_repopulated_lnp__VS=mouse_repopulated_pbs.tsv	external	extended_transfer	Liver	48	4	4	6.743275601355258	6.133985917214288	0.6092896841409701	-9.03551508436813	9.03551508436813	TRUE	1	1
ENSMUSG00000040328	Or2v1	16	top_abs_beta_meta	3.894945621699911	TRUE	GSE178313	GSE178313_design__T=Liver__H=48__B=NA__G=mouse_repopulated_lnp__VS=mouse_repopulated_pbs	<upstream_project_root>/00_metadata/verified_metadata/splited/GSE178313_design/GSE178313_design__T=Liver__H=48__B=NA__G=mouse_repopulated_lnp__VS=mouse_repopulated_pbs.tsv	external	extended_transfer	Liver	48	4	4	6.743275601355258	6.741721969837342	0.0015536315179156546	-0.023039715559058673	0.023039715559058673	TRUE	1	1
ENSMUSG00000109729	Gm45418	17	top_abs_beta_meta	3.8495640515383616	TRUE	GSE178313	GSE178313_design__T=Liver__H=48__B=NA__G=mouse_repopulated_lnp__VS=mouse_repopulated_pbs	<upstream_project_root>/00_metadata/verified_metadata/splited/GSE178313_design/GSE178313_design__T=Liver__H=48__B=NA__G=mouse_repopulated_lnp__VS=mouse_repopulated_pbs.tsv	external	extended_transfer	Liver	48	4	4	6.743275601355258	6.743275601355258	0	0	0	TRUE	1	1
ENSMUSG00000034459	Ifit1	18	top_abs_beta_meta	3.8087768616083655	TRUE	GSE178313	GSE178313_design__T=Liver__H=48__B=NA__G=mouse_repopulated_lnp__VS=mouse_repopulated_pbs	<upstream_project_root>/00_metadata/verified_metadata/splited/GSE178313_design/GSE178313_design__T=Liver__H=48__B=NA__G=mouse_repopulated_lnp__VS=mouse_repopulated_pbs.tsv	external	extended_transfer	Liver	48	4	4	6.743275601355258	6.699692399800345	0.04358320155491313	-0.64632092964069	0.64632092964069	TRUE	1	1
ENSMUSG00000078616	Trim30c	19	top_abs_beta_meta	3.806981760861859	TRUE	GSE178313	GSE178313_design__T=Liver__H=48__B=NA__G=mouse_repopulated_lnp__VS=mouse_repopulated_pbs	<upstream_project_root>/00_metadata/verified_metadata/splited/GSE178313_design/GSE178313_design__T=Liver__H=48__B=NA__G=mouse_repopulated_lnp__VS=mouse_repopulated_pbs.tsv	external	extended_transfer	Liver	48	4	4	6.743275601355258	6.789537414258759	0.04626181290350129	0.686043632774013	0.686043632774013	TRUE	1	1
ENSMUSG00000105096	Gbp10	20	top_abs_beta_meta	3.775453263034024	TRUE	GSE178313	GSE178313_design__T=Liver__H=48__B=NA__G=mouse_repopulated_lnp__VS=mouse_repopulated_pbs	<upstream_project_root>/00_metadata/verified_metadata/splited/GSE178313_design/GSE178313_design__T=Liver__H=48__B=NA__G=mouse_repopulated_lnp__VS=mouse_repopulated_pbs.tsv	external	extended_transfer	Liver	48	4	4	6.743275601355258	6.743275601355258	0	0	0	TRUE	1	1
ENSMUSG00000074896	Ifit3	21	top_abs_beta_meta	3.7414787591211223	TRUE	GSE178313	GSE178313_design__T=Liver__H=48__B=NA__G=mouse_repopulated_lnp__VS=mouse_repopulated_pbs	<upstream_project_root>/00_metadata/verified_metadata/splited/GSE178313_design/GSE178313_design__T=Liver__H=48__B=NA__G=mouse_repopulated_lnp__VS=mouse_repopulated_pbs.tsv	external	extended_transfer	Liver	48	4	4	6.743275601355258	6.714951947897845	0.028323653457412945	-0.42002811588659494	0.42002811588659494	TRUE	1	1
ENSMUSG00000068606	Gm4841	22	top_abs_beta_meta	3.73972852042063	TRUE	GSE178313	GSE178313_design__T=Liver__H=48__B=NA__G=mouse_repopulated_lnp__VS=mouse_repopulated_pbs	<upstream_project_root>/00_metadata/verified_metadata/splited/GSE178313_design/GSE178313_design__T=Liver__H=48__B=NA__G=mouse_repopulated_lnp__VS=mouse_repopulated_pbs.tsv	external	extended_transfer	Liver	48	4	4	6.743275601355258	6.872868520597997	0.1295929192427394	1.921809620486132	1.921809620486132	TRUE	1	1
ENSMUSG00000092021	Gbp11	23	top_abs_beta_meta	3.667647830351214	TRUE	GSE178313	GSE178313_design__T=Liver__H=48__B=NA__G=mouse_repopulated_lnp__VS=mouse_repopulated_pbs	<upstream_project_root>/00_metadata/verified_metadata/splited/GSE178313_design/GSE178313_design__T=Liver__H=48__B=NA__G=mouse_repopulated_lnp__VS=mouse_repopulated_pbs.tsv	external	extended_transfer	Liver	48	4	4	6.743275601355258	6.7066570455328804	0.036618555822377274	-0.5430381017649302	0.5430381017649302	TRUE	1	1
ENSMUSG00000023341	Mx2	24	top_abs_beta_meta	3.588993939733922	TRUE	GSE178313	GSE178313_design__T=Liver__H=48__B=NA__G=mouse_repopulated_lnp__VS=mouse_repopulated_pbs	<upstream_project_root>/00_metadata/verified_metadata/splited/GSE178313_design/GSE178313_design__T=Liver__H=48__B=NA__G=mouse_repopulated_lnp__VS=mouse_repopulated_pbs.tsv	external	extended_transfer	Liver	48	4	4	6.743275601355258	6.843489376840431	0.10021377548517307	1.4861290181441227	1.4861290181441227	TRUE	1	1
ENSMUSG00000085977	Gm5970	25	top_abs_beta_meta	3.5069390366748956	TRUE	GSE178313	GSE178313_design__T=Liver__H=48__B=NA__G=mouse_repopulated_lnp__VS=mouse_repopulated_pbs	<upstream_project_root>/00_metadata/verified_metadata/splited/GSE178313_design/GSE178313_design__T=Liver__H=48__B=NA__G=mouse_repopulated_lnp__VS=mouse_repopulated_pbs.tsv	external	extended_transfer	Liver	48	4	4	6.743275601355258	6.661630585174958	0.08164501618029973	-1.210761965058803	1.210761965058803	TRUE	1	1
ENSMUSG00000022126	Acod1	1	top_abs_beta_meta	6.353446492462103	TRUE	GSE262515_cell_line	GSE262515_cell_line__T=cell_line__H=72__B=NA__G=delivery_tlnp_sihbv_50nm__VS=baseline_0	<upstream_project_root>/00_metadata/verified_metadata/splited/GSE262515_cell_line_design/GSE262515_cell_line__T=cell_line__H=72__B=NA__G=delivery_tlnp_sihbv_50nm__VS=baseline_0.tsv	calibration	extended_transfer	cell line	72	3	3	3.0762415648459087	3.0762415648459087	0	0	0	TRUE	1	1
ENSMUSG00000022126	Acod1	1	top_abs_beta_meta	6.353446492462103	TRUE	GSE262515_cell_line	GSE262515_cell_line__T=cell_line__H=72__B=NA__G=delivery_tlnp_sinc_50nm__VS=baseline_0	<upstream_project_root>/00_metadata/verified_metadata/splited/GSE262515_cell_line_design/GSE262515_cell_line__T=cell_line__H=72__B=NA__G=delivery_tlnp_sinc_50nm__VS=baseline_0.tsv	calibration	extended_transfer	cell line	72	3	3	-0.48131475690837977	-0.48131475690837977	0	0	0	TRUE	0.5555555555555556	0.5555555555555556
ENSMUSG00000060183	Cxcl11	2	top_abs_beta_meta	6.0257926459264395	TRUE	GSE262515_cell_line	GSE262515_cell_line__T=cell_line__H=72__B=NA__G=delivery_tlnp_sihbv_50nm__VS=baseline_0	<upstream_project_root>/00_metadata/verified_metadata/splited/GSE262515_cell_line_design/GSE262515_cell_line__T=cell_line__H=72__B=NA__G=delivery_tlnp_sihbv_50nm__VS=baseline_0.tsv	calibration	extended_transfer	cell line	72	3	3	3.0762415648459087	3.0762415648459087	0	0	0	TRUE	1	1
ENSMUSG00000060183	Cxcl11	2	top_abs_beta_meta	6.0257926459264395	TRUE	GSE262515_cell_line	GSE262515_cell_line__T=cell_line__H=72__B=NA__G=delivery_tlnp_sinc_50nm__VS=baseline_0	<upstream_project_root>/00_metadata/verified_metadata/splited/GSE262515_cell_line_design/GSE262515_cell_line__T=cell_line__H=72__B=NA__G=delivery_tlnp_sinc_50nm__VS=baseline_0.tsv	calibration	extended_transfer	cell line	72	3	3	-0.48131475690837977	-0.48131475690837977	0	0	0	TRUE	0.5555555555555556	0.5555555555555556
ENSMUSG00000138573	Gm72936	3	top_abs_beta_meta	4.977817758075086	TRUE	GSE262515_cell_line	GSE262515_cell_line__T=cell_line__H=72__B=NA__G=delivery_tlnp_sihbv_50nm__VS=baseline_0	<upstream_project_root>/00_metadata/verified_metadata/splited/GSE262515_cell_line_design/GSE262515_cell_line__T=cell_line__H=72__B=NA__G=delivery_tlnp_sihbv_50nm__VS=baseline_0.tsv	calibration	extended_transfer	cell line	72	3	3	3.0762415648459087	3.0762415648459087	0	0	0	TRUE	1	1
ENSMUSG00000138573	Gm72936	3	top_abs_beta_meta	4.977817758075086	TRUE	GSE262515_cell_line	GSE262515_cell_line__T=cell_line__H=72__B=NA__G=delivery_tlnp_sinc_50nm__VS=baseline_0	<upstream_project_root>/00_metadata/verified_metadata/splited/GSE262515_cell_line_design/GSE262515_cell_line__T=cell_line__H=72__B=NA__G=delivery_tlnp_sinc_50nm__VS=baseline_0.tsv	calibration	extended_transfer	cell line	72	3	3	-0.48131475690837977	-0.48131475690837977	0	0	0	TRUE	0.5555555555555556	0.5555555555555556
ENSMUSG00000035385	Ccl2	4	top_abs_beta_meta	4.6635139717927325	TRUE	GSE262515_cell_line	GSE262515_cell_line__T=cell_line__H=72__B=NA__G=delivery_tlnp_sihbv_50nm__VS=baseline_0	<upstream_project_root>/00_metadata/verified_metadata/splited/GSE262515_cell_line_design/GSE262515_cell_line__T=cell_line__H=72__B=NA__G=delivery_tlnp_sihbv_50nm__VS=baseline_0.tsv	calibration	extended_transfer	cell line	72	3	3	3.0762415648459087	3.0762415648459087	0	0	0	TRUE	1	1
ENSMUSG00000035385	Ccl2	4	top_abs_beta_meta	4.6635139717927325	TRUE	GSE262515_cell_line	GSE262515_cell_line__T=cell_line__H=72__B=NA__G=delivery_tlnp_sinc_50nm__VS=baseline_0	<upstream_project_root>/00_metadata/verified_metadata/splited/GSE262515_cell_line_design/GSE262515_cell_line__T=cell_line__H=72__B=NA__G=delivery_tlnp_sinc_50nm__VS=baseline_0.tsv	calibration	extended_transfer	cell line	72	3	3	-0.48131475690837977	-0.48131475690837977	0	0	0	TRUE	0.5555555555555556	0.5555555555555556
ENSMUSG00000034855	Cxcl10	5	top_abs_beta_meta	4.612796832918611	TRUE	GSE262515_cell_line	GSE262515_cell_line__T=cell_line__H=72__B=NA__G=delivery_tlnp_sihbv_50nm__VS=baseline_0	<upstream_project_root>/00_metadata/verified_metadata/splited/GSE262515_cell_line_design/GSE262515_cell_line__T=cell_line__H=72__B=NA__G=delivery_tlnp_sihbv_50nm__VS=baseline_0.tsv	calibration	extended_transfer	cell line	72	3	3	3.0762415648459087	3.0762415648459087	0	0	0	TRUE	1	1
ENSMUSG00000034855	Cxcl10	5	top_abs_beta_meta	4.612796832918611	TRUE	GSE262515_cell_line	GSE262515_cell_line__T=cell_line__H=72__B=NA__G=delivery_tlnp_sinc_50nm__VS=baseline_0	<upstream_project_root>/00_metadata/verified_metadata/splited/GSE262515_cell_line_design/GSE262515_cell_line__T=cell_line__H=72__B=NA__G=delivery_tlnp_sinc_50nm__VS=baseline_0.tsv	calibration	extended_transfer	cell line	72	3	3	-0.48131475690837977	-0.48131475690837977	0	0	0	TRUE	0.5555555555555556	0.5555555555555556
ENSMUSG00000085295	4930430E12Rik	6	top_abs_beta_meta	4.495088843307157	TRUE	GSE262515_cell_line	GSE262515_cell_line__T=cell_line__H=72__B=NA__G=delivery_tlnp_sihbv_50nm__VS=baseline_0	<upstream_project_root>/00_metadata/verified_metadata/splited/GSE262515_cell_line_design/GSE262515_cell_line__T=cell_line__H=72__B=NA__G=delivery_tlnp_sihbv_50nm__VS=baseline_0.tsv	calibration	extended_transfer	cell line	72	3	3	3.0762415648459087	3.0762415648459087	0	0	0	TRUE	1	1
ENSMUSG00000085295	4930430E12Rik	6	top_abs_beta_meta	4.495088843307157	TRUE	GSE262515_cell_line	GSE262515_cell_line__T=cell_line__H=72__B=NA__G=delivery_tlnp_sinc_50nm__VS=baseline_0	<upstream_project_root>/00_metadata/verified_metadata/splited/GSE262515_cell_line_design/GSE262515_cell_line__T=cell_line__H=72__B=NA__G=delivery_tlnp_sinc_50nm__VS=baseline_0.tsv	calibration	extended_transfer	cell line	72	3	3	-0.48131475690837977	-0.48131475690837977	0	0	0	TRUE	0.5555555555555556	0.5555555555555556
ENSMUSG00000052485	Tmem171	7	top_abs_beta_meta	4.404983306498316	TRUE	GSE262515_cell_line	GSE262515_cell_line__T=cell_line__H=72__B=NA__G=delivery_tlnp_sihbv_50nm__VS=baseline_0	<upstream_project_root>/00_metadata/verified_metadata/splited/GSE262515_cell_line_design/GSE262515_cell_line__T=cell_line__H=72__B=NA__G=delivery_tlnp_sihbv_50nm__VS=baseline_0.tsv	calibration	extended_transfer	cell line	72	3	3	3.0762415648459087	3.0762415648459087	0	0	0	TRUE	1	1
ENSMUSG00000052485	Tmem171	7	top_abs_beta_meta	4.404983306498316	TRUE	GSE262515_cell_line	GSE262515_cell_line__T=cell_line__H=72__B=NA__G=delivery_tlnp_sinc_50nm__VS=baseline_0	<upstream_project_root>/00_metadata/verified_metadata/splited/GSE262515_cell_line_design/GSE262515_cell_line__T=cell_line__H=72__B=NA__G=delivery_tlnp_sinc_50nm__VS=baseline_0.tsv	calibration	extended_transfer	cell line	72	3	3	-0.48131475690837977	-0.48131475690837977	0	0	0	TRUE	0.5555555555555556	0.5555555555555556
ENSMUSG00000040026	Saa3	8	top_abs_beta_meta	4.397792528205895	TRUE	GSE262515_cell_line	GSE262515_cell_line__T=cell_line__H=72__B=NA__G=delivery_tlnp_sihbv_50nm__VS=baseline_0	<upstream_project_root>/00_metadata/verified_metadata/splited/GSE262515_cell_line_design/GSE262515_cell_line__T=cell_line__H=72__B=NA__G=delivery_tlnp_sihbv_50nm__VS=baseline_0.tsv	calibration	extended_transfer	cell line	72	3	3	3.0762415648459087	4.601798014524929	1.5255564496790206	49.59156872179629	49.59156872179629	TRUE	1	1
ENSMUSG00000040026	Saa3	8	top_abs_beta_meta	4.397792528205895	TRUE	GSE262515_cell_line	GSE262515_cell_line__T=cell_line__H=72__B=NA__G=delivery_tlnp_sinc_50nm__VS=baseline_0	<upstream_project_root>/00_metadata/verified_metadata/splited/GSE262515_cell_line_design/GSE262515_cell_line__T=cell_line__H=72__B=NA__G=delivery_tlnp_sinc_50nm__VS=baseline_0.tsv	calibration	extended_transfer	cell line	72	3	3	-0.48131475690837977	0.21697866238973695	0.6982934192981167	145.0804092904718	145.0804092904718	FALSE	0.5555555555555556	0.6666666666666666
ENSMUSG00000134421	Gm67078	9	top_abs_beta_meta	4.366412049518441	TRUE	GSE262515_cell_line	GSE262515_cell_line__T=cell_line__H=72__B=NA__G=delivery_tlnp_sihbv_50nm__VS=baseline_0	<upstream_project_root>/00_metadata/verified_metadata/splited/GSE262515_cell_line_design/GSE262515_cell_line__T=cell_line__H=72__B=NA__G=delivery_tlnp_sihbv_50nm__VS=baseline_0.tsv	calibration	extended_transfer	cell line	72	3	3	3.0762415648459087	3.0762415648459087	0	0	0	TRUE	1	1
ENSMUSG00000134421	Gm67078	9	top_abs_beta_meta	4.366412049518441	TRUE	GSE262515_cell_line	GSE262515_cell_line__T=cell_line__H=72__B=NA__G=delivery_tlnp_sinc_50nm__VS=baseline_0	<upstream_project_root>/00_metadata/verified_metadata/splited/GSE262515_cell_line_design/GSE262515_cell_line__T=cell_line__H=72__B=NA__G=delivery_tlnp_sinc_50nm__VS=baseline_0.tsv	calibration	extended_transfer	cell line	72	3	3	-0.48131475690837977	-0.48131475690837977	0	0	0	TRUE	0.5555555555555556	0.5555555555555556
ENSMUSG00000055110	A630012P03Rik	10	top_abs_beta_meta	4.36126211559667	TRUE	GSE262515_cell_line	GSE262515_cell_line__T=cell_line__H=72__B=NA__G=delivery_tlnp_sihbv_50nm__VS=baseline_0	<upstream_project_root>/00_metadata/verified_metadata/splited/GSE262515_cell_line_design/GSE262515_cell_line__T=cell_line__H=72__B=NA__G=delivery_tlnp_sihbv_50nm__VS=baseline_0.tsv	calibration	extended_transfer	cell line	72	3	3	3.0762415648459087	3.3098881352508007	0.233646570404892	7.595195808902463	7.595195808902463	TRUE	1	1
ENSMUSG00000055110	A630012P03Rik	10	top_abs_beta_meta	4.36126211559667	TRUE	GSE262515_cell_line	GSE262515_cell_line__T=cell_line__H=72__B=NA__G=delivery_tlnp_sinc_50nm__VS=baseline_0	<upstream_project_root>/00_metadata/verified_metadata/splited/GSE262515_cell_line_design/GSE262515_cell_line__T=cell_line__H=72__B=NA__G=delivery_tlnp_sinc_50nm__VS=baseline_0.tsv	calibration	extended_transfer	cell line	72	3	3	-0.48131475690837977	-0.35698871610021776	0.12432604080816201	25.830506757520418	25.830506757520418	TRUE	0.5555555555555556	0.5555555555555556
ENSMUSG00000050578	Mmp13	11	top_abs_beta_meta	4.342772097488057	TRUE	GSE262515_cell_line	GSE262515_cell_line__T=cell_line__H=72__B=NA__G=delivery_tlnp_sihbv_50nm__VS=baseline_0	<upstream_project_root>/00_metadata/verified_metadata/splited/GSE262515_cell_line_design/GSE262515_cell_line__T=cell_line__H=72__B=NA__G=delivery_tlnp_sihbv_50nm__VS=baseline_0.tsv	calibration	extended_transfer	cell line	72	3	3	3.0762415648459087	3.0762415648459087	0	0	0	TRUE	1	1
ENSMUSG00000050578	Mmp13	11	top_abs_beta_meta	4.342772097488057	TRUE	GSE262515_cell_line	GSE262515_cell_line__T=cell_line__H=72__B=NA__G=delivery_tlnp_sinc_50nm__VS=baseline_0	<upstream_project_root>/00_metadata/verified_metadata/splited/GSE262515_cell_line_design/GSE262515_cell_line__T=cell_line__H=72__B=NA__G=delivery_tlnp_sinc_50nm__VS=baseline_0.tsv	calibration	extended_transfer	cell line	72	3	3	-0.48131475690837977	-0.48131475690837977	0	0	0	TRUE	0.5555555555555556	0.5555555555555556
ENSMUSG00000111078	Gm35028	12	top_abs_beta_meta	4.2332077695080725	TRUE	GSE262515_cell_line	GSE262515_cell_line__T=cell_line__H=72__B=NA__G=delivery_tlnp_sihbv_50nm__VS=baseline_0	<upstream_project_root>/00_metadata/verified_metadata/splited/GSE262515_cell_line_design/GSE262515_cell_line__T=cell_line__H=72__B=NA__G=delivery_tlnp_sihbv_50nm__VS=baseline_0.tsv	calibration	extended_transfer	cell line	72	3	3	3.0762415648459087	3.0762415648459087	0	0	0	TRUE	1	1
ENSMUSG00000111078	Gm35028	12	top_abs_beta_meta	4.2332077695080725	TRUE	GSE262515_cell_line	GSE262515_cell_line__T=cell_line__H=72__B=NA__G=delivery_tlnp_sinc_50nm__VS=baseline_0	<upstream_project_root>/00_metadata/verified_metadata/splited/GSE262515_cell_line_design/GSE262515_cell_line__T=cell_line__H=72__B=NA__G=delivery_tlnp_sinc_50nm__VS=baseline_0.tsv	calibration	extended_transfer	cell line	72	3	3	-0.48131475690837977	-0.48131475690837977	0	0	0	TRUE	0.5555555555555556	0.5555555555555556
ENSMUSG00000138247	Gm60893	13	top_abs_beta_meta	4.118168331717115	TRUE	GSE262515_cell_line	GSE262515_cell_line__T=cell_line__H=72__B=NA__G=delivery_tlnp_sihbv_50nm__VS=baseline_0	<upstream_project_root>/00_metadata/verified_metadata/splited/GSE262515_cell_line_design/GSE262515_cell_line__T=cell_line__H=72__B=NA__G=delivery_tlnp_sihbv_50nm__VS=baseline_0.tsv	calibration	extended_transfer	cell line	72	3	3	3.0762415648459087	2.3909880755357023	0.6852534893102065	-22.27567227297806	22.27567227297806	TRUE	1	0.7777777777777778
ENSMUSG00000138247	Gm60893	13	top_abs_beta_meta	4.118168331717115	TRUE	GSE262515_cell_line	GSE262515_cell_line__T=cell_line__H=72__B=NA__G=delivery_tlnp_sinc_50nm__VS=baseline_0	<upstream_project_root>/00_metadata/verified_metadata/splited/GSE262515_cell_line_design/GSE262515_cell_line__T=cell_line__H=72__B=NA__G=delivery_tlnp_sinc_50nm__VS=baseline_0.tsv	calibration	extended_transfer	cell line	72	3	3	-0.48131475690837977	-0.48131475690837977	0	0	0	TRUE	0.5555555555555556	0.5555555555555556
ENSMUSG00000035373	Ccl7	14	top_abs_beta_meta	4.080173963641654	TRUE	GSE262515_cell_line	GSE262515_cell_line__T=cell_line__H=72__B=NA__G=delivery_tlnp_sihbv_50nm__VS=baseline_0	<upstream_project_root>/00_metadata/verified_metadata/splited/GSE262515_cell_line_design/GSE262515_cell_line__T=cell_line__H=72__B=NA__G=delivery_tlnp_sihbv_50nm__VS=baseline_0.tsv	calibration	extended_transfer	cell line	72	3	3	3.0762415648459087	3.0762415648459087	0	0	0	TRUE	1	1
ENSMUSG00000035373	Ccl7	14	top_abs_beta_meta	4.080173963641654	TRUE	GSE262515_cell_line	GSE262515_cell_line__T=cell_line__H=72__B=NA__G=delivery_tlnp_sinc_50nm__VS=baseline_0	<upstream_project_root>/00_metadata/verified_metadata/splited/GSE262515_cell_line_design/GSE262515_cell_line__T=cell_line__H=72__B=NA__G=delivery_tlnp_sinc_50nm__VS=baseline_0.tsv	calibration	extended_transfer	cell line	72	3	3	-0.48131475690837977	-0.48131475690837977	0	0	0	TRUE	0.5555555555555556	0.5555555555555556
ENSMUSG00000000204	Slfn4	15	top_abs_beta_meta	4.009242973558268	TRUE	GSE262515_cell_line	GSE262515_cell_line__T=cell_line__H=72__B=NA__G=delivery_tlnp_sihbv_50nm__VS=baseline_0	<upstream_project_root>/00_metadata/verified_metadata/splited/GSE262515_cell_line_design/GSE262515_cell_line__T=cell_line__H=72__B=NA__G=delivery_tlnp_sihbv_50nm__VS=baseline_0.tsv	calibration	extended_transfer	cell line	72	3	3	3.0762415648459087	3.0762415648459087	0	0	0	TRUE	1	1
ENSMUSG00000000204	Slfn4	15	top_abs_beta_meta	4.009242973558268	TRUE	GSE262515_cell_line	GSE262515_cell_line__T=cell_line__H=72__B=NA__G=delivery_tlnp_sinc_50nm__VS=baseline_0	<upstream_project_root>/00_metadata/verified_metadata/splited/GSE262515_cell_line_design/GSE262515_cell_line__T=cell_line__H=72__B=NA__G=delivery_tlnp_sinc_50nm__VS=baseline_0.tsv	calibration	extended_transfer	cell line	72	3	3	-0.48131475690837977	-0.48131475690837977	0	0	0	TRUE	0.5555555555555556	0.5555555555555556
ENSMUSG00000040328	Or2v1	16	top_abs_beta_meta	3.894945621699911	TRUE	GSE262515_cell_line	GSE262515_cell_line__T=cell_line__H=72__B=NA__G=delivery_tlnp_sihbv_50nm__VS=baseline_0	<upstream_project_root>/00_metadata/verified_metadata/splited/GSE262515_cell_line_design/GSE262515_cell_line__T=cell_line__H=72__B=NA__G=delivery_tlnp_sihbv_50nm__VS=baseline_0.tsv	calibration	extended_transfer	cell line	72	3	3	3.0762415648459087	3.0762415648459087	0	0	0	TRUE	1	1
ENSMUSG00000040328	Or2v1	16	top_abs_beta_meta	3.894945621699911	TRUE	GSE262515_cell_line	GSE262515_cell_line__T=cell_line__H=72__B=NA__G=delivery_tlnp_sinc_50nm__VS=baseline_0	<upstream_project_root>/00_metadata/verified_metadata/splited/GSE262515_cell_line_design/GSE262515_cell_line__T=cell_line__H=72__B=NA__G=delivery_tlnp_sinc_50nm__VS=baseline_0.tsv	calibration	extended_transfer	cell line	72	3	3	-0.48131475690837977	-0.48131475690837977	0	0	0	TRUE	0.5555555555555556	0.5555555555555556
ENSMUSG00000109729	Gm45418	17	top_abs_beta_meta	3.8495640515383616	TRUE	GSE262515_cell_line	GSE262515_cell_line__T=cell_line__H=72__B=NA__G=delivery_tlnp_sihbv_50nm__VS=baseline_0	<upstream_project_root>/00_metadata/verified_metadata/splited/GSE262515_cell_line_design/GSE262515_cell_line__T=cell_line__H=72__B=NA__G=delivery_tlnp_sihbv_50nm__VS=baseline_0.tsv	calibration	extended_transfer	cell line	72	3	3	3.0762415648459087	3.0762415648459087	0	0	0	TRUE	1	1
ENSMUSG00000109729	Gm45418	17	top_abs_beta_meta	3.8495640515383616	TRUE	GSE262515_cell_line	GSE262515_cell_line__T=cell_line__H=72__B=NA__G=delivery_tlnp_sinc_50nm__VS=baseline_0	<upstream_project_root>/00_metadata/verified_metadata/splited/GSE262515_cell_line_design/GSE262515_cell_line__T=cell_line__H=72__B=NA__G=delivery_tlnp_sinc_50nm__VS=baseline_0.tsv	calibration	extended_transfer	cell line	72	3	3	-0.48131475690837977	-0.48131475690837977	0	0	0	TRUE	0.5555555555555556	0.5555555555555556
ENSMUSG00000034459	Ifit1	18	top_abs_beta_meta	3.8087768616083655	TRUE	GSE262515_cell_line	GSE262515_cell_line__T=cell_line__H=72__B=NA__G=delivery_tlnp_sihbv_50nm__VS=baseline_0	<upstream_project_root>/00_metadata/verified_metadata/splited/GSE262515_cell_line_design/GSE262515_cell_line__T=cell_line__H=72__B=NA__G=delivery_tlnp_sihbv_50nm__VS=baseline_0.tsv	calibration	extended_transfer	cell line	72	3	3	3.0762415648459087	3.0762415648459087	0	0	0	TRUE	1	1
ENSMUSG00000034459	Ifit1	18	top_abs_beta_meta	3.8087768616083655	TRUE	GSE262515_cell_line	GSE262515_cell_line__T=cell_line__H=72__B=NA__G=delivery_tlnp_sinc_50nm__VS=baseline_0	<upstream_project_root>/00_metadata/verified_metadata/splited/GSE262515_cell_line_design/GSE262515_cell_line__T=cell_line__H=72__B=NA__G=delivery_tlnp_sinc_50nm__VS=baseline_0.tsv	calibration	extended_transfer	cell line	72	3	3	-0.48131475690837977	-0.48131475690837977	0	0	0	TRUE	0.5555555555555556	0.5555555555555556
ENSMUSG00000078616	Trim30c	19	top_abs_beta_meta	3.806981760861859	TRUE	GSE262515_cell_line	GSE262515_cell_line__T=cell_line__H=72__B=NA__G=delivery_tlnp_sihbv_50nm__VS=baseline_0	<upstream_project_root>/00_metadata/verified_metadata/splited/GSE262515_cell_line_design/GSE262515_cell_line__T=cell_line__H=72__B=NA__G=delivery_tlnp_sihbv_50nm__VS=baseline_0.tsv	calibration	extended_transfer	cell line	72	3	3	3.0762415648459087	3.0762415648459087	0	0	0	TRUE	1	1
ENSMUSG00000078616	Trim30c	19	top_abs_beta_meta	3.806981760861859	TRUE	GSE262515_cell_line	GSE262515_cell_line__T=cell_line__H=72__B=NA__G=delivery_tlnp_sinc_50nm__VS=baseline_0	<upstream_project_root>/00_metadata/verified_metadata/splited/GSE262515_cell_line_design/GSE262515_cell_line__T=cell_line__H=72__B=NA__G=delivery_tlnp_sinc_50nm__VS=baseline_0.tsv	calibration	extended_transfer	cell line	72	3	3	-0.48131475690837977	-0.48131475690837977	0	0	0	TRUE	0.5555555555555556	0.5555555555555556
ENSMUSG00000105096	Gbp10	20	top_abs_beta_meta	3.775453263034024	TRUE	GSE262515_cell_line	GSE262515_cell_line__T=cell_line__H=72__B=NA__G=delivery_tlnp_sihbv_50nm__VS=baseline_0	<upstream_project_root>/00_metadata/verified_metadata/splited/GSE262515_cell_line_design/GSE262515_cell_line__T=cell_line__H=72__B=NA__G=delivery_tlnp_sihbv_50nm__VS=baseline_0.tsv	calibration	extended_transfer	cell line	72	3	3	3.0762415648459087	3.0762415648459087	0	0	0	TRUE	1	1
ENSMUSG00000105096	Gbp10	20	top_abs_beta_meta	3.775453263034024	TRUE	GSE262515_cell_line	GSE262515_cell_line__T=cell_line__H=72__B=NA__G=delivery_tlnp_sinc_50nm__VS=baseline_0	<upstream_project_root>/00_metadata/verified_metadata/splited/GSE262515_cell_line_design/GSE262515_cell_line__T=cell_line__H=72__B=NA__G=delivery_tlnp_sinc_50nm__VS=baseline_0.tsv	calibration	extended_transfer	cell line	72	3	3	-0.48131475690837977	-0.48131475690837977	0	0	0	TRUE	0.5555555555555556	0.5555555555555556
ENSMUSG00000074896	Ifit3	21	top_abs_beta_meta	3.7414787591211223	TRUE	GSE262515_cell_line	GSE262515_cell_line__T=cell_line__H=72__B=NA__G=delivery_tlnp_sihbv_50nm__VS=baseline_0	<upstream_project_root>/00_metadata/verified_metadata/splited/GSE262515_cell_line_design/GSE262515_cell_line__T=cell_line__H=72__B=NA__G=delivery_tlnp_sihbv_50nm__VS=baseline_0.tsv	calibration	extended_transfer	cell line	72	3	3	3.0762415648459087	3.287178022062506	0.21093645721659726	6.856953615967517	6.856953615967517	TRUE	1	1
ENSMUSG00000074896	Ifit3	21	top_abs_beta_meta	3.7414787591211223	TRUE	GSE262515_cell_line	GSE262515_cell_line__T=cell_line__H=72__B=NA__G=delivery_tlnp_sinc_50nm__VS=baseline_0	<upstream_project_root>/00_metadata/verified_metadata/splited/GSE262515_cell_line_design/GSE262515_cell_line__T=cell_line__H=72__B=NA__G=delivery_tlnp_sinc_50nm__VS=baseline_0.tsv	calibration	extended_transfer	cell line	72	3	3	-0.48131475690837977	-0.37642200804782383	0.10489274886055594	21.79296341012098	21.79296341012098	TRUE	0.5555555555555556	0.5555555555555556
ENSMUSG00000068606	Gm4841	22	top_abs_beta_meta	3.73972852042063	TRUE	GSE262515_cell_line	GSE262515_cell_line__T=cell_line__H=72__B=NA__G=delivery_tlnp_sihbv_50nm__VS=baseline_0	<upstream_project_root>/00_metadata/verified_metadata/splited/GSE262515_cell_line_design/GSE262515_cell_line__T=cell_line__H=72__B=NA__G=delivery_tlnp_sihbv_50nm__VS=baseline_0.tsv	calibration	extended_transfer	cell line	72	3	3	3.0762415648459087	3.0762415648459087	0	0	0	TRUE	1	1
ENSMUSG00000068606	Gm4841	22	top_abs_beta_meta	3.73972852042063	TRUE	GSE262515_cell_line	GSE262515_cell_line__T=cell_line__H=72__B=NA__G=delivery_tlnp_sinc_50nm__VS=baseline_0	<upstream_project_root>/00_metadata/verified_metadata/splited/GSE262515_cell_line_design/GSE262515_cell_line__T=cell_line__H=72__B=NA__G=delivery_tlnp_sinc_50nm__VS=baseline_0.tsv	calibration	extended_transfer	cell line	72	3	3	-0.48131475690837977	-0.48131475690837977	0	0	0	TRUE	0.5555555555555556	0.5555555555555556
ENSMUSG00000092021	Gbp11	23	top_abs_beta_meta	3.667647830351214	TRUE	GSE262515_cell_line	GSE262515_cell_line__T=cell_line__H=72__B=NA__G=delivery_tlnp_sihbv_50nm__VS=baseline_0	<upstream_project_root>/00_metadata/verified_metadata/splited/GSE262515_cell_line_design/GSE262515_cell_line__T=cell_line__H=72__B=NA__G=delivery_tlnp_sihbv_50nm__VS=baseline_0.tsv	calibration	extended_transfer	cell line	72	3	3	3.0762415648459087	3.0762415648459087	0	0	0	TRUE	1	1
ENSMUSG00000092021	Gbp11	23	top_abs_beta_meta	3.667647830351214	TRUE	GSE262515_cell_line	GSE262515_cell_line__T=cell_line__H=72__B=NA__G=delivery_tlnp_sinc_50nm__VS=baseline_0	<upstream_project_root>/00_metadata/verified_metadata/splited/GSE262515_cell_line_design/GSE262515_cell_line__T=cell_line__H=72__B=NA__G=delivery_tlnp_sinc_50nm__VS=baseline_0.tsv	calibration	extended_transfer	cell line	72	3	3	-0.48131475690837977	-1.514718053261597	1.0334032963532171	-214.70426192437097	214.70426192437097	TRUE	0.5555555555555556	0.2222222222222222
ENSMUSG00000023341	Mx2	24	top_abs_beta_meta	3.588993939733922	TRUE	GSE262515_cell_line	GSE262515_cell_line__T=cell_line__H=72__B=NA__G=delivery_tlnp_sihbv_50nm__VS=baseline_0	<upstream_project_root>/00_metadata/verified_metadata/splited/GSE262515_cell_line_design/GSE262515_cell_line__T=cell_line__H=72__B=NA__G=delivery_tlnp_sihbv_50nm__VS=baseline_0.tsv	calibration	extended_transfer	cell line	72	3	3	3.0762415648459087	3.0762415648459087	0	0	0	TRUE	1	1
ENSMUSG00000023341	Mx2	24	top_abs_beta_meta	3.588993939733922	TRUE	GSE262515_cell_line	GSE262515_cell_line__T=cell_line__H=72__B=NA__G=delivery_tlnp_sinc_50nm__VS=baseline_0	<upstream_project_root>/00_metadata/verified_metadata/splited/GSE262515_cell_line_design/GSE262515_cell_line__T=cell_line__H=72__B=NA__G=delivery_tlnp_sinc_50nm__VS=baseline_0.tsv	calibration	extended_transfer	cell line	72	3	3	-0.48131475690837977	-0.48131475690837977	0	0	0	TRUE	0.5555555555555556	0.5555555555555556
ENSMUSG00000085977	Gm5970	25	top_abs_beta_meta	3.5069390366748956	TRUE	GSE262515_cell_line	GSE262515_cell_line__T=cell_line__H=72__B=NA__G=delivery_tlnp_sihbv_50nm__VS=baseline_0	<upstream_project_root>/00_metadata/verified_metadata/splited/GSE262515_cell_line_design/GSE262515_cell_line__T=cell_line__H=72__B=NA__G=delivery_tlnp_sihbv_50nm__VS=baseline_0.tsv	calibration	extended_transfer	cell line	72	3	3	3.0762415648459087	3.0762415648459087	0	0	0	TRUE	1	1
ENSMUSG00000085977	Gm5970	25	top_abs_beta_meta	3.5069390366748956	TRUE	GSE262515_cell_line	GSE262515_cell_line__T=cell_line__H=72__B=NA__G=delivery_tlnp_sinc_50nm__VS=baseline_0	<upstream_project_root>/00_metadata/verified_metadata/splited/GSE262515_cell_line_design/GSE262515_cell_line__T=cell_line__H=72__B=NA__G=delivery_tlnp_sinc_50nm__VS=baseline_0.tsv	calibration	extended_transfer	cell line	72	3	3	-0.48131475690837977	-0.48131475690837977	0	0	0	TRUE	0.5555555555555556	0.5555555555555556
ENSMUSG00000022126	Acod1	1	top_abs_beta_meta	6.353446492462103	TRUE	GSE262515_tissue	GSE262515_tissue__T=tissue__H=72__B=NA__G=delivery_tlnp_sihbv_1mg_kg__VS=baseline_0	<upstream_project_root>/00_metadata/verified_metadata/splited/GSE262515_tissue_design/GSE262515_tissue__T=tissue__H=72__B=NA__G=delivery_tlnp_sihbv_1mg_kg__VS=baseline_0.tsv	calibration	extended_transfer	tissue	72	3	3	1.0413601243524528	0.9902009901150257	0.05115913423742713	-4.912722605855426	4.912722605855426	TRUE	0.8888888888888888	0.8888888888888888
ENSMUSG00000022126	Acod1	1	top_abs_beta_meta	6.353446492462103	TRUE	GSE262515_tissue	GSE262515_tissue__T=tissue__H=72__B=NA__G=delivery_tlnp_sihbv_2_5mg_kg__VS=baseline_0	<upstream_project_root>/00_metadata/verified_metadata/splited/GSE262515_tissue_design/GSE262515_tissue__T=tissue__H=72__B=NA__G=delivery_tlnp_sihbv_2_5mg_kg__VS=baseline_0.tsv	calibration	extended_transfer	tissue	72	3	3	0.5621390394308718	0.5522077787726033	0.009931260658268548	-1.7666911496350235	1.7666911496350235	TRUE	0.6666666666666666	0.6666666666666666
ENSMUSG00000022126	Acod1	1	top_abs_beta_meta	6.353446492462103	TRUE	GSE262515_tissue	GSE262515_tissue__T=tissue__H=72__B=NA__G=delivery_tlnp_sinc_1mg_kg__VS=baseline_0	<upstream_project_root>/00_metadata/verified_metadata/splited/GSE262515_tissue_design/GSE262515_tissue__T=tissue__H=72__B=NA__G=delivery_tlnp_sinc_1mg_kg__VS=baseline_0.tsv	calibration	extended_transfer	tissue	72	3	3	0.7571044035156834	0.7287092402338128	0.02839516328187064	-3.7504950638267465	3.7504950638267465	TRUE	0.7777777777777778	0.7777777777777778
ENSMUSG00000060183	Cxcl11	2	top_abs_beta_meta	6.0257926459264395	TRUE	GSE262515_tissue	GSE262515_tissue__T=tissue__H=72__B=NA__G=delivery_tlnp_sihbv_1mg_kg__VS=baseline_0	<upstream_project_root>/00_metadata/verified_metadata/splited/GSE262515_tissue_design/GSE262515_tissue__T=tissue__H=72__B=NA__G=delivery_tlnp_sihbv_1mg_kg__VS=baseline_0.tsv	calibration	extended_transfer	tissue	72	3	3	1.0413601243524528	1.0287968861630203	0.012563238189432502	-1.20642589394756	1.20642589394756	TRUE	0.8888888888888888	0.8888888888888888
ENSMUSG00000060183	Cxcl11	2	top_abs_beta_meta	6.0257926459264395	TRUE	GSE262515_tissue	GSE262515_tissue__T=tissue__H=72__B=NA__G=delivery_tlnp_sihbv_2_5mg_kg__VS=baseline_0	<upstream_project_root>/00_metadata/verified_metadata/splited/GSE262515_tissue_design/GSE262515_tissue__T=tissue__H=72__B=NA__G=delivery_tlnp_sihbv_2_5mg_kg__VS=baseline_0.tsv	calibration	extended_transfer	tissue	72	3	3	0.5621390394308718	0.5846219431831357	0.022482903752263805	3.999527194379924	3.999527194379924	TRUE	0.6666666666666666	0.6666666666666666
ENSMUSG00000060183	Cxcl11	2	top_abs_beta_meta	6.0257926459264395	TRUE	GSE262515_tissue	GSE262515_tissue__T=tissue__H=72__B=NA__G=delivery_tlnp_sinc_1mg_kg__VS=baseline_0	<upstream_project_root>/00_metadata/verified_metadata/splited/GSE262515_tissue_design/GSE262515_tissue__T=tissue__H=72__B=NA__G=delivery_tlnp_sinc_1mg_kg__VS=baseline_0.tsv	calibration	extended_transfer	tissue	72	3	3	0.7571044035156834	0.7790648105256305	0.02196040700994706	2.900578428545905	2.900578428545905	TRUE	0.7777777777777778	0.7777777777777778
ENSMUSG00000138573	Gm72936	3	top_abs_beta_meta	4.977817758075086	TRUE	GSE262515_tissue	GSE262515_tissue__T=tissue__H=72__B=NA__G=delivery_tlnp_sihbv_1mg_kg__VS=baseline_0	<upstream_project_root>/00_metadata/verified_metadata/splited/GSE262515_tissue_design/GSE262515_tissue__T=tissue__H=72__B=NA__G=delivery_tlnp_sihbv_1mg_kg__VS=baseline_0.tsv	calibration	extended_transfer	tissue	72	3	3	1.0413601243524528	1.0413601243524528	0	0	0	TRUE	0.8888888888888888	0.8888888888888888
ENSMUSG00000138573	Gm72936	3	top_abs_beta_meta	4.977817758075086	TRUE	GSE262515_tissue	GSE262515_tissue__T=tissue__H=72__B=NA__G=delivery_tlnp_sihbv_2_5mg_kg__VS=baseline_0	<upstream_project_root>/00_metadata/verified_metadata/splited/GSE262515_tissue_design/GSE262515_tissue__T=tissue__H=72__B=NA__G=delivery_tlnp_sihbv_2_5mg_kg__VS=baseline_0.tsv	calibration	extended_transfer	tissue	72	3	3	0.5621390394308718	0.5621390394308718	0	0	0	TRUE	0.6666666666666666	0.6666666666666666
ENSMUSG00000138573	Gm72936	3	top_abs_beta_meta	4.977817758075086	TRUE	GSE262515_tissue	GSE262515_tissue__T=tissue__H=72__B=NA__G=delivery_tlnp_sinc_1mg_kg__VS=baseline_0	<upstream_project_root>/00_metadata/verified_metadata/splited/GSE262515_tissue_design/GSE262515_tissue__T=tissue__H=72__B=NA__G=delivery_tlnp_sinc_1mg_kg__VS=baseline_0.tsv	calibration	extended_transfer	tissue	72	3	3	0.7571044035156834	0.629858989788934	0.12724541372674947	-16.80685162256008	16.80685162256008	TRUE	0.7777777777777778	0.7777777777777778
ENSMUSG00000035385	Ccl2	4	top_abs_beta_meta	4.6635139717927325	TRUE	GSE262515_tissue	GSE262515_tissue__T=tissue__H=72__B=NA__G=delivery_tlnp_sihbv_1mg_kg__VS=baseline_0	<upstream_project_root>/00_metadata/verified_metadata/splited/GSE262515_tissue_design/GSE262515_tissue__T=tissue__H=72__B=NA__G=delivery_tlnp_sihbv_1mg_kg__VS=baseline_0.tsv	calibration	extended_transfer	tissue	72	3	3	1.0413601243524528	1.0424830968652936	0.0011229725128407697	0.10783709560024356	0.10783709560024356	TRUE	0.8888888888888888	0.8888888888888888
ENSMUSG00000035385	Ccl2	4	top_abs_beta_meta	4.6635139717927325	TRUE	GSE262515_tissue	GSE262515_tissue__T=tissue__H=72__B=NA__G=delivery_tlnp_sihbv_2_5mg_kg__VS=baseline_0	<upstream_project_root>/00_metadata/verified_metadata/splited/GSE262515_tissue_design/GSE262515_tissue__T=tissue__H=72__B=NA__G=delivery_tlnp_sihbv_2_5mg_kg__VS=baseline_0.tsv	calibration	extended_transfer	tissue	72	3	3	0.5621390394308718	0.5599735709302626	0.00216546850060928	-0.3852193761176366	0.3852193761176366	TRUE	0.6666666666666666	0.6666666666666666
ENSMUSG00000035385	Ccl2	4	top_abs_beta_meta	4.6635139717927325	TRUE	GSE262515_tissue	GSE262515_tissue__T=tissue__H=72__B=NA__G=delivery_tlnp_sinc_1mg_kg__VS=baseline_0	<upstream_project_root>/00_metadata/verified_metadata/splited/GSE262515_tissue_design/GSE262515_tissue__T=tissue__H=72__B=NA__G=delivery_tlnp_sinc_1mg_kg__VS=baseline_0.tsv	calibration	extended_transfer	tissue	72	3	3	0.7571044035156834	0.7718066406114086	0.014702237095725157	1.9419035244616167	1.9419035244616167	TRUE	0.7777777777777778	0.7777777777777778
ENSMUSG00000034855	Cxcl10	5	top_abs_beta_meta	4.612796832918611	TRUE	GSE262515_tissue	GSE262515_tissue__T=tissue__H=72__B=NA__G=delivery_tlnp_sihbv_1mg_kg__VS=baseline_0	<upstream_project_root>/00_metadata/verified_metadata/splited/GSE262515_tissue_design/GSE262515_tissue__T=tissue__H=72__B=NA__G=delivery_tlnp_sihbv_1mg_kg__VS=baseline_0.tsv	calibration	extended_transfer	tissue	72	3	3	1.0413601243524528	1.052325505936879	0.01096538158442617	1.0529865056283727	1.0529865056283727	TRUE	0.8888888888888888	0.8888888888888888
ENSMUSG00000034855	Cxcl10	5	top_abs_beta_meta	4.612796832918611	TRUE	GSE262515_tissue	GSE262515_tissue__T=tissue__H=72__B=NA__G=delivery_tlnp_sihbv_2_5mg_kg__VS=baseline_0	<upstream_project_root>/00_metadata/verified_metadata/splited/GSE262515_tissue_design/GSE262515_tissue__T=tissue__H=72__B=NA__G=delivery_tlnp_sihbv_2_5mg_kg__VS=baseline_0.tsv	calibration	extended_transfer	tissue	72	3	3	0.5621390394308718	0.564546203326579	0.002407163895707165	0.42821503700299085	0.42821503700299085	TRUE	0.6666666666666666	0.6666666666666666
ENSMUSG00000034855	Cxcl10	5	top_abs_beta_meta	4.612796832918611	TRUE	GSE262515_tissue	GSE262515_tissue__T=tissue__H=72__B=NA__G=delivery_tlnp_sinc_1mg_kg__VS=baseline_0	<upstream_project_root>/00_metadata/verified_metadata/splited/GSE262515_tissue_design/GSE262515_tissue__T=tissue__H=72__B=NA__G=delivery_tlnp_sinc_1mg_kg__VS=baseline_0.tsv	calibration	extended_transfer	tissue	72	3	3	0.7571044035156834	0.7651771185218845	0.008072715006201103	1.066261795429364	1.066261795429364	TRUE	0.7777777777777778	0.7777777777777778
ENSMUSG00000085295	4930430E12Rik	6	top_abs_beta_meta	4.495088843307157	TRUE	GSE262515_tissue	GSE262515_tissue__T=tissue__H=72__B=NA__G=delivery_tlnp_sihbv_1mg_kg__VS=baseline_0	<upstream_project_root>/00_metadata/verified_metadata/splited/GSE262515_tissue_design/GSE262515_tissue__T=tissue__H=72__B=NA__G=delivery_tlnp_sihbv_1mg_kg__VS=baseline_0.tsv	calibration	extended_transfer	tissue	72	3	3	1.0413601243524528	1.065906208683848	0.024546084331395157	2.357117749890664	2.357117749890664	TRUE	0.8888888888888888	0.8888888888888888
ENSMUSG00000085295	4930430E12Rik	6	top_abs_beta_meta	4.495088843307157	TRUE	GSE262515_tissue	GSE262515_tissue__T=tissue__H=72__B=NA__G=delivery_tlnp_sihbv_2_5mg_kg__VS=baseline_0	<upstream_project_root>/00_metadata/verified_metadata/splited/GSE262515_tissue_design/GSE262515_tissue__T=tissue__H=72__B=NA__G=delivery_tlnp_sihbv_2_5mg_kg__VS=baseline_0.tsv	calibration	extended_transfer	tissue	72	3	3	0.5621390394308718	0.551694896659268	0.010444142771603881	-1.8579287398679651	1.8579287398679651	TRUE	0.6666666666666666	0.6666666666666666
ENSMUSG00000085295	4930430E12Rik	6	top_abs_beta_meta	4.495088843307157	TRUE	GSE262515_tissue	GSE262515_tissue__T=tissue__H=72__B=NA__G=delivery_tlnp_sinc_1mg_kg__VS=baseline_0	<upstream_project_root>/00_metadata/verified_metadata/splited/GSE262515_tissue_design/GSE262515_tissue__T=tissue__H=72__B=NA__G=delivery_tlnp_sinc_1mg_kg__VS=baseline_0.tsv	calibration	extended_transfer	tissue	72	3	3	0.7571044035156834	0.7672520142845789	0.010147610768895476	1.3403185507539144	1.3403185507539144	TRUE	0.7777777777777778	0.7777777777777778
ENSMUSG00000052485	Tmem171	7	top_abs_beta_meta	4.404983306498316	TRUE	GSE262515_tissue	GSE262515_tissue__T=tissue__H=72__B=NA__G=delivery_tlnp_sihbv_1mg_kg__VS=baseline_0	<upstream_project_root>/00_metadata/verified_metadata/splited/GSE262515_tissue_design/GSE262515_tissue__T=tissue__H=72__B=NA__G=delivery_tlnp_sihbv_1mg_kg__VS=baseline_0.tsv	calibration	extended_transfer	tissue	72	3	3	1.0413601243524528	1.013380395254924	0.02797972909752877	-2.6868446796853642	2.6868446796853642	TRUE	0.8888888888888888	0.8888888888888888
ENSMUSG00000052485	Tmem171	7	top_abs_beta_meta	4.404983306498316	TRUE	GSE262515_tissue	GSE262515_tissue__T=tissue__H=72__B=NA__G=delivery_tlnp_sihbv_2_5mg_kg__VS=baseline_0	<upstream_project_root>/00_metadata/verified_metadata/splited/GSE262515_tissue_design/GSE262515_tissue__T=tissue__H=72__B=NA__G=delivery_tlnp_sihbv_2_5mg_kg__VS=baseline_0.tsv	calibration	extended_transfer	tissue	72	3	3	0.5621390394308718	0.5349952557314338	0.02714378369943804	-4.828660134851923	4.828660134851923	TRUE	0.6666666666666666	0.6666666666666666
ENSMUSG00000052485	Tmem171	7	top_abs_beta_meta	4.404983306498316	TRUE	GSE262515_tissue	GSE262515_tissue__T=tissue__H=72__B=NA__G=delivery_tlnp_sinc_1mg_kg__VS=baseline_0	<upstream_project_root>/00_metadata/verified_metadata/splited/GSE262515_tissue_design/GSE262515_tissue__T=tissue__H=72__B=NA__G=delivery_tlnp_sinc_1mg_kg__VS=baseline_0.tsv	calibration	extended_transfer	tissue	72	3	3	0.7571044035156834	0.7282488614220304	0.02885554209365304	-3.8113029008495656	3.8113029008495656	TRUE	0.7777777777777778	0.7777777777777778
ENSMUSG00000040026	Saa3	8	top_abs_beta_meta	4.397792528205895	TRUE	GSE262515_tissue	GSE262515_tissue__T=tissue__H=72__B=NA__G=delivery_tlnp_sihbv_1mg_kg__VS=baseline_0	<upstream_project_root>/00_metadata/verified_metadata/splited/GSE262515_tissue_design/GSE262515_tissue__T=tissue__H=72__B=NA__G=delivery_tlnp_sihbv_1mg_kg__VS=baseline_0.tsv	calibration	extended_transfer	tissue	72	3	3	1.0413601243524528	0.900915112005814	0.14044501234663886	-13.486690056811186	13.486690056811186	TRUE	0.8888888888888888	0.8888888888888888
ENSMUSG00000040026	Saa3	8	top_abs_beta_meta	4.397792528205895	TRUE	GSE262515_tissue	GSE262515_tissue__T=tissue__H=72__B=NA__G=delivery_tlnp_sihbv_2_5mg_kg__VS=baseline_0	<upstream_project_root>/00_metadata/verified_metadata/splited/GSE262515_tissue_design/GSE262515_tissue__T=tissue__H=72__B=NA__G=delivery_tlnp_sihbv_2_5mg_kg__VS=baseline_0.tsv	calibration	extended_transfer	tissue	72	3	3	0.5621390394308718	0.4545562044420816	0.10758283498879023	-19.138118408874547	19.138118408874547	TRUE	0.6666666666666666	0.6666666666666666
ENSMUSG00000040026	Saa3	8	top_abs_beta_meta	4.397792528205895	TRUE	GSE262515_tissue	GSE262515_tissue__T=tissue__H=72__B=NA__G=delivery_tlnp_sinc_1mg_kg__VS=baseline_0	<upstream_project_root>/00_metadata/verified_metadata/splited/GSE262515_tissue_design/GSE262515_tissue__T=tissue__H=72__B=NA__G=delivery_tlnp_sinc_1mg_kg__VS=baseline_0.tsv	calibration	extended_transfer	tissue	72	3	3	0.7571044035156834	0.6625845903557125	0.09451981315997093	-12.484382962383993	12.484382962383993	TRUE	0.7777777777777778	0.7777777777777778
ENSMUSG00000134421	Gm67078	9	top_abs_beta_meta	4.366412049518441	TRUE	GSE262515_tissue	GSE262515_tissue__T=tissue__H=72__B=NA__G=delivery_tlnp_sihbv_1mg_kg__VS=baseline_0	<upstream_project_root>/00_metadata/verified_metadata/splited/GSE262515_tissue_design/GSE262515_tissue__T=tissue__H=72__B=NA__G=delivery_tlnp_sihbv_1mg_kg__VS=baseline_0.tsv	calibration	extended_transfer	tissue	72	3	3	1.0413601243524528	1.0239759828961494	0.017384141456303404	-1.6693688427059135	1.6693688427059135	TRUE	0.8888888888888888	0.8888888888888888
ENSMUSG00000134421	Gm67078	9	top_abs_beta_meta	4.366412049518441	TRUE	GSE262515_tissue	GSE262515_tissue__T=tissue__H=72__B=NA__G=delivery_tlnp_sihbv_2_5mg_kg__VS=baseline_0	<upstream_project_root>/00_metadata/verified_metadata/splited/GSE262515_tissue_design/GSE262515_tissue__T=tissue__H=72__B=NA__G=delivery_tlnp_sihbv_2_5mg_kg__VS=baseline_0.tsv	calibration	extended_transfer	tissue	72	3	3	0.5621390394308718	0.5470738415659275	0.015065197864944313	-2.679977160134051	2.679977160134051	TRUE	0.6666666666666666	0.6666666666666666
ENSMUSG00000134421	Gm67078	9	top_abs_beta_meta	4.366412049518441	TRUE	GSE262515_tissue	GSE262515_tissue__T=tissue__H=72__B=NA__G=delivery_tlnp_sinc_1mg_kg__VS=baseline_0	<upstream_project_root>/00_metadata/verified_metadata/splited/GSE262515_tissue_design/GSE262515_tissue__T=tissue__H=72__B=NA__G=delivery_tlnp_sinc_1mg_kg__VS=baseline_0.tsv	calibration	extended_transfer	tissue	72	3	3	0.7571044035156834	0.7618340468188737	0.004729643303190256	0.6247015974583856	0.6247015974583856	TRUE	0.7777777777777778	0.7777777777777778
ENSMUSG00000055110	A630012P03Rik	10	top_abs_beta_meta	4.36126211559667	TRUE	GSE262515_tissue	GSE262515_tissue__T=tissue__H=72__B=NA__G=delivery_tlnp_sihbv_1mg_kg__VS=baseline_0	<upstream_project_root>/00_metadata/verified_metadata/splited/GSE262515_tissue_design/GSE262515_tissue__T=tissue__H=72__B=NA__G=delivery_tlnp_sihbv_1mg_kg__VS=baseline_0.tsv	calibration	extended_transfer	tissue	72	3	3	1.0413601243524528	1.0413601243524528	0	0	0	TRUE	0.8888888888888888	0.8888888888888888
ENSMUSG00000055110	A630012P03Rik	10	top_abs_beta_meta	4.36126211559667	TRUE	GSE262515_tissue	GSE262515_tissue__T=tissue__H=72__B=NA__G=delivery_tlnp_sihbv_2_5mg_kg__VS=baseline_0	<upstream_project_root>/00_metadata/verified_metadata/splited/GSE262515_tissue_design/GSE262515_tissue__T=tissue__H=72__B=NA__G=delivery_tlnp_sihbv_2_5mg_kg__VS=baseline_0.tsv	calibration	extended_transfer	tissue	72	3	3	0.5621390394308718	0.5621390394308718	0	0	0	TRUE	0.6666666666666666	0.6666666666666666
ENSMUSG00000055110	A630012P03Rik	10	top_abs_beta_meta	4.36126211559667	TRUE	GSE262515_tissue	GSE262515_tissue__T=tissue__H=72__B=NA__G=delivery_tlnp_sinc_1mg_kg__VS=baseline_0	<upstream_project_root>/00_metadata/verified_metadata/splited/GSE262515_tissue_design/GSE262515_tissue__T=tissue__H=72__B=NA__G=delivery_tlnp_sinc_1mg_kg__VS=baseline_0.tsv	calibration	extended_transfer	tissue	72	3	3	0.7571044035156834	0.7571044035156834	0	0	0	TRUE	0.7777777777777778	0.7777777777777778
ENSMUSG00000050578	Mmp13	11	top_abs_beta_meta	4.342772097488057	TRUE	GSE262515_tissue	GSE262515_tissue__T=tissue__H=72__B=NA__G=delivery_tlnp_sihbv_1mg_kg__VS=baseline_0	<upstream_project_root>/00_metadata/verified_metadata/splited/GSE262515_tissue_design/GSE262515_tissue__T=tissue__H=72__B=NA__G=delivery_tlnp_sihbv_1mg_kg__VS=baseline_0.tsv	calibration	extended_transfer	tissue	72	3	3	1.0413601243524528	0.9846971265829617	0.05666299776949113	-5.441249040021173	5.441249040021173	TRUE	0.8888888888888888	0.8888888888888888
ENSMUSG00000050578	Mmp13	11	top_abs_beta_meta	4.342772097488057	TRUE	GSE262515_tissue	GSE262515_tissue__T=tissue__H=72__B=NA__G=delivery_tlnp_sihbv_2_5mg_kg__VS=baseline_0	<upstream_project_root>/00_metadata/verified_metadata/splited/GSE262515_tissue_design/GSE262515_tissue__T=tissue__H=72__B=NA__G=delivery_tlnp_sihbv_2_5mg_kg__VS=baseline_0.tsv	calibration	extended_transfer	tissue	72	3	3	0.5621390394308718	0.5149778187225806	0.04716122070829121	-8.389600685986654	8.389600685986654	TRUE	0.6666666666666666	0.6666666666666666
ENSMUSG00000050578	Mmp13	11	top_abs_beta_meta	4.342772097488057	TRUE	GSE262515_tissue	GSE262515_tissue__T=tissue__H=72__B=NA__G=delivery_tlnp_sinc_1mg_kg__VS=baseline_0	<upstream_project_root>/00_metadata/verified_metadata/splited/GSE262515_tissue_design/GSE262515_tissue__T=tissue__H=72__B=NA__G=delivery_tlnp_sinc_1mg_kg__VS=baseline_0.tsv	calibration	extended_transfer	tissue	72	3	3	0.7571044035156834	0.6941144767509192	0.06298992676476423	-8.319846836481831	8.319846836481831	TRUE	0.7777777777777778	0.7777777777777778
ENSMUSG00000111078	Gm35028	12	top_abs_beta_meta	4.2332077695080725	TRUE	GSE262515_tissue	GSE262515_tissue__T=tissue__H=72__B=NA__G=delivery_tlnp_sihbv_1mg_kg__VS=baseline_0	<upstream_project_root>/00_metadata/verified_metadata/splited/GSE262515_tissue_design/GSE262515_tissue__T=tissue__H=72__B=NA__G=delivery_tlnp_sihbv_1mg_kg__VS=baseline_0.tsv	calibration	extended_transfer	tissue	72	3	3	1.0413601243524528	0.9839413596634266	0.05741876468902629	-5.513824021707275	5.513824021707275	TRUE	0.8888888888888888	0.8888888888888888
ENSMUSG00000111078	Gm35028	12	top_abs_beta_meta	4.2332077695080725	TRUE	GSE262515_tissue	GSE262515_tissue__T=tissue__H=72__B=NA__G=delivery_tlnp_sihbv_2_5mg_kg__VS=baseline_0	<upstream_project_root>/00_metadata/verified_metadata/splited/GSE262515_tissue_design/GSE262515_tissue__T=tissue__H=72__B=NA__G=delivery_tlnp_sihbv_2_5mg_kg__VS=baseline_0.tsv	calibration	extended_transfer	tissue	72	3	3	0.5621390394308718	0.5091825427245267	0.05295649670634517	-9.420533532052866	9.420533532052866	TRUE	0.6666666666666666	0.6666666666666666
ENSMUSG00000111078	Gm35028	12	top_abs_beta_meta	4.2332077695080725	TRUE	GSE262515_tissue	GSE262515_tissue__T=tissue__H=72__B=NA__G=delivery_tlnp_sinc_1mg_kg__VS=baseline_0	<upstream_project_root>/00_metadata/verified_metadata/splited/GSE262515_tissue_design/GSE262515_tissue__T=tissue__H=72__B=NA__G=delivery_tlnp_sinc_1mg_kg__VS=baseline_0.tsv	calibration	extended_transfer	tissue	72	3	3	0.7571044035156834	0.7571044035156834	0	0	0	TRUE	0.7777777777777778	0.7777777777777778
ENSMUSG00000138247	Gm60893	13	top_abs_beta_meta	4.118168331717115	TRUE	GSE262515_tissue	GSE262515_tissue__T=tissue__H=72__B=NA__G=delivery_tlnp_sihbv_1mg_kg__VS=baseline_0	<upstream_project_root>/00_metadata/verified_metadata/splited/GSE262515_tissue_design/GSE262515_tissue__T=tissue__H=72__B=NA__G=delivery_tlnp_sihbv_1mg_kg__VS=baseline_0.tsv	calibration	extended_transfer	tissue	72	3	3	1.0413601243524528	1.0095843181679436	0.03177580618450926	-3.0513753543490396	3.0513753543490396	TRUE	0.8888888888888888	0.8888888888888888
ENSMUSG00000138247	Gm60893	13	top_abs_beta_meta	4.118168331717115	TRUE	GSE262515_tissue	GSE262515_tissue__T=tissue__H=72__B=NA__G=delivery_tlnp_sihbv_2_5mg_kg__VS=baseline_0	<upstream_project_root>/00_metadata/verified_metadata/splited/GSE262515_tissue_design/GSE262515_tissue__T=tissue__H=72__B=NA__G=delivery_tlnp_sihbv_2_5mg_kg__VS=baseline_0.tsv	calibration	extended_transfer	tissue	72	3	3	0.5621390394308718	0.5555924711438038	0.006546568287068011	-1.1645816831536862	1.1645816831536862	TRUE	0.6666666666666666	0.6666666666666666
ENSMUSG00000138247	Gm60893	13	top_abs_beta_meta	4.118168331717115	TRUE	GSE262515_tissue	GSE262515_tissue__T=tissue__H=72__B=NA__G=delivery_tlnp_sinc_1mg_kg__VS=baseline_0	<upstream_project_root>/00_metadata/verified_metadata/splited/GSE262515_tissue_design/GSE262515_tissue__T=tissue__H=72__B=NA__G=delivery_tlnp_sinc_1mg_kg__VS=baseline_0.tsv	calibration	extended_transfer	tissue	72	3	3	0.7571044035156834	0.7309383144544106	0.026166089061272824	-3.45607408169444	3.45607408169444	TRUE	0.7777777777777778	0.7777777777777778
ENSMUSG00000035373	Ccl7	14	top_abs_beta_meta	4.080173963641654	TRUE	GSE262515_tissue	GSE262515_tissue__T=tissue__H=72__B=NA__G=delivery_tlnp_sihbv_1mg_kg__VS=baseline_0	<upstream_project_root>/00_metadata/verified_metadata/splited/GSE262515_tissue_design/GSE262515_tissue__T=tissue__H=72__B=NA__G=delivery_tlnp_sihbv_1mg_kg__VS=baseline_0.tsv	calibration	extended_transfer	tissue	72	3	3	1.0413601243524528	1.028412840075304	0.012947284277148752	-1.243305171224963	1.243305171224963	TRUE	0.8888888888888888	0.8888888888888888
ENSMUSG00000035373	Ccl7	14	top_abs_beta_meta	4.080173963641654	TRUE	GSE262515_tissue	GSE262515_tissue__T=tissue__H=72__B=NA__G=delivery_tlnp_sihbv_2_5mg_kg__VS=baseline_0	<upstream_project_root>/00_metadata/verified_metadata/splited/GSE262515_tissue_design/GSE262515_tissue__T=tissue__H=72__B=NA__G=delivery_tlnp_sihbv_2_5mg_kg__VS=baseline_0.tsv	calibration	extended_transfer	tissue	72	3	3	0.5621390394308718	0.5799979340749231	0.017858894644051215	3.1769532786999015	3.1769532786999015	TRUE	0.6666666666666666	0.6666666666666666
ENSMUSG00000035373	Ccl7	14	top_abs_beta_meta	4.080173963641654	TRUE	GSE262515_tissue	GSE262515_tissue__T=tissue__H=72__B=NA__G=delivery_tlnp_sinc_1mg_kg__VS=baseline_0	<upstream_project_root>/00_metadata/verified_metadata/splited/GSE262515_tissue_design/GSE262515_tissue__T=tissue__H=72__B=NA__G=delivery_tlnp_sinc_1mg_kg__VS=baseline_0.tsv	calibration	extended_transfer	tissue	72	3	3	0.7571044035156834	0.7693670418792775	0.012262638363594092	1.6196760059314688	1.6196760059314688	TRUE	0.7777777777777778	0.7777777777777778
ENSMUSG00000000204	Slfn4	15	top_abs_beta_meta	4.009242973558268	TRUE	GSE262515_tissue	GSE262515_tissue__T=tissue__H=72__B=NA__G=delivery_tlnp_sihbv_1mg_kg__VS=baseline_0	<upstream_project_root>/00_metadata/verified_metadata/splited/GSE262515_tissue_design/GSE262515_tissue__T=tissue__H=72__B=NA__G=delivery_tlnp_sihbv_1mg_kg__VS=baseline_0.tsv	calibration	extended_transfer	tissue	72	3	3	1.0413601243524528	0.9863279311403144	0.05503219321213848	-5.284645717192125	5.284645717192125	TRUE	0.8888888888888888	0.8888888888888888
ENSMUSG00000000204	Slfn4	15	top_abs_beta_meta	4.009242973558268	TRUE	GSE262515_tissue	GSE262515_tissue__T=tissue__H=72__B=NA__G=delivery_tlnp_sihbv_2_5mg_kg__VS=baseline_0	<upstream_project_root>/00_metadata/verified_metadata/splited/GSE262515_tissue_design/GSE262515_tissue__T=tissue__H=72__B=NA__G=delivery_tlnp_sihbv_2_5mg_kg__VS=baseline_0.tsv	calibration	extended_transfer	tissue	72	3	3	0.5621390394308718	0.5197647473744816	0.042374292056390206	-7.538044697854706	7.538044697854706	TRUE	0.6666666666666666	0.6666666666666666
ENSMUSG00000000204	Slfn4	15	top_abs_beta_meta	4.009242973558268	TRUE	GSE262515_tissue	GSE262515_tissue__T=tissue__H=72__B=NA__G=delivery_tlnp_sinc_1mg_kg__VS=baseline_0	<upstream_project_root>/00_metadata/verified_metadata/splited/GSE262515_tissue_design/GSE262515_tissue__T=tissue__H=72__B=NA__G=delivery_tlnp_sinc_1mg_kg__VS=baseline_0.tsv	calibration	extended_transfer	tissue	72	3	3	0.7571044035156834	0.7349190152472932	0.022185388268390227	-2.930294443589332	2.930294443589332	TRUE	0.7777777777777778	0.7777777777777778
ENSMUSG00000040328	Or2v1	16	top_abs_beta_meta	3.894945621699911	TRUE	GSE262515_tissue	GSE262515_tissue__T=tissue__H=72__B=NA__G=delivery_tlnp_sihbv_1mg_kg__VS=baseline_0	<upstream_project_root>/00_metadata/verified_metadata/splited/GSE262515_tissue_design/GSE262515_tissue__T=tissue__H=72__B=NA__G=delivery_tlnp_sihbv_1mg_kg__VS=baseline_0.tsv	calibration	extended_transfer	tissue	72	3	3	1.0413601243524528	1.0570774241864824	0.015717299834029586	1.5093049432637962	1.5093049432637962	TRUE	0.8888888888888888	0.8888888888888888
ENSMUSG00000040328	Or2v1	16	top_abs_beta_meta	3.894945621699911	TRUE	GSE262515_tissue	GSE262515_tissue__T=tissue__H=72__B=NA__G=delivery_tlnp_sihbv_2_5mg_kg__VS=baseline_0	<upstream_project_root>/00_metadata/verified_metadata/splited/GSE262515_tissue_design/GSE262515_tissue__T=tissue__H=72__B=NA__G=delivery_tlnp_sihbv_2_5mg_kg__VS=baseline_0.tsv	calibration	extended_transfer	tissue	72	3	3	0.5621390394308718	0.5892413340221448	0.027102294591273002	4.821279557227027	4.821279557227027	TRUE	0.6666666666666666	0.6666666666666666
ENSMUSG00000040328	Or2v1	16	top_abs_beta_meta	3.894945621699911	TRUE	GSE262515_tissue	GSE262515_tissue__T=tissue__H=72__B=NA__G=delivery_tlnp_sinc_1mg_kg__VS=baseline_0	<upstream_project_root>/00_metadata/verified_metadata/splited/GSE262515_tissue_design/GSE262515_tissue__T=tissue__H=72__B=NA__G=delivery_tlnp_sinc_1mg_kg__VS=baseline_0.tsv	calibration	extended_transfer	tissue	72	3	3	0.7571044035156834	0.7835119376753099	0.02640753415962649	3.487964676602156	3.487964676602156	TRUE	0.7777777777777778	0.7777777777777778
ENSMUSG00000109729	Gm45418	17	top_abs_beta_meta	3.8495640515383616	TRUE	GSE262515_tissue	GSE262515_tissue__T=tissue__H=72__B=NA__G=delivery_tlnp_sihbv_1mg_kg__VS=baseline_0	<upstream_project_root>/00_metadata/verified_metadata/splited/GSE262515_tissue_design/GSE262515_tissue__T=tissue__H=72__B=NA__G=delivery_tlnp_sihbv_1mg_kg__VS=baseline_0.tsv	calibration	extended_transfer	tissue	72	3	3	1.0413601243524528	1.0413601243524528	0	0	0	TRUE	0.8888888888888888	0.8888888888888888
ENSMUSG00000109729	Gm45418	17	top_abs_beta_meta	3.8495640515383616	TRUE	GSE262515_tissue	GSE262515_tissue__T=tissue__H=72__B=NA__G=delivery_tlnp_sihbv_2_5mg_kg__VS=baseline_0	<upstream_project_root>/00_metadata/verified_metadata/splited/GSE262515_tissue_design/GSE262515_tissue__T=tissue__H=72__B=NA__G=delivery_tlnp_sihbv_2_5mg_kg__VS=baseline_0.tsv	calibration	extended_transfer	tissue	72	3	3	0.5621390394308718	0.5621390394308718	0	0	0	TRUE	0.6666666666666666	0.6666666666666666
ENSMUSG00000109729	Gm45418	17	top_abs_beta_meta	3.8495640515383616	TRUE	GSE262515_tissue	GSE262515_tissue__T=tissue__H=72__B=NA__G=delivery_tlnp_sinc_1mg_kg__VS=baseline_0	<upstream_project_root>/00_metadata/verified_metadata/splited/GSE262515_tissue_design/GSE262515_tissue__T=tissue__H=72__B=NA__G=delivery_tlnp_sinc_1mg_kg__VS=baseline_0.tsv	calibration	extended_transfer	tissue	72	3	3	0.7571044035156834	0.7571044035156834	0	0	0	TRUE	0.7777777777777778	0.7777777777777778
ENSMUSG00000034459	Ifit1	18	top_abs_beta_meta	3.8087768616083655	TRUE	GSE262515_tissue	GSE262515_tissue__T=tissue__H=72__B=NA__G=delivery_tlnp_sihbv_1mg_kg__VS=baseline_0	<upstream_project_root>/00_metadata/verified_metadata/splited/GSE262515_tissue_design/GSE262515_tissue__T=tissue__H=72__B=NA__G=delivery_tlnp_sihbv_1mg_kg__VS=baseline_0.tsv	calibration	extended_transfer	tissue	72	3	3	1.0413601243524528	1.0734324131153725	0.032072288762919676	3.079846060253472	3.079846060253472	TRUE	0.8888888888888888	0.8888888888888888
ENSMUSG00000034459	Ifit1	18	top_abs_beta_meta	3.8087768616083655	TRUE	GSE262515_tissue	GSE262515_tissue__T=tissue__H=72__B=NA__G=delivery_tlnp_sihbv_2_5mg_kg__VS=baseline_0	<upstream_project_root>/00_metadata/verified_metadata/splited/GSE262515_tissue_design/GSE262515_tissue__T=tissue__H=72__B=NA__G=delivery_tlnp_sihbv_2_5mg_kg__VS=baseline_0.tsv	calibration	extended_transfer	tissue	72	3	3	0.5621390394308718	0.5870964101174363	0.02495737068656445	4.439714898974481	4.439714898974481	TRUE	0.6666666666666666	0.6666666666666666
ENSMUSG00000034459	Ifit1	18	top_abs_beta_meta	3.8087768616083655	TRUE	GSE262515_tissue	GSE262515_tissue__T=tissue__H=72__B=NA__G=delivery_tlnp_sinc_1mg_kg__VS=baseline_0	<upstream_project_root>/00_metadata/verified_metadata/splited/GSE262515_tissue_design/GSE262515_tissue__T=tissue__H=72__B=NA__G=delivery_tlnp_sinc_1mg_kg__VS=baseline_0.tsv	calibration	extended_transfer	tissue	72	3	3	0.7571044035156834	0.7808199498675251	0.0237155463518417	3.132401058786132	3.132401058786132	TRUE	0.7777777777777778	0.7777777777777778
ENSMUSG00000078616	Trim30c	19	top_abs_beta_meta	3.806981760861859	TRUE	GSE262515_tissue	GSE262515_tissue__T=tissue__H=72__B=NA__G=delivery_tlnp_sihbv_1mg_kg__VS=baseline_0	<upstream_project_root>/00_metadata/verified_metadata/splited/GSE262515_tissue_design/GSE262515_tissue__T=tissue__H=72__B=NA__G=delivery_tlnp_sihbv_1mg_kg__VS=baseline_0.tsv	calibration	extended_transfer	tissue	72	3	3	1.0413601243524528	0.9601468007541589	0.08121332359829392	-7.798774093524529	7.798774093524529	TRUE	0.8888888888888888	0.8888888888888888
ENSMUSG00000078616	Trim30c	19	top_abs_beta_meta	3.806981760861859	TRUE	GSE262515_tissue	GSE262515_tissue__T=tissue__H=72__B=NA__G=delivery_tlnp_sihbv_2_5mg_kg__VS=baseline_0	<upstream_project_root>/00_metadata/verified_metadata/splited/GSE262515_tissue_design/GSE262515_tissue__T=tissue__H=72__B=NA__G=delivery_tlnp_sihbv_2_5mg_kg__VS=baseline_0.tsv	calibration	extended_transfer	tissue	72	3	3	0.5621390394308718	0.4862661056908701	0.07587293374000176	-13.497182799618049	13.497182799618049	TRUE	0.6666666666666666	0.6666666666666666
ENSMUSG00000078616	Trim30c	19	top_abs_beta_meta	3.806981760861859	TRUE	GSE262515_tissue	GSE262515_tissue__T=tissue__H=72__B=NA__G=delivery_tlnp_sinc_1mg_kg__VS=baseline_0	<upstream_project_root>/00_metadata/verified_metadata/splited/GSE262515_tissue_design/GSE262515_tissue__T=tissue__H=72__B=NA__G=delivery_tlnp_sinc_1mg_kg__VS=baseline_0.tsv	calibration	extended_transfer	tissue	72	3	3	0.7571044035156834	0.6597884725687898	0.09731593094689361	-12.853700294833606	12.853700294833606	TRUE	0.7777777777777778	0.7777777777777778
ENSMUSG00000105096	Gbp10	20	top_abs_beta_meta	3.775453263034024	TRUE	GSE262515_tissue	GSE262515_tissue__T=tissue__H=72__B=NA__G=delivery_tlnp_sihbv_1mg_kg__VS=baseline_0	<upstream_project_root>/00_metadata/verified_metadata/splited/GSE262515_tissue_design/GSE262515_tissue__T=tissue__H=72__B=NA__G=delivery_tlnp_sihbv_1mg_kg__VS=baseline_0.tsv	calibration	extended_transfer	tissue	72	3	3	1.0413601243524528	1.0627679581717557	0.02140783381930289	2.0557570161057286	2.0557570161057286	TRUE	0.8888888888888888	0.8888888888888888
ENSMUSG00000105096	Gbp10	20	top_abs_beta_meta	3.775453263034024	TRUE	GSE262515_tissue	GSE262515_tissue__T=tissue__H=72__B=NA__G=delivery_tlnp_sihbv_2_5mg_kg__VS=baseline_0	<upstream_project_root>/00_metadata/verified_metadata/splited/GSE262515_tissue_design/GSE262515_tissue__T=tissue__H=72__B=NA__G=delivery_tlnp_sihbv_2_5mg_kg__VS=baseline_0.tsv	calibration	extended_transfer	tissue	72	3	3	0.5621390394308718	0.5764398710813663	0.01430083165049445	2.5440025771867907	2.5440025771867907	TRUE	0.6666666666666666	0.6666666666666666
ENSMUSG00000105096	Gbp10	20	top_abs_beta_meta	3.775453263034024	TRUE	GSE262515_tissue	GSE262515_tissue__T=tissue__H=72__B=NA__G=delivery_tlnp_sinc_1mg_kg__VS=baseline_0	<upstream_project_root>/00_metadata/verified_metadata/splited/GSE262515_tissue_design/GSE262515_tissue__T=tissue__H=72__B=NA__G=delivery_tlnp_sinc_1mg_kg__VS=baseline_0.tsv	calibration	extended_transfer	tissue	72	3	3	0.7571044035156834	0.7746424847559286	0.01753808124024514	2.316468000820687	2.316468000820687	TRUE	0.7777777777777778	0.7777777777777778
ENSMUSG00000074896	Ifit3	21	top_abs_beta_meta	3.7414787591211223	TRUE	GSE262515_tissue	GSE262515_tissue__T=tissue__H=72__B=NA__G=delivery_tlnp_sihbv_1mg_kg__VS=baseline_0	<upstream_project_root>/00_metadata/verified_metadata/splited/GSE262515_tissue_design/GSE262515_tissue__T=tissue__H=72__B=NA__G=delivery_tlnp_sihbv_1mg_kg__VS=baseline_0.tsv	calibration	extended_transfer	tissue	72	3	3	1.0413601243524528	1.0567417979755551	0.015381673623102277	1.477075342467817	1.477075342467817	TRUE	0.8888888888888888	0.8888888888888888
ENSMUSG00000074896	Ifit3	21	top_abs_beta_meta	3.7414787591211223	TRUE	GSE262515_tissue	GSE262515_tissue__T=tissue__H=72__B=NA__G=delivery_tlnp_sihbv_2_5mg_kg__VS=baseline_0	<upstream_project_root>/00_metadata/verified_metadata/splited/GSE262515_tissue_design/GSE262515_tissue__T=tissue__H=72__B=NA__G=delivery_tlnp_sihbv_2_5mg_kg__VS=baseline_0.tsv	calibration	extended_transfer	tissue	72	3	3	0.5621390394308718	0.5765958780456315	0.01445683861475966	2.571754957527277	2.571754957527277	TRUE	0.6666666666666666	0.6666666666666666
ENSMUSG00000074896	Ifit3	21	top_abs_beta_meta	3.7414787591211223	TRUE	GSE262515_tissue	GSE262515_tissue__T=tissue__H=72__B=NA__G=delivery_tlnp_sinc_1mg_kg__VS=baseline_0	<upstream_project_root>/00_metadata/verified_metadata/splited/GSE262515_tissue_design/GSE262515_tissue__T=tissue__H=72__B=NA__G=delivery_tlnp_sinc_1mg_kg__VS=baseline_0.tsv	calibration	extended_transfer	tissue	72	3	3	0.7571044035156834	0.7694668349672036	0.012362431451520162	1.632856894519974	1.632856894519974	TRUE	0.7777777777777778	0.7777777777777778
ENSMUSG00000068606	Gm4841	22	top_abs_beta_meta	3.73972852042063	TRUE	GSE262515_tissue	GSE262515_tissue__T=tissue__H=72__B=NA__G=delivery_tlnp_sihbv_1mg_kg__VS=baseline_0	<upstream_project_root>/00_metadata/verified_metadata/splited/GSE262515_tissue_design/GSE262515_tissue__T=tissue__H=72__B=NA__G=delivery_tlnp_sihbv_1mg_kg__VS=baseline_0.tsv	calibration	extended_transfer	tissue	72	3	3	1.0413601243524528	1.0521724907881078	0.010812366435654974	1.038292727252103	1.038292727252103	TRUE	0.8888888888888888	0.8888888888888888
ENSMUSG00000068606	Gm4841	22	top_abs_beta_meta	3.73972852042063	TRUE	GSE262515_tissue	GSE262515_tissue__T=tissue__H=72__B=NA__G=delivery_tlnp_sihbv_2_5mg_kg__VS=baseline_0	<upstream_project_root>/00_metadata/verified_metadata/splited/GSE262515_tissue_design/GSE262515_tissue__T=tissue__H=72__B=NA__G=delivery_tlnp_sihbv_2_5mg_kg__VS=baseline_0.tsv	calibration	extended_transfer	tissue	72	3	3	0.5621390394308718	0.5674156978858169	0.005276658454945071	0.9386749691477281	0.9386749691477281	TRUE	0.6666666666666666	0.6666666666666666
ENSMUSG00000068606	Gm4841	22	top_abs_beta_meta	3.73972852042063	TRUE	GSE262515_tissue	GSE262515_tissue__T=tissue__H=72__B=NA__G=delivery_tlnp_sinc_1mg_kg__VS=baseline_0	<upstream_project_root>/00_metadata/verified_metadata/splited/GSE262515_tissue_design/GSE262515_tissue__T=tissue__H=72__B=NA__G=delivery_tlnp_sinc_1mg_kg__VS=baseline_0.tsv	calibration	extended_transfer	tissue	72	3	3	0.7571044035156834	0.770632125177085	0.013527721661401593	1.7867709656137756	1.7867709656137756	TRUE	0.7777777777777778	0.7777777777777778
ENSMUSG00000092021	Gbp11	23	top_abs_beta_meta	3.667647830351214	TRUE	GSE262515_tissue	GSE262515_tissue__T=tissue__H=72__B=NA__G=delivery_tlnp_sihbv_1mg_kg__VS=baseline_0	<upstream_project_root>/00_metadata/verified_metadata/splited/GSE262515_tissue_design/GSE262515_tissue__T=tissue__H=72__B=NA__G=delivery_tlnp_sihbv_1mg_kg__VS=baseline_0.tsv	calibration	extended_transfer	tissue	72	3	3	1.0413601243524528	1.0444038757002334	0.0030437513477805656	0.2922861435349521	0.2922861435349521	TRUE	0.8888888888888888	0.8888888888888888
ENSMUSG00000092021	Gbp11	23	top_abs_beta_meta	3.667647830351214	TRUE	GSE262515_tissue	GSE262515_tissue__T=tissue__H=72__B=NA__G=delivery_tlnp_sihbv_2_5mg_kg__VS=baseline_0	<upstream_project_root>/00_metadata/verified_metadata/splited/GSE262515_tissue_design/GSE262515_tissue__T=tissue__H=72__B=NA__G=delivery_tlnp_sihbv_2_5mg_kg__VS=baseline_0.tsv	calibration	extended_transfer	tissue	72	3	3	0.5621390394308718	0.567095242553504	0.004956203122632119	0.8816685508357404	0.8816685508357404	TRUE	0.6666666666666666	0.6666666666666666
ENSMUSG00000092021	Gbp11	23	top_abs_beta_meta	3.667647830351214	TRUE	GSE262515_tissue	GSE262515_tissue__T=tissue__H=72__B=NA__G=delivery_tlnp_sinc_1mg_kg__VS=baseline_0	<upstream_project_root>/00_metadata/verified_metadata/splited/GSE262515_tissue_design/GSE262515_tissue__T=tissue__H=72__B=NA__G=delivery_tlnp_sinc_1mg_kg__VS=baseline_0.tsv	calibration	extended_transfer	tissue	72	3	3	0.7571044035156834	0.7450661863486169	0.012038217167066545	-1.5900339650867152	1.5900339650867152	TRUE	0.7777777777777778	0.7777777777777778
ENSMUSG00000023341	Mx2	24	top_abs_beta_meta	3.588993939733922	TRUE	GSE262515_tissue	GSE262515_tissue__T=tissue__H=72__B=NA__G=delivery_tlnp_sihbv_1mg_kg__VS=baseline_0	<upstream_project_root>/00_metadata/verified_metadata/splited/GSE262515_tissue_design/GSE262515_tissue__T=tissue__H=72__B=NA__G=delivery_tlnp_sihbv_1mg_kg__VS=baseline_0.tsv	calibration	extended_transfer	tissue	72	3	3	1.0413601243524528	1.0570080147680647	0.015647890415611876	1.502639677637184	1.502639677637184	TRUE	0.8888888888888888	0.8888888888888888
ENSMUSG00000023341	Mx2	24	top_abs_beta_meta	3.588993939733922	TRUE	GSE262515_tissue	GSE262515_tissue__T=tissue__H=72__B=NA__G=delivery_tlnp_sihbv_2_5mg_kg__VS=baseline_0	<upstream_project_root>/00_metadata/verified_metadata/splited/GSE262515_tissue_design/GSE262515_tissue__T=tissue__H=72__B=NA__G=delivery_tlnp_sihbv_2_5mg_kg__VS=baseline_0.tsv	calibration	extended_transfer	tissue	72	3	3	0.5621390394308718	0.5744089780438849	0.012269938613013065	2.1827230902581602	2.1827230902581602	TRUE	0.6666666666666666	0.6666666666666666
ENSMUSG00000023341	Mx2	24	top_abs_beta_meta	3.588993939733922	TRUE	GSE262515_tissue	GSE262515_tissue__T=tissue__H=72__B=NA__G=delivery_tlnp_sinc_1mg_kg__VS=baseline_0	<upstream_project_root>/00_metadata/verified_metadata/splited/GSE262515_tissue_design/GSE262515_tissue__T=tissue__H=72__B=NA__G=delivery_tlnp_sinc_1mg_kg__VS=baseline_0.tsv	calibration	extended_transfer	tissue	72	3	3	0.7571044035156834	0.7623772567504078	0.005272853234724373	0.6964499493384793	0.6964499493384793	TRUE	0.7777777777777778	0.7777777777777778
ENSMUSG00000085977	Gm5970	25	top_abs_beta_meta	3.5069390366748956	TRUE	GSE262515_tissue	GSE262515_tissue__T=tissue__H=72__B=NA__G=delivery_tlnp_sihbv_1mg_kg__VS=baseline_0	<upstream_project_root>/00_metadata/verified_metadata/splited/GSE262515_tissue_design/GSE262515_tissue__T=tissue__H=72__B=NA__G=delivery_tlnp_sihbv_1mg_kg__VS=baseline_0.tsv	calibration	extended_transfer	tissue	72	3	3	1.0413601243524528	1.0450466436954058	0.003686519342952943	0.35401003521671476	0.35401003521671476	TRUE	0.8888888888888888	0.8888888888888888
ENSMUSG00000085977	Gm5970	25	top_abs_beta_meta	3.5069390366748956	TRUE	GSE262515_tissue	GSE262515_tissue__T=tissue__H=72__B=NA__G=delivery_tlnp_sihbv_2_5mg_kg__VS=baseline_0	<upstream_project_root>/00_metadata/verified_metadata/splited/GSE262515_tissue_design/GSE262515_tissue__T=tissue__H=72__B=NA__G=delivery_tlnp_sihbv_2_5mg_kg__VS=baseline_0.tsv	calibration	extended_transfer	tissue	72	3	3	0.5621390394308718	0.5722541030028673	0.01011506357199543	1.7993882051380483	1.7993882051380483	TRUE	0.6666666666666666	0.6666666666666666
ENSMUSG00000085977	Gm5970	25	top_abs_beta_meta	3.5069390366748956	TRUE	GSE262515_tissue	GSE262515_tissue__T=tissue__H=72__B=NA__G=delivery_tlnp_sinc_1mg_kg__VS=baseline_0	<upstream_project_root>/00_metadata/verified_metadata/splited/GSE262515_tissue_design/GSE262515_tissue__T=tissue__H=72__B=NA__G=delivery_tlnp_sinc_1mg_kg__VS=baseline_0.tsv	calibration	extended_transfer	tissue	72	3	3	0.7571044035156834	0.7584583794527757	0.0013539759370923	0.1788360932527917	0.1788360932527917	TRUE	0.7777777777777778	0.7777777777777778
ENSMUSG00000022126	Acod1	1	top_abs_beta_meta	6.353446492462103	TRUE	GSE264344	GSE264344_design__T=Blood__H=1__B=NA__G=delivery_ad26__VS=baseline_0	<upstream_project_root>/00_metadata/verified_metadata/splited/GSE264344_design/GSE264344_design__T=Blood__H=1__B=NA__G=delivery_ad26__VS=baseline_0.tsv	anchor	acute_main	Blood	1	5	5	0.0779068941903649	0.06244338574454167	0.015463508445823226	-19.848703515298997	19.848703515298997	TRUE	0.68	0.68
ENSMUSG00000022126	Acod1	1	top_abs_beta_meta	6.353446492462103	TRUE	GSE264344	GSE264344_design__T=Blood__H=1__B=NA__G=delivery_ad5__VS=baseline_0	<upstream_project_root>/00_metadata/verified_metadata/splited/GSE264344_design/GSE264344_design__T=Blood__H=1__B=NA__G=delivery_ad5__VS=baseline_0.tsv	anchor	acute_main	Blood	1	5	5	0.22131834935303651	0.17803915288587147	0.04327919646716505	-19.555177685754437	19.555177685754437	TRUE	0.88	0.88
ENSMUSG00000022126	Acod1	1	top_abs_beta_meta	6.353446492462103	TRUE	GSE264344	GSE264344_design__T=Blood__H=12__B=NA__G=delivery_ad26__VS=baseline_0	<upstream_project_root>/00_metadata/verified_metadata/splited/GSE264344_design/GSE264344_design__T=Blood__H=12__B=NA__G=delivery_ad26__VS=baseline_0.tsv	anchor	acute_main	Blood	12	5	5	4.557142380026869	4.461561800830964	0.09558057919590546	-2.0973797003757846	2.0973797003757846	TRUE	1	1
ENSMUSG00000022126	Acod1	1	top_abs_beta_meta	6.353446492462103	TRUE	GSE264344	GSE264344_design__T=Blood__H=12__B=NA__G=delivery_ad5__VS=baseline_0	<upstream_project_root>/00_metadata/verified_metadata/splited/GSE264344_design/GSE264344_design__T=Blood__H=12__B=NA__G=delivery_ad5__VS=baseline_0.tsv	anchor	acute_main	Blood	12	5	5	2.7728375923214097	2.7232749880303273	0.04956260429108239	-1.7874326440297845	1.7874326440297845	TRUE	1	1
ENSMUSG00000022126	Acod1	1	top_abs_beta_meta	6.353446492462103	TRUE	GSE264344	GSE264344_design__T=Blood__H=24__B=NA__G=delivery_ad26__VS=baseline_0	<upstream_project_root>/00_metadata/verified_metadata/splited/GSE264344_design/GSE264344_design__T=Blood__H=24__B=NA__G=delivery_ad26__VS=baseline_0.tsv	anchor	acute_main	Blood	24	5	5	2.7381119047981937	2.666870324828763	0.07124157996943081	-2.601850561497833	2.601850561497833	TRUE	1	1
ENSMUSG00000022126	Acod1	1	top_abs_beta_meta	6.353446492462103	TRUE	GSE264344	GSE264344_design__T=Blood__H=24__B=NA__G=delivery_ad5__VS=baseline_0	<upstream_project_root>/00_metadata/verified_metadata/splited/GSE264344_design/GSE264344_design__T=Blood__H=24__B=NA__G=delivery_ad5__VS=baseline_0.tsv	anchor	acute_main	Blood	24	5	5	1.4094733289679715	1.3774918171815422	0.03198151178642927	-2.2690398696544625	2.2690398696544625	TRUE	1	1
ENSMUSG00000022126	Acod1	1	top_abs_beta_meta	6.353446492462103	TRUE	GSE264344	GSE264344_design__T=Blood__H=3__B=NA__G=delivery_ad26__VS=baseline_0	<upstream_project_root>/00_metadata/verified_metadata/splited/GSE264344_design/GSE264344_design__T=Blood__H=3__B=NA__G=delivery_ad26__VS=baseline_0.tsv	anchor	acute_main	Blood	3	5	5	3.6646891330381473	3.6411126723978797	0.023576460640267527	-0.6433413526871751	0.6433413526871751	TRUE	1	1
ENSMUSG00000022126	Acod1	1	top_abs_beta_meta	6.353446492462103	TRUE	GSE264344	GSE264344_design__T=Blood__H=3__B=NA__G=delivery_ad5__VS=baseline_0	<upstream_project_root>/00_metadata/verified_metadata/splited/GSE264344_design/GSE264344_design__T=Blood__H=3__B=NA__G=delivery_ad5__VS=baseline_0.tsv	anchor	acute_main	Blood	3	5	5	0.9366653756632484	0.9325763814004446	0.004088994262803736	-0.43654803188474195	0.43654803188474195	TRUE	1	1
ENSMUSG00000022126	Acod1	1	top_abs_beta_meta	6.353446492462103	TRUE	GSE264344	GSE264344_design__T=Blood__H=6__B=NA__G=delivery_ad26__VS=baseline_0	<upstream_project_root>/00_metadata/verified_metadata/splited/GSE264344_design/GSE264344_design__T=Blood__H=6__B=NA__G=delivery_ad26__VS=baseline_0.tsv	anchor	acute_main	Blood	6	5	5	3.515367759659114	3.4893052012848504	0.026062558374263745	-0.7413892416419907	0.7413892416419907	TRUE	1	1
ENSMUSG00000022126	Acod1	1	top_abs_beta_meta	6.353446492462103	TRUE	GSE264344	GSE264344_design__T=Blood__H=6__B=NA__G=delivery_ad5__VS=baseline_0	<upstream_project_root>/00_metadata/verified_metadata/splited/GSE264344_design/GSE264344_design__T=Blood__H=6__B=NA__G=delivery_ad5__VS=baseline_0.tsv	anchor	acute_main	Blood	6	5	5	4.749455631909948	4.674576197713163	0.07487943419678444	-1.5765898241831222	1.5765898241831222	TRUE	1	1
ENSMUSG00000022126	Acod1	1	top_abs_beta_meta	6.353446492462103	TRUE	GSE264344	GSE264344_design__T=Blood__H=72__B=NA__G=delivery_ad26__VS=baseline_0	<upstream_project_root>/00_metadata/verified_metadata/splited/GSE264344_design/GSE264344_design__T=Blood__H=72__B=NA__G=delivery_ad26__VS=baseline_0.tsv	external	extended_transfer	Blood	72	5	5	0.08713996296972348	0.07984917504081057	0.007290787928912912	-8.366755826423836	8.366755826423836	TRUE	0.7200000000000001	0.68
ENSMUSG00000022126	Acod1	1	top_abs_beta_meta	6.353446492462103	TRUE	GSE264344	GSE264344_design__T=Blood__H=72__B=NA__G=delivery_ad5__VS=baseline_0	<upstream_project_root>/00_metadata/verified_metadata/splited/GSE264344_design/GSE264344_design__T=Blood__H=72__B=NA__G=delivery_ad5__VS=baseline_0.tsv	external	extended_transfer	Blood	72	5	5	0.26635130536495155	0.255634864586338	0.010716440778613556	-4.0234234121473555	4.0234234121473555	TRUE	0.96	0.88
ENSMUSG00000022126	Acod1	1	top_abs_beta_meta	6.353446492462103	TRUE	GSE264344	GSE264344_design__T=dLN__H=1__B=NA__G=delivery_ad26__VS=baseline_0	<upstream_project_root>/00_metadata/verified_metadata/splited/GSE264344_design/GSE264344_design__T=dLN__H=1__B=NA__G=delivery_ad26__VS=baseline_0.tsv	anchor	acute_main	dLN	1	5	5	0.36951077174650715	0.31707250639273155	0.052438265353775604	-14.1912683914258	14.1912683914258	TRUE	0.8400000000000001	0.8400000000000001
ENSMUSG00000022126	Acod1	1	top_abs_beta_meta	6.353446492462103	TRUE	GSE264344	GSE264344_design__T=dLN__H=1__B=NA__G=delivery_ad5__VS=baseline_0	<upstream_project_root>/00_metadata/verified_metadata/splited/GSE264344_design/GSE264344_design__T=dLN__H=1__B=NA__G=delivery_ad5__VS=baseline_0.tsv	anchor	acute_main	dLN	1	5	5	0.3592382013315616	0.3001141965763523	0.05912400475520929	-16.45816189259904	16.45816189259904	TRUE	0.8	0.8
ENSMUSG00000022126	Acod1	1	top_abs_beta_meta	6.353446492462103	TRUE	GSE264344	GSE264344_design__T=dLN__H=12__B=NA__G=delivery_ad26__VS=baseline_0	<upstream_project_root>/00_metadata/verified_metadata/splited/GSE264344_design/GSE264344_design__T=dLN__H=12__B=NA__G=delivery_ad26__VS=baseline_0.tsv	anchor	acute_main	dLN	12	5	5	5.521888634175941	5.3915317573611405	0.13035687681480024	-2.360729914181872	2.360729914181872	TRUE	1	1
ENSMUSG00000022126	Acod1	1	top_abs_beta_meta	6.353446492462103	TRUE	GSE264344	GSE264344_design__T=dLN__H=12__B=NA__G=delivery_ad5__VS=baseline_0	<upstream_project_root>/00_metadata/verified_metadata/splited/GSE264344_design/GSE264344_design__T=dLN__H=12__B=NA__G=delivery_ad5__VS=baseline_0.tsv	anchor	acute_main	dLN	12	5	5	5.006224300092883	4.913956078318742	0.09226822177414107	-1.8430700712396997	1.8430700712396997	TRUE	1	1
ENSMUSG00000022126	Acod1	1	top_abs_beta_meta	6.353446492462103	TRUE	GSE264344	GSE264344_design__T=dLN__H=24__B=NA__G=delivery_ad26__VS=baseline_0	<upstream_project_root>/00_metadata/verified_metadata/splited/GSE264344_design/GSE264344_design__T=dLN__H=24__B=NA__G=delivery_ad26__VS=baseline_0.tsv	anchor	acute_main	dLN	24	5	5	3.75024700596753	3.6586428338438726	0.09160417212365735	-2.4426170323686267	2.4426170323686267	TRUE	1	1
ENSMUSG00000022126	Acod1	1	top_abs_beta_meta	6.353446492462103	TRUE	GSE264344	GSE264344_design__T=dLN__H=24__B=NA__G=delivery_ad5__VS=baseline_0	<upstream_project_root>/00_metadata/verified_metadata/splited/GSE264344_design/GSE264344_design__T=dLN__H=24__B=NA__G=delivery_ad5__VS=baseline_0.tsv	anchor	acute_main	dLN	24	5	5	3.164769842555989	3.0981042220781054	0.06666562047788371	-2.106491902869057	2.106491902869057	TRUE	1	1
ENSMUSG00000022126	Acod1	1	top_abs_beta_meta	6.353446492462103	TRUE	GSE264344	GSE264344_design__T=dLN__H=3__B=NA__G=delivery_ad26__VS=baseline_0	<upstream_project_root>/00_metadata/verified_metadata/splited/GSE264344_design/GSE264344_design__T=dLN__H=3__B=NA__G=delivery_ad26__VS=baseline_0.tsv	anchor	acute_main	dLN	3	5	5	4.35817929066291	4.266251171266848	0.09192811939606216	-2.1093239461949542	2.1093239461949542	TRUE	1	1
ENSMUSG00000022126	Acod1	1	top_abs_beta_meta	6.353446492462103	TRUE	GSE264344	GSE264344_design__T=dLN__H=3__B=NA__G=delivery_ad5__VS=baseline_0	<upstream_project_root>/00_metadata/verified_metadata/splited/GSE264344_design/GSE264344_design__T=dLN__H=3__B=NA__G=delivery_ad5__VS=baseline_0.tsv	anchor	acute_main	dLN	3	5	5	2.7627049595948865	2.681651490681803	0.08105346891308329	-2.933844550848046	2.933844550848046	TRUE	1	1
ENSMUSG00000022126	Acod1	1	top_abs_beta_meta	6.353446492462103	TRUE	GSE264344	GSE264344_design__T=dLN__H=6__B=NA__G=delivery_ad26__VS=baseline_0	<upstream_project_root>/00_metadata/verified_metadata/splited/GSE264344_design/GSE264344_design__T=dLN__H=6__B=NA__G=delivery_ad26__VS=baseline_0.tsv	anchor	acute_main	dLN	6	5	5	5.703930536988686	5.583253372146633	0.12067716484205349	-2.11568433485453	2.11568433485453	TRUE	1	1
ENSMUSG00000022126	Acod1	1	top_abs_beta_meta	6.353446492462103	TRUE	GSE264344	GSE264344_design__T=dLN__H=6__B=NA__G=delivery_ad5__VS=baseline_0	<upstream_project_root>/00_metadata/verified_metadata/splited/GSE264344_design/GSE264344_design__T=dLN__H=6__B=NA__G=delivery_ad5__VS=baseline_0.tsv	anchor	acute_main	dLN	6	5	5	5.288429542245774	5.178227856540685	0.11020168570508915	-2.0838263008849904	2.0838263008849904	TRUE	1	1
ENSMUSG00000022126	Acod1	1	top_abs_beta_meta	6.353446492462103	TRUE	GSE264344	GSE264344_design__T=dLN__H=72__B=NA__G=delivery_ad26__VS=baseline_0	<upstream_project_root>/00_metadata/verified_metadata/splited/GSE264344_design/GSE264344_design__T=dLN__H=72__B=NA__G=delivery_ad26__VS=baseline_0.tsv	external	extended_transfer	dLN	72	5	5	0.3932971804473866	0.35926691170490455	0.03403026874248205	-8.652558531889719	8.652558531889719	TRUE	0.8	0.8
ENSMUSG00000022126	Acod1	1	top_abs_beta_meta	6.353446492462103	TRUE	GSE264344	GSE264344_design__T=dLN__H=72__B=NA__G=delivery_ad5__VS=baseline_0	<upstream_project_root>/00_metadata/verified_metadata/splited/GSE264344_design/GSE264344_design__T=dLN__H=72__B=NA__G=delivery_ad5__VS=baseline_0.tsv	external	extended_transfer	dLN	72	5	5	0.4507210263939263	0.4119445043047807	0.038776522089145615	-8.603220133612153	8.603220133612153	TRUE	0.8	0.8
ENSMUSG00000022126	Acod1	1	top_abs_beta_meta	6.353446492462103	TRUE	GSE264344	GSE264344_design__T=Muscle__H=1__B=NA__G=delivery_ad26__VS=baseline_0	<upstream_project_root>/00_metadata/verified_metadata/splited/GSE264344_design/GSE264344_design__T=Muscle__H=1__B=NA__G=delivery_ad26__VS=baseline_0.tsv	anchor	acute_main	Muscle	1	5	5	0.5752137463208833	0.48986397077943333	0.08534977554144996	-14.837923482766968	14.837923482766968	TRUE	1	1
ENSMUSG00000022126	Acod1	1	top_abs_beta_meta	6.353446492462103	TRUE	GSE264344	GSE264344_design__T=Muscle__H=1__B=NA__G=delivery_ad5__VS=baseline_0	<upstream_project_root>/00_metadata/verified_metadata/splited/GSE264344_design/GSE264344_design__T=Muscle__H=1__B=NA__G=delivery_ad5__VS=baseline_0.tsv	anchor	acute_main	Muscle	1	5	5	0.5210164970803043	0.45934460198420257	0.061671895096101714	-11.836841144512977	11.836841144512977	TRUE	0.96	0.96
ENSMUSG00000022126	Acod1	1	top_abs_beta_meta	6.353446492462103	TRUE	GSE264344	GSE264344_design__T=Muscle__H=12__B=NA__G=delivery_ad26__VS=baseline_0	<upstream_project_root>/00_metadata/verified_metadata/splited/GSE264344_design/GSE264344_design__T=Muscle__H=12__B=NA__G=delivery_ad26__VS=baseline_0.tsv	anchor	acute_main	Muscle	12	5	5	4.379052454232406	4.287072358849226	0.09198009538317997	-2.1004565792373673	2.1004565792373673	TRUE	1	1
ENSMUSG00000022126	Acod1	1	top_abs_beta_meta	6.353446492462103	TRUE	GSE264344	GSE264344_design__T=Muscle__H=12__B=NA__G=delivery_ad5__VS=baseline_0	<upstream_project_root>/00_metadata/verified_metadata/splited/GSE264344_design/GSE264344_design__T=Muscle__H=12__B=NA__G=delivery_ad5__VS=baseline_0.tsv	anchor	acute_main	Muscle	12	5	5	4.561337243094393	4.460226287086186	0.10111095600820619	-2.2166954693227843	2.2166954693227843	TRUE	1	1
ENSMUSG00000022126	Acod1	1	top_abs_beta_meta	6.353446492462103	TRUE	GSE264344	GSE264344_design__T=Muscle__H=24__B=NA__G=delivery_ad26__VS=baseline_0	<upstream_project_root>/00_metadata/verified_metadata/splited/GSE264344_design/GSE264344_design__T=Muscle__H=24__B=NA__G=delivery_ad26__VS=baseline_0.tsv	anchor	acute_main	Muscle	24	5	5	3.564906975120775	3.4859243972895033	0.0789825778312716	-2.2155578920427725	2.2155578920427725	TRUE	1	1
ENSMUSG00000022126	Acod1	1	top_abs_beta_meta	6.353446492462103	TRUE	GSE264344	GSE264344_design__T=Muscle__H=24__B=NA__G=delivery_ad5__VS=baseline_0	<upstream_project_root>/00_metadata/verified_metadata/splited/GSE264344_design/GSE264344_design__T=Muscle__H=24__B=NA__G=delivery_ad5__VS=baseline_0.tsv	anchor	acute_main	Muscle	24	5	5	3.5245362334746155	3.443181643112603	0.08135459036201231	-2.30823532439075	2.30823532439075	TRUE	1	1
ENSMUSG00000022126	Acod1	1	top_abs_beta_meta	6.353446492462103	TRUE	GSE264344	GSE264344_design__T=Muscle__H=3__B=NA__G=delivery_ad26__VS=baseline_0	<upstream_project_root>/00_metadata/verified_metadata/splited/GSE264344_design/GSE264344_design__T=Muscle__H=3__B=NA__G=delivery_ad26__VS=baseline_0.tsv	anchor	acute_main	Muscle	3	5	5	3.166868738099831	3.07880670702086	0.08806203107897126	-2.7807288006452016	2.7807288006452016	TRUE	1	1
ENSMUSG00000022126	Acod1	1	top_abs_beta_meta	6.353446492462103	TRUE	GSE264344	GSE264344_design__T=Muscle__H=3__B=NA__G=delivery_ad5__VS=baseline_0	<upstream_project_root>/00_metadata/verified_metadata/splited/GSE264344_design/GSE264344_design__T=Muscle__H=3__B=NA__G=delivery_ad5__VS=baseline_0.tsv	anchor	acute_main	Muscle	3	5	5	1.8285090170879783	1.736563238078551	0.09194577900942735	-5.0284564172320625	5.0284564172320625	TRUE	1	1
ENSMUSG00000022126	Acod1	1	top_abs_beta_meta	6.353446492462103	TRUE	GSE264344	GSE264344_design__T=Muscle__H=6__B=NA__G=delivery_ad26__VS=baseline_0	<upstream_project_root>/00_metadata/verified_metadata/splited/GSE264344_design/GSE264344_design__T=Muscle__H=6__B=NA__G=delivery_ad26__VS=baseline_0.tsv	anchor	acute_main	Muscle	6	5	5	4.409334481944208	4.310107366858398	0.09922711508581017	-2.2503875696465183	2.2503875696465183	TRUE	1	1
ENSMUSG00000022126	Acod1	1	top_abs_beta_meta	6.353446492462103	TRUE	GSE264344	GSE264344_design__T=Muscle__H=6__B=NA__G=delivery_ad5__VS=baseline_0	<upstream_project_root>/00_metadata/verified_metadata/splited/GSE264344_design/GSE264344_design__T=Muscle__H=6__B=NA__G=delivery_ad5__VS=baseline_0.tsv	anchor	acute_main	Muscle	6	5	5	4.115105313956205	4.009903536291468	0.10520177766473715	-2.55647837998094	2.55647837998094	TRUE	1	1
ENSMUSG00000022126	Acod1	1	top_abs_beta_meta	6.353446492462103	TRUE	GSE264344	GSE264344_design__T=Muscle__H=72__B=NA__G=delivery_ad26__VS=baseline_0	<upstream_project_root>/00_metadata/verified_metadata/splited/GSE264344_design/GSE264344_design__T=Muscle__H=72__B=NA__G=delivery_ad26__VS=baseline_0.tsv	external	extended_transfer	Muscle	72	5	5	1.0550234100660878	1.0547719773165145	2.514327495732882e-4	-0.023831959288707932	0.023831959288707932	TRUE	0.96	0.96
ENSMUSG00000022126	Acod1	1	top_abs_beta_meta	6.353446492462103	TRUE	GSE264344	GSE264344_design__T=Muscle__H=72__B=NA__G=delivery_ad5__VS=baseline_0	<upstream_project_root>/00_metadata/verified_metadata/splited/GSE264344_design/GSE264344_design__T=Muscle__H=72__B=NA__G=delivery_ad5__VS=baseline_0.tsv	external	extended_transfer	Muscle	72	5	5	1.441223145245387	1.4113633888421475	0.029859756403239457	-2.0718343652575357	2.0718343652575357	TRUE	1	1
ENSMUSG00000060183	Cxcl11	2	top_abs_beta_meta	6.0257926459264395	TRUE	GSE264344	GSE264344_design__T=Blood__H=1__B=NA__G=delivery_ad26__VS=baseline_0	<upstream_project_root>/00_metadata/verified_metadata/splited/GSE264344_design/GSE264344_design__T=Blood__H=1__B=NA__G=delivery_ad26__VS=baseline_0.tsv	anchor	acute_main	Blood	1	5	5	0.0779068941903649	0.08679179808357407	0.008884903893209173	11.40451558946629	11.40451558946629	TRUE	0.68	0.68
ENSMUSG00000060183	Cxcl11	2	top_abs_beta_meta	6.0257926459264395	TRUE	GSE264344	GSE264344_design__T=Blood__H=1__B=NA__G=delivery_ad5__VS=baseline_0	<upstream_project_root>/00_metadata/verified_metadata/splited/GSE264344_design/GSE264344_design__T=Blood__H=1__B=NA__G=delivery_ad5__VS=baseline_0.tsv	anchor	acute_main	Blood	1	5	5	0.22131834935303651	0.23216152482583519	0.010843175472798672	4.899356743123976	4.899356743123976	TRUE	0.88	0.88
ENSMUSG00000060183	Cxcl11	2	top_abs_beta_meta	6.0257926459264395	TRUE	GSE264344	GSE264344_design__T=Blood__H=12__B=NA__G=delivery_ad26__VS=baseline_0	<upstream_project_root>/00_metadata/verified_metadata/splited/GSE264344_design/GSE264344_design__T=Blood__H=12__B=NA__G=delivery_ad26__VS=baseline_0.tsv	anchor	acute_main	Blood	12	5	5	4.557142380026869	4.486292005324662	0.07085037470220712	-1.5547105794352947	1.5547105794352947	TRUE	1	1
ENSMUSG00000060183	Cxcl11	2	top_abs_beta_meta	6.0257926459264395	TRUE	GSE264344	GSE264344_design__T=Blood__H=12__B=NA__G=delivery_ad5__VS=baseline_0	<upstream_project_root>/00_metadata/verified_metadata/splited/GSE264344_design/GSE264344_design__T=Blood__H=12__B=NA__G=delivery_ad5__VS=baseline_0.tsv	anchor	acute_main	Blood	12	5	5	2.7728375923214097	2.7677995440801895	0.005038048241220228	-0.1816928714170523	0.1816928714170523	TRUE	1	1
ENSMUSG00000060183	Cxcl11	2	top_abs_beta_meta	6.0257926459264395	TRUE	GSE264344	GSE264344_design__T=Blood__H=24__B=NA__G=delivery_ad26__VS=baseline_0	<upstream_project_root>/00_metadata/verified_metadata/splited/GSE264344_design/GSE264344_design__T=Blood__H=24__B=NA__G=delivery_ad26__VS=baseline_0.tsv	anchor	acute_main	Blood	24	5	5	2.7381119047981937	2.7350749600552176	0.003036944742976111	-0.11091382852739695	0.11091382852739695	TRUE	1	1
ENSMUSG00000060183	Cxcl11	2	top_abs_beta_meta	6.0257926459264395	TRUE	GSE264344	GSE264344_design__T=Blood__H=24__B=NA__G=delivery_ad5__VS=baseline_0	<upstream_project_root>/00_metadata/verified_metadata/splited/GSE264344_design/GSE264344_design__T=Blood__H=24__B=NA__G=delivery_ad5__VS=baseline_0.tsv	anchor	acute_main	Blood	24	5	5	1.4094733289679715	1.4152394818697025	0.005766152901730992	0.40909982354565155	0.40909982354565155	TRUE	1	1
ENSMUSG00000060183	Cxcl11	2	top_abs_beta_meta	6.0257926459264395	TRUE	GSE264344	GSE264344_design__T=Blood__H=3__B=NA__G=delivery_ad26__VS=baseline_0	<upstream_project_root>/00_metadata/verified_metadata/splited/GSE264344_design/GSE264344_design__T=Blood__H=3__B=NA__G=delivery_ad26__VS=baseline_0.tsv	anchor	acute_main	Blood	3	5	5	3.6646891330381473	3.6247527715561403	0.039936361482006966	-1.0897612330052786	1.0897612330052786	TRUE	1	1
ENSMUSG00000060183	Cxcl11	2	top_abs_beta_meta	6.0257926459264395	TRUE	GSE264344	GSE264344_design__T=Blood__H=3__B=NA__G=delivery_ad5__VS=baseline_0	<upstream_project_root>/00_metadata/verified_metadata/splited/GSE264344_design/GSE264344_design__T=Blood__H=3__B=NA__G=delivery_ad5__VS=baseline_0.tsv	anchor	acute_main	Blood	3	5	5	0.9366653756632484	0.9372767525115028	6.11376848254408e-4	0.06527163959930674	0.06527163959930674	TRUE	1	1
ENSMUSG00000060183	Cxcl11	2	top_abs_beta_meta	6.0257926459264395	TRUE	GSE264344	GSE264344_design__T=Blood__H=6__B=NA__G=delivery_ad26__VS=baseline_0	<upstream_project_root>/00_metadata/verified_metadata/splited/GSE264344_design/GSE264344_design__T=Blood__H=6__B=NA__G=delivery_ad26__VS=baseline_0.tsv	anchor	acute_main	Blood	6	5	5	3.515367759659114	3.486400046286707	0.02896771337240711	-0.824030808521044	0.824030808521044	TRUE	1	1
ENSMUSG00000060183	Cxcl11	2	top_abs_beta_meta	6.0257926459264395	TRUE	GSE264344	GSE264344_design__T=Blood__H=6__B=NA__G=delivery_ad5__VS=baseline_0	<upstream_project_root>/00_metadata/verified_metadata/splited/GSE264344_design/GSE264344_design__T=Blood__H=6__B=NA__G=delivery_ad5__VS=baseline_0.tsv	anchor	acute_main	Blood	6	5	5	4.749455631909948	4.691157881929501	0.05829774998044712	-1.2274617240082153	1.2274617240082153	TRUE	1	1
ENSMUSG00000060183	Cxcl11	2	top_abs_beta_meta	6.0257926459264395	TRUE	GSE264344	GSE264344_design__T=Blood__H=72__B=NA__G=delivery_ad26__VS=baseline_0	<upstream_project_root>/00_metadata/verified_metadata/splited/GSE264344_design/GSE264344_design__T=Blood__H=72__B=NA__G=delivery_ad26__VS=baseline_0.tsv	external	extended_transfer	Blood	72	5	5	0.08713996296972348	0.09673442924715403	0.009594466277430547	11.010408944933928	11.010408944933928	TRUE	0.7200000000000001	0.7200000000000001
ENSMUSG00000060183	Cxcl11	2	top_abs_beta_meta	6.0257926459264395	TRUE	GSE264344	GSE264344_design__T=Blood__H=72__B=NA__G=delivery_ad5__VS=baseline_0	<upstream_project_root>/00_metadata/verified_metadata/splited/GSE264344_design/GSE264344_design__T=Blood__H=72__B=NA__G=delivery_ad5__VS=baseline_0.tsv	external	extended_transfer	Blood	72	5	5	0.26635130536495155	0.2714653983011812	0.005114092936229664	1.920055518114466	1.920055518114466	TRUE	0.96	0.96
ENSMUSG00000060183	Cxcl11	2	top_abs_beta_meta	6.0257926459264395	TRUE	GSE264344	GSE264344_design__T=dLN__H=1__B=NA__G=delivery_ad26__VS=baseline_0	<upstream_project_root>/00_metadata/verified_metadata/splited/GSE264344_design/GSE264344_design__T=dLN__H=1__B=NA__G=delivery_ad26__VS=baseline_0.tsv	anchor	acute_main	dLN	1	5	5	0.36951077174650715	0.35495612383990105	0.0145546479066061	-3.938896784473423	3.938896784473423	TRUE	0.8400000000000001	0.8400000000000001
ENSMUSG00000060183	Cxcl11	2	top_abs_beta_meta	6.0257926459264395	TRUE	GSE264344	GSE264344_design__T=dLN__H=1__B=NA__G=delivery_ad5__VS=baseline_0	<upstream_project_root>/00_metadata/verified_metadata/splited/GSE264344_design/GSE264344_design__T=dLN__H=1__B=NA__G=delivery_ad5__VS=baseline_0.tsv	anchor	acute_main	dLN	1	5	5	0.3592382013315616	0.3512679059285333	0.007970295403028294	-2.2186658806010584	2.2186658806010584	TRUE	0.8	0.8
ENSMUSG00000060183	Cxcl11	2	top_abs_beta_meta	6.0257926459264395	TRUE	GSE264344	GSE264344_design__T=dLN__H=12__B=NA__G=delivery_ad26__VS=baseline_0	<upstream_project_root>/00_metadata/verified_metadata/splited/GSE264344_design/GSE264344_design__T=dLN__H=12__B=NA__G=delivery_ad26__VS=baseline_0.tsv	anchor	acute_main	dLN	12	5	5	5.521888634175941	5.379490298015623	0.14239833616031738	-2.578797683078739	2.578797683078739	TRUE	1	1
ENSMUSG00000060183	Cxcl11	2	top_abs_beta_meta	6.0257926459264395	TRUE	GSE264344	GSE264344_design__T=dLN__H=12__B=NA__G=delivery_ad5__VS=baseline_0	<upstream_project_root>/00_metadata/verified_metadata/splited/GSE264344_design/GSE264344_design__T=dLN__H=12__B=NA__G=delivery_ad5__VS=baseline_0.tsv	anchor	acute_main	dLN	12	5	5	5.006224300092883	4.87625728605701	0.12996701403587352	-2.5961084890555575	2.5961084890555575	TRUE	1	1
ENSMUSG00000060183	Cxcl11	2	top_abs_beta_meta	6.0257926459264395	TRUE	GSE264344	GSE264344_design__T=dLN__H=24__B=NA__G=delivery_ad26__VS=baseline_0	<upstream_project_root>/00_metadata/verified_metadata/splited/GSE264344_design/GSE264344_design__T=dLN__H=24__B=NA__G=delivery_ad26__VS=baseline_0.tsv	anchor	acute_main	dLN	24	5	5	3.75024700596753	3.6490492005069006	0.10119780546062929	-2.6984304047066674	2.6984304047066674	TRUE	1	1
ENSMUSG00000060183	Cxcl11	2	top_abs_beta_meta	6.0257926459264395	TRUE	GSE264344	GSE264344_design__T=dLN__H=24__B=NA__G=delivery_ad5__VS=baseline_0	<upstream_project_root>/00_metadata/verified_metadata/splited/GSE264344_design/GSE264344_design__T=dLN__H=24__B=NA__G=delivery_ad5__VS=baseline_0.tsv	anchor	acute_main	dLN	24	5	5	3.164769842555989	3.08484917556034	0.07992066699564893	-2.5253231979454767	2.5253231979454767	TRUE	1	1
ENSMUSG00000060183	Cxcl11	2	top_abs_beta_meta	6.0257926459264395	TRUE	GSE264344	GSE264344_design__T=dLN__H=3__B=NA__G=delivery_ad26__VS=baseline_0	<upstream_project_root>/00_metadata/verified_metadata/splited/GSE264344_design/GSE264344_design__T=dLN__H=3__B=NA__G=delivery_ad26__VS=baseline_0.tsv	anchor	acute_main	dLN	3	5	5	4.35817929066291	4.242579882027959	0.11559940863495122	-2.6524702387213566	2.6524702387213566	TRUE	1	1
ENSMUSG00000060183	Cxcl11	2	top_abs_beta_meta	6.0257926459264395	TRUE	GSE264344	GSE264344_design__T=dLN__H=3__B=NA__G=delivery_ad5__VS=baseline_0	<upstream_project_root>/00_metadata/verified_metadata/splited/GSE264344_design/GSE264344_design__T=dLN__H=3__B=NA__G=delivery_ad5__VS=baseline_0.tsv	anchor	acute_main	dLN	3	5	5	2.7627049595948865	2.6745608890142143	0.0881440705806722	-3.190498872293527	3.190498872293527	TRUE	1	1
ENSMUSG00000060183	Cxcl11	2	top_abs_beta_meta	6.0257926459264395	TRUE	GSE264344	GSE264344_design__T=dLN__H=6__B=NA__G=delivery_ad26__VS=baseline_0	<upstream_project_root>/00_metadata/verified_metadata/splited/GSE264344_design/GSE264344_design__T=dLN__H=6__B=NA__G=delivery_ad26__VS=baseline_0.tsv	anchor	acute_main	dLN	6	5	5	5.703930536988686	5.5610347754354335	0.14289576155325268	-2.505215668855122	2.505215668855122	TRUE	1	1
ENSMUSG00000060183	Cxcl11	2	top_abs_beta_meta	6.0257926459264395	TRUE	GSE264344	GSE264344_design__T=dLN__H=6__B=NA__G=delivery_ad5__VS=baseline_0	<upstream_project_root>/00_metadata/verified_metadata/splited/GSE264344_design/GSE264344_design__T=dLN__H=6__B=NA__G=delivery_ad5__VS=baseline_0.tsv	anchor	acute_main	dLN	6	5	5	5.288429542245774	5.157376479080269	0.13105306316550536	-2.4781092783520875	2.4781092783520875	TRUE	1	1
ENSMUSG00000060183	Cxcl11	2	top_abs_beta_meta	6.0257926459264395	TRUE	GSE264344	GSE264344_design__T=dLN__H=72__B=NA__G=delivery_ad26__VS=baseline_0	<upstream_project_root>/00_metadata/verified_metadata/splited/GSE264344_design/GSE264344_design__T=dLN__H=72__B=NA__G=delivery_ad26__VS=baseline_0.tsv	external	extended_transfer	dLN	72	5	5	0.3932971804473866	0.377491883585203	0.01580529686218357	-4.018665184480754	4.018665184480754	TRUE	0.8	0.8
ENSMUSG00000060183	Cxcl11	2	top_abs_beta_meta	6.0257926459264395	TRUE	GSE264344	GSE264344_design__T=dLN__H=72__B=NA__G=delivery_ad5__VS=baseline_0	<upstream_project_root>/00_metadata/verified_metadata/splited/GSE264344_design/GSE264344_design__T=dLN__H=72__B=NA__G=delivery_ad5__VS=baseline_0.tsv	external	extended_transfer	dLN	72	5	5	0.4507210263939263	0.43234538024614855	0.018375646147777758	-4.076944511507569	4.076944511507569	TRUE	0.8	0.8
ENSMUSG00000060183	Cxcl11	2	top_abs_beta_meta	6.0257926459264395	TRUE	GSE264344	GSE264344_design__T=Muscle__H=1__B=NA__G=delivery_ad26__VS=baseline_0	<upstream_project_root>/00_metadata/verified_metadata/splited/GSE264344_design/GSE264344_design__T=Muscle__H=1__B=NA__G=delivery_ad26__VS=baseline_0.tsv	anchor	acute_main	Muscle	1	5	5	0.5752137463208833	0.5593993722478732	0.015814374073010118	-2.7493039194838818	2.7493039194838818	TRUE	1	1
ENSMUSG00000060183	Cxcl11	2	top_abs_beta_meta	6.0257926459264395	TRUE	GSE264344	GSE264344_design__T=Muscle__H=1__B=NA__G=delivery_ad5__VS=baseline_0	<upstream_project_root>/00_metadata/verified_metadata/splited/GSE264344_design/GSE264344_design__T=Muscle__H=1__B=NA__G=delivery_ad5__VS=baseline_0.tsv	anchor	acute_main	Muscle	1	5	5	0.5210164970803043	0.49631891697746766	0.024697580102836625	-4.7402683487448165	4.7402683487448165	TRUE	0.96	0.96
ENSMUSG00000060183	Cxcl11	2	top_abs_beta_meta	6.0257926459264395	TRUE	GSE264344	GSE264344_design__T=Muscle__H=12__B=NA__G=delivery_ad26__VS=baseline_0	<upstream_project_root>/00_metadata/verified_metadata/splited/GSE264344_design/GSE264344_design__T=Muscle__H=12__B=NA__G=delivery_ad26__VS=baseline_0.tsv	anchor	acute_main	Muscle	12	5	5	4.379052454232406	4.300417602175973	0.0786348520564335	-1.7957047301507427	1.7957047301507427	TRUE	1	1
ENSMUSG00000060183	Cxcl11	2	top_abs_beta_meta	6.0257926459264395	TRUE	GSE264344	GSE264344_design__T=Muscle__H=12__B=NA__G=delivery_ad5__VS=baseline_0	<upstream_project_root>/00_metadata/verified_metadata/splited/GSE264344_design/GSE264344_design__T=Muscle__H=12__B=NA__G=delivery_ad5__VS=baseline_0.tsv	anchor	acute_main	Muscle	12	5	5	4.561337243094393	4.471677765498988	0.08965947759540427	-1.965640179996418	1.965640179996418	TRUE	1	1
ENSMUSG00000060183	Cxcl11	2	top_abs_beta_meta	6.0257926459264395	TRUE	GSE264344	GSE264344_design__T=Muscle__H=24__B=NA__G=delivery_ad26__VS=baseline_0	<upstream_project_root>/00_metadata/verified_metadata/splited/GSE264344_design/GSE264344_design__T=Muscle__H=24__B=NA__G=delivery_ad26__VS=baseline_0.tsv	anchor	acute_main	Muscle	24	5	5	3.564906975120775	3.5064236582058372	0.05848331691493769	-1.6405285558105298	1.6405285558105298	TRUE	1	1
ENSMUSG00000060183	Cxcl11	2	top_abs_beta_meta	6.0257926459264395	TRUE	GSE264344	GSE264344_design__T=Muscle__H=24__B=NA__G=delivery_ad5__VS=baseline_0	<upstream_project_root>/00_metadata/verified_metadata/splited/GSE264344_design/GSE264344_design__T=Muscle__H=24__B=NA__G=delivery_ad5__VS=baseline_0.tsv	anchor	acute_main	Muscle	24	5	5	3.5245362334746155	3.4583717848320443	0.0661644486425712	-1.8772526159376122	1.8772526159376122	TRUE	1	1
ENSMUSG00000060183	Cxcl11	2	top_abs_beta_meta	6.0257926459264395	TRUE	GSE264344	GSE264344_design__T=Muscle__H=3__B=NA__G=delivery_ad26__VS=baseline_0	<upstream_project_root>/00_metadata/verified_metadata/splited/GSE264344_design/GSE264344_design__T=Muscle__H=3__B=NA__G=delivery_ad26__VS=baseline_0.tsv	anchor	acute_main	Muscle	3	5	5	3.166868738099831	3.112830327774814	0.054038410325016883	-1.7063672287674525	1.7063672287674525	TRUE	1	1
ENSMUSG00000060183	Cxcl11	2	top_abs_beta_meta	6.0257926459264395	TRUE	GSE264344	GSE264344_design__T=Muscle__H=3__B=NA__G=delivery_ad5__VS=baseline_0	<upstream_project_root>/00_metadata/verified_metadata/splited/GSE264344_design/GSE264344_design__T=Muscle__H=3__B=NA__G=delivery_ad5__VS=baseline_0.tsv	anchor	acute_main	Muscle	3	5	5	1.8285090170879783	1.800018797878224	0.028490219209754253	-1.5581120433918785	1.5581120433918785	TRUE	1	1
ENSMUSG00000060183	Cxcl11	2	top_abs_beta_meta	6.0257926459264395	TRUE	GSE264344	GSE264344_design__T=Muscle__H=6__B=NA__G=delivery_ad26__VS=baseline_0	<upstream_project_root>/00_metadata/verified_metadata/splited/GSE264344_design/GSE264344_design__T=Muscle__H=6__B=NA__G=delivery_ad26__VS=baseline_0.tsv	anchor	acute_main	Muscle	6	5	5	4.409334481944208	4.335667958166623	0.07366652377758509	-1.670694842481156	1.670694842481156	TRUE	1	1
ENSMUSG00000060183	Cxcl11	2	top_abs_beta_meta	6.0257926459264395	TRUE	GSE264344	GSE264344_design__T=Muscle__H=6__B=NA__G=delivery_ad5__VS=baseline_0	<upstream_project_root>/00_metadata/verified_metadata/splited/GSE264344_design/GSE264344_design__T=Muscle__H=6__B=NA__G=delivery_ad5__VS=baseline_0.tsv	anchor	acute_main	Muscle	6	5	5	4.115105313956205	4.036678136403062	0.07842717755314244	-1.9058364627306135	1.9058364627306135	TRUE	1	1
ENSMUSG00000060183	Cxcl11	2	top_abs_beta_meta	6.0257926459264395	TRUE	GSE264344	GSE264344_design__T=Muscle__H=72__B=NA__G=delivery_ad26__VS=baseline_0	<upstream_project_root>/00_metadata/verified_metadata/splited/GSE264344_design/GSE264344_design__T=Muscle__H=72__B=NA__G=delivery_ad26__VS=baseline_0.tsv	external	extended_transfer	Muscle	72	5	5	1.0550234100660878	1.0357803846120621	0.019243025454025675	-1.823942982726826	1.823942982726826	TRUE	0.96	0.96
ENSMUSG00000060183	Cxcl11	2	top_abs_beta_meta	6.0257926459264395	TRUE	GSE264344	GSE264344_design__T=Muscle__H=72__B=NA__G=delivery_ad5__VS=baseline_0	<upstream_project_root>/00_metadata/verified_metadata/splited/GSE264344_design/GSE264344_design__T=Muscle__H=72__B=NA__G=delivery_ad5__VS=baseline_0.tsv	external	extended_transfer	Muscle	72	5	5	1.441223145245387	1.4299229322221811	0.01130021302320583	-0.7840710205415014	0.7840710205415014	TRUE	1	1
ENSMUSG00000138573	Gm72936	3	top_abs_beta_meta	4.977817758075086	TRUE	GSE264344	GSE264344_design__T=Blood__H=1__B=NA__G=delivery_ad26__VS=baseline_0	<upstream_project_root>/00_metadata/verified_metadata/splited/GSE264344_design/GSE264344_design__T=Blood__H=1__B=NA__G=delivery_ad26__VS=baseline_0.tsv	anchor	acute_main	Blood	1	5	5	0.0779068941903649	0.0865068309361755	0.00859993674581061	11.038736475358306	11.038736475358306	TRUE	0.68	0.7200000000000001
ENSMUSG00000138573	Gm72936	3	top_abs_beta_meta	4.977817758075086	TRUE	GSE264344	GSE264344_design__T=Blood__H=1__B=NA__G=delivery_ad5__VS=baseline_0	<upstream_project_root>/00_metadata/verified_metadata/splited/GSE264344_design/GSE264344_design__T=Blood__H=1__B=NA__G=delivery_ad5__VS=baseline_0.tsv	anchor	acute_main	Blood	1	5	5	0.22131834935303651	0.21551572432824495	0.005802625024791563	-2.6218454284310115	2.6218454284310115	TRUE	0.88	0.88
ENSMUSG00000138573	Gm72936	3	top_abs_beta_meta	4.977817758075086	TRUE	GSE264344	GSE264344_design__T=Blood__H=12__B=NA__G=delivery_ad26__VS=baseline_0	<upstream_project_root>/00_metadata/verified_metadata/splited/GSE264344_design/GSE264344_design__T=Blood__H=12__B=NA__G=delivery_ad26__VS=baseline_0.tsv	anchor	acute_main	Blood	12	5	5	4.557142380026869	4.510602851817759	0.04653952820911034	-1.0212436726375869	1.0212436726375869	TRUE	1	1
ENSMUSG00000138573	Gm72936	3	top_abs_beta_meta	4.977817758075086	TRUE	GSE264344	GSE264344_design__T=Blood__H=12__B=NA__G=delivery_ad5__VS=baseline_0	<upstream_project_root>/00_metadata/verified_metadata/splited/GSE264344_design/GSE264344_design__T=Blood__H=12__B=NA__G=delivery_ad5__VS=baseline_0.tsv	anchor	acute_main	Blood	12	5	5	2.7728375923214097	2.72794710477337	0.044890487548039815	-1.6189367769807845	1.6189367769807845	TRUE	1	1
ENSMUSG00000138573	Gm72936	3	top_abs_beta_meta	4.977817758075086	TRUE	GSE264344	GSE264344_design__T=Blood__H=24__B=NA__G=delivery_ad26__VS=baseline_0	<upstream_project_root>/00_metadata/verified_metadata/splited/GSE264344_design/GSE264344_design__T=Blood__H=24__B=NA__G=delivery_ad26__VS=baseline_0.tsv	anchor	acute_main	Blood	24	5	5	2.7381119047981937	2.704794200927025	0.033317703871168725	-1.2168130825034462	1.2168130825034462	TRUE	1	1
ENSMUSG00000138573	Gm72936	3	top_abs_beta_meta	4.977817758075086	TRUE	GSE264344	GSE264344_design__T=Blood__H=24__B=NA__G=delivery_ad5__VS=baseline_0	<upstream_project_root>/00_metadata/verified_metadata/splited/GSE264344_design/GSE264344_design__T=Blood__H=24__B=NA__G=delivery_ad5__VS=baseline_0.tsv	anchor	acute_main	Blood	24	5	5	1.4094733289679715	1.3697273455471883	0.03974598342078317	-2.81991738360069	2.81991738360069	TRUE	1	1
ENSMUSG00000138573	Gm72936	3	top_abs_beta_meta	4.977817758075086	TRUE	GSE264344	GSE264344_design__T=Blood__H=3__B=NA__G=delivery_ad26__VS=baseline_0	<upstream_project_root>/00_metadata/verified_metadata/splited/GSE264344_design/GSE264344_design__T=Blood__H=3__B=NA__G=delivery_ad26__VS=baseline_0.tsv	anchor	acute_main	Blood	3	5	5	3.6646891330381473	3.597509676199656	0.06717945683849136	-1.8331556756847582	1.8331556756847582	TRUE	1	1
ENSMUSG00000138573	Gm72936	3	top_abs_beta_meta	4.977817758075086	TRUE	GSE264344	GSE264344_design__T=Blood__H=3__B=NA__G=delivery_ad5__VS=baseline_0	<upstream_project_root>/00_metadata/verified_metadata/splited/GSE264344_design/GSE264344_design__T=Blood__H=3__B=NA__G=delivery_ad5__VS=baseline_0.tsv	anchor	acute_main	Blood	3	5	5	0.9366653756632484	0.9227029673516678	0.013962408311580576	-1.4906506287470978	1.4906506287470978	TRUE	1	1
ENSMUSG00000138573	Gm72936	3	top_abs_beta_meta	4.977817758075086	TRUE	GSE264344	GSE264344_design__T=Blood__H=6__B=NA__G=delivery_ad26__VS=baseline_0	<upstream_project_root>/00_metadata/verified_metadata/splited/GSE264344_design/GSE264344_design__T=Blood__H=6__B=NA__G=delivery_ad26__VS=baseline_0.tsv	anchor	acute_main	Blood	6	5	5	3.515367759659114	3.458811921749046	0.05655583791006835	-1.608817107532231	1.608817107532231	TRUE	1	1
ENSMUSG00000138573	Gm72936	3	top_abs_beta_meta	4.977817758075086	TRUE	GSE264344	GSE264344_design__T=Blood__H=6__B=NA__G=delivery_ad5__VS=baseline_0	<upstream_project_root>/00_metadata/verified_metadata/splited/GSE264344_design/GSE264344_design__T=Blood__H=6__B=NA__G=delivery_ad5__VS=baseline_0.tsv	anchor	acute_main	Blood	6	5	5	4.749455631909948	4.669770553640745	0.07968507826920312	-1.6777728743021973	1.6777728743021973	TRUE	1	1
ENSMUSG00000138573	Gm72936	3	top_abs_beta_meta	4.977817758075086	TRUE	GSE264344	GSE264344_design__T=Blood__H=72__B=NA__G=delivery_ad26__VS=baseline_0	<upstream_project_root>/00_metadata/verified_metadata/splited/GSE264344_design/GSE264344_design__T=Blood__H=72__B=NA__G=delivery_ad26__VS=baseline_0.tsv	external	extended_transfer	Blood	72	5	5	0.08713996296972348	0.08048437107010109	0.006655591899622393	-7.637818140839534	7.637818140839534	TRUE	0.7200000000000001	0.68
ENSMUSG00000138573	Gm72936	3	top_abs_beta_meta	4.977817758075086	TRUE	GSE264344	GSE264344_design__T=Blood__H=72__B=NA__G=delivery_ad5__VS=baseline_0	<upstream_project_root>/00_metadata/verified_metadata/splited/GSE264344_design/GSE264344_design__T=Blood__H=72__B=NA__G=delivery_ad5__VS=baseline_0.tsv	external	extended_transfer	Blood	72	5	5	0.26635130536495155	0.26659842651857957	2.47121153628016e-4	0.09278015487456065	0.09278015487456065	TRUE	0.96	0.96
ENSMUSG00000138573	Gm72936	3	top_abs_beta_meta	4.977817758075086	TRUE	GSE264344	GSE264344_design__T=dLN__H=1__B=NA__G=delivery_ad26__VS=baseline_0	<upstream_project_root>/00_metadata/verified_metadata/splited/GSE264344_design/GSE264344_design__T=dLN__H=1__B=NA__G=delivery_ad26__VS=baseline_0.tsv	anchor	acute_main	dLN	1	5	5	0.36951077174650715	0.36859691727511534	9.138544713918062e-4	-0.2473147039996797	0.2473147039996797	TRUE	0.8400000000000001	0.8400000000000001
ENSMUSG00000138573	Gm72936	3	top_abs_beta_meta	4.977817758075086	TRUE	GSE264344	GSE264344_design__T=dLN__H=1__B=NA__G=delivery_ad5__VS=baseline_0	<upstream_project_root>/00_metadata/verified_metadata/splited/GSE264344_design/GSE264344_design__T=dLN__H=1__B=NA__G=delivery_ad5__VS=baseline_0.tsv	anchor	acute_main	dLN	1	5	5	0.3592382013315616	0.3451837326998486	0.014054468631713002	-3.91229790696489	3.91229790696489	TRUE	0.8	0.8
ENSMUSG00000138573	Gm72936	3	top_abs_beta_meta	4.977817758075086	TRUE	GSE264344	GSE264344_design__T=dLN__H=12__B=NA__G=delivery_ad26__VS=baseline_0	<upstream_project_root>/00_metadata/verified_metadata/splited/GSE264344_design/GSE264344_design__T=dLN__H=12__B=NA__G=delivery_ad26__VS=baseline_0.tsv	anchor	acute_main	dLN	12	5	5	5.521888634175941	5.457174163676555	0.06471447049938561	-1.1719626161754941	1.1719626161754941	TRUE	1	1
ENSMUSG00000138573	Gm72936	3	top_abs_beta_meta	4.977817758075086	TRUE	GSE264344	GSE264344_design__T=dLN__H=12__B=NA__G=delivery_ad5__VS=baseline_0	<upstream_project_root>/00_metadata/verified_metadata/splited/GSE264344_design/GSE264344_design__T=dLN__H=12__B=NA__G=delivery_ad5__VS=baseline_0.tsv	anchor	acute_main	dLN	12	5	5	5.006224300092883	4.956936021173729	0.049288278919154216	-0.9845399639452779	0.9845399639452779	TRUE	1	1
ENSMUSG00000138573	Gm72936	3	top_abs_beta_meta	4.977817758075086	TRUE	GSE264344	GSE264344_design__T=dLN__H=24__B=NA__G=delivery_ad26__VS=baseline_0	<upstream_project_root>/00_metadata/verified_metadata/splited/GSE264344_design/GSE264344_design__T=dLN__H=24__B=NA__G=delivery_ad26__VS=baseline_0.tsv	anchor	acute_main	dLN	24	5	5	3.75024700596753	3.705287207071563	0.04495979889596713	-1.1988490044635849	1.1988490044635849	TRUE	1	1
ENSMUSG00000138573	Gm72936	3	top_abs_beta_meta	4.977817758075086	TRUE	GSE264344	GSE264344_design__T=dLN__H=24__B=NA__G=delivery_ad5__VS=baseline_0	<upstream_project_root>/00_metadata/verified_metadata/splited/GSE264344_design/GSE264344_design__T=dLN__H=24__B=NA__G=delivery_ad5__VS=baseline_0.tsv	anchor	acute_main	dLN	24	5	5	3.164769842555989	3.128157965227812	0.036611877328176945	-1.156857501479722	1.156857501479722	TRUE	1	1
ENSMUSG00000138573	Gm72936	3	top_abs_beta_meta	4.977817758075086	TRUE	GSE264344	GSE264344_design__T=dLN__H=3__B=NA__G=delivery_ad26__VS=baseline_0	<upstream_project_root>/00_metadata/verified_metadata/splited/GSE264344_design/GSE264344_design__T=dLN__H=3__B=NA__G=delivery_ad26__VS=baseline_0.tsv	anchor	acute_main	dLN	3	5	5	4.35817929066291	4.2977461237564425	0.06043316690646794	-1.3866608708811432	1.3866608708811432	TRUE	1	1
ENSMUSG00000138573	Gm72936	3	top_abs_beta_meta	4.977817758075086	TRUE	GSE264344	GSE264344_design__T=dLN__H=3__B=NA__G=delivery_ad5__VS=baseline_0	<upstream_project_root>/00_metadata/verified_metadata/splited/GSE264344_design/GSE264344_design__T=dLN__H=3__B=NA__G=delivery_ad5__VS=baseline_0.tsv	anchor	acute_main	dLN	3	5	5	2.7627049595948865	2.722880592346491	0.039824367248395554	-1.4414991043500809	1.4414991043500809	TRUE	1	1
ENSMUSG00000138573	Gm72936	3	top_abs_beta_meta	4.977817758075086	TRUE	GSE264344	GSE264344_design__T=dLN__H=6__B=NA__G=delivery_ad26__VS=baseline_0	<upstream_project_root>/00_metadata/verified_metadata/splited/GSE264344_design/GSE264344_design__T=dLN__H=6__B=NA__G=delivery_ad26__VS=baseline_0.tsv	anchor	acute_main	dLN	6	5	5	5.703930536988686	5.627067234483634	0.07686330250505247	-1.347549764265387	1.347549764265387	TRUE	1	1
ENSMUSG00000138573	Gm72936	3	top_abs_beta_meta	4.977817758075086	TRUE	GSE264344	GSE264344_design__T=dLN__H=6__B=NA__G=delivery_ad5__VS=baseline_0	<upstream_project_root>/00_metadata/verified_metadata/splited/GSE264344_design/GSE264344_design__T=dLN__H=6__B=NA__G=delivery_ad5__VS=baseline_0.tsv	anchor	acute_main	dLN	6	5	5	5.288429542245774	5.222612152974423	0.06581738927135117	-1.244554526926746	1.244554526926746	TRUE	1	1
ENSMUSG00000138573	Gm72936	3	top_abs_beta_meta	4.977817758075086	TRUE	GSE264344	GSE264344_design__T=dLN__H=72__B=NA__G=delivery_ad26__VS=baseline_0	<upstream_project_root>/00_metadata/verified_metadata/splited/GSE264344_design/GSE264344_design__T=dLN__H=72__B=NA__G=delivery_ad26__VS=baseline_0.tsv	external	extended_transfer	dLN	72	5	5	0.3932971804473866	0.3897423753609006	0.0035548050864859793	-0.9038470813450248	0.9038470813450248	TRUE	0.8	0.8
ENSMUSG00000138573	Gm72936	3	top_abs_beta_meta	4.977817758075086	TRUE	GSE264344	GSE264344_design__T=dLN__H=72__B=NA__G=delivery_ad5__VS=baseline_0	<upstream_project_root>/00_metadata/verified_metadata/splited/GSE264344_design/GSE264344_design__T=dLN__H=72__B=NA__G=delivery_ad5__VS=baseline_0.tsv	external	extended_transfer	dLN	72	5	5	0.4507210263939263	0.45329642406200676	0.002575397668080459	0.5713950575337889	0.5713950575337889	TRUE	0.8	0.8
ENSMUSG00000138573	Gm72936	3	top_abs_beta_meta	4.977817758075086	TRUE	GSE264344	GSE264344_design__T=Muscle__H=1__B=NA__G=delivery_ad26__VS=baseline_0	<upstream_project_root>/00_metadata/verified_metadata/splited/GSE264344_design/GSE264344_design__T=Muscle__H=1__B=NA__G=delivery_ad26__VS=baseline_0.tsv	anchor	acute_main	Muscle	1	5	5	0.5752137463208833	0.5550585702479086	0.02015517607297468	-3.503945481464746	3.503945481464746	TRUE	1	1
ENSMUSG00000138573	Gm72936	3	top_abs_beta_meta	4.977817758075086	TRUE	GSE264344	GSE264344_design__T=Muscle__H=1__B=NA__G=delivery_ad5__VS=baseline_0	<upstream_project_root>/00_metadata/verified_metadata/splited/GSE264344_design/GSE264344_design__T=Muscle__H=1__B=NA__G=delivery_ad5__VS=baseline_0.tsv	anchor	acute_main	Muscle	1	5	5	0.5210164970803043	0.5186523970726958	0.0023641000076084495	-0.4537476300379162	0.4537476300379162	TRUE	0.96	0.96
ENSMUSG00000138573	Gm72936	3	top_abs_beta_meta	4.977817758075086	TRUE	GSE264344	GSE264344_design__T=Muscle__H=12__B=NA__G=delivery_ad26__VS=baseline_0	<upstream_project_root>/00_metadata/verified_metadata/splited/GSE264344_design/GSE264344_design__T=Muscle__H=12__B=NA__G=delivery_ad26__VS=baseline_0.tsv	anchor	acute_main	Muscle	12	5	5	4.379052454232406	4.325709574667544	0.0533428795648625	-1.2181374880153806	1.2181374880153806	TRUE	1	1
ENSMUSG00000138573	Gm72936	3	top_abs_beta_meta	4.977817758075086	TRUE	GSE264344	GSE264344_design__T=Muscle__H=12__B=NA__G=delivery_ad5__VS=baseline_0	<upstream_project_root>/00_metadata/verified_metadata/splited/GSE264344_design/GSE264344_design__T=Muscle__H=12__B=NA__G=delivery_ad5__VS=baseline_0.tsv	anchor	acute_main	Muscle	12	5	5	4.561337243094393	4.526126428305652	0.03521081478874066	-0.7719406154861241	0.7719406154861241	TRUE	1	1
ENSMUSG00000138573	Gm72936	3	top_abs_beta_meta	4.977817758075086	TRUE	GSE264344	GSE264344_design__T=Muscle__H=24__B=NA__G=delivery_ad26__VS=baseline_0	<upstream_project_root>/00_metadata/verified_metadata/splited/GSE264344_design/GSE264344_design__T=Muscle__H=24__B=NA__G=delivery_ad26__VS=baseline_0.tsv	anchor	acute_main	Muscle	24	5	5	3.564906975120775	3.537382485516879	0.027524489603895752	-0.7720955917219482	0.7720955917219482	TRUE	1	1
ENSMUSG00000138573	Gm72936	3	top_abs_beta_meta	4.977817758075086	TRUE	GSE264344	GSE264344_design__T=Muscle__H=24__B=NA__G=delivery_ad5__VS=baseline_0	<upstream_project_root>/00_metadata/verified_metadata/splited/GSE264344_design/GSE264344_design__T=Muscle__H=24__B=NA__G=delivery_ad5__VS=baseline_0.tsv	anchor	acute_main	Muscle	24	5	5	3.5245362334746155	3.5064038359869527	0.01813239748766282	-0.514461940139774	0.514461940139774	TRUE	1	1
ENSMUSG00000138573	Gm72936	3	top_abs_beta_meta	4.977817758075086	TRUE	GSE264344	GSE264344_design__T=Muscle__H=3__B=NA__G=delivery_ad26__VS=baseline_0	<upstream_project_root>/00_metadata/verified_metadata/splited/GSE264344_design/GSE264344_design__T=Muscle__H=3__B=NA__G=delivery_ad26__VS=baseline_0.tsv	anchor	acute_main	Muscle	3	5	5	3.166868738099831	3.1056182291413683	0.061250508958462735	-1.9341031796352242	1.9341031796352242	TRUE	1	1
ENSMUSG00000138573	Gm72936	3	top_abs_beta_meta	4.977817758075086	TRUE	GSE264344	GSE264344_design__T=Muscle__H=3__B=NA__G=delivery_ad5__VS=baseline_0	<upstream_project_root>/00_metadata/verified_metadata/splited/GSE264344_design/GSE264344_design__T=Muscle__H=3__B=NA__G=delivery_ad5__VS=baseline_0.tsv	anchor	acute_main	Muscle	3	5	5	1.8285090170879783	1.795535953821995	0.03297306326598326	-1.8032759454746932	1.8032759454746932	TRUE	1	1
ENSMUSG00000138573	Gm72936	3	top_abs_beta_meta	4.977817758075086	TRUE	GSE264344	GSE264344_design__T=Muscle__H=6__B=NA__G=delivery_ad26__VS=baseline_0	<upstream_project_root>/00_metadata/verified_metadata/splited/GSE264344_design/GSE264344_design__T=Muscle__H=6__B=NA__G=delivery_ad26__VS=baseline_0.tsv	anchor	acute_main	Muscle	6	5	5	4.409334481944208	4.351919044106102	0.05741543783810599	-1.3021338724294236	1.3021338724294236	TRUE	1	1
ENSMUSG00000138573	Gm72936	3	top_abs_beta_meta	4.977817758075086	TRUE	GSE264344	GSE264344_design__T=Muscle__H=6__B=NA__G=delivery_ad5__VS=baseline_0	<upstream_project_root>/00_metadata/verified_metadata/splited/GSE264344_design/GSE264344_design__T=Muscle__H=6__B=NA__G=delivery_ad5__VS=baseline_0.tsv	anchor	acute_main	Muscle	6	5	5	4.115105313956205	4.07922192589875	0.035883388057454724	-0.8719919739540501	0.8719919739540501	TRUE	1	1
ENSMUSG00000138573	Gm72936	3	top_abs_beta_meta	4.977817758075086	TRUE	GSE264344	GSE264344_design__T=Muscle__H=72__B=NA__G=delivery_ad26__VS=baseline_0	<upstream_project_root>/00_metadata/verified_metadata/splited/GSE264344_design/GSE264344_design__T=Muscle__H=72__B=NA__G=delivery_ad26__VS=baseline_0.tsv	external	extended_transfer	Muscle	72	5	5	1.0550234100660878	1.055254014049872	2.3060398378427216e-4	0.02185771250041048	0.02185771250041048	TRUE	0.96	0.96
ENSMUSG00000138573	Gm72936	3	top_abs_beta_meta	4.977817758075086	TRUE	GSE264344	GSE264344_design__T=Muscle__H=72__B=NA__G=delivery_ad5__VS=baseline_0	<upstream_project_root>/00_metadata/verified_metadata/splited/GSE264344_design/GSE264344_design__T=Muscle__H=72__B=NA__G=delivery_ad5__VS=baseline_0.tsv	external	extended_transfer	Muscle	72	5	5	1.441223145245387	1.449304200456027	0.008081055210640065	0.5607081205502122	0.5607081205502122	TRUE	1	1
ENSMUSG00000035385	Ccl2	4	top_abs_beta_meta	4.6635139717927325	TRUE	GSE264344	GSE264344_design__T=Blood__H=1__B=NA__G=delivery_ad26__VS=baseline_0	<upstream_project_root>/00_metadata/verified_metadata/splited/GSE264344_design/GSE264344_design__T=Blood__H=1__B=NA__G=delivery_ad26__VS=baseline_0.tsv	anchor	acute_main	Blood	1	5	5	0.0779068941903649	0.06296766443057678	0.01493922975978812	-19.175748070875766	19.175748070875766	TRUE	0.68	0.68
ENSMUSG00000035385	Ccl2	4	top_abs_beta_meta	4.6635139717927325	TRUE	GSE264344	GSE264344_design__T=Blood__H=1__B=NA__G=delivery_ad5__VS=baseline_0	<upstream_project_root>/00_metadata/verified_metadata/splited/GSE264344_design/GSE264344_design__T=Blood__H=1__B=NA__G=delivery_ad5__VS=baseline_0.tsv	anchor	acute_main	Blood	1	5	5	0.22131834935303651	0.21205074340179153	0.009267605951244984	-4.187454848789668	4.187454848789668	TRUE	0.88	0.88
ENSMUSG00000035385	Ccl2	4	top_abs_beta_meta	4.6635139717927325	TRUE	GSE264344	GSE264344_design__T=Blood__H=12__B=NA__G=delivery_ad26__VS=baseline_0	<upstream_project_root>/00_metadata/verified_metadata/splited/GSE264344_design/GSE264344_design__T=Blood__H=12__B=NA__G=delivery_ad26__VS=baseline_0.tsv	anchor	acute_main	Blood	12	5	5	4.557142380026869	4.493424848480104	0.0637175315467653	-1.398190493806551	1.398190493806551	TRUE	1	1
ENSMUSG00000035385	Ccl2	4	top_abs_beta_meta	4.6635139717927325	TRUE	GSE264344	GSE264344_design__T=Blood__H=12__B=NA__G=delivery_ad5__VS=baseline_0	<upstream_project_root>/00_metadata/verified_metadata/splited/GSE264344_design/GSE264344_design__T=Blood__H=12__B=NA__G=delivery_ad5__VS=baseline_0.tsv	anchor	acute_main	Blood	12	5	5	2.7728375923214097	2.7306313534035547	0.04220623891785502	-1.5221316616138383	1.5221316616138383	TRUE	1	1
ENSMUSG00000035385	Ccl2	4	top_abs_beta_meta	4.6635139717927325	TRUE	GSE264344	GSE264344_design__T=Blood__H=24__B=NA__G=delivery_ad26__VS=baseline_0	<upstream_project_root>/00_metadata/verified_metadata/splited/GSE264344_design/GSE264344_design__T=Blood__H=24__B=NA__G=delivery_ad26__VS=baseline_0.tsv	anchor	acute_main	Blood	24	5	5	2.7381119047981937	2.705690898946819	0.03242100585137475	-1.1840643106865374	1.1840643106865374	TRUE	1	1
ENSMUSG00000035385	Ccl2	4	top_abs_beta_meta	4.6635139717927325	TRUE	GSE264344	GSE264344_design__T=Blood__H=24__B=NA__G=delivery_ad5__VS=baseline_0	<upstream_project_root>/00_metadata/verified_metadata/splited/GSE264344_design/GSE264344_design__T=Blood__H=24__B=NA__G=delivery_ad5__VS=baseline_0.tsv	anchor	acute_main	Blood	24	5	5	1.4094733289679715	1.4031988368634112	0.006274492104560325	-0.4451657208125082	0.4451657208125082	TRUE	1	1
ENSMUSG00000035385	Ccl2	4	top_abs_beta_meta	4.6635139717927325	TRUE	GSE264344	GSE264344_design__T=Blood__H=3__B=NA__G=delivery_ad26__VS=baseline_0	<upstream_project_root>/00_metadata/verified_metadata/splited/GSE264344_design/GSE264344_design__T=Blood__H=3__B=NA__G=delivery_ad26__VS=baseline_0.tsv	anchor	acute_main	Blood	3	5	5	3.6646891330381473	3.6027279222198434	0.06196121081830386	-1.6907630789118526	1.6907630789118526	TRUE	1	1
ENSMUSG00000035385	Ccl2	4	top_abs_beta_meta	4.6635139717927325	TRUE	GSE264344	GSE264344_design__T=Blood__H=3__B=NA__G=delivery_ad5__VS=baseline_0	<upstream_project_root>/00_metadata/verified_metadata/splited/GSE264344_design/GSE264344_design__T=Blood__H=3__B=NA__G=delivery_ad5__VS=baseline_0.tsv	anchor	acute_main	Blood	3	5	5	0.9366653756632484	0.9075935907454441	0.029071784917804266	-3.103753557370333	3.103753557370333	TRUE	1	1
ENSMUSG00000035385	Ccl2	4	top_abs_beta_meta	4.6635139717927325	TRUE	GSE264344	GSE264344_design__T=Blood__H=6__B=NA__G=delivery_ad26__VS=baseline_0	<upstream_project_root>/00_metadata/verified_metadata/splited/GSE264344_design/GSE264344_design__T=Blood__H=6__B=NA__G=delivery_ad26__VS=baseline_0.tsv	anchor	acute_main	Blood	6	5	5	3.515367759659114	3.4611878956028406	0.05417986405627362	-1.5412289057781952	1.5412289057781952	TRUE	1	1
ENSMUSG00000035385	Ccl2	4	top_abs_beta_meta	4.6635139717927325	TRUE	GSE264344	GSE264344_design__T=Blood__H=6__B=NA__G=delivery_ad5__VS=baseline_0	<upstream_project_root>/00_metadata/verified_metadata/splited/GSE264344_design/GSE264344_design__T=Blood__H=6__B=NA__G=delivery_ad5__VS=baseline_0.tsv	anchor	acute_main	Blood	6	5	5	4.749455631909948	4.673649801063617	0.0758058308463303	-1.5960951469262534	1.5960951469262534	TRUE	1	1
ENSMUSG00000035385	Ccl2	4	top_abs_beta_meta	4.6635139717927325	TRUE	GSE264344	GSE264344_design__T=Blood__H=72__B=NA__G=delivery_ad26__VS=baseline_0	<upstream_project_root>/00_metadata/verified_metadata/splited/GSE264344_design/GSE264344_design__T=Blood__H=72__B=NA__G=delivery_ad26__VS=baseline_0.tsv	external	extended_transfer	Blood	72	5	5	0.08713996296972348	0.09144145028785222	0.004301487318128738	4.936296931435783	4.936296931435783	TRUE	0.7200000000000001	0.7200000000000001
ENSMUSG00000035385	Ccl2	4	top_abs_beta_meta	4.6635139717927325	TRUE	GSE264344	GSE264344_design__T=Blood__H=72__B=NA__G=delivery_ad5__VS=baseline_0	<upstream_project_root>/00_metadata/verified_metadata/splited/GSE264344_design/GSE264344_design__T=Blood__H=72__B=NA__G=delivery_ad5__VS=baseline_0.tsv	external	extended_transfer	Blood	72	5	5	0.26635130536495155	0.2610189792505122	0.005332326114439345	-2.001989855890908	2.001989855890908	TRUE	0.96	0.96
ENSMUSG00000035385	Ccl2	4	top_abs_beta_meta	4.6635139717927325	TRUE	GSE264344	GSE264344_design__T=dLN__H=1__B=NA__G=delivery_ad26__VS=baseline_0	<upstream_project_root>/00_metadata/verified_metadata/splited/GSE264344_design/GSE264344_design__T=dLN__H=1__B=NA__G=delivery_ad26__VS=baseline_0.tsv	anchor	acute_main	dLN	1	5	5	0.36951077174650715	0.3376593547078445	0.03185141703866268	-8.6198886403543	8.6198886403543	TRUE	0.8400000000000001	0.8400000000000001
ENSMUSG00000035385	Ccl2	4	top_abs_beta_meta	4.6635139717927325	TRUE	GSE264344	GSE264344_design__T=dLN__H=1__B=NA__G=delivery_ad5__VS=baseline_0	<upstream_project_root>/00_metadata/verified_metadata/splited/GSE264344_design/GSE264344_design__T=dLN__H=1__B=NA__G=delivery_ad5__VS=baseline_0.tsv	anchor	acute_main	dLN	1	5	5	0.3592382013315616	0.3163221644250066	0.04291603690655499	-11.946401231127787	11.946401231127787	TRUE	0.8	0.8
ENSMUSG00000035385	Ccl2	4	top_abs_beta_meta	4.6635139717927325	TRUE	GSE264344	GSE264344_design__T=dLN__H=12__B=NA__G=delivery_ad26__VS=baseline_0	<upstream_project_root>/00_metadata/verified_metadata/splited/GSE264344_design/GSE264344_design__T=dLN__H=12__B=NA__G=delivery_ad26__VS=baseline_0.tsv	anchor	acute_main	dLN	12	5	5	5.521888634175941	5.440256152466553	0.08163248170938786	-1.47834350015953	1.47834350015953	TRUE	1	1
ENSMUSG00000035385	Ccl2	4	top_abs_beta_meta	4.6635139717927325	TRUE	GSE264344	GSE264344_design__T=dLN__H=12__B=NA__G=delivery_ad5__VS=baseline_0	<upstream_project_root>/00_metadata/verified_metadata/splited/GSE264344_design/GSE264344_design__T=dLN__H=12__B=NA__G=delivery_ad5__VS=baseline_0.tsv	anchor	acute_main	dLN	12	5	5	5.006224300092883	4.940900482286271	0.065323817806612	-1.3048519980497082	1.3048519980497082	TRUE	1	1
ENSMUSG00000035385	Ccl2	4	top_abs_beta_meta	4.6635139717927325	TRUE	GSE264344	GSE264344_design__T=dLN__H=24__B=NA__G=delivery_ad26__VS=baseline_0	<upstream_project_root>/00_metadata/verified_metadata/splited/GSE264344_design/GSE264344_design__T=dLN__H=24__B=NA__G=delivery_ad26__VS=baseline_0.tsv	anchor	acute_main	dLN	24	5	5	3.75024700596753	3.7074310089003264	0.042815997067203515	-1.1416847210083265	1.1416847210083265	TRUE	1	1
ENSMUSG00000035385	Ccl2	4	top_abs_beta_meta	4.6635139717927325	TRUE	GSE264344	GSE264344_design__T=dLN__H=24__B=NA__G=delivery_ad5__VS=baseline_0	<upstream_project_root>/00_metadata/verified_metadata/splited/GSE264344_design/GSE264344_design__T=dLN__H=24__B=NA__G=delivery_ad5__VS=baseline_0.tsv	anchor	acute_main	dLN	24	5	5	3.164769842555989	3.1340500600292134	0.030719782526775763	-0.9706798299735216	0.9706798299735216	TRUE	1	1
ENSMUSG00000035385	Ccl2	4	top_abs_beta_meta	4.6635139717927325	TRUE	GSE264344	GSE264344_design__T=dLN__H=3__B=NA__G=delivery_ad26__VS=baseline_0	<upstream_project_root>/00_metadata/verified_metadata/splited/GSE264344_design/GSE264344_design__T=dLN__H=3__B=NA__G=delivery_ad26__VS=baseline_0.tsv	anchor	acute_main	dLN	3	5	5	4.35817929066291	4.29194275578078	0.06623653488213055	-1.5198212479242792	1.5198212479242792	TRUE	1	1
ENSMUSG00000035385	Ccl2	4	top_abs_beta_meta	4.6635139717927325	TRUE	GSE264344	GSE264344_design__T=dLN__H=3__B=NA__G=delivery_ad5__VS=baseline_0	<upstream_project_root>/00_metadata/verified_metadata/splited/GSE264344_design/GSE264344_design__T=dLN__H=3__B=NA__G=delivery_ad5__VS=baseline_0.tsv	anchor	acute_main	dLN	3	5	5	2.7627049595948865	2.7203240022212123	0.0423809573736742	-1.534038487406516	1.534038487406516	TRUE	1	1
ENSMUSG00000035385	Ccl2	4	top_abs_beta_meta	4.6635139717927325	TRUE	GSE264344	GSE264344_design__T=dLN__H=6__B=NA__G=delivery_ad26__VS=baseline_0	<upstream_project_root>/00_metadata/verified_metadata/splited/GSE264344_design/GSE264344_design__T=dLN__H=6__B=NA__G=delivery_ad26__VS=baseline_0.tsv	anchor	acute_main	dLN	6	5	5	5.703930536988686	5.6237446831824185	0.08018585380626764	-1.4057999704989514	1.4057999704989514	TRUE	1	1
ENSMUSG00000035385	Ccl2	4	top_abs_beta_meta	4.6635139717927325	TRUE	GSE264344	GSE264344_design__T=dLN__H=6__B=NA__G=delivery_ad5__VS=baseline_0	<upstream_project_root>/00_metadata/verified_metadata/splited/GSE264344_design/GSE264344_design__T=dLN__H=6__B=NA__G=delivery_ad5__VS=baseline_0.tsv	anchor	acute_main	dLN	6	5	5	5.288429542245774	5.219991244468332	0.06843829777744226	-1.29411382397617	1.29411382397617	TRUE	1	1
ENSMUSG00000035385	Ccl2	4	top_abs_beta_meta	4.6635139717927325	TRUE	GSE264344	GSE264344_design__T=dLN__H=72__B=NA__G=delivery_ad26__VS=baseline_0	<upstream_project_root>/00_metadata/verified_metadata/splited/GSE264344_design/GSE264344_design__T=dLN__H=72__B=NA__G=delivery_ad26__VS=baseline_0.tsv	external	extended_transfer	dLN	72	5	5	0.3932971804473866	0.382606431022643	0.010690749424743573	-2.7182369862358398	2.7182369862358398	TRUE	0.8	0.8
ENSMUSG00000035385	Ccl2	4	top_abs_beta_meta	4.6635139717927325	TRUE	GSE264344	GSE264344_design__T=dLN__H=72__B=NA__G=delivery_ad5__VS=baseline_0	<upstream_project_root>/00_metadata/verified_metadata/splited/GSE264344_design/GSE264344_design__T=dLN__H=72__B=NA__G=delivery_ad5__VS=baseline_0.tsv	external	extended_transfer	dLN	72	5	5	0.4507210263939263	0.44142531228810966	0.009295714105816644	-2.0624096861397074	2.0624096861397074	TRUE	0.8	0.8
ENSMUSG00000035385	Ccl2	4	top_abs_beta_meta	4.6635139717927325	TRUE	GSE264344	GSE264344_design__T=Muscle__H=1__B=NA__G=delivery_ad26__VS=baseline_0	<upstream_project_root>/00_metadata/verified_metadata/splited/GSE264344_design/GSE264344_design__T=Muscle__H=1__B=NA__G=delivery_ad26__VS=baseline_0.tsv	anchor	acute_main	Muscle	1	5	5	0.5752137463208833	0.5299563638452672	0.04525738247561606	-7.867924361176375	7.867924361176375	TRUE	1	1
ENSMUSG00000035385	Ccl2	4	top_abs_beta_meta	4.6635139717927325	TRUE	GSE264344	GSE264344_design__T=Muscle__H=1__B=NA__G=delivery_ad5__VS=baseline_0	<upstream_project_root>/00_metadata/verified_metadata/splited/GSE264344_design/GSE264344_design__T=Muscle__H=1__B=NA__G=delivery_ad5__VS=baseline_0.tsv	anchor	acute_main	Muscle	1	5	5	0.5210164970803043	0.476134747270768	0.0448817498095363	-8.614266546461902	8.614266546461902	TRUE	0.96	0.96
ENSMUSG00000035385	Ccl2	4	top_abs_beta_meta	4.6635139717927325	TRUE	GSE264344	GSE264344_design__T=Muscle__H=12__B=NA__G=delivery_ad26__VS=baseline_0	<upstream_project_root>/00_metadata/verified_metadata/splited/GSE264344_design/GSE264344_design__T=Muscle__H=12__B=NA__G=delivery_ad26__VS=baseline_0.tsv	anchor	acute_main	Muscle	12	5	5	4.379052454232406	4.315643126729569	0.06340932750283734	-1.448014796935156	1.448014796935156	TRUE	1	1
ENSMUSG00000035385	Ccl2	4	top_abs_beta_meta	4.6635139717927325	TRUE	GSE264344	GSE264344_design__T=Muscle__H=12__B=NA__G=delivery_ad5__VS=baseline_0	<upstream_project_root>/00_metadata/verified_metadata/splited/GSE264344_design/GSE264344_design__T=Muscle__H=12__B=NA__G=delivery_ad5__VS=baseline_0.tsv	anchor	acute_main	Muscle	12	5	5	4.561337243094393	4.493140790266839	0.0681964528275536	-1.4950978012160618	1.4950978012160618	TRUE	1	1
ENSMUSG00000035385	Ccl2	4	top_abs_beta_meta	4.6635139717927325	TRUE	GSE264344	GSE264344_design__T=Muscle__H=24__B=NA__G=delivery_ad26__VS=baseline_0	<upstream_project_root>/00_metadata/verified_metadata/splited/GSE264344_design/GSE264344_design__T=Muscle__H=24__B=NA__G=delivery_ad26__VS=baseline_0.tsv	anchor	acute_main	Muscle	24	5	5	3.564906975120775	3.505047802633235	0.059859172487540135	-1.6791229870875433	1.6791229870875433	TRUE	1	1
ENSMUSG00000035385	Ccl2	4	top_abs_beta_meta	4.6635139717927325	TRUE	GSE264344	GSE264344_design__T=Muscle__H=24__B=NA__G=delivery_ad5__VS=baseline_0	<upstream_project_root>/00_metadata/verified_metadata/splited/GSE264344_design/GSE264344_design__T=Muscle__H=24__B=NA__G=delivery_ad5__VS=baseline_0.tsv	anchor	acute_main	Muscle	24	5	5	3.5245362334746155	3.467961891188086	0.05657434228652969	-1.6051570629125482	1.6051570629125482	TRUE	1	1
ENSMUSG00000035385	Ccl2	4	top_abs_beta_meta	4.6635139717927325	TRUE	GSE264344	GSE264344_design__T=Muscle__H=3__B=NA__G=delivery_ad26__VS=baseline_0	<upstream_project_root>/00_metadata/verified_metadata/splited/GSE264344_design/GSE264344_design__T=Muscle__H=3__B=NA__G=delivery_ad26__VS=baseline_0.tsv	anchor	acute_main	Muscle	3	5	5	3.166868738099831	3.105709631319184	0.061159106780646955	-1.931216979246931	1.931216979246931	TRUE	1	1
ENSMUSG00000035385	Ccl2	4	top_abs_beta_meta	4.6635139717927325	TRUE	GSE264344	GSE264344_design__T=Muscle__H=3__B=NA__G=delivery_ad5__VS=baseline_0	<upstream_project_root>/00_metadata/verified_metadata/splited/GSE264344_design/GSE264344_design__T=Muscle__H=3__B=NA__G=delivery_ad5__VS=baseline_0.tsv	anchor	acute_main	Muscle	3	5	5	1.8285090170879783	1.7727524131291177	0.05575660395886062	-3.0492933552855375	3.0492933552855375	TRUE	1	1
ENSMUSG00000035385	Ccl2	4	top_abs_beta_meta	4.6635139717927325	TRUE	GSE264344	GSE264344_design__T=Muscle__H=6__B=NA__G=delivery_ad26__VS=baseline_0	<upstream_project_root>/00_metadata/verified_metadata/splited/GSE264344_design/GSE264344_design__T=Muscle__H=6__B=NA__G=delivery_ad26__VS=baseline_0.tsv	anchor	acute_main	Muscle	6	5	5	4.409334481944208	4.343482738430563	0.06585174351364564	-1.4934621944264392	1.4934621944264392	TRUE	1	1
ENSMUSG00000035385	Ccl2	4	top_abs_beta_meta	4.6635139717927325	TRUE	GSE264344	GSE264344_design__T=Muscle__H=6__B=NA__G=delivery_ad5__VS=baseline_0	<upstream_project_root>/00_metadata/verified_metadata/splited/GSE264344_design/GSE264344_design__T=Muscle__H=6__B=NA__G=delivery_ad5__VS=baseline_0.tsv	anchor	acute_main	Muscle	6	5	5	4.115105313956205	4.049980149823744	0.06512516413246061	-1.5825880302890762	1.5825880302890762	TRUE	1	1
ENSMUSG00000035385	Ccl2	4	top_abs_beta_meta	4.6635139717927325	TRUE	GSE264344	GSE264344_design__T=Muscle__H=72__B=NA__G=delivery_ad26__VS=baseline_0	<upstream_project_root>/00_metadata/verified_metadata/splited/GSE264344_design/GSE264344_design__T=Muscle__H=72__B=NA__G=delivery_ad26__VS=baseline_0.tsv	external	extended_transfer	Muscle	72	5	5	1.0550234100660878	1.0320337043015229	0.02298970576456494	-2.1790706770312176	2.1790706770312176	TRUE	0.96	0.96
ENSMUSG00000035385	Ccl2	4	top_abs_beta_meta	4.6635139717927325	TRUE	GSE264344	GSE264344_design__T=Muscle__H=72__B=NA__G=delivery_ad5__VS=baseline_0	<upstream_project_root>/00_metadata/verified_metadata/splited/GSE264344_design/GSE264344_design__T=Muscle__H=72__B=NA__G=delivery_ad5__VS=baseline_0.tsv	external	extended_transfer	Muscle	72	5	5	1.441223145245387	1.4165708957915362	0.024652249453850805	-1.71050885042881	1.71050885042881	TRUE	1	1
ENSMUSG00000034855	Cxcl10	5	top_abs_beta_meta	4.612796832918611	TRUE	GSE264344	GSE264344_design__T=Blood__H=1__B=NA__G=delivery_ad26__VS=baseline_0	<upstream_project_root>/00_metadata/verified_metadata/splited/GSE264344_design/GSE264344_design__T=Blood__H=1__B=NA__G=delivery_ad26__VS=baseline_0.tsv	anchor	acute_main	Blood	1	5	5	0.0779068941903649	0.07495664160857873	0.0029502525817861613	-3.786895386404754	3.786895386404754	TRUE	0.68	0.68
ENSMUSG00000034855	Cxcl10	5	top_abs_beta_meta	4.612796832918611	TRUE	GSE264344	GSE264344_design__T=Blood__H=1__B=NA__G=delivery_ad5__VS=baseline_0	<upstream_project_root>/00_metadata/verified_metadata/splited/GSE264344_design/GSE264344_design__T=Blood__H=1__B=NA__G=delivery_ad5__VS=baseline_0.tsv	anchor	acute_main	Blood	1	5	5	0.22131834935303651	0.22072447861581257	5.938707372239449e-4	-0.2683332579336341	0.2683332579336341	TRUE	0.88	0.88
ENSMUSG00000034855	Cxcl10	5	top_abs_beta_meta	4.612796832918611	TRUE	GSE264344	GSE264344_design__T=Blood__H=12__B=NA__G=delivery_ad26__VS=baseline_0	<upstream_project_root>/00_metadata/verified_metadata/splited/GSE264344_design/GSE264344_design__T=Blood__H=12__B=NA__G=delivery_ad26__VS=baseline_0.tsv	anchor	acute_main	Blood	12	5	5	4.557142380026869	4.560724370518441	0.003581990491571929	0.07860168045815609	0.07860168045815609	TRUE	1	1
ENSMUSG00000034855	Cxcl10	5	top_abs_beta_meta	4.612796832918611	TRUE	GSE264344	GSE264344_design__T=Blood__H=12__B=NA__G=delivery_ad5__VS=baseline_0	<upstream_project_root>/00_metadata/verified_metadata/splited/GSE264344_design/GSE264344_design__T=Blood__H=12__B=NA__G=delivery_ad5__VS=baseline_0.tsv	anchor	acute_main	Blood	12	5	5	2.7728375923214097	2.7814103848329026	0.0085727925114929	0.30917037965847066	0.30917037965847066	TRUE	1	1
ENSMUSG00000034855	Cxcl10	5	top_abs_beta_meta	4.612796832918611	TRUE	GSE264344	GSE264344_design__T=Blood__H=24__B=NA__G=delivery_ad26__VS=baseline_0	<upstream_project_root>/00_metadata/verified_metadata/splited/GSE264344_design/GSE264344_design__T=Blood__H=24__B=NA__G=delivery_ad26__VS=baseline_0.tsv	anchor	acute_main	Blood	24	5	5	2.7381119047981937	2.752134348860933	0.014022444062739226	0.5121209267658736	0.5121209267658736	TRUE	1	1
ENSMUSG00000034855	Cxcl10	5	top_abs_beta_meta	4.612796832918611	TRUE	GSE264344	GSE264344_design__T=Blood__H=24__B=NA__G=delivery_ad5__VS=baseline_0	<upstream_project_root>/00_metadata/verified_metadata/splited/GSE264344_design/GSE264344_design__T=Blood__H=24__B=NA__G=delivery_ad5__VS=baseline_0.tsv	anchor	acute_main	Blood	24	5	5	1.4094733289679715	1.418847370055125	0.00937404108715345	0.6650740311643359	0.6650740311643359	TRUE	1	1
ENSMUSG00000034855	Cxcl10	5	top_abs_beta_meta	4.612796832918611	TRUE	GSE264344	GSE264344_design__T=Blood__H=3__B=NA__G=delivery_ad26__VS=baseline_0	<upstream_project_root>/00_metadata/verified_metadata/splited/GSE264344_design/GSE264344_design__T=Blood__H=3__B=NA__G=delivery_ad26__VS=baseline_0.tsv	anchor	acute_main	Blood	3	5	5	3.6646891330381473	3.6510805611149717	0.01360857192317555	-0.3713431461482136	0.3713431461482136	TRUE	1	1
ENSMUSG00000034855	Cxcl10	5	top_abs_beta_meta	4.612796832918611	TRUE	GSE264344	GSE264344_design__T=Blood__H=3__B=NA__G=delivery_ad5__VS=baseline_0	<upstream_project_root>/00_metadata/verified_metadata/splited/GSE264344_design/GSE264344_design__T=Blood__H=3__B=NA__G=delivery_ad5__VS=baseline_0.tsv	anchor	acute_main	Blood	3	5	5	0.9366653756632484	0.935899886108257	7.654895549913387e-4	-0.08172497616337096	0.08172497616337096	TRUE	1	1
ENSMUSG00000034855	Cxcl10	5	top_abs_beta_meta	4.612796832918611	TRUE	GSE264344	GSE264344_design__T=Blood__H=6__B=NA__G=delivery_ad26__VS=baseline_0	<upstream_project_root>/00_metadata/verified_metadata/splited/GSE264344_design/GSE264344_design__T=Blood__H=6__B=NA__G=delivery_ad26__VS=baseline_0.tsv	anchor	acute_main	Blood	6	5	5	3.515367759659114	3.515524392300188	1.5663264107379504e-4	0.00445565448005883	0.00445565448005883	TRUE	1	1
ENSMUSG00000034855	Cxcl10	5	top_abs_beta_meta	4.612796832918611	TRUE	GSE264344	GSE264344_design__T=Blood__H=6__B=NA__G=delivery_ad5__VS=baseline_0	<upstream_project_root>/00_metadata/verified_metadata/splited/GSE264344_design/GSE264344_design__T=Blood__H=6__B=NA__G=delivery_ad5__VS=baseline_0.tsv	anchor	acute_main	Blood	6	5	5	4.749455631909948	4.742332369136402	0.007123262773546024	-0.1499806151611837	0.1499806151611837	TRUE	1	1
ENSMUSG00000034855	Cxcl10	5	top_abs_beta_meta	4.612796832918611	TRUE	GSE264344	GSE264344_design__T=Blood__H=72__B=NA__G=delivery_ad26__VS=baseline_0	<upstream_project_root>/00_metadata/verified_metadata/splited/GSE264344_design/GSE264344_design__T=Blood__H=72__B=NA__G=delivery_ad26__VS=baseline_0.tsv	external	extended_transfer	Blood	72	5	5	0.08713996296972348	0.08902303754240604	0.0018830745726825526	2.1609770173265064	2.1609770173265064	TRUE	0.7200000000000001	0.7200000000000001
ENSMUSG00000034855	Cxcl10	5	top_abs_beta_meta	4.612796832918611	TRUE	GSE264344	GSE264344_design__T=Blood__H=72__B=NA__G=delivery_ad5__VS=baseline_0	<upstream_project_root>/00_metadata/verified_metadata/splited/GSE264344_design/GSE264344_design__T=Blood__H=72__B=NA__G=delivery_ad5__VS=baseline_0.tsv	external	extended_transfer	Blood	72	5	5	0.26635130536495155	0.2664417338886498	9.042852369822718e-5	0.03395084682401801	0.03395084682401801	TRUE	0.96	0.96
ENSMUSG00000034855	Cxcl10	5	top_abs_beta_meta	4.612796832918611	TRUE	GSE264344	GSE264344_design__T=dLN__H=1__B=NA__G=delivery_ad26__VS=baseline_0	<upstream_project_root>/00_metadata/verified_metadata/splited/GSE264344_design/GSE264344_design__T=dLN__H=1__B=NA__G=delivery_ad26__VS=baseline_0.tsv	anchor	acute_main	dLN	1	5	5	0.36951077174650715	0.35506455105626744	0.014446220690239708	-3.9095533323586427	3.9095533323586427	TRUE	0.8400000000000001	0.8400000000000001
ENSMUSG00000034855	Cxcl10	5	top_abs_beta_meta	4.612796832918611	TRUE	GSE264344	GSE264344_design__T=dLN__H=1__B=NA__G=delivery_ad5__VS=baseline_0	<upstream_project_root>/00_metadata/verified_metadata/splited/GSE264344_design/GSE264344_design__T=dLN__H=1__B=NA__G=delivery_ad5__VS=baseline_0.tsv	anchor	acute_main	dLN	1	5	5	0.3592382013315616	0.3511626227813739	0.008075578550187701	-2.2479732167276625	2.2479732167276625	TRUE	0.8	0.8
ENSMUSG00000034855	Cxcl10	5	top_abs_beta_meta	4.612796832918611	TRUE	GSE264344	GSE264344_design__T=dLN__H=12__B=NA__G=delivery_ad26__VS=baseline_0	<upstream_project_root>/00_metadata/verified_metadata/splited/GSE264344_design/GSE264344_design__T=dLN__H=12__B=NA__G=delivery_ad26__VS=baseline_0.tsv	anchor	acute_main	dLN	12	5	5	5.521888634175941	5.533519430020582	0.011630795844641106	0.21063075724954075	0.21063075724954075	TRUE	1	1
ENSMUSG00000034855	Cxcl10	5	top_abs_beta_meta	4.612796832918611	TRUE	GSE264344	GSE264344_design__T=dLN__H=12__B=NA__G=delivery_ad5__VS=baseline_0	<upstream_project_root>/00_metadata/verified_metadata/splited/GSE264344_design/GSE264344_design__T=dLN__H=12__B=NA__G=delivery_ad5__VS=baseline_0.tsv	anchor	acute_main	dLN	12	5	5	5.006224300092883	5.017957471634921	0.011733171542037901	0.234371670918145	0.234371670918145	TRUE	1	1
ENSMUSG00000034855	Cxcl10	5	top_abs_beta_meta	4.612796832918611	TRUE	GSE264344	GSE264344_design__T=dLN__H=24__B=NA__G=delivery_ad26__VS=baseline_0	<upstream_project_root>/00_metadata/verified_metadata/splited/GSE264344_design/GSE264344_design__T=dLN__H=24__B=NA__G=delivery_ad26__VS=baseline_0.tsv	anchor	acute_main	dLN	24	5	5	3.75024700596753	3.760539732988639	0.010292727021109283	0.27445464271369646	0.27445464271369646	TRUE	1	1
ENSMUSG00000034855	Cxcl10	5	top_abs_beta_meta	4.612796832918611	TRUE	GSE264344	GSE264344_design__T=dLN__H=24__B=NA__G=delivery_ad5__VS=baseline_0	<upstream_project_root>/00_metadata/verified_metadata/splited/GSE264344_design/GSE264344_design__T=dLN__H=24__B=NA__G=delivery_ad5__VS=baseline_0.tsv	anchor	acute_main	dLN	24	5	5	3.164769842555989	3.178152581477728	0.013382738921738913	0.42286610361941834	0.42286610361941834	TRUE	1	1
ENSMUSG00000034855	Cxcl10	5	top_abs_beta_meta	4.612796832918611	TRUE	GSE264344	GSE264344_design__T=dLN__H=3__B=NA__G=delivery_ad26__VS=baseline_0	<upstream_project_root>/00_metadata/verified_metadata/splited/GSE264344_design/GSE264344_design__T=dLN__H=3__B=NA__G=delivery_ad26__VS=baseline_0.tsv	anchor	acute_main	dLN	3	5	5	4.35817929066291	4.352362220435065	0.005817070227845278	-0.1334747801750134	0.1334747801750134	TRUE	1	1
ENSMUSG00000034855	Cxcl10	5	top_abs_beta_meta	4.612796832918611	TRUE	GSE264344	GSE264344_design__T=dLN__H=3__B=NA__G=delivery_ad5__VS=baseline_0	<upstream_project_root>/00_metadata/verified_metadata/splited/GSE264344_design/GSE264344_design__T=dLN__H=3__B=NA__G=delivery_ad5__VS=baseline_0.tsv	anchor	acute_main	dLN	3	5	5	2.7627049595948865	2.7490016357255507	0.013703323869335815	-0.49601112206151843	0.49601112206151843	TRUE	1	1
ENSMUSG00000034855	Cxcl10	5	top_abs_beta_meta	4.612796832918611	TRUE	GSE264344	GSE264344_design__T=dLN__H=6__B=NA__G=delivery_ad26__VS=baseline_0	<upstream_project_root>/00_metadata/verified_metadata/splited/GSE264344_design/GSE264344_design__T=dLN__H=6__B=NA__G=delivery_ad26__VS=baseline_0.tsv	anchor	acute_main	dLN	6	5	5	5.703930536988686	5.711593604770745	0.007663067782059052	0.13434714417305416	0.13434714417305416	TRUE	1	1
ENSMUSG00000034855	Cxcl10	5	top_abs_beta_meta	4.612796832918611	TRUE	GSE264344	GSE264344_design__T=dLN__H=6__B=NA__G=delivery_ad5__VS=baseline_0	<upstream_project_root>/00_metadata/verified_metadata/splited/GSE264344_design/GSE264344_design__T=dLN__H=6__B=NA__G=delivery_ad5__VS=baseline_0.tsv	anchor	acute_main	dLN	6	5	5	5.288429542245774	5.294889175134523	0.006459632888748956	0.12214652454281959	0.12214652454281959	TRUE	1	1
ENSMUSG00000034855	Cxcl10	5	top_abs_beta_meta	4.612796832918611	TRUE	GSE264344	GSE264344_design__T=dLN__H=72__B=NA__G=delivery_ad26__VS=baseline_0	<upstream_project_root>/00_metadata/verified_metadata/splited/GSE264344_design/GSE264344_design__T=dLN__H=72__B=NA__G=delivery_ad26__VS=baseline_0.tsv	external	extended_transfer	dLN	72	5	5	0.3932971804473866	0.3940000577565118	7.028773091252161e-4	0.1787140473078585	0.1787140473078585	TRUE	0.8	0.8
ENSMUSG00000034855	Cxcl10	5	top_abs_beta_meta	4.612796832918611	TRUE	GSE264344	GSE264344_design__T=dLN__H=72__B=NA__G=delivery_ad5__VS=baseline_0	<upstream_project_root>/00_metadata/verified_metadata/splited/GSE264344_design/GSE264344_design__T=dLN__H=72__B=NA__G=delivery_ad5__VS=baseline_0.tsv	external	extended_transfer	dLN	72	5	5	0.4507210263939263	0.44860954428607014	0.0021114821078561663	-0.46846762946682435	0.46846762946682435	TRUE	0.8	0.8
ENSMUSG00000034855	Cxcl10	5	top_abs_beta_meta	4.612796832918611	TRUE	GSE264344	GSE264344_design__T=Muscle__H=1__B=NA__G=delivery_ad26__VS=baseline_0	<upstream_project_root>/00_metadata/verified_metadata/splited/GSE264344_design/GSE264344_design__T=Muscle__H=1__B=NA__G=delivery_ad26__VS=baseline_0.tsv	anchor	acute_main	Muscle	1	5	5	0.5752137463208833	0.557126125185258	0.018087621135625342	-3.1445043257945984	3.1445043257945984	TRUE	1	1
ENSMUSG00000034855	Cxcl10	5	top_abs_beta_meta	4.612796832918611	TRUE	GSE264344	GSE264344_design__T=Muscle__H=1__B=NA__G=delivery_ad5__VS=baseline_0	<upstream_project_root>/00_metadata/verified_metadata/splited/GSE264344_design/GSE264344_design__T=Muscle__H=1__B=NA__G=delivery_ad5__VS=baseline_0.tsv	anchor	acute_main	Muscle	1	5	5	0.5210164970803043	0.5049702317489774	0.016046265331326914	-3.0797998568658955	3.0797998568658955	TRUE	0.96	0.96
ENSMUSG00000034855	Cxcl10	5	top_abs_beta_meta	4.612796832918611	TRUE	GSE264344	GSE264344_design__T=Muscle__H=12__B=NA__G=delivery_ad26__VS=baseline_0	<upstream_project_root>/00_metadata/verified_metadata/splited/GSE264344_design/GSE264344_design__T=Muscle__H=12__B=NA__G=delivery_ad26__VS=baseline_0.tsv	anchor	acute_main	Muscle	12	5	5	4.379052454232406	4.3669781127950635	0.01207434143734254	-0.27572954568453606	0.27572954568453606	TRUE	1	1
ENSMUSG00000034855	Cxcl10	5	top_abs_beta_meta	4.612796832918611	TRUE	GSE264344	GSE264344_design__T=Muscle__H=12__B=NA__G=delivery_ad5__VS=baseline_0	<upstream_project_root>/00_metadata/verified_metadata/splited/GSE264344_design/GSE264344_design__T=Muscle__H=12__B=NA__G=delivery_ad5__VS=baseline_0.tsv	anchor	acute_main	Muscle	12	5	5	4.561337243094393	4.548891236259383	0.012446006835009626	-0.2728587291775494	0.2728587291775494	TRUE	1	1
ENSMUSG00000034855	Cxcl10	5	top_abs_beta_meta	4.612796832918611	TRUE	GSE264344	GSE264344_design__T=Muscle__H=24__B=NA__G=delivery_ad26__VS=baseline_0	<upstream_project_root>/00_metadata/verified_metadata/splited/GSE264344_design/GSE264344_design__T=Muscle__H=24__B=NA__G=delivery_ad26__VS=baseline_0.tsv	anchor	acute_main	Muscle	24	5	5	3.564906975120775	3.560058196539231	0.004848778581544089	-0.13601416854306045	0.13601416854306045	TRUE	1	1
ENSMUSG00000034855	Cxcl10	5	top_abs_beta_meta	4.612796832918611	TRUE	GSE264344	GSE264344_design__T=Muscle__H=24__B=NA__G=delivery_ad5__VS=baseline_0	<upstream_project_root>/00_metadata/verified_metadata/splited/GSE264344_design/GSE264344_design__T=Muscle__H=24__B=NA__G=delivery_ad5__VS=baseline_0.tsv	anchor	acute_main	Muscle	24	5	5	3.5245362334746155	3.5179107834227086	0.006625450051906956	-0.18798076152490983	0.18798076152490983	TRUE	1	1
ENSMUSG00000034855	Cxcl10	5	top_abs_beta_meta	4.612796832918611	TRUE	GSE264344	GSE264344_design__T=Muscle__H=3__B=NA__G=delivery_ad26__VS=baseline_0	<upstream_project_root>/00_metadata/verified_metadata/splited/GSE264344_design/GSE264344_design__T=Muscle__H=3__B=NA__G=delivery_ad26__VS=baseline_0.tsv	anchor	acute_main	Muscle	3	5	5	3.166868738099831	3.142143949566229	0.024724788533601938	-0.7807329756407013	0.7807329756407013	TRUE	1	1
ENSMUSG00000034855	Cxcl10	5	top_abs_beta_meta	4.612796832918611	TRUE	GSE264344	GSE264344_design__T=Muscle__H=3__B=NA__G=delivery_ad5__VS=baseline_0	<upstream_project_root>/00_metadata/verified_metadata/splited/GSE264344_design/GSE264344_design__T=Muscle__H=3__B=NA__G=delivery_ad5__VS=baseline_0.tsv	anchor	acute_main	Muscle	3	5	5	1.8285090170879783	1.806901192884129	0.021607824203849324	-1.1817182197034617	1.1817182197034617	TRUE	1	1
ENSMUSG00000034855	Cxcl10	5	top_abs_beta_meta	4.612796832918611	TRUE	GSE264344	GSE264344_design__T=Muscle__H=6__B=NA__G=delivery_ad26__VS=baseline_0	<upstream_project_root>/00_metadata/verified_metadata/splited/GSE264344_design/GSE264344_design__T=Muscle__H=6__B=NA__G=delivery_ad26__VS=baseline_0.tsv	anchor	acute_main	Muscle	6	5	5	4.409334481944208	4.39026500380487	0.01906947813933879	-0.432479736282798	0.432479736282798	TRUE	1	1
ENSMUSG00000034855	Cxcl10	5	top_abs_beta_meta	4.612796832918611	TRUE	GSE264344	GSE264344_design__T=Muscle__H=6__B=NA__G=delivery_ad5__VS=baseline_0	<upstream_project_root>/00_metadata/verified_metadata/splited/GSE264344_design/GSE264344_design__T=Muscle__H=6__B=NA__G=delivery_ad5__VS=baseline_0.tsv	anchor	acute_main	Muscle	6	5	5	4.115105313956205	4.096984244776995	0.018121069179209748	-0.44035493132467135	0.44035493132467135	TRUE	1	1
ENSMUSG00000034855	Cxcl10	5	top_abs_beta_meta	4.612796832918611	TRUE	GSE264344	GSE264344_design__T=Muscle__H=72__B=NA__G=delivery_ad26__VS=baseline_0	<upstream_project_root>/00_metadata/verified_metadata/splited/GSE264344_design/GSE264344_design__T=Muscle__H=72__B=NA__G=delivery_ad26__VS=baseline_0.tsv	external	extended_transfer	Muscle	72	5	5	1.0550234100660878	1.0492202225195777	0.005803187546510102	-0.5500529648101917	0.5500529648101917	TRUE	0.96	0.96
ENSMUSG00000034855	Cxcl10	5	top_abs_beta_meta	4.612796832918611	TRUE	GSE264344	GSE264344_design__T=Muscle__H=72__B=NA__G=delivery_ad5__VS=baseline_0	<upstream_project_root>/00_metadata/verified_metadata/splited/GSE264344_design/GSE264344_design__T=Muscle__H=72__B=NA__G=delivery_ad5__VS=baseline_0.tsv	external	extended_transfer	Muscle	72	5	5	1.441223145245387	1.435006032671664	0.006217112573722927	-0.431377513900832	0.431377513900832	TRUE	1	1
ENSMUSG00000085295	4930430E12Rik	6	top_abs_beta_meta	4.495088843307157	TRUE	GSE264344	GSE264344_design__T=Blood__H=1__B=NA__G=delivery_ad26__VS=baseline_0	<upstream_project_root>/00_metadata/verified_metadata/splited/GSE264344_design/GSE264344_design__T=Blood__H=1__B=NA__G=delivery_ad26__VS=baseline_0.tsv	anchor	acute_main	Blood	1	5	5	0.0779068941903649	0.07119333015855245	0.006713564031812447	-8.617419679711407	8.617419679711407	TRUE	0.68	0.68
ENSMUSG00000085295	4930430E12Rik	6	top_abs_beta_meta	4.495088843307157	TRUE	GSE264344	GSE264344_design__T=Blood__H=1__B=NA__G=delivery_ad5__VS=baseline_0	<upstream_project_root>/00_metadata/verified_metadata/splited/GSE264344_design/GSE264344_design__T=Blood__H=1__B=NA__G=delivery_ad5__VS=baseline_0.tsv	anchor	acute_main	Blood	1	5	5	0.22131834935303651	0.21750244560689358	0.0038159037461429346	-1.7241696214063056	1.7241696214063056	TRUE	0.88	0.88
ENSMUSG00000085295	4930430E12Rik	6	top_abs_beta_meta	4.495088843307157	TRUE	GSE264344	GSE264344_design__T=Blood__H=12__B=NA__G=delivery_ad26__VS=baseline_0	<upstream_project_root>/00_metadata/verified_metadata/splited/GSE264344_design/GSE264344_design__T=Blood__H=12__B=NA__G=delivery_ad26__VS=baseline_0.tsv	anchor	acute_main	Blood	12	5	5	4.557142380026869	4.509030028473786	0.048112351553083244	-1.0557570411657748	1.0557570411657748	TRUE	1	1
ENSMUSG00000085295	4930430E12Rik	6	top_abs_beta_meta	4.495088843307157	TRUE	GSE264344	GSE264344_design__T=Blood__H=12__B=NA__G=delivery_ad5__VS=baseline_0	<upstream_project_root>/00_metadata/verified_metadata/splited/GSE264344_design/GSE264344_design__T=Blood__H=12__B=NA__G=delivery_ad5__VS=baseline_0.tsv	anchor	acute_main	Blood	12	5	5	2.7728375923214097	2.7751985627169296	0.002360970395519857	0.08514636421757615	0.08514636421757615	TRUE	1	1
ENSMUSG00000085295	4930430E12Rik	6	top_abs_beta_meta	4.495088843307157	TRUE	GSE264344	GSE264344_design__T=Blood__H=24__B=NA__G=delivery_ad26__VS=baseline_0	<upstream_project_root>/00_metadata/verified_metadata/splited/GSE264344_design/GSE264344_design__T=Blood__H=24__B=NA__G=delivery_ad26__VS=baseline_0.tsv	anchor	acute_main	Blood	24	5	5	2.7381119047981937	2.710568940848396	0.027542963949797716	-1.005910821304716	1.005910821304716	TRUE	1	1
ENSMUSG00000085295	4930430E12Rik	6	top_abs_beta_meta	4.495088843307157	TRUE	GSE264344	GSE264344_design__T=Blood__H=24__B=NA__G=delivery_ad5__VS=baseline_0	<upstream_project_root>/00_metadata/verified_metadata/splited/GSE264344_design/GSE264344_design__T=Blood__H=24__B=NA__G=delivery_ad5__VS=baseline_0.tsv	anchor	acute_main	Blood	24	5	5	1.4094733289679715	1.417038096326143	0.007564767358171576	0.5367087977259253	0.5367087977259253	TRUE	1	1
ENSMUSG00000085295	4930430E12Rik	6	top_abs_beta_meta	4.495088843307157	TRUE	GSE264344	GSE264344_design__T=Blood__H=3__B=NA__G=delivery_ad26__VS=baseline_0	<upstream_project_root>/00_metadata/verified_metadata/splited/GSE264344_design/GSE264344_design__T=Blood__H=3__B=NA__G=delivery_ad26__VS=baseline_0.tsv	anchor	acute_main	Blood	3	5	5	3.6646891330381473	3.646230155314761	0.018458977723386116	-0.5036983234668808	0.5036983234668808	TRUE	1	1
ENSMUSG00000085295	4930430E12Rik	6	top_abs_beta_meta	4.495088843307157	TRUE	GSE264344	GSE264344_design__T=Blood__H=3__B=NA__G=delivery_ad5__VS=baseline_0	<upstream_project_root>/00_metadata/verified_metadata/splited/GSE264344_design/GSE264344_design__T=Blood__H=3__B=NA__G=delivery_ad5__VS=baseline_0.tsv	anchor	acute_main	Blood	3	5	5	0.9366653756632484	0.9380674797746236	0.001402104111375202	0.149691036714406	0.149691036714406	TRUE	1	1
ENSMUSG00000085295	4930430E12Rik	6	top_abs_beta_meta	4.495088843307157	TRUE	GSE264344	GSE264344_design__T=Blood__H=6__B=NA__G=delivery_ad26__VS=baseline_0	<upstream_project_root>/00_metadata/verified_metadata/splited/GSE264344_design/GSE264344_design__T=Blood__H=6__B=NA__G=delivery_ad26__VS=baseline_0.tsv	anchor	acute_main	Blood	6	5	5	3.515367759659114	3.5079228517290204	0.00744490793009378	-0.21178176620746259	0.21178176620746259	TRUE	1	1
ENSMUSG00000085295	4930430E12Rik	6	top_abs_beta_meta	4.495088843307157	TRUE	GSE264344	GSE264344_design__T=Blood__H=6__B=NA__G=delivery_ad5__VS=baseline_0	<upstream_project_root>/00_metadata/verified_metadata/splited/GSE264344_design/GSE264344_design__T=Blood__H=6__B=NA__G=delivery_ad5__VS=baseline_0.tsv	anchor	acute_main	Blood	6	5	5	4.749455631909948	4.736891374786344	0.01256425712360354	-0.26454099369175377	0.26454099369175377	TRUE	1	1
ENSMUSG00000085295	4930430E12Rik	6	top_abs_beta_meta	4.495088843307157	TRUE	GSE264344	GSE264344_design__T=Blood__H=72__B=NA__G=delivery_ad26__VS=baseline_0	<upstream_project_root>/00_metadata/verified_metadata/splited/GSE264344_design/GSE264344_design__T=Blood__H=72__B=NA__G=delivery_ad26__VS=baseline_0.tsv	external	extended_transfer	Blood	72	5	5	0.08713996296972348	0.0808534280332418	0.00628653493648168	-7.214296084410683	7.214296084410683	TRUE	0.7200000000000001	0.68
ENSMUSG00000085295	4930430E12Rik	6	top_abs_beta_meta	4.495088843307157	TRUE	GSE264344	GSE264344_design__T=Blood__H=72__B=NA__G=delivery_ad5__VS=baseline_0	<upstream_project_root>/00_metadata/verified_metadata/splited/GSE264344_design/GSE264344_design__T=Blood__H=72__B=NA__G=delivery_ad5__VS=baseline_0.tsv	external	extended_transfer	Blood	72	5	5	0.26635130536495155	0.2568927747356905	0.009458530629261053	-3.551148591632048	3.551148591632048	TRUE	0.96	0.96
ENSMUSG00000085295	4930430E12Rik	6	top_abs_beta_meta	4.495088843307157	TRUE	GSE264344	GSE264344_design__T=dLN__H=1__B=NA__G=delivery_ad26__VS=baseline_0	<upstream_project_root>/00_metadata/verified_metadata/splited/GSE264344_design/GSE264344_design__T=dLN__H=1__B=NA__G=delivery_ad26__VS=baseline_0.tsv	anchor	acute_main	dLN	1	5	5	0.36951077174650715	0.3454719099779229	0.024038861768584274	-6.5055916110276435	6.5055916110276435	TRUE	0.8400000000000001	0.8400000000000001
ENSMUSG00000085295	4930430E12Rik	6	top_abs_beta_meta	4.495088843307157	TRUE	GSE264344	GSE264344_design__T=dLN__H=1__B=NA__G=delivery_ad5__VS=baseline_0	<upstream_project_root>/00_metadata/verified_metadata/splited/GSE264344_design/GSE264344_design__T=dLN__H=1__B=NA__G=delivery_ad5__VS=baseline_0.tsv	anchor	acute_main	dLN	1	5	5	0.3592382013315616	0.3194867213569428	0.03975147997461881	-11.065493543636213	11.065493543636213	TRUE	0.8	0.8
ENSMUSG00000085295	4930430E12Rik	6	top_abs_beta_meta	4.495088843307157	TRUE	GSE264344	GSE264344_design__T=dLN__H=12__B=NA__G=delivery_ad26__VS=baseline_0	<upstream_project_root>/00_metadata/verified_metadata/splited/GSE264344_design/GSE264344_design__T=dLN__H=12__B=NA__G=delivery_ad26__VS=baseline_0.tsv	anchor	acute_main	dLN	12	5	5	5.521888634175941	5.46779442358278	0.054094210593160774	-0.9796324079837863	0.9796324079837863	TRUE	1	1
ENSMUSG00000085295	4930430E12Rik	6	top_abs_beta_meta	4.495088843307157	TRUE	GSE264344	GSE264344_design__T=dLN__H=12__B=NA__G=delivery_ad5__VS=baseline_0	<upstream_project_root>/00_metadata/verified_metadata/splited/GSE264344_design/GSE264344_design__T=dLN__H=12__B=NA__G=delivery_ad5__VS=baseline_0.tsv	anchor	acute_main	dLN	12	5	5	5.006224300092883	4.9583485127340445	0.047875787358838906	-0.9563252561007033	0.9563252561007033	TRUE	1	1
ENSMUSG00000085295	4930430E12Rik	6	top_abs_beta_meta	4.495088843307157	TRUE	GSE264344	GSE264344_design__T=dLN__H=24__B=NA__G=delivery_ad26__VS=baseline_0	<upstream_project_root>/00_metadata/verified_metadata/splited/GSE264344_design/GSE264344_design__T=dLN__H=24__B=NA__G=delivery_ad26__VS=baseline_0.tsv	anchor	acute_main	dLN	24	5	5	3.75024700596753	3.7026724861676827	0.04757451979984717	-1.268570302813251	1.268570302813251	TRUE	1	1
ENSMUSG00000085295	4930430E12Rik	6	top_abs_beta_meta	4.495088843307157	TRUE	GSE264344	GSE264344_design__T=dLN__H=24__B=NA__G=delivery_ad5__VS=baseline_0	<upstream_project_root>/00_metadata/verified_metadata/splited/GSE264344_design/GSE264344_design__T=dLN__H=24__B=NA__G=delivery_ad5__VS=baseline_0.tsv	anchor	acute_main	dLN	24	5	5	3.164769842555989	3.123865901074309	0.040903941481680306	-1.2924776055324365	1.2924776055324365	TRUE	1	1
ENSMUSG00000085295	4930430E12Rik	6	top_abs_beta_meta	4.495088843307157	TRUE	GSE264344	GSE264344_design__T=dLN__H=3__B=NA__G=delivery_ad26__VS=baseline_0	<upstream_project_root>/00_metadata/verified_metadata/splited/GSE264344_design/GSE264344_design__T=dLN__H=3__B=NA__G=delivery_ad26__VS=baseline_0.tsv	anchor	acute_main	dLN	3	5	5	4.35817929066291	4.318304051711158	0.039875238951752046	-0.9149517789959195	0.9149517789959195	TRUE	1	1
ENSMUSG00000085295	4930430E12Rik	6	top_abs_beta_meta	4.495088843307157	TRUE	GSE264344	GSE264344_design__T=dLN__H=3__B=NA__G=delivery_ad5__VS=baseline_0	<upstream_project_root>/00_metadata/verified_metadata/splited/GSE264344_design/GSE264344_design__T=dLN__H=3__B=NA__G=delivery_ad5__VS=baseline_0.tsv	anchor	acute_main	dLN	3	5	5	2.7627049595948865	2.7326393970028056	0.03006556259208093	-1.0882654149391922	1.0882654149391922	TRUE	1	1
ENSMUSG00000085295	4930430E12Rik	6	top_abs_beta_meta	4.495088843307157	TRUE	GSE264344	GSE264344_design__T=dLN__H=6__B=NA__G=delivery_ad26__VS=baseline_0	<upstream_project_root>/00_metadata/verified_metadata/splited/GSE264344_design/GSE264344_design__T=dLN__H=6__B=NA__G=delivery_ad26__VS=baseline_0.tsv	anchor	acute_main	dLN	6	5	5	5.703930536988686	5.660634143155693	0.04329639383299355	-0.7590624316377335	0.7590624316377335	TRUE	1	1
ENSMUSG00000085295	4930430E12Rik	6	top_abs_beta_meta	4.495088843307157	TRUE	GSE264344	GSE264344_design__T=dLN__H=6__B=NA__G=delivery_ad5__VS=baseline_0	<upstream_project_root>/00_metadata/verified_metadata/splited/GSE264344_design/GSE264344_design__T=dLN__H=6__B=NA__G=delivery_ad5__VS=baseline_0.tsv	anchor	acute_main	dLN	6	5	5	5.288429542245774	5.252237673124212	0.036191869121561915	-0.6843594838968535	0.6843594838968535	TRUE	1	1
ENSMUSG00000085295	4930430E12Rik	6	top_abs_beta_meta	4.495088843307157	TRUE	GSE264344	GSE264344_design__T=dLN__H=72__B=NA__G=delivery_ad26__VS=baseline_0	<upstream_project_root>/00_metadata/verified_metadata/splited/GSE264344_design/GSE264344_design__T=dLN__H=72__B=NA__G=delivery_ad26__VS=baseline_0.tsv	external	extended_transfer	dLN	72	5	5	0.3932971804473866	0.389842915913011	0.003454264534375584	-0.8782835743816574	0.8782835743816574	TRUE	0.8	0.8
ENSMUSG00000085295	4930430E12Rik	6	top_abs_beta_meta	4.495088843307157	TRUE	GSE264344	GSE264344_design__T=dLN__H=72__B=NA__G=delivery_ad5__VS=baseline_0	<upstream_project_root>/00_metadata/verified_metadata/splited/GSE264344_design/GSE264344_design__T=dLN__H=72__B=NA__G=delivery_ad5__VS=baseline_0.tsv	external	extended_transfer	dLN	72	5	5	0.4507210263939263	0.44732735706742854	0.0033936693264977613	-0.7529423141514866	0.7529423141514866	TRUE	0.8	0.8
ENSMUSG00000085295	4930430E12Rik	6	top_abs_beta_meta	4.495088843307157	TRUE	GSE264344	GSE264344_design__T=Muscle__H=1__B=NA__G=delivery_ad26__VS=baseline_0	<upstream_project_root>/00_metadata/verified_metadata/splited/GSE264344_design/GSE264344_design__T=Muscle__H=1__B=NA__G=delivery_ad26__VS=baseline_0.tsv	anchor	acute_main	Muscle	1	5	5	0.5752137463208833	0.5636474853247663	0.011566260996117017	-2.010776180175773	2.010776180175773	TRUE	1	1
ENSMUSG00000085295	4930430E12Rik	6	top_abs_beta_meta	4.495088843307157	TRUE	GSE264344	GSE264344_design__T=Muscle__H=1__B=NA__G=delivery_ad5__VS=baseline_0	<upstream_project_root>/00_metadata/verified_metadata/splited/GSE264344_design/GSE264344_design__T=Muscle__H=1__B=NA__G=delivery_ad5__VS=baseline_0.tsv	anchor	acute_main	Muscle	1	5	5	0.5210164970803043	0.5068281185290479	0.014188378551256431	-2.723210998263185	2.723210998263185	TRUE	0.96	0.96
ENSMUSG00000085295	4930430E12Rik	6	top_abs_beta_meta	4.495088843307157	TRUE	GSE264344	GSE264344_design__T=Muscle__H=12__B=NA__G=delivery_ad26__VS=baseline_0	<upstream_project_root>/00_metadata/verified_metadata/splited/GSE264344_design/GSE264344_design__T=Muscle__H=12__B=NA__G=delivery_ad26__VS=baseline_0.tsv	anchor	acute_main	Muscle	12	5	5	4.379052454232406	4.334252180605917	0.04480027362648897	-1.0230586204371446	1.0230586204371446	TRUE	1	1
ENSMUSG00000085295	4930430E12Rik	6	top_abs_beta_meta	4.495088843307157	TRUE	GSE264344	GSE264344_design__T=Muscle__H=12__B=NA__G=delivery_ad5__VS=baseline_0	<upstream_project_root>/00_metadata/verified_metadata/splited/GSE264344_design/GSE264344_design__T=Muscle__H=12__B=NA__G=delivery_ad5__VS=baseline_0.tsv	anchor	acute_main	Muscle	12	5	5	4.561337243094393	4.5127170388895586	0.04862020420483404	-1.065919961924374	1.065919961924374	TRUE	1	1
ENSMUSG00000085295	4930430E12Rik	6	top_abs_beta_meta	4.495088843307157	TRUE	GSE264344	GSE264344_design__T=Muscle__H=24__B=NA__G=delivery_ad26__VS=baseline_0	<upstream_project_root>/00_metadata/verified_metadata/splited/GSE264344_design/GSE264344_design__T=Muscle__H=24__B=NA__G=delivery_ad26__VS=baseline_0.tsv	anchor	acute_main	Muscle	24	5	5	3.564906975120775	3.5113861060452534	0.05352086907552156	-1.501325825583663	1.501325825583663	TRUE	1	1
ENSMUSG00000085295	4930430E12Rik	6	top_abs_beta_meta	4.495088843307157	TRUE	GSE264344	GSE264344_design__T=Muscle__H=24__B=NA__G=delivery_ad5__VS=baseline_0	<upstream_project_root>/00_metadata/verified_metadata/splited/GSE264344_design/GSE264344_design__T=Muscle__H=24__B=NA__G=delivery_ad5__VS=baseline_0.tsv	anchor	acute_main	Muscle	24	5	5	3.5245362334746155	3.468490766310696	0.05604546716391967	-1.5901515391336472	1.5901515391336472	TRUE	1	1
ENSMUSG00000085295	4930430E12Rik	6	top_abs_beta_meta	4.495088843307157	TRUE	GSE264344	GSE264344_design__T=Muscle__H=3__B=NA__G=delivery_ad26__VS=baseline_0	<upstream_project_root>/00_metadata/verified_metadata/splited/GSE264344_design/GSE264344_design__T=Muscle__H=3__B=NA__G=delivery_ad26__VS=baseline_0.tsv	anchor	acute_main	Muscle	3	5	5	3.166868738099831	3.156311879125404	0.01055685897442693	-0.33335322198296113	0.33335322198296113	TRUE	1	1
ENSMUSG00000085295	4930430E12Rik	6	top_abs_beta_meta	4.495088843307157	TRUE	GSE264344	GSE264344_design__T=Muscle__H=3__B=NA__G=delivery_ad5__VS=baseline_0	<upstream_project_root>/00_metadata/verified_metadata/splited/GSE264344_design/GSE264344_design__T=Muscle__H=3__B=NA__G=delivery_ad5__VS=baseline_0.tsv	anchor	acute_main	Muscle	3	5	5	1.8285090170879783	1.8156621994612379	0.012846817626740448	-0.7025843190644941	0.7025843190644941	TRUE	1	1
ENSMUSG00000085295	4930430E12Rik	6	top_abs_beta_meta	4.495088843307157	TRUE	GSE264344	GSE264344_design__T=Muscle__H=6__B=NA__G=delivery_ad26__VS=baseline_0	<upstream_project_root>/00_metadata/verified_metadata/splited/GSE264344_design/GSE264344_design__T=Muscle__H=6__B=NA__G=delivery_ad26__VS=baseline_0.tsv	anchor	acute_main	Muscle	6	5	5	4.409334481944208	4.389203662685696	0.020130819258512567	-0.45655006080727817	0.45655006080727817	TRUE	1	1
ENSMUSG00000085295	4930430E12Rik	6	top_abs_beta_meta	4.495088843307157	TRUE	GSE264344	GSE264344_design__T=Muscle__H=6__B=NA__G=delivery_ad5__VS=baseline_0	<upstream_project_root>/00_metadata/verified_metadata/splited/GSE264344_design/GSE264344_design__T=Muscle__H=6__B=NA__G=delivery_ad5__VS=baseline_0.tsv	anchor	acute_main	Muscle	6	5	5	4.115105313956205	4.088784747013756	0.026320566942448664	-0.6396085867640757	0.6396085867640757	TRUE	1	1
ENSMUSG00000085295	4930430E12Rik	6	top_abs_beta_meta	4.495088843307157	TRUE	GSE264344	GSE264344_design__T=Muscle__H=72__B=NA__G=delivery_ad26__VS=baseline_0	<upstream_project_root>/00_metadata/verified_metadata/splited/GSE264344_design/GSE264344_design__T=Muscle__H=72__B=NA__G=delivery_ad26__VS=baseline_0.tsv	external	extended_transfer	Muscle	72	5	5	1.0550234100660878	1.0164978410133085	0.03852556905277926	-3.6516316780464595	3.6516316780464595	TRUE	0.96	0.96
ENSMUSG00000085295	4930430E12Rik	6	top_abs_beta_meta	4.495088843307157	TRUE	GSE264344	GSE264344_design__T=Muscle__H=72__B=NA__G=delivery_ad5__VS=baseline_0	<upstream_project_root>/00_metadata/verified_metadata/splited/GSE264344_design/GSE264344_design__T=Muscle__H=72__B=NA__G=delivery_ad5__VS=baseline_0.tsv	external	extended_transfer	Muscle	72	5	5	1.441223145245387	1.391657747396021	0.04956539784936598	-3.4391203064482303	3.4391203064482303	TRUE	1	1
ENSMUSG00000052485	Tmem171	7	top_abs_beta_meta	4.404983306498316	TRUE	GSE264344	GSE264344_design__T=Blood__H=1__B=NA__G=delivery_ad26__VS=baseline_0	<upstream_project_root>/00_metadata/verified_metadata/splited/GSE264344_design/GSE264344_design__T=Blood__H=1__B=NA__G=delivery_ad26__VS=baseline_0.tsv	anchor	acute_main	Blood	1	5	5	0.0779068941903649	0.07613587678479594	0.0017710174055689532	-2.2732486309125424	2.2732486309125424	TRUE	0.68	0.7200000000000001
ENSMUSG00000052485	Tmem171	7	top_abs_beta_meta	4.404983306498316	TRUE	GSE264344	GSE264344_design__T=Blood__H=1__B=NA__G=delivery_ad5__VS=baseline_0	<upstream_project_root>/00_metadata/verified_metadata/splited/GSE264344_design/GSE264344_design__T=Blood__H=1__B=NA__G=delivery_ad5__VS=baseline_0.tsv	anchor	acute_main	Blood	1	5	5	0.22131834935303651	0.22087677653081228	4.4157282222423433e-4	-0.19951930037208906	0.19951930037208906	TRUE	0.88	0.92
ENSMUSG00000052485	Tmem171	7	top_abs_beta_meta	4.404983306498316	TRUE	GSE264344	GSE264344_design__T=Blood__H=12__B=NA__G=delivery_ad26__VS=baseline_0	<upstream_project_root>/00_metadata/verified_metadata/splited/GSE264344_design/GSE264344_design__T=Blood__H=12__B=NA__G=delivery_ad26__VS=baseline_0.tsv	anchor	acute_main	Blood	12	5	5	4.557142380026869	4.550028512410958	0.00711386761591104	-0.15610369443557073	0.15610369443557073	TRUE	1	1
ENSMUSG00000052485	Tmem171	7	top_abs_beta_meta	4.404983306498316	TRUE	GSE264344	GSE264344_design__T=Blood__H=12__B=NA__G=delivery_ad5__VS=baseline_0	<upstream_project_root>/00_metadata/verified_metadata/splited/GSE264344_design/GSE264344_design__T=Blood__H=12__B=NA__G=delivery_ad5__VS=baseline_0.tsv	anchor	acute_main	Blood	12	5	5	2.7728375923214097	2.7898593615506133	0.01702176922920362	0.6138754493353884	0.6138754493353884	TRUE	1	1
ENSMUSG00000052485	Tmem171	7	top_abs_beta_meta	4.404983306498316	TRUE	GSE264344	GSE264344_design__T=Blood__H=24__B=NA__G=delivery_ad26__VS=baseline_0	<upstream_project_root>/00_metadata/verified_metadata/splited/GSE264344_design/GSE264344_design__T=Blood__H=24__B=NA__G=delivery_ad26__VS=baseline_0.tsv	anchor	acute_main	Blood	24	5	5	2.7381119047981937	2.7476924037216204	0.009580498923426717	0.34989435262445295	0.34989435262445295	TRUE	1	1
ENSMUSG00000052485	Tmem171	7	top_abs_beta_meta	4.404983306498316	TRUE	GSE264344	GSE264344_design__T=Blood__H=24__B=NA__G=delivery_ad5__VS=baseline_0	<upstream_project_root>/00_metadata/verified_metadata/splited/GSE264344_design/GSE264344_design__T=Blood__H=24__B=NA__G=delivery_ad5__VS=baseline_0.tsv	anchor	acute_main	Blood	24	5	5	1.4094733289679715	1.4309521182539258	0.02147878928595426	1.5238876000357675	1.5238876000357675	TRUE	1	1
ENSMUSG00000052485	Tmem171	7	top_abs_beta_meta	4.404983306498316	TRUE	GSE264344	GSE264344_design__T=Blood__H=3__B=NA__G=delivery_ad26__VS=baseline_0	<upstream_project_root>/00_metadata/verified_metadata/splited/GSE264344_design/GSE264344_design__T=Blood__H=3__B=NA__G=delivery_ad26__VS=baseline_0.tsv	anchor	acute_main	Blood	3	5	5	3.6646891330381473	3.655045350948927	0.009643782089220121	-0.2631541650362335	0.2631541650362335	TRUE	1	1
ENSMUSG00000052485	Tmem171	7	top_abs_beta_meta	4.404983306498316	TRUE	GSE264344	GSE264344_design__T=Blood__H=3__B=NA__G=delivery_ad5__VS=baseline_0	<upstream_project_root>/00_metadata/verified_metadata/splited/GSE264344_design/GSE264344_design__T=Blood__H=3__B=NA__G=delivery_ad5__VS=baseline_0.tsv	anchor	acute_main	Blood	3	5	5	0.9366653756632484	0.9431696442174927	0.006504268554244352	0.6944068525687426	0.6944068525687426	TRUE	1	1
ENSMUSG00000052485	Tmem171	7	top_abs_beta_meta	4.404983306498316	TRUE	GSE264344	GSE264344_design__T=Blood__H=6__B=NA__G=delivery_ad26__VS=baseline_0	<upstream_project_root>/00_metadata/verified_metadata/splited/GSE264344_design/GSE264344_design__T=Blood__H=6__B=NA__G=delivery_ad26__VS=baseline_0.tsv	anchor	acute_main	Blood	6	5	5	3.515367759659114	3.5174538589285884	0.0020860992694742286	0.05934227688532132	0.05934227688532132	TRUE	1	1
ENSMUSG00000052485	Tmem171	7	top_abs_beta_meta	4.404983306498316	TRUE	GSE264344	GSE264344_design__T=Blood__H=6__B=NA__G=delivery_ad5__VS=baseline_0	<upstream_project_root>/00_metadata/verified_metadata/splited/GSE264344_design/GSE264344_design__T=Blood__H=6__B=NA__G=delivery_ad5__VS=baseline_0.tsv	anchor	acute_main	Blood	6	5	5	4.749455631909948	4.744203946989267	0.0052516849206805105	-0.1105744600580382	0.1105744600580382	TRUE	1	1
ENSMUSG00000052485	Tmem171	7	top_abs_beta_meta	4.404983306498316	TRUE	GSE264344	GSE264344_design__T=Blood__H=72__B=NA__G=delivery_ad26__VS=baseline_0	<upstream_project_root>/00_metadata/verified_metadata/splited/GSE264344_design/GSE264344_design__T=Blood__H=72__B=NA__G=delivery_ad26__VS=baseline_0.tsv	external	extended_transfer	Blood	72	5	5	0.08713996296972348	0.07923775925976828	0.007902203709955202	-9.068403796201748	9.068403796201748	TRUE	0.7200000000000001	0.64
ENSMUSG00000052485	Tmem171	7	top_abs_beta_meta	4.404983306498316	TRUE	GSE264344	GSE264344_design__T=Blood__H=72__B=NA__G=delivery_ad5__VS=baseline_0	<upstream_project_root>/00_metadata/verified_metadata/splited/GSE264344_design/GSE264344_design__T=Blood__H=72__B=NA__G=delivery_ad5__VS=baseline_0.tsv	external	extended_transfer	Blood	72	5	5	0.26635130536495155	0.26758795919131273	0.0012366538263611782	0.4642942615455663	0.4642942615455663	TRUE	0.96	0.96
ENSMUSG00000052485	Tmem171	7	top_abs_beta_meta	4.404983306498316	TRUE	GSE264344	GSE264344_design__T=dLN__H=1__B=NA__G=delivery_ad26__VS=baseline_0	<upstream_project_root>/00_metadata/verified_metadata/splited/GSE264344_design/GSE264344_design__T=dLN__H=1__B=NA__G=delivery_ad26__VS=baseline_0.tsv	anchor	acute_main	dLN	1	5	5	0.36951077174650715	0.34774851109037763	0.021762260656129517	-5.889479365721692	5.889479365721692	TRUE	0.8400000000000001	0.8400000000000001
ENSMUSG00000052485	Tmem171	7	top_abs_beta_meta	4.404983306498316	TRUE	GSE264344	GSE264344_design__T=dLN__H=1__B=NA__G=delivery_ad5__VS=baseline_0	<upstream_project_root>/00_metadata/verified_metadata/splited/GSE264344_design/GSE264344_design__T=dLN__H=1__B=NA__G=delivery_ad5__VS=baseline_0.tsv	anchor	acute_main	dLN	1	5	5	0.3592382013315616	0.35431571054692246	0.004922490784639133	-1.3702581647478753	1.3702581647478753	TRUE	0.8	0.8
ENSMUSG00000052485	Tmem171	7	top_abs_beta_meta	4.404983306498316	TRUE	GSE264344	GSE264344_design__T=dLN__H=12__B=NA__G=delivery_ad26__VS=baseline_0	<upstream_project_root>/00_metadata/verified_metadata/splited/GSE264344_design/GSE264344_design__T=dLN__H=12__B=NA__G=delivery_ad26__VS=baseline_0.tsv	anchor	acute_main	dLN	12	5	5	5.521888634175941	5.455659040248068	0.06622959392787298	-1.1994011164579879	1.1994011164579879	TRUE	1	1
ENSMUSG00000052485	Tmem171	7	top_abs_beta_meta	4.404983306498316	TRUE	GSE264344	GSE264344_design__T=dLN__H=12__B=NA__G=delivery_ad5__VS=baseline_0	<upstream_project_root>/00_metadata/verified_metadata/splited/GSE264344_design/GSE264344_design__T=dLN__H=12__B=NA__G=delivery_ad5__VS=baseline_0.tsv	anchor	acute_main	dLN	12	5	5	5.006224300092883	4.966440148874421	0.03978415121846268	-0.7946937419029456	0.7946937419029456	TRUE	1	1
ENSMUSG00000052485	Tmem171	7	top_abs_beta_meta	4.404983306498316	TRUE	GSE264344	GSE264344_design__T=dLN__H=24__B=NA__G=delivery_ad26__VS=baseline_0	<upstream_project_root>/00_metadata/verified_metadata/splited/GSE264344_design/GSE264344_design__T=dLN__H=24__B=NA__G=delivery_ad26__VS=baseline_0.tsv	anchor	acute_main	dLN	24	5	5	3.75024700596753	3.7087695302561565	0.04147747571137339	-1.105993169126538	1.105993169126538	TRUE	1	1
ENSMUSG00000052485	Tmem171	7	top_abs_beta_meta	4.404983306498316	TRUE	GSE264344	GSE264344_design__T=dLN__H=24__B=NA__G=delivery_ad5__VS=baseline_0	<upstream_project_root>/00_metadata/verified_metadata/splited/GSE264344_design/GSE264344_design__T=dLN__H=24__B=NA__G=delivery_ad5__VS=baseline_0.tsv	anchor	acute_main	dLN	24	5	5	3.164769842555989	3.1273892672097645	0.03738057534622463	-1.1811467249079526	1.1811467249079526	TRUE	1	1
ENSMUSG00000052485	Tmem171	7	top_abs_beta_meta	4.404983306498316	TRUE	GSE264344	GSE264344_design__T=dLN__H=3__B=NA__G=delivery_ad26__VS=baseline_0	<upstream_project_root>/00_metadata/verified_metadata/splited/GSE264344_design/GSE264344_design__T=dLN__H=3__B=NA__G=delivery_ad26__VS=baseline_0.tsv	anchor	acute_main	dLN	3	5	5	4.35817929066291	4.307692497060075	0.050486793602835256	-1.1584377382316424	1.1584377382316424	TRUE	1	1
ENSMUSG00000052485	Tmem171	7	top_abs_beta_meta	4.404983306498316	TRUE	GSE264344	GSE264344_design__T=dLN__H=3__B=NA__G=delivery_ad5__VS=baseline_0	<upstream_project_root>/00_metadata/verified_metadata/splited/GSE264344_design/GSE264344_design__T=dLN__H=3__B=NA__G=delivery_ad5__VS=baseline_0.tsv	anchor	acute_main	dLN	3	5	5	2.7627049595948865	2.727242705977936	0.035462253616950434	-1.2836062531320933	1.2836062531320933	TRUE	1	1
ENSMUSG00000052485	Tmem171	7	top_abs_beta_meta	4.404983306498316	TRUE	GSE264344	GSE264344_design__T=dLN__H=6__B=NA__G=delivery_ad26__VS=baseline_0	<upstream_project_root>/00_metadata/verified_metadata/splited/GSE264344_design/GSE264344_design__T=dLN__H=6__B=NA__G=delivery_ad26__VS=baseline_0.tsv	anchor	acute_main	dLN	6	5	5	5.703930536988686	5.6456287860381975	0.05830175095048862	-1.0221329059394235	1.0221329059394235	TRUE	1	1
ENSMUSG00000052485	Tmem171	7	top_abs_beta_meta	4.404983306498316	TRUE	GSE264344	GSE264344_design__T=dLN__H=6__B=NA__G=delivery_ad5__VS=baseline_0	<upstream_project_root>/00_metadata/verified_metadata/splited/GSE264344_design/GSE264344_design__T=dLN__H=6__B=NA__G=delivery_ad5__VS=baseline_0.tsv	anchor	acute_main	dLN	6	5	5	5.288429542245774	5.23724085626017	0.05118868598560411	-0.967937373027124	0.967937373027124	TRUE	1	1
ENSMUSG00000052485	Tmem171	7	top_abs_beta_meta	4.404983306498316	TRUE	GSE264344	GSE264344_design__T=dLN__H=72__B=NA__G=delivery_ad26__VS=baseline_0	<upstream_project_root>/00_metadata/verified_metadata/splited/GSE264344_design/GSE264344_design__T=dLN__H=72__B=NA__G=delivery_ad26__VS=baseline_0.tsv	external	extended_transfer	dLN	72	5	5	0.3932971804473866	0.37829544766538026	0.015001732782006338	-3.8143504524851783	3.8143504524851783	TRUE	0.8	0.8
ENSMUSG00000052485	Tmem171	7	top_abs_beta_meta	4.404983306498316	TRUE	GSE264344	GSE264344_design__T=dLN__H=72__B=NA__G=delivery_ad5__VS=baseline_0	<upstream_project_root>/00_metadata/verified_metadata/splited/GSE264344_design/GSE264344_design__T=dLN__H=72__B=NA__G=delivery_ad5__VS=baseline_0.tsv	external	extended_transfer	dLN	72	5	5	0.4507210263939263	0.4423877431673352	0.008333283226591104	-1.8488782946877402	1.8488782946877402	TRUE	0.8	0.8
ENSMUSG00000052485	Tmem171	7	top_abs_beta_meta	4.404983306498316	TRUE	GSE264344	GSE264344_design__T=Muscle__H=1__B=NA__G=delivery_ad26__VS=baseline_0	<upstream_project_root>/00_metadata/verified_metadata/splited/GSE264344_design/GSE264344_design__T=Muscle__H=1__B=NA__G=delivery_ad26__VS=baseline_0.tsv	anchor	acute_main	Muscle	1	5	5	0.5752137463208833	0.5743322714473889	8.814748734944367e-4	-0.1532430125553198	0.1532430125553198	TRUE	1	1
ENSMUSG00000052485	Tmem171	7	top_abs_beta_meta	4.404983306498316	TRUE	GSE264344	GSE264344_design__T=Muscle__H=1__B=NA__G=delivery_ad5__VS=baseline_0	<upstream_project_root>/00_metadata/verified_metadata/splited/GSE264344_design/GSE264344_design__T=Muscle__H=1__B=NA__G=delivery_ad5__VS=baseline_0.tsv	anchor	acute_main	Muscle	1	5	5	0.5210164970803043	0.5224852686830993	0.001468771602795016	0.2819050089633984	0.2819050089633984	TRUE	0.96	0.96
ENSMUSG00000052485	Tmem171	7	top_abs_beta_meta	4.404983306498316	TRUE	GSE264344	GSE264344_design__T=Muscle__H=12__B=NA__G=delivery_ad26__VS=baseline_0	<upstream_project_root>/00_metadata/verified_metadata/splited/GSE264344_design/GSE264344_design__T=Muscle__H=12__B=NA__G=delivery_ad26__VS=baseline_0.tsv	anchor	acute_main	Muscle	12	5	5	4.379052454232406	4.335584222321159	0.04346823191124738	-0.9926401285564601	0.9926401285564601	TRUE	1	1
ENSMUSG00000052485	Tmem171	7	top_abs_beta_meta	4.404983306498316	TRUE	GSE264344	GSE264344_design__T=Muscle__H=12__B=NA__G=delivery_ad5__VS=baseline_0	<upstream_project_root>/00_metadata/verified_metadata/splited/GSE264344_design/GSE264344_design__T=Muscle__H=12__B=NA__G=delivery_ad5__VS=baseline_0.tsv	anchor	acute_main	Muscle	12	5	5	4.561337243094393	4.517020777276019	0.04431646581837345	-0.9715674035167227	0.9715674035167227	TRUE	1	1
ENSMUSG00000052485	Tmem171	7	top_abs_beta_meta	4.404983306498316	TRUE	GSE264344	GSE264344_design__T=Muscle__H=24__B=NA__G=delivery_ad26__VS=baseline_0	<upstream_project_root>/00_metadata/verified_metadata/splited/GSE264344_design/GSE264344_design__T=Muscle__H=24__B=NA__G=delivery_ad26__VS=baseline_0.tsv	anchor	acute_main	Muscle	24	5	5	3.564906975120775	3.530461008328156	0.03444596679261913	-0.9662514907966747	0.9662514907966747	TRUE	1	1
ENSMUSG00000052485	Tmem171	7	top_abs_beta_meta	4.404983306498316	TRUE	GSE264344	GSE264344_design__T=Muscle__H=24__B=NA__G=delivery_ad5__VS=baseline_0	<upstream_project_root>/00_metadata/verified_metadata/splited/GSE264344_design/GSE264344_design__T=Muscle__H=24__B=NA__G=delivery_ad5__VS=baseline_0.tsv	anchor	acute_main	Muscle	24	5	5	3.5245362334746155	3.4854485638416772	0.039087669632938304	-1.109015968163399	1.109015968163399	TRUE	1	1
ENSMUSG00000052485	Tmem171	7	top_abs_beta_meta	4.404983306498316	TRUE	GSE264344	GSE264344_design__T=Muscle__H=3__B=NA__G=delivery_ad26__VS=baseline_0	<upstream_project_root>/00_metadata/verified_metadata/splited/GSE264344_design/GSE264344_design__T=Muscle__H=3__B=NA__G=delivery_ad26__VS=baseline_0.tsv	anchor	acute_main	Muscle	3	5	5	3.166868738099831	3.15356960153888	0.013299136560950942	-0.41994593590041324	0.41994593590041324	TRUE	1	1
ENSMUSG00000052485	Tmem171	7	top_abs_beta_meta	4.404983306498316	TRUE	GSE264344	GSE264344_design__T=Muscle__H=3__B=NA__G=delivery_ad5__VS=baseline_0	<upstream_project_root>/00_metadata/verified_metadata/splited/GSE264344_design/GSE264344_design__T=Muscle__H=3__B=NA__G=delivery_ad5__VS=baseline_0.tsv	anchor	acute_main	Muscle	3	5	5	1.8285090170879783	1.8302027003534984	0.0016936832655201073	0.09262646504294576	0.09262646504294576	TRUE	1	1
ENSMUSG00000052485	Tmem171	7	top_abs_beta_meta	4.404983306498316	TRUE	GSE264344	GSE264344_design__T=Muscle__H=6__B=NA__G=delivery_ad26__VS=baseline_0	<upstream_project_root>/00_metadata/verified_metadata/splited/GSE264344_design/GSE264344_design__T=Muscle__H=6__B=NA__G=delivery_ad26__VS=baseline_0.tsv	anchor	acute_main	Muscle	6	5	5	4.409334481944208	4.3850801094568554	0.02425437248735296	-0.550068782186342	0.550068782186342	TRUE	1	1
ENSMUSG00000052485	Tmem171	7	top_abs_beta_meta	4.404983306498316	TRUE	GSE264344	GSE264344_design__T=Muscle__H=6__B=NA__G=delivery_ad5__VS=baseline_0	<upstream_project_root>/00_metadata/verified_metadata/splited/GSE264344_design/GSE264344_design__T=Muscle__H=6__B=NA__G=delivery_ad5__VS=baseline_0.tsv	anchor	acute_main	Muscle	6	5	5	4.115105313956205	4.097279385376009	0.01782592858019605	-0.4331828038456311	0.4331828038456311	TRUE	1	1
ENSMUSG00000052485	Tmem171	7	top_abs_beta_meta	4.404983306498316	TRUE	GSE264344	GSE264344_design__T=Muscle__H=72__B=NA__G=delivery_ad26__VS=baseline_0	<upstream_project_root>/00_metadata/verified_metadata/splited/GSE264344_design/GSE264344_design__T=Muscle__H=72__B=NA__G=delivery_ad26__VS=baseline_0.tsv	external	extended_transfer	Muscle	72	5	5	1.0550234100660878	1.030119040760372	0.024904369305715823	-2.360551345884902	2.360551345884902	TRUE	0.96	0.96
ENSMUSG00000052485	Tmem171	7	top_abs_beta_meta	4.404983306498316	TRUE	GSE264344	GSE264344_design__T=Muscle__H=72__B=NA__G=delivery_ad5__VS=baseline_0	<upstream_project_root>/00_metadata/verified_metadata/splited/GSE264344_design/GSE264344_design__T=Muscle__H=72__B=NA__G=delivery_ad5__VS=baseline_0.tsv	external	extended_transfer	Muscle	72	5	5	1.441223145245387	1.4098211860694927	0.03140195917589428	-2.1788408879977905	2.1788408879977905	TRUE	1	1
ENSMUSG00000040026	Saa3	8	top_abs_beta_meta	4.397792528205895	TRUE	GSE264344	GSE264344_design__T=Blood__H=1__B=NA__G=delivery_ad26__VS=baseline_0	<upstream_project_root>/00_metadata/verified_metadata/splited/GSE264344_design/GSE264344_design__T=Blood__H=1__B=NA__G=delivery_ad26__VS=baseline_0.tsv	anchor	acute_main	Blood	1	5	5	0.0779068941903649	0.07372269907904205	0.0041841951113228415	-5.370763595194532	5.370763595194532	TRUE	0.68	0.68
ENSMUSG00000040026	Saa3	8	top_abs_beta_meta	4.397792528205895	TRUE	GSE264344	GSE264344_design__T=Blood__H=1__B=NA__G=delivery_ad5__VS=baseline_0	<upstream_project_root>/00_metadata/verified_metadata/splited/GSE264344_design/GSE264344_design__T=Blood__H=1__B=NA__G=delivery_ad5__VS=baseline_0.tsv	anchor	acute_main	Blood	1	5	5	0.22131834935303651	0.21320664970757475	0.008111699645461767	-3.6651726660595907	3.6651726660595907	TRUE	0.88	0.88
ENSMUSG00000040026	Saa3	8	top_abs_beta_meta	4.397792528205895	TRUE	GSE264344	GSE264344_design__T=Blood__H=12__B=NA__G=delivery_ad26__VS=baseline_0	<upstream_project_root>/00_metadata/verified_metadata/splited/GSE264344_design/GSE264344_design__T=Blood__H=12__B=NA__G=delivery_ad26__VS=baseline_0.tsv	anchor	acute_main	Blood	12	5	5	4.557142380026869	4.531151630352946	0.02599074967392312	-0.5703299898602219	0.5703299898602219	TRUE	1	1
ENSMUSG00000040026	Saa3	8	top_abs_beta_meta	4.397792528205895	TRUE	GSE264344	GSE264344_design__T=Blood__H=12__B=NA__G=delivery_ad5__VS=baseline_0	<upstream_project_root>/00_metadata/verified_metadata/splited/GSE264344_design/GSE264344_design__T=Blood__H=12__B=NA__G=delivery_ad5__VS=baseline_0.tsv	anchor	acute_main	Blood	12	5	5	2.7728375923214097	2.7597720287952594	0.013065563526150292	-0.4711982974528216	0.4711982974528216	TRUE	1	1
ENSMUSG00000040026	Saa3	8	top_abs_beta_meta	4.397792528205895	TRUE	GSE264344	GSE264344_design__T=Blood__H=24__B=NA__G=delivery_ad26__VS=baseline_0	<upstream_project_root>/00_metadata/verified_metadata/splited/GSE264344_design/GSE264344_design__T=Blood__H=24__B=NA__G=delivery_ad26__VS=baseline_0.tsv	anchor	acute_main	Blood	24	5	5	2.7381119047981937	2.716659640521488	0.02145226427670588	-0.7834692307174702	0.7834692307174702	TRUE	1	1
ENSMUSG00000040026	Saa3	8	top_abs_beta_meta	4.397792528205895	TRUE	GSE264344	GSE264344_design__T=Blood__H=24__B=NA__G=delivery_ad5__VS=baseline_0	<upstream_project_root>/00_metadata/verified_metadata/splited/GSE264344_design/GSE264344_design__T=Blood__H=24__B=NA__G=delivery_ad5__VS=baseline_0.tsv	anchor	acute_main	Blood	24	5	5	1.4094733289679715	1.4093867615037565	8.656746421498163e-5	-0.0061418305998288784	0.0061418305998288784	TRUE	1	1
ENSMUSG00000040026	Saa3	8	top_abs_beta_meta	4.397792528205895	TRUE	GSE264344	GSE264344_design__T=Blood__H=3__B=NA__G=delivery_ad26__VS=baseline_0	<upstream_project_root>/00_metadata/verified_metadata/splited/GSE264344_design/GSE264344_design__T=Blood__H=3__B=NA__G=delivery_ad26__VS=baseline_0.tsv	anchor	acute_main	Blood	3	5	5	3.6646891330381473	3.6568502239853555	0.00783890905279172	-0.21390379287896127	0.21390379287896127	TRUE	1	1
ENSMUSG00000040026	Saa3	8	top_abs_beta_meta	4.397792528205895	TRUE	GSE264344	GSE264344_design__T=Blood__H=3__B=NA__G=delivery_ad5__VS=baseline_0	<upstream_project_root>/00_metadata/verified_metadata/splited/GSE264344_design/GSE264344_design__T=Blood__H=3__B=NA__G=delivery_ad5__VS=baseline_0.tsv	anchor	acute_main	Blood	3	5	5	0.9366653756632484	0.9257003600191656	0.01096501564408281	-1.1706438530749077	1.1706438530749077	TRUE	1	1
ENSMUSG00000040026	Saa3	8	top_abs_beta_meta	4.397792528205895	TRUE	GSE264344	GSE264344_design__T=Blood__H=6__B=NA__G=delivery_ad26__VS=baseline_0	<upstream_project_root>/00_metadata/verified_metadata/splited/GSE264344_design/GSE264344_design__T=Blood__H=6__B=NA__G=delivery_ad26__VS=baseline_0.tsv	anchor	acute_main	Blood	6	5	5	3.515367759659114	3.5067612254526206	0.008606534206493599	-0.24482599815753492	0.24482599815753492	TRUE	1	1
ENSMUSG00000040026	Saa3	8	top_abs_beta_meta	4.397792528205895	TRUE	GSE264344	GSE264344_design__T=Blood__H=6__B=NA__G=delivery_ad5__VS=baseline_0	<upstream_project_root>/00_metadata/verified_metadata/splited/GSE264344_design/GSE264344_design__T=Blood__H=6__B=NA__G=delivery_ad5__VS=baseline_0.tsv	anchor	acute_main	Blood	6	5	5	4.749455631909948	4.732746496232993	0.016709135676954645	-0.35181159635836473	0.35181159635836473	TRUE	1	1
ENSMUSG00000040026	Saa3	8	top_abs_beta_meta	4.397792528205895	TRUE	GSE264344	GSE264344_design__T=Blood__H=72__B=NA__G=delivery_ad26__VS=baseline_0	<upstream_project_root>/00_metadata/verified_metadata/splited/GSE264344_design/GSE264344_design__T=Blood__H=72__B=NA__G=delivery_ad26__VS=baseline_0.tsv	external	extended_transfer	Blood	72	5	5	0.08713996296972348	0.08400579009099518	0.003134172878728303	-3.596711281386775	3.596711281386775	TRUE	0.7200000000000001	0.68
ENSMUSG00000040026	Saa3	8	top_abs_beta_meta	4.397792528205895	TRUE	GSE264344	GSE264344_design__T=Blood__H=72__B=NA__G=delivery_ad5__VS=baseline_0	<upstream_project_root>/00_metadata/verified_metadata/splited/GSE264344_design/GSE264344_design__T=Blood__H=72__B=NA__G=delivery_ad5__VS=baseline_0.tsv	external	extended_transfer	Blood	72	5	5	0.26635130536495155	0.26030328577896233	0.006048019585989217	-2.270692676989996	2.270692676989996	TRUE	0.96	0.96
ENSMUSG00000040026	Saa3	8	top_abs_beta_meta	4.397792528205895	TRUE	GSE264344	GSE264344_design__T=dLN__H=1__B=NA__G=delivery_ad26__VS=baseline_0	<upstream_project_root>/00_metadata/verified_metadata/splited/GSE264344_design/GSE264344_design__T=dLN__H=1__B=NA__G=delivery_ad26__VS=baseline_0.tsv	anchor	acute_main	dLN	1	5	5	0.36951077174650715	0.35340884371875636	0.01610192802775079	-4.35763427183581	4.35763427183581	TRUE	0.8400000000000001	0.8400000000000001
ENSMUSG00000040026	Saa3	8	top_abs_beta_meta	4.397792528205895	TRUE	GSE264344	GSE264344_design__T=dLN__H=1__B=NA__G=delivery_ad5__VS=baseline_0	<upstream_project_root>/00_metadata/verified_metadata/splited/GSE264344_design/GSE264344_design__T=dLN__H=1__B=NA__G=delivery_ad5__VS=baseline_0.tsv	anchor	acute_main	dLN	1	5	5	0.3592382013315616	0.3436806939080479	0.015557507423513695	-4.330694053652378	4.330694053652378	TRUE	0.8	0.8
ENSMUSG00000040026	Saa3	8	top_abs_beta_meta	4.397792528205895	TRUE	GSE264344	GSE264344_design__T=dLN__H=12__B=NA__G=delivery_ad26__VS=baseline_0	<upstream_project_root>/00_metadata/verified_metadata/splited/GSE264344_design/GSE264344_design__T=dLN__H=12__B=NA__G=delivery_ad26__VS=baseline_0.tsv	anchor	acute_main	dLN	12	5	5	5.521888634175941	5.4780623491101	0.04382628506584041	-0.7936828858624895	0.7936828858624895	TRUE	1	1
ENSMUSG00000040026	Saa3	8	top_abs_beta_meta	4.397792528205895	TRUE	GSE264344	GSE264344_design__T=dLN__H=12__B=NA__G=delivery_ad5__VS=baseline_0	<upstream_project_root>/00_metadata/verified_metadata/splited/GSE264344_design/GSE264344_design__T=dLN__H=12__B=NA__G=delivery_ad5__VS=baseline_0.tsv	anchor	acute_main	dLN	12	5	5	5.006224300092883	4.964979710539585	0.04124458955329846	-0.8238661929816693	0.8238661929816693	TRUE	1	1
ENSMUSG00000040026	Saa3	8	top_abs_beta_meta	4.397792528205895	TRUE	GSE264344	GSE264344_design__T=dLN__H=24__B=NA__G=delivery_ad26__VS=baseline_0	<upstream_project_root>/00_metadata/verified_metadata/splited/GSE264344_design/GSE264344_design__T=dLN__H=24__B=NA__G=delivery_ad26__VS=baseline_0.tsv	anchor	acute_main	dLN	24	5	5	3.75024700596753	3.7120924168908758	0.038154589076654144	-1.0173886950897146	1.0173886950897146	TRUE	1	1
ENSMUSG00000040026	Saa3	8	top_abs_beta_meta	4.397792528205895	TRUE	GSE264344	GSE264344_design__T=dLN__H=24__B=NA__G=delivery_ad5__VS=baseline_0	<upstream_project_root>/00_metadata/verified_metadata/splited/GSE264344_design/GSE264344_design__T=dLN__H=24__B=NA__G=delivery_ad5__VS=baseline_0.tsv	anchor	acute_main	dLN	24	5	5	3.164769842555989	3.123757575343836	0.04101226721215312	-1.295900468358547	1.295900468358547	TRUE	1	1
ENSMUSG00000040026	Saa3	8	top_abs_beta_meta	4.397792528205895	TRUE	GSE264344	GSE264344_design__T=dLN__H=3__B=NA__G=delivery_ad26__VS=baseline_0	<upstream_project_root>/00_metadata/verified_metadata/splited/GSE264344_design/GSE264344_design__T=dLN__H=3__B=NA__G=delivery_ad26__VS=baseline_0.tsv	anchor	acute_main	dLN	3	5	5	4.35817929066291	4.3318600977916075	0.02631919287130291	-0.6039033990109106	0.6039033990109106	TRUE	1	1
ENSMUSG00000040026	Saa3	8	top_abs_beta_meta	4.397792528205895	TRUE	GSE264344	GSE264344_design__T=dLN__H=3__B=NA__G=delivery_ad5__VS=baseline_0	<upstream_project_root>/00_metadata/verified_metadata/splited/GSE264344_design/GSE264344_design__T=dLN__H=3__B=NA__G=delivery_ad5__VS=baseline_0.tsv	anchor	acute_main	dLN	3	5	5	2.7627049595948865	2.744962711710639	0.017742247884247497	-0.6422056695785988	0.6422056695785988	TRUE	1	1
ENSMUSG00000040026	Saa3	8	top_abs_beta_meta	4.397792528205895	TRUE	GSE264344	GSE264344_design__T=dLN__H=6__B=NA__G=delivery_ad26__VS=baseline_0	<upstream_project_root>/00_metadata/verified_metadata/splited/GSE264344_design/GSE264344_design__T=dLN__H=6__B=NA__G=delivery_ad26__VS=baseline_0.tsv	anchor	acute_main	dLN	6	5	5	5.703930536988686	5.664056895419557	0.039873641569129425	-0.6990555251428462	0.6990555251428462	TRUE	1	1
ENSMUSG00000040026	Saa3	8	top_abs_beta_meta	4.397792528205895	TRUE	GSE264344	GSE264344_design__T=dLN__H=6__B=NA__G=delivery_ad5__VS=baseline_0	<upstream_project_root>/00_metadata/verified_metadata/splited/GSE264344_design/GSE264344_design__T=dLN__H=6__B=NA__G=delivery_ad5__VS=baseline_0.tsv	anchor	acute_main	dLN	6	5	5	5.288429542245774	5.252565029688039	0.03586451255773504	-0.6781694314207481	0.6781694314207481	TRUE	1	1
ENSMUSG00000040026	Saa3	8	top_abs_beta_meta	4.397792528205895	TRUE	GSE264344	GSE264344_design__T=dLN__H=72__B=NA__G=delivery_ad26__VS=baseline_0	<upstream_project_root>/00_metadata/verified_metadata/splited/GSE264344_design/GSE264344_design__T=dLN__H=72__B=NA__G=delivery_ad26__VS=baseline_0.tsv	external	extended_transfer	dLN	72	5	5	0.3932971804473866	0.37300967863109213	0.020287501816294462	-5.1583135666563535	5.1583135666563535	TRUE	0.8	0.8
ENSMUSG00000040026	Saa3	8	top_abs_beta_meta	4.397792528205895	TRUE	GSE264344	GSE264344_design__T=dLN__H=72__B=NA__G=delivery_ad5__VS=baseline_0	<upstream_project_root>/00_metadata/verified_metadata/splited/GSE264344_design/GSE264344_design__T=dLN__H=72__B=NA__G=delivery_ad5__VS=baseline_0.tsv	external	extended_transfer	dLN	72	5	5	0.4507210263939263	0.4304792660144554	0.020241760379470897	-4.490973172789097	4.490973172789097	TRUE	0.8	0.8
ENSMUSG00000040026	Saa3	8	top_abs_beta_meta	4.397792528205895	TRUE	GSE264344	GSE264344_design__T=Muscle__H=1__B=NA__G=delivery_ad26__VS=baseline_0	<upstream_project_root>/00_metadata/verified_metadata/splited/GSE264344_design/GSE264344_design__T=Muscle__H=1__B=NA__G=delivery_ad26__VS=baseline_0.tsv	anchor	acute_main	Muscle	1	5	5	0.5752137463208833	0.5665736935673686	0.008640052753514649	-1.502059505492901	1.502059505492901	TRUE	1	1
ENSMUSG00000040026	Saa3	8	top_abs_beta_meta	4.397792528205895	TRUE	GSE264344	GSE264344_design__T=Muscle__H=1__B=NA__G=delivery_ad5__VS=baseline_0	<upstream_project_root>/00_metadata/verified_metadata/splited/GSE264344_design/GSE264344_design__T=Muscle__H=1__B=NA__G=delivery_ad5__VS=baseline_0.tsv	anchor	acute_main	Muscle	1	5	5	0.5210164970803043	0.5071262129945086	0.013890284085795734	-2.6659969815993803	2.6659969815993803	TRUE	0.96	0.96
ENSMUSG00000040026	Saa3	8	top_abs_beta_meta	4.397792528205895	TRUE	GSE264344	GSE264344_design__T=Muscle__H=12__B=NA__G=delivery_ad26__VS=baseline_0	<upstream_project_root>/00_metadata/verified_metadata/splited/GSE264344_design/GSE264344_design__T=Muscle__H=12__B=NA__G=delivery_ad26__VS=baseline_0.tsv	anchor	acute_main	Muscle	12	5	5	4.379052454232406	4.349831057035925	0.02922139719648076	-0.6672995471483318	0.6672995471483318	TRUE	1	1
ENSMUSG00000040026	Saa3	8	top_abs_beta_meta	4.397792528205895	TRUE	GSE264344	GSE264344_design__T=Muscle__H=12__B=NA__G=delivery_ad5__VS=baseline_0	<upstream_project_root>/00_metadata/verified_metadata/splited/GSE264344_design/GSE264344_design__T=Muscle__H=12__B=NA__G=delivery_ad5__VS=baseline_0.tsv	anchor	acute_main	Muscle	12	5	5	4.561337243094393	4.531092256372252	0.030244986722140155	-0.6630728032207959	0.6630728032207959	TRUE	1	1
ENSMUSG00000040026	Saa3	8	top_abs_beta_meta	4.397792528205895	TRUE	GSE264344	GSE264344_design__T=Muscle__H=24__B=NA__G=delivery_ad26__VS=baseline_0	<upstream_project_root>/00_metadata/verified_metadata/splited/GSE264344_design/GSE264344_design__T=Muscle__H=24__B=NA__G=delivery_ad26__VS=baseline_0.tsv	anchor	acute_main	Muscle	24	5	5	3.564906975120775	3.5211857759970924	0.04372119912368255	-1.2264330999044184	1.2264330999044184	TRUE	1	1
ENSMUSG00000040026	Saa3	8	top_abs_beta_meta	4.397792528205895	TRUE	GSE264344	GSE264344_design__T=Muscle__H=24__B=NA__G=delivery_ad5__VS=baseline_0	<upstream_project_root>/00_metadata/verified_metadata/splited/GSE264344_design/GSE264344_design__T=Muscle__H=24__B=NA__G=delivery_ad5__VS=baseline_0.tsv	anchor	acute_main	Muscle	24	5	5	3.5245362334746155	3.4852973630760866	0.03923887039852891	-1.113305915991274	1.113305915991274	TRUE	1	1
ENSMUSG00000040026	Saa3	8	top_abs_beta_meta	4.397792528205895	TRUE	GSE264344	GSE264344_design__T=Muscle__H=3__B=NA__G=delivery_ad26__VS=baseline_0	<upstream_project_root>/00_metadata/verified_metadata/splited/GSE264344_design/GSE264344_design__T=Muscle__H=3__B=NA__G=delivery_ad26__VS=baseline_0.tsv	anchor	acute_main	Muscle	3	5	5	3.166868738099831	3.1504601284491676	0.016408609650663486	-0.5181335573923692	0.5181335573923692	TRUE	1	1
ENSMUSG00000040026	Saa3	8	top_abs_beta_meta	4.397792528205895	TRUE	GSE264344	GSE264344_design__T=Muscle__H=3__B=NA__G=delivery_ad5__VS=baseline_0	<upstream_project_root>/00_metadata/verified_metadata/splited/GSE264344_design/GSE264344_design__T=Muscle__H=3__B=NA__G=delivery_ad5__VS=baseline_0.tsv	anchor	acute_main	Muscle	3	5	5	1.8285090170879783	1.8101317050278358	0.01837731206014248	-1.0050435567121	1.0050435567121	TRUE	1	1
ENSMUSG00000040026	Saa3	8	top_abs_beta_meta	4.397792528205895	TRUE	GSE264344	GSE264344_design__T=Muscle__H=6__B=NA__G=delivery_ad26__VS=baseline_0	<upstream_project_root>/00_metadata/verified_metadata/splited/GSE264344_design/GSE264344_design__T=Muscle__H=6__B=NA__G=delivery_ad26__VS=baseline_0.tsv	anchor	acute_main	Muscle	6	5	5	4.409334481944208	4.395629456949684	0.013705024994524528	-0.31081844778719464	0.31081844778719464	TRUE	1	1
ENSMUSG00000040026	Saa3	8	top_abs_beta_meta	4.397792528205895	TRUE	GSE264344	GSE264344_design__T=Muscle__H=6__B=NA__G=delivery_ad5__VS=baseline_0	<upstream_project_root>/00_metadata/verified_metadata/splited/GSE264344_design/GSE264344_design__T=Muscle__H=6__B=NA__G=delivery_ad5__VS=baseline_0.tsv	anchor	acute_main	Muscle	6	5	5	4.115105313956205	4.087889654679338	0.027215659276866866	-0.6613599701705353	0.6613599701705353	TRUE	1	1
ENSMUSG00000040026	Saa3	8	top_abs_beta_meta	4.397792528205895	TRUE	GSE264344	GSE264344_design__T=Muscle__H=72__B=NA__G=delivery_ad26__VS=baseline_0	<upstream_project_root>/00_metadata/verified_metadata/splited/GSE264344_design/GSE264344_design__T=Muscle__H=72__B=NA__G=delivery_ad26__VS=baseline_0.tsv	external	extended_transfer	Muscle	72	5	5	1.0550234100660878	1.0480540626947707	0.006969347371317047	-0.6605869883854502	0.6605869883854502	TRUE	0.96	0.96
ENSMUSG00000040026	Saa3	8	top_abs_beta_meta	4.397792528205895	TRUE	GSE264344	GSE264344_design__T=Muscle__H=72__B=NA__G=delivery_ad5__VS=baseline_0	<upstream_project_root>/00_metadata/verified_metadata/splited/GSE264344_design/GSE264344_design__T=Muscle__H=72__B=NA__G=delivery_ad5__VS=baseline_0.tsv	external	extended_transfer	Muscle	72	5	5	1.441223145245387	1.4175982191195728	0.023624926125814127	-1.6392274994856315	1.6392274994856315	TRUE	1	1
ENSMUSG00000134421	Gm67078	9	top_abs_beta_meta	4.366412049518441	TRUE	GSE264344	GSE264344_design__T=Blood__H=1__B=NA__G=delivery_ad26__VS=baseline_0	<upstream_project_root>/00_metadata/verified_metadata/splited/GSE264344_design/GSE264344_design__T=Blood__H=1__B=NA__G=delivery_ad26__VS=baseline_0.tsv	anchor	acute_main	Blood	1	5	5	0.0779068941903649	0.07982062808216872	0.001913733891803826	2.4564371506424476	2.4564371506424476	TRUE	0.68	0.68
ENSMUSG00000134421	Gm67078	9	top_abs_beta_meta	4.366412049518441	TRUE	GSE264344	GSE264344_design__T=Blood__H=1__B=NA__G=delivery_ad5__VS=baseline_0	<upstream_project_root>/00_metadata/verified_metadata/splited/GSE264344_design/GSE264344_design__T=Blood__H=1__B=NA__G=delivery_ad5__VS=baseline_0.tsv	anchor	acute_main	Blood	1	5	5	0.22131834935303651	0.2138301030955797	0.00748824625745681	-3.3834728477537643	3.3834728477537643	TRUE	0.88	0.88
ENSMUSG00000134421	Gm67078	9	top_abs_beta_meta	4.366412049518441	TRUE	GSE264344	GSE264344_design__T=Blood__H=12__B=NA__G=delivery_ad26__VS=baseline_0	<upstream_project_root>/00_metadata/verified_metadata/splited/GSE264344_design/GSE264344_design__T=Blood__H=12__B=NA__G=delivery_ad26__VS=baseline_0.tsv	anchor	acute_main	Blood	12	5	5	4.557142380026869	4.468973586167348	0.0881687938595217	-1.9347386258096646	1.9347386258096646	TRUE	1	1
ENSMUSG00000134421	Gm67078	9	top_abs_beta_meta	4.366412049518441	TRUE	GSE264344	GSE264344_design__T=Blood__H=12__B=NA__G=delivery_ad5__VS=baseline_0	<upstream_project_root>/00_metadata/verified_metadata/splited/GSE264344_design/GSE264344_design__T=Blood__H=12__B=NA__G=delivery_ad5__VS=baseline_0.tsv	anchor	acute_main	Blood	12	5	5	2.7728375923214097	2.74468760812271	0.02814998419869985	-1.0152049393968576	1.0152049393968576	TRUE	1	1
ENSMUSG00000134421	Gm67078	9	top_abs_beta_meta	4.366412049518441	TRUE	GSE264344	GSE264344_design__T=Blood__H=24__B=NA__G=delivery_ad26__VS=baseline_0	<upstream_project_root>/00_metadata/verified_metadata/splited/GSE264344_design/GSE264344_design__T=Blood__H=24__B=NA__G=delivery_ad26__VS=baseline_0.tsv	anchor	acute_main	Blood	24	5	5	2.7381119047981937	2.6772165637537495	0.06089534104444416	-2.223990222522783	2.223990222522783	TRUE	1	1
ENSMUSG00000134421	Gm67078	9	top_abs_beta_meta	4.366412049518441	TRUE	GSE264344	GSE264344_design__T=Blood__H=24__B=NA__G=delivery_ad5__VS=baseline_0	<upstream_project_root>/00_metadata/verified_metadata/splited/GSE264344_design/GSE264344_design__T=Blood__H=24__B=NA__G=delivery_ad5__VS=baseline_0.tsv	anchor	acute_main	Blood	24	5	5	1.4094733289679715	1.374922381290856	0.03455094767711553	-2.4513374582557037	2.4513374582557037	TRUE	1	1
ENSMUSG00000134421	Gm67078	9	top_abs_beta_meta	4.366412049518441	TRUE	GSE264344	GSE264344_design__T=Blood__H=3__B=NA__G=delivery_ad26__VS=baseline_0	<upstream_project_root>/00_metadata/verified_metadata/splited/GSE264344_design/GSE264344_design__T=Blood__H=3__B=NA__G=delivery_ad26__VS=baseline_0.tsv	anchor	acute_main	Blood	3	5	5	3.6646891330381473	3.587868772037971	0.07682036100017609	-2.0962313094341374	2.0962313094341374	TRUE	1	1
ENSMUSG00000134421	Gm67078	9	top_abs_beta_meta	4.366412049518441	TRUE	GSE264344	GSE264344_design__T=Blood__H=3__B=NA__G=delivery_ad5__VS=baseline_0	<upstream_project_root>/00_metadata/verified_metadata/splited/GSE264344_design/GSE264344_design__T=Blood__H=3__B=NA__G=delivery_ad5__VS=baseline_0.tsv	anchor	acute_main	Blood	3	5	5	0.9366653756632484	0.9292997250913417	0.0073656505719066345	-0.78636947230926	0.78636947230926	TRUE	1	1
ENSMUSG00000134421	Gm67078	9	top_abs_beta_meta	4.366412049518441	TRUE	GSE264344	GSE264344_design__T=Blood__H=6__B=NA__G=delivery_ad26__VS=baseline_0	<upstream_project_root>/00_metadata/verified_metadata/splited/GSE264344_design/GSE264344_design__T=Blood__H=6__B=NA__G=delivery_ad26__VS=baseline_0.tsv	anchor	acute_main	Blood	6	5	5	3.515367759659114	3.445860964700747	0.0695067949583672	-1.9772268425510988	1.9772268425510988	TRUE	1	1
ENSMUSG00000134421	Gm67078	9	top_abs_beta_meta	4.366412049518441	TRUE	GSE264344	GSE264344_design__T=Blood__H=6__B=NA__G=delivery_ad5__VS=baseline_0	<upstream_project_root>/00_metadata/verified_metadata/splited/GSE264344_design/GSE264344_design__T=Blood__H=6__B=NA__G=delivery_ad5__VS=baseline_0.tsv	anchor	acute_main	Blood	6	5	5	4.749455631909948	4.684342943279422	0.065112688630526	-1.3709505610086425	1.3709505610086425	TRUE	1	1
ENSMUSG00000134421	Gm67078	9	top_abs_beta_meta	4.366412049518441	TRUE	GSE264344	GSE264344_design__T=Blood__H=72__B=NA__G=delivery_ad26__VS=baseline_0	<upstream_project_root>/00_metadata/verified_metadata/splited/GSE264344_design/GSE264344_design__T=Blood__H=72__B=NA__G=delivery_ad26__VS=baseline_0.tsv	external	extended_transfer	Blood	72	5	5	0.08713996296972348	0.07694835070068262	0.010191612269040862	-11.695681202643966	11.695681202643966	TRUE	0.7200000000000001	0.7200000000000001
ENSMUSG00000134421	Gm67078	9	top_abs_beta_meta	4.366412049518441	TRUE	GSE264344	GSE264344_design__T=Blood__H=72__B=NA__G=delivery_ad5__VS=baseline_0	<upstream_project_root>/00_metadata/verified_metadata/splited/GSE264344_design/GSE264344_design__T=Blood__H=72__B=NA__G=delivery_ad5__VS=baseline_0.tsv	external	extended_transfer	Blood	72	5	5	0.26635130536495155	0.2681003405639035	0.001749035198951976	0.6566647745748674	0.6566647745748674	TRUE	0.96	0.96
ENSMUSG00000134421	Gm67078	9	top_abs_beta_meta	4.366412049518441	TRUE	GSE264344	GSE264344_design__T=dLN__H=1__B=NA__G=delivery_ad26__VS=baseline_0	<upstream_project_root>/00_metadata/verified_metadata/splited/GSE264344_design/GSE264344_design__T=dLN__H=1__B=NA__G=delivery_ad26__VS=baseline_0.tsv	anchor	acute_main	dLN	1	5	5	0.36951077174650715	0.3623776886801924	0.0071330830663147715	-1.9304127543021208	1.9304127543021208	TRUE	0.8400000000000001	0.8400000000000001
ENSMUSG00000134421	Gm67078	9	top_abs_beta_meta	4.366412049518441	TRUE	GSE264344	GSE264344_design__T=dLN__H=1__B=NA__G=delivery_ad5__VS=baseline_0	<upstream_project_root>/00_metadata/verified_metadata/splited/GSE264344_design/GSE264344_design__T=dLN__H=1__B=NA__G=delivery_ad5__VS=baseline_0.tsv	anchor	acute_main	dLN	1	5	5	0.3592382013315616	0.36427179823728784	0.005033596905726245	1.4011864236789364	1.4011864236789364	TRUE	0.8	0.8
ENSMUSG00000134421	Gm67078	9	top_abs_beta_meta	4.366412049518441	TRUE	GSE264344	GSE264344_design__T=dLN__H=12__B=NA__G=delivery_ad26__VS=baseline_0	<upstream_project_root>/00_metadata/verified_metadata/splited/GSE264344_design/GSE264344_design__T=dLN__H=12__B=NA__G=delivery_ad26__VS=baseline_0.tsv	anchor	acute_main	dLN	12	5	5	5.521888634175941	5.439554531517105	0.08233410265883556	-1.4910496772654072	1.4910496772654072	TRUE	1	1
ENSMUSG00000134421	Gm67078	9	top_abs_beta_meta	4.366412049518441	TRUE	GSE264344	GSE264344_design__T=dLN__H=12__B=NA__G=delivery_ad5__VS=baseline_0	<upstream_project_root>/00_metadata/verified_metadata/splited/GSE264344_design/GSE264344_design__T=dLN__H=12__B=NA__G=delivery_ad5__VS=baseline_0.tsv	anchor	acute_main	dLN	12	5	5	5.006224300092883	4.924904892119464	0.08131940797341919	-1.6243660511158164	1.6243660511158164	TRUE	1	1
ENSMUSG00000134421	Gm67078	9	top_abs_beta_meta	4.366412049518441	TRUE	GSE264344	GSE264344_design__T=dLN__H=24__B=NA__G=delivery_ad26__VS=baseline_0	<upstream_project_root>/00_metadata/verified_metadata/splited/GSE264344_design/GSE264344_design__T=dLN__H=24__B=NA__G=delivery_ad26__VS=baseline_0.tsv	anchor	acute_main	dLN	24	5	5	3.75024700596753	3.6770176976490676	0.0732293083184623	-1.95265293731152	1.95265293731152	TRUE	1	1
ENSMUSG00000134421	Gm67078	9	top_abs_beta_meta	4.366412049518441	TRUE	GSE264344	GSE264344_design__T=dLN__H=24__B=NA__G=delivery_ad5__VS=baseline_0	<upstream_project_root>/00_metadata/verified_metadata/splited/GSE264344_design/GSE264344_design__T=dLN__H=24__B=NA__G=delivery_ad5__VS=baseline_0.tsv	anchor	acute_main	dLN	24	5	5	3.164769842555989	3.1007622097536127	0.06400763280237642	-2.022505142133224	2.022505142133224	TRUE	1	1
ENSMUSG00000134421	Gm67078	9	top_abs_beta_meta	4.366412049518441	TRUE	GSE264344	GSE264344_design__T=dLN__H=3__B=NA__G=delivery_ad26__VS=baseline_0	<upstream_project_root>/00_metadata/verified_metadata/splited/GSE264344_design/GSE264344_design__T=dLN__H=3__B=NA__G=delivery_ad26__VS=baseline_0.tsv	anchor	acute_main	dLN	3	5	5	4.35817929066291	4.297357284782489	0.060822005880421415	-1.3955829217657072	1.3955829217657072	TRUE	1	1
ENSMUSG00000134421	Gm67078	9	top_abs_beta_meta	4.366412049518441	TRUE	GSE264344	GSE264344_design__T=dLN__H=3__B=NA__G=delivery_ad5__VS=baseline_0	<upstream_project_root>/00_metadata/verified_metadata/splited/GSE264344_design/GSE264344_design__T=dLN__H=3__B=NA__G=delivery_ad5__VS=baseline_0.tsv	anchor	acute_main	dLN	3	5	5	2.7627049595948865	2.734665899575934	0.028039060018952622	-1.0149132979825748	1.0149132979825748	TRUE	1	1
ENSMUSG00000134421	Gm67078	9	top_abs_beta_meta	4.366412049518441	TRUE	GSE264344	GSE264344_design__T=dLN__H=6__B=NA__G=delivery_ad26__VS=baseline_0	<upstream_project_root>/00_metadata/verified_metadata/splited/GSE264344_design/GSE264344_design__T=dLN__H=6__B=NA__G=delivery_ad26__VS=baseline_0.tsv	anchor	acute_main	dLN	6	5	5	5.703930536988686	5.6476614556869675	0.05626908130171859	-0.9864966085548633	0.9864966085548633	TRUE	1	1
ENSMUSG00000134421	Gm67078	9	top_abs_beta_meta	4.366412049518441	TRUE	GSE264344	GSE264344_design__T=dLN__H=6__B=NA__G=delivery_ad5__VS=baseline_0	<upstream_project_root>/00_metadata/verified_metadata/splited/GSE264344_design/GSE264344_design__T=dLN__H=6__B=NA__G=delivery_ad5__VS=baseline_0.tsv	anchor	acute_main	dLN	6	5	5	5.288429542245774	5.218280119049318	0.07014942319645634	-1.3264698458413577	1.3264698458413577	TRUE	1	1
ENSMUSG00000134421	Gm67078	9	top_abs_beta_meta	4.366412049518441	TRUE	GSE264344	GSE264344_design__T=dLN__H=72__B=NA__G=delivery_ad26__VS=baseline_0	<upstream_project_root>/00_metadata/verified_metadata/splited/GSE264344_design/GSE264344_design__T=dLN__H=72__B=NA__G=delivery_ad26__VS=baseline_0.tsv	external	extended_transfer	dLN	72	5	5	0.3932971804473866	0.384628781742816	0.00866839870457059	-2.2040327608527583	2.2040327608527583	TRUE	0.8	0.8
ENSMUSG00000134421	Gm67078	9	top_abs_beta_meta	4.366412049518441	TRUE	GSE264344	GSE264344_design__T=dLN__H=72__B=NA__G=delivery_ad5__VS=baseline_0	<upstream_project_root>/00_metadata/verified_metadata/splited/GSE264344_design/GSE264344_design__T=dLN__H=72__B=NA__G=delivery_ad5__VS=baseline_0.tsv	external	extended_transfer	dLN	72	5	5	0.4507210263939263	0.443417570207973	0.007303456185953294	-1.6203939373287937	1.6203939373287937	TRUE	0.8	0.8
ENSMUSG00000134421	Gm67078	9	top_abs_beta_meta	4.366412049518441	TRUE	GSE264344	GSE264344_design__T=Muscle__H=1__B=NA__G=delivery_ad26__VS=baseline_0	<upstream_project_root>/00_metadata/verified_metadata/splited/GSE264344_design/GSE264344_design__T=Muscle__H=1__B=NA__G=delivery_ad26__VS=baseline_0.tsv	anchor	acute_main	Muscle	1	5	5	0.5752137463208833	0.5797541603782638	0.004540414057380482	0.7893438024423723	0.7893438024423723	TRUE	1	1
ENSMUSG00000134421	Gm67078	9	top_abs_beta_meta	4.366412049518441	TRUE	GSE264344	GSE264344_design__T=Muscle__H=1__B=NA__G=delivery_ad5__VS=baseline_0	<upstream_project_root>/00_metadata/verified_metadata/splited/GSE264344_design/GSE264344_design__T=Muscle__H=1__B=NA__G=delivery_ad5__VS=baseline_0.tsv	anchor	acute_main	Muscle	1	5	5	0.5210164970803043	0.5228635227752411	0.001847025694936777	0.3545042633558098	0.3545042633558098	TRUE	0.96	0.96
ENSMUSG00000134421	Gm67078	9	top_abs_beta_meta	4.366412049518441	TRUE	GSE264344	GSE264344_design__T=Muscle__H=12__B=NA__G=delivery_ad26__VS=baseline_0	<upstream_project_root>/00_metadata/verified_metadata/splited/GSE264344_design/GSE264344_design__T=Muscle__H=12__B=NA__G=delivery_ad26__VS=baseline_0.tsv	anchor	acute_main	Muscle	12	5	5	4.379052454232406	4.336924226021914	0.042128228210492225	-0.9620398168506703	0.9620398168506703	TRUE	1	1
ENSMUSG00000134421	Gm67078	9	top_abs_beta_meta	4.366412049518441	TRUE	GSE264344	GSE264344_design__T=Muscle__H=12__B=NA__G=delivery_ad5__VS=baseline_0	<upstream_project_root>/00_metadata/verified_metadata/splited/GSE264344_design/GSE264344_design__T=Muscle__H=12__B=NA__G=delivery_ad5__VS=baseline_0.tsv	anchor	acute_main	Muscle	12	5	5	4.561337243094393	4.52810529891196	0.03323194418243247	-0.7285570527095703	0.7285570527095703	TRUE	1	1
ENSMUSG00000134421	Gm67078	9	top_abs_beta_meta	4.366412049518441	TRUE	GSE264344	GSE264344_design__T=Muscle__H=24__B=NA__G=delivery_ad26__VS=baseline_0	<upstream_project_root>/00_metadata/verified_metadata/splited/GSE264344_design/GSE264344_design__T=Muscle__H=24__B=NA__G=delivery_ad26__VS=baseline_0.tsv	anchor	acute_main	Muscle	24	5	5	3.564906975120775	3.5190034081442936	0.04590356697648135	-1.2876511868847906	1.2876511868847906	TRUE	1	1
ENSMUSG00000134421	Gm67078	9	top_abs_beta_meta	4.366412049518441	TRUE	GSE264344	GSE264344_design__T=Muscle__H=24__B=NA__G=delivery_ad5__VS=baseline_0	<upstream_project_root>/00_metadata/verified_metadata/splited/GSE264344_design/GSE264344_design__T=Muscle__H=24__B=NA__G=delivery_ad5__VS=baseline_0.tsv	anchor	acute_main	Muscle	24	5	5	3.5245362334746155	3.4920835682938476	0.03245266518076795	-0.9207641241575473	0.9207641241575473	TRUE	1	1
ENSMUSG00000134421	Gm67078	9	top_abs_beta_meta	4.366412049518441	TRUE	GSE264344	GSE264344_design__T=Muscle__H=3__B=NA__G=delivery_ad26__VS=baseline_0	<upstream_project_root>/00_metadata/verified_metadata/splited/GSE264344_design/GSE264344_design__T=Muscle__H=3__B=NA__G=delivery_ad26__VS=baseline_0.tsv	anchor	acute_main	Muscle	3	5	5	3.166868738099831	3.131882838218388	0.03498589988144296	-1.1047473948173496	1.1047473948173496	TRUE	1	1
ENSMUSG00000134421	Gm67078	9	top_abs_beta_meta	4.366412049518441	TRUE	GSE264344	GSE264344_design__T=Muscle__H=3__B=NA__G=delivery_ad5__VS=baseline_0	<upstream_project_root>/00_metadata/verified_metadata/splited/GSE264344_design/GSE264344_design__T=Muscle__H=3__B=NA__G=delivery_ad5__VS=baseline_0.tsv	anchor	acute_main	Muscle	3	5	5	1.8285090170879783	1.8216033513455039	0.0069056657424744206	-0.37766648553213866	0.37766648553213866	TRUE	1	1
ENSMUSG00000134421	Gm67078	9	top_abs_beta_meta	4.366412049518441	TRUE	GSE264344	GSE264344_design__T=Muscle__H=6__B=NA__G=delivery_ad26__VS=baseline_0	<upstream_project_root>/00_metadata/verified_metadata/splited/GSE264344_design/GSE264344_design__T=Muscle__H=6__B=NA__G=delivery_ad26__VS=baseline_0.tsv	anchor	acute_main	Muscle	6	5	5	4.409334481944208	4.3754910907046	0.03384339123960878	-0.767539667906668	0.767539667906668	TRUE	1	1
ENSMUSG00000134421	Gm67078	9	top_abs_beta_meta	4.366412049518441	TRUE	GSE264344	GSE264344_design__T=Muscle__H=6__B=NA__G=delivery_ad5__VS=baseline_0	<upstream_project_root>/00_metadata/verified_metadata/splited/GSE264344_design/GSE264344_design__T=Muscle__H=6__B=NA__G=delivery_ad5__VS=baseline_0.tsv	anchor	acute_main	Muscle	6	5	5	4.115105313956205	4.077364804588791	0.037740509367413466	-0.917121348982689	0.917121348982689	TRUE	1	1
ENSMUSG00000134421	Gm67078	9	top_abs_beta_meta	4.366412049518441	TRUE	GSE264344	GSE264344_design__T=Muscle__H=72__B=NA__G=delivery_ad26__VS=baseline_0	<upstream_project_root>/00_metadata/verified_metadata/splited/GSE264344_design/GSE264344_design__T=Muscle__H=72__B=NA__G=delivery_ad26__VS=baseline_0.tsv	external	extended_transfer	Muscle	72	5	5	1.0550234100660878	1.043204726457284	0.011818683608803893	-1.120229513017494	1.120229513017494	TRUE	0.96	0.96
ENSMUSG00000134421	Gm67078	9	top_abs_beta_meta	4.366412049518441	TRUE	GSE264344	GSE264344_design__T=Muscle__H=72__B=NA__G=delivery_ad5__VS=baseline_0	<upstream_project_root>/00_metadata/verified_metadata/splited/GSE264344_design/GSE264344_design__T=Muscle__H=72__B=NA__G=delivery_ad5__VS=baseline_0.tsv	external	extended_transfer	Muscle	72	5	5	1.441223145245387	1.4357970650876997	0.0054260801576873074	-0.37649132791046364	0.37649132791046364	TRUE	1	1
ENSMUSG00000055110	A630012P03Rik	10	top_abs_beta_meta	4.36126211559667	TRUE	GSE264344	GSE264344_design__T=Blood__H=1__B=NA__G=delivery_ad26__VS=baseline_0	<upstream_project_root>/00_metadata/verified_metadata/splited/GSE264344_design/GSE264344_design__T=Blood__H=1__B=NA__G=delivery_ad26__VS=baseline_0.tsv	anchor	acute_main	Blood	1	5	5	0.0779068941903649	0.076412915079764	0.001493979110600896	-1.9176468605594383	1.9176468605594383	TRUE	0.68	0.68
ENSMUSG00000055110	A630012P03Rik	10	top_abs_beta_meta	4.36126211559667	TRUE	GSE264344	GSE264344_design__T=Blood__H=1__B=NA__G=delivery_ad5__VS=baseline_0	<upstream_project_root>/00_metadata/verified_metadata/splited/GSE264344_design/GSE264344_design__T=Blood__H=1__B=NA__G=delivery_ad5__VS=baseline_0.tsv	anchor	acute_main	Blood	1	5	5	0.22131834935303651	0.22085496742876753	4.633819242689796e-4	-0.20937347744710258	0.20937347744710258	TRUE	0.88	0.92
ENSMUSG00000055110	A630012P03Rik	10	top_abs_beta_meta	4.36126211559667	TRUE	GSE264344	GSE264344_design__T=Blood__H=12__B=NA__G=delivery_ad26__VS=baseline_0	<upstream_project_root>/00_metadata/verified_metadata/splited/GSE264344_design/GSE264344_design__T=Blood__H=12__B=NA__G=delivery_ad26__VS=baseline_0.tsv	anchor	acute_main	Blood	12	5	5	4.557142380026869	4.539478909948536	0.017663470078333354	-0.3875996974715811	0.3875996974715811	TRUE	1	1
ENSMUSG00000055110	A630012P03Rik	10	top_abs_beta_meta	4.36126211559667	TRUE	GSE264344	GSE264344_design__T=Blood__H=12__B=NA__G=delivery_ad5__VS=baseline_0	<upstream_project_root>/00_metadata/verified_metadata/splited/GSE264344_design/GSE264344_design__T=Blood__H=12__B=NA__G=delivery_ad5__VS=baseline_0.tsv	anchor	acute_main	Blood	12	5	5	2.7728375923214097	2.766519476862511	0.00631811545889871	-0.22785739332137395	0.22785739332137395	TRUE	1	1
ENSMUSG00000055110	A630012P03Rik	10	top_abs_beta_meta	4.36126211559667	TRUE	GSE264344	GSE264344_design__T=Blood__H=24__B=NA__G=delivery_ad26__VS=baseline_0	<upstream_project_root>/00_metadata/verified_metadata/splited/GSE264344_design/GSE264344_design__T=Blood__H=24__B=NA__G=delivery_ad26__VS=baseline_0.tsv	anchor	acute_main	Blood	24	5	5	2.7381119047981937	2.7258645602674036	0.012247344530790016	-0.44729159934362434	0.44729159934362434	TRUE	1	1
ENSMUSG00000055110	A630012P03Rik	10	top_abs_beta_meta	4.36126211559667	TRUE	GSE264344	GSE264344_design__T=Blood__H=24__B=NA__G=delivery_ad5__VS=baseline_0	<upstream_project_root>/00_metadata/verified_metadata/splited/GSE264344_design/GSE264344_design__T=Blood__H=24__B=NA__G=delivery_ad5__VS=baseline_0.tsv	anchor	acute_main	Blood	24	5	5	1.4094733289679715	1.4002439915867355	0.009229337381235991	-0.6548075221823312	0.6548075221823312	TRUE	1	1
ENSMUSG00000055110	A630012P03Rik	10	top_abs_beta_meta	4.36126211559667	TRUE	GSE264344	GSE264344_design__T=Blood__H=3__B=NA__G=delivery_ad26__VS=baseline_0	<upstream_project_root>/00_metadata/verified_metadata/splited/GSE264344_design/GSE264344_design__T=Blood__H=3__B=NA__G=delivery_ad26__VS=baseline_0.tsv	anchor	acute_main	Blood	3	5	5	3.6646891330381473	3.670728614643899	0.006039481605751629	0.16480201693791965	0.16480201693791965	TRUE	1	1
ENSMUSG00000055110	A630012P03Rik	10	top_abs_beta_meta	4.36126211559667	TRUE	GSE264344	GSE264344_design__T=Blood__H=3__B=NA__G=delivery_ad5__VS=baseline_0	<upstream_project_root>/00_metadata/verified_metadata/splited/GSE264344_design/GSE264344_design__T=Blood__H=3__B=NA__G=delivery_ad5__VS=baseline_0.tsv	anchor	acute_main	Blood	3	5	5	0.9366653756632484	0.9396291287290162	0.0029637530657677935	0.3164153541673486	0.3164153541673486	TRUE	1	1
ENSMUSG00000055110	A630012P03Rik	10	top_abs_beta_meta	4.36126211559667	TRUE	GSE264344	GSE264344_design__T=Blood__H=6__B=NA__G=delivery_ad26__VS=baseline_0	<upstream_project_root>/00_metadata/verified_metadata/splited/GSE264344_design/GSE264344_design__T=Blood__H=6__B=NA__G=delivery_ad26__VS=baseline_0.tsv	anchor	acute_main	Blood	6	5	5	3.515367759659114	3.5021500094070914	0.013217750252022764	-0.37599907479678574	0.37599907479678574	TRUE	1	1
ENSMUSG00000055110	A630012P03Rik	10	top_abs_beta_meta	4.36126211559667	TRUE	GSE264344	GSE264344_design__T=Blood__H=6__B=NA__G=delivery_ad5__VS=baseline_0	<upstream_project_root>/00_metadata/verified_metadata/splited/GSE264344_design/GSE264344_design__T=Blood__H=6__B=NA__G=delivery_ad5__VS=baseline_0.tsv	anchor	acute_main	Blood	6	5	5	4.749455631909948	4.731937197587835	0.01751843432211242	-0.3688514154003698	0.3688514154003698	TRUE	1	1
ENSMUSG00000055110	A630012P03Rik	10	top_abs_beta_meta	4.36126211559667	TRUE	GSE264344	GSE264344_design__T=Blood__H=72__B=NA__G=delivery_ad26__VS=baseline_0	<upstream_project_root>/00_metadata/verified_metadata/splited/GSE264344_design/GSE264344_design__T=Blood__H=72__B=NA__G=delivery_ad26__VS=baseline_0.tsv	external	extended_transfer	Blood	72	5	5	0.08713996296972348	0.07712761610570751	0.010012346864015975	-11.48995997105798	11.48995997105798	TRUE	0.7200000000000001	0.64
ENSMUSG00000055110	A630012P03Rik	10	top_abs_beta_meta	4.36126211559667	TRUE	GSE264344	GSE264344_design__T=Blood__H=72__B=NA__G=delivery_ad5__VS=baseline_0	<upstream_project_root>/00_metadata/verified_metadata/splited/GSE264344_design/GSE264344_design__T=Blood__H=72__B=NA__G=delivery_ad5__VS=baseline_0.tsv	external	extended_transfer	Blood	72	5	5	0.26635130536495155	0.2649582700685217	0.0013930352964298676	-0.5230067464926242	0.5230067464926242	TRUE	0.96	0.96
ENSMUSG00000055110	A630012P03Rik	10	top_abs_beta_meta	4.36126211559667	TRUE	GSE264344	GSE264344_design__T=dLN__H=1__B=NA__G=delivery_ad26__VS=baseline_0	<upstream_project_root>/00_metadata/verified_metadata/splited/GSE264344_design/GSE264344_design__T=dLN__H=1__B=NA__G=delivery_ad26__VS=baseline_0.tsv	anchor	acute_main	dLN	1	5	5	0.36951077174650715	0.38097104754294286	0.011460275796435715	3.101472723587535	3.101472723587535	TRUE	0.8400000000000001	0.8400000000000001
ENSMUSG00000055110	A630012P03Rik	10	top_abs_beta_meta	4.36126211559667	TRUE	GSE264344	GSE264344_design__T=dLN__H=1__B=NA__G=delivery_ad5__VS=baseline_0	<upstream_project_root>/00_metadata/verified_metadata/splited/GSE264344_design/GSE264344_design__T=dLN__H=1__B=NA__G=delivery_ad5__VS=baseline_0.tsv	anchor	acute_main	dLN	1	5	5	0.3592382013315616	0.368220142800854	0.008981941469292432	2.5002745910651303	2.5002745910651303	TRUE	0.8	0.8
ENSMUSG00000055110	A630012P03Rik	10	top_abs_beta_meta	4.36126211559667	TRUE	GSE264344	GSE264344_design__T=dLN__H=12__B=NA__G=delivery_ad26__VS=baseline_0	<upstream_project_root>/00_metadata/verified_metadata/splited/GSE264344_design/GSE264344_design__T=dLN__H=12__B=NA__G=delivery_ad26__VS=baseline_0.tsv	anchor	acute_main	dLN	12	5	5	5.521888634175941	5.513189180421605	0.008699453754335451	-0.1575448968762789	0.1575448968762789	TRUE	1	1
ENSMUSG00000055110	A630012P03Rik	10	top_abs_beta_meta	4.36126211559667	TRUE	GSE264344	GSE264344_design__T=dLN__H=12__B=NA__G=delivery_ad5__VS=baseline_0	<upstream_project_root>/00_metadata/verified_metadata/splited/GSE264344_design/GSE264344_design__T=dLN__H=12__B=NA__G=delivery_ad5__VS=baseline_0.tsv	anchor	acute_main	dLN	12	5	5	5.006224300092883	4.993428833536354	0.012795466556529078	-0.2555911559194756	0.2555911559194756	TRUE	1	1
ENSMUSG00000055110	A630012P03Rik	10	top_abs_beta_meta	4.36126211559667	TRUE	GSE264344	GSE264344_design__T=dLN__H=24__B=NA__G=delivery_ad26__VS=baseline_0	<upstream_project_root>/00_metadata/verified_metadata/splited/GSE264344_design/GSE264344_design__T=dLN__H=24__B=NA__G=delivery_ad26__VS=baseline_0.tsv	anchor	acute_main	dLN	24	5	5	3.75024700596753	3.7398238878246572	0.010423118142872667	-0.27793151027884355	0.27793151027884355	TRUE	1	1
ENSMUSG00000055110	A630012P03Rik	10	top_abs_beta_meta	4.36126211559667	TRUE	GSE264344	GSE264344_design__T=dLN__H=24__B=NA__G=delivery_ad5__VS=baseline_0	<upstream_project_root>/00_metadata/verified_metadata/splited/GSE264344_design/GSE264344_design__T=dLN__H=24__B=NA__G=delivery_ad5__VS=baseline_0.tsv	anchor	acute_main	dLN	24	5	5	3.164769842555989	3.161065332930988	0.00370450962500124	-0.1170546298560952	0.1170546298560952	TRUE	1	1
ENSMUSG00000055110	A630012P03Rik	10	top_abs_beta_meta	4.36126211559667	TRUE	GSE264344	GSE264344_design__T=dLN__H=3__B=NA__G=delivery_ad26__VS=baseline_0	<upstream_project_root>/00_metadata/verified_metadata/splited/GSE264344_design/GSE264344_design__T=dLN__H=3__B=NA__G=delivery_ad26__VS=baseline_0.tsv	anchor	acute_main	dLN	3	5	5	4.35817929066291	4.355830885633177	0.002348405029733769	-0.05388500272958159	0.05388500272958159	TRUE	1	1
ENSMUSG00000055110	A630012P03Rik	10	top_abs_beta_meta	4.36126211559667	TRUE	GSE264344	GSE264344_design__T=dLN__H=3__B=NA__G=delivery_ad5__VS=baseline_0	<upstream_project_root>/00_metadata/verified_metadata/splited/GSE264344_design/GSE264344_design__T=dLN__H=3__B=NA__G=delivery_ad5__VS=baseline_0.tsv	anchor	acute_main	dLN	3	5	5	2.7627049595948865	2.7668640546655308	0.00415909507064427	0.15054430825845933	0.15054430825845933	TRUE	1	1
ENSMUSG00000055110	A630012P03Rik	10	top_abs_beta_meta	4.36126211559667	TRUE	GSE264344	GSE264344_design__T=dLN__H=6__B=NA__G=delivery_ad26__VS=baseline_0	<upstream_project_root>/00_metadata/verified_metadata/splited/GSE264344_design/GSE264344_design__T=dLN__H=6__B=NA__G=delivery_ad26__VS=baseline_0.tsv	anchor	acute_main	dLN	6	5	5	5.703930536988686	5.694863478740807	0.009067058247879345	-0.1589615825277244	0.1589615825277244	TRUE	1	1
ENSMUSG00000055110	A630012P03Rik	10	top_abs_beta_meta	4.36126211559667	TRUE	GSE264344	GSE264344_design__T=dLN__H=6__B=NA__G=delivery_ad5__VS=baseline_0	<upstream_project_root>/00_metadata/verified_metadata/splited/GSE264344_design/GSE264344_design__T=dLN__H=6__B=NA__G=delivery_ad5__VS=baseline_0.tsv	anchor	acute_main	dLN	6	5	5	5.288429542245774	5.2791565405246335	0.009273001721140872	-0.17534509341695828	0.17534509341695828	TRUE	1	1
ENSMUSG00000055110	A630012P03Rik	10	top_abs_beta_meta	4.36126211559667	TRUE	GSE264344	GSE264344_design__T=dLN__H=72__B=NA__G=delivery_ad26__VS=baseline_0	<upstream_project_root>/00_metadata/verified_metadata/splited/GSE264344_design/GSE264344_design__T=dLN__H=72__B=NA__G=delivery_ad26__VS=baseline_0.tsv	external	extended_transfer	dLN	72	5	5	0.3932971804473866	0.39743504442411526	0.004137863976728662	1.0520960185938086	1.0520960185938086	TRUE	0.8	0.8
ENSMUSG00000055110	A630012P03Rik	10	top_abs_beta_meta	4.36126211559667	TRUE	GSE264344	GSE264344_design__T=dLN__H=72__B=NA__G=delivery_ad5__VS=baseline_0	<upstream_project_root>/00_metadata/verified_metadata/splited/GSE264344_design/GSE264344_design__T=dLN__H=72__B=NA__G=delivery_ad5__VS=baseline_0.tsv	external	extended_transfer	dLN	72	5	5	0.4507210263939263	0.45361557817338993	0.0028945517794636277	0.6422047364024713	0.6422047364024713	TRUE	0.8	0.8
ENSMUSG00000055110	A630012P03Rik	10	top_abs_beta_meta	4.36126211559667	TRUE	GSE264344	GSE264344_design__T=Muscle__H=1__B=NA__G=delivery_ad26__VS=baseline_0	<upstream_project_root>/00_metadata/verified_metadata/splited/GSE264344_design/GSE264344_design__T=Muscle__H=1__B=NA__G=delivery_ad26__VS=baseline_0.tsv	anchor	acute_main	Muscle	1	5	5	0.5752137463208833	0.5792059664763413	0.003992220155457971	0.6940411596545727	0.6940411596545727	TRUE	1	1
ENSMUSG00000055110	A630012P03Rik	10	top_abs_beta_meta	4.36126211559667	TRUE	GSE264344	GSE264344_design__T=Muscle__H=1__B=NA__G=delivery_ad5__VS=baseline_0	<upstream_project_root>/00_metadata/verified_metadata/splited/GSE264344_design/GSE264344_design__T=Muscle__H=1__B=NA__G=delivery_ad5__VS=baseline_0.tsv	anchor	acute_main	Muscle	1	5	5	0.5210164970803043	0.5246325660186321	0.0036160689383277766	0.6940411596545727	0.6940411596545727	TRUE	0.96	0.96
ENSMUSG00000055110	A630012P03Rik	10	top_abs_beta_meta	4.36126211559667	TRUE	GSE264344	GSE264344_design__T=Muscle__H=12__B=NA__G=delivery_ad26__VS=baseline_0	<upstream_project_root>/00_metadata/verified_metadata/splited/GSE264344_design/GSE264344_design__T=Muscle__H=12__B=NA__G=delivery_ad26__VS=baseline_0.tsv	anchor	acute_main	Muscle	12	5	5	4.379052454232406	4.363268578102426	0.01578387612998	-0.3604404444784556	0.3604404444784556	TRUE	1	1
ENSMUSG00000055110	A630012P03Rik	10	top_abs_beta_meta	4.36126211559667	TRUE	GSE264344	GSE264344_design__T=Muscle__H=12__B=NA__G=delivery_ad5__VS=baseline_0	<upstream_project_root>/00_metadata/verified_metadata/splited/GSE264344_design/GSE264344_design__T=Muscle__H=12__B=NA__G=delivery_ad5__VS=baseline_0.tsv	anchor	acute_main	Muscle	12	5	5	4.561337243094393	4.5507702903166205	0.010566952777772087	-0.23166348407519874	0.23166348407519874	TRUE	1	1
ENSMUSG00000055110	A630012P03Rik	10	top_abs_beta_meta	4.36126211559667	TRUE	GSE264344	GSE264344_design__T=Muscle__H=24__B=NA__G=delivery_ad26__VS=baseline_0	<upstream_project_root>/00_metadata/verified_metadata/splited/GSE264344_design/GSE264344_design__T=Muscle__H=24__B=NA__G=delivery_ad26__VS=baseline_0.tsv	anchor	acute_main	Muscle	24	5	5	3.564906975120775	3.5563819979358633	0.00852497718491163	-0.23913603480839257	0.23913603480839257	TRUE	1	1
ENSMUSG00000055110	A630012P03Rik	10	top_abs_beta_meta	4.36126211559667	TRUE	GSE264344	GSE264344_design__T=Muscle__H=24__B=NA__G=delivery_ad5__VS=baseline_0	<upstream_project_root>/00_metadata/verified_metadata/splited/GSE264344_design/GSE264344_design__T=Muscle__H=24__B=NA__G=delivery_ad5__VS=baseline_0.tsv	anchor	acute_main	Muscle	24	5	5	3.5245362334746155	3.5155598104095986	0.008976423065016892	-0.2546838071846862	0.2546838071846862	TRUE	1	1
ENSMUSG00000055110	A630012P03Rik	10	top_abs_beta_meta	4.36126211559667	TRUE	GSE264344	GSE264344_design__T=Muscle__H=3__B=NA__G=delivery_ad26__VS=baseline_0	<upstream_project_root>/00_metadata/verified_metadata/splited/GSE264344_design/GSE264344_design__T=Muscle__H=3__B=NA__G=delivery_ad26__VS=baseline_0.tsv	anchor	acute_main	Muscle	3	5	5	3.166868738099831	3.1677052592508144	8.365211509833159e-4	0.026414771819221066	0.026414771819221066	TRUE	1	1
ENSMUSG00000055110	A630012P03Rik	10	top_abs_beta_meta	4.36126211559667	TRUE	GSE264344	GSE264344_design__T=Muscle__H=3__B=NA__G=delivery_ad5__VS=baseline_0	<upstream_project_root>/00_metadata/verified_metadata/splited/GSE264344_design/GSE264344_design__T=Muscle__H=3__B=NA__G=delivery_ad5__VS=baseline_0.tsv	anchor	acute_main	Muscle	3	5	5	1.8285090170879783	1.838992486952244	0.010483469864265738	0.5733343268364822	0.5733343268364822	TRUE	1	1
ENSMUSG00000055110	A630012P03Rik	10	top_abs_beta_meta	4.36126211559667	TRUE	GSE264344	GSE264344_design__T=Muscle__H=6__B=NA__G=delivery_ad26__VS=baseline_0	<upstream_project_root>/00_metadata/verified_metadata/splited/GSE264344_design/GSE264344_design__T=Muscle__H=6__B=NA__G=delivery_ad26__VS=baseline_0.tsv	anchor	acute_main	Muscle	6	5	5	4.409334481944208	4.399104524076106	0.010229957868101991	-0.23200684615768352	0.23200684615768352	TRUE	1	1
ENSMUSG00000055110	A630012P03Rik	10	top_abs_beta_meta	4.36126211559667	TRUE	GSE264344	GSE264344_design__T=Muscle__H=6__B=NA__G=delivery_ad5__VS=baseline_0	<upstream_project_root>/00_metadata/verified_metadata/splited/GSE264344_design/GSE264344_design__T=Muscle__H=6__B=NA__G=delivery_ad5__VS=baseline_0.tsv	anchor	acute_main	Muscle	6	5	5	4.115105313956205	4.104973126464418	0.010132187491787015	-0.24621939704493423	0.24621939704493423	TRUE	1	1
ENSMUSG00000055110	A630012P03Rik	10	top_abs_beta_meta	4.36126211559667	TRUE	GSE264344	GSE264344_design__T=Muscle__H=72__B=NA__G=delivery_ad26__VS=baseline_0	<upstream_project_root>/00_metadata/verified_metadata/splited/GSE264344_design/GSE264344_design__T=Muscle__H=72__B=NA__G=delivery_ad26__VS=baseline_0.tsv	external	extended_transfer	Muscle	72	5	5	1.0550234100660878	1.049516079291171	0.005507330774916719	-0.5220102911812861	0.5220102911812861	TRUE	0.96	0.96
ENSMUSG00000055110	A630012P03Rik	10	top_abs_beta_meta	4.36126211559667	TRUE	GSE264344	GSE264344_design__T=Muscle__H=72__B=NA__G=delivery_ad5__VS=baseline_0	<upstream_project_root>/00_metadata/verified_metadata/splited/GSE264344_design/GSE264344_design__T=Muscle__H=72__B=NA__G=delivery_ad5__VS=baseline_0.tsv	external	extended_transfer	Muscle	72	5	5	1.441223145245387	1.442787324124773	0.0015641788793860911	0.10853134606853468	0.10853134606853468	TRUE	1	1
ENSMUSG00000050578	Mmp13	11	top_abs_beta_meta	4.342772097488057	TRUE	GSE264344	GSE264344_design__T=Blood__H=1__B=NA__G=delivery_ad26__VS=baseline_0	<upstream_project_root>/00_metadata/verified_metadata/splited/GSE264344_design/GSE264344_design__T=Blood__H=1__B=NA__G=delivery_ad26__VS=baseline_0.tsv	anchor	acute_main	Blood	1	5	5	0.0779068941903649	0.09277056842255726	0.01486367423219237	19.078766246120782	19.078766246120782	TRUE	0.68	0.68
ENSMUSG00000050578	Mmp13	11	top_abs_beta_meta	4.342772097488057	TRUE	GSE264344	GSE264344_design__T=Blood__H=1__B=NA__G=delivery_ad5__VS=baseline_0	<upstream_project_root>/00_metadata/verified_metadata/splited/GSE264344_design/GSE264344_design__T=Blood__H=1__B=NA__G=delivery_ad5__VS=baseline_0.tsv	anchor	acute_main	Blood	1	5	5	0.22131834935303651	0.23133630423266482	0.01001795487962831	4.52649087114243	4.52649087114243	TRUE	0.88	0.92
ENSMUSG00000050578	Mmp13	11	top_abs_beta_meta	4.342772097488057	TRUE	GSE264344	GSE264344_design__T=Blood__H=12__B=NA__G=delivery_ad26__VS=baseline_0	<upstream_project_root>/00_metadata/verified_metadata/splited/GSE264344_design/GSE264344_design__T=Blood__H=12__B=NA__G=delivery_ad26__VS=baseline_0.tsv	anchor	acute_main	Blood	12	5	5	4.557142380026869	4.568594903787489	0.011452523760620004	0.2513093251335386	0.2513093251335386	TRUE	1	1
ENSMUSG00000050578	Mmp13	11	top_abs_beta_meta	4.342772097488057	TRUE	GSE264344	GSE264344_design__T=Blood__H=12__B=NA__G=delivery_ad5__VS=baseline_0	<upstream_project_root>/00_metadata/verified_metadata/splited/GSE264344_design/GSE264344_design__T=Blood__H=12__B=NA__G=delivery_ad5__VS=baseline_0.tsv	anchor	acute_main	Blood	12	5	5	2.7728375923214097	2.7768472802916184	0.004009687970208731	0.14460594379246836	0.14460594379246836	TRUE	1	1
ENSMUSG00000050578	Mmp13	11	top_abs_beta_meta	4.342772097488057	TRUE	GSE264344	GSE264344_design__T=Blood__H=24__B=NA__G=delivery_ad26__VS=baseline_0	<upstream_project_root>/00_metadata/verified_metadata/splited/GSE264344_design/GSE264344_design__T=Blood__H=24__B=NA__G=delivery_ad26__VS=baseline_0.tsv	anchor	acute_main	Blood	24	5	5	2.7381119047981937	2.7525191507506648	0.014407245952471115	0.5261744754560339	0.5261744754560339	TRUE	1	1
ENSMUSG00000050578	Mmp13	11	top_abs_beta_meta	4.342772097488057	TRUE	GSE264344	GSE264344_design__T=Blood__H=24__B=NA__G=delivery_ad5__VS=baseline_0	<upstream_project_root>/00_metadata/verified_metadata/splited/GSE264344_design/GSE264344_design__T=Blood__H=24__B=NA__G=delivery_ad5__VS=baseline_0.tsv	anchor	acute_main	Blood	24	5	5	1.4094733289679715	1.4114885469521528	0.00201521798418125	0.14297666672818918	0.14297666672818918	TRUE	1	1
ENSMUSG00000050578	Mmp13	11	top_abs_beta_meta	4.342772097488057	TRUE	GSE264344	GSE264344_design__T=Blood__H=3__B=NA__G=delivery_ad26__VS=baseline_0	<upstream_project_root>/00_metadata/verified_metadata/splited/GSE264344_design/GSE264344_design__T=Blood__H=3__B=NA__G=delivery_ad26__VS=baseline_0.tsv	anchor	acute_main	Blood	3	5	5	3.6646891330381473	3.693317444432335	0.028628311394187644	0.7811934479270234	0.7811934479270234	TRUE	1	1
ENSMUSG00000050578	Mmp13	11	top_abs_beta_meta	4.342772097488057	TRUE	GSE264344	GSE264344_design__T=Blood__H=3__B=NA__G=delivery_ad5__VS=baseline_0	<upstream_project_root>/00_metadata/verified_metadata/splited/GSE264344_design/GSE264344_design__T=Blood__H=3__B=NA__G=delivery_ad5__VS=baseline_0.tsv	anchor	acute_main	Blood	3	5	5	0.9366653756632484	0.9629775564489707	0.026312180785722283	2.8091334930674416	2.8091334930674416	TRUE	1	1
ENSMUSG00000050578	Mmp13	11	top_abs_beta_meta	4.342772097488057	TRUE	GSE264344	GSE264344_design__T=Blood__H=6__B=NA__G=delivery_ad26__VS=baseline_0	<upstream_project_root>/00_metadata/verified_metadata/splited/GSE264344_design/GSE264344_design__T=Blood__H=6__B=NA__G=delivery_ad26__VS=baseline_0.tsv	anchor	acute_main	Blood	6	5	5	3.515367759659114	3.5519329504332875	0.036565190774173306	1.0401526461549797	1.0401526461549797	TRUE	1	1
ENSMUSG00000050578	Mmp13	11	top_abs_beta_meta	4.342772097488057	TRUE	GSE264344	GSE264344_design__T=Blood__H=6__B=NA__G=delivery_ad5__VS=baseline_0	<upstream_project_root>/00_metadata/verified_metadata/splited/GSE264344_design/GSE264344_design__T=Blood__H=6__B=NA__G=delivery_ad5__VS=baseline_0.tsv	anchor	acute_main	Blood	6	5	5	4.749455631909948	4.785141766089368	0.03568613417942057	0.7513731455802596	0.7513731455802596	TRUE	1	1
ENSMUSG00000050578	Mmp13	11	top_abs_beta_meta	4.342772097488057	TRUE	GSE264344	GSE264344_design__T=Blood__H=72__B=NA__G=delivery_ad26__VS=baseline_0	<upstream_project_root>/00_metadata/verified_metadata/splited/GSE264344_design/GSE264344_design__T=Blood__H=72__B=NA__G=delivery_ad26__VS=baseline_0.tsv	external	extended_transfer	Blood	72	5	5	0.08713996296972348	0.0930581409437563	0.005918177974032823	6.79157733414355	6.79157733414355	TRUE	0.7200000000000001	0.7200000000000001
ENSMUSG00000050578	Mmp13	11	top_abs_beta_meta	4.342772097488057	TRUE	GSE264344	GSE264344_design__T=Blood__H=72__B=NA__G=delivery_ad5__VS=baseline_0	<upstream_project_root>/00_metadata/verified_metadata/splited/GSE264344_design/GSE264344_design__T=Blood__H=72__B=NA__G=delivery_ad5__VS=baseline_0.tsv	external	extended_transfer	Blood	72	5	5	0.26635130536495155	0.28076930224856267	0.014417996883611117	5.413150449499671	5.413150449499671	TRUE	0.96	0.96
ENSMUSG00000050578	Mmp13	11	top_abs_beta_meta	4.342772097488057	TRUE	GSE264344	GSE264344_design__T=dLN__H=1__B=NA__G=delivery_ad26__VS=baseline_0	<upstream_project_root>/00_metadata/verified_metadata/splited/GSE264344_design/GSE264344_design__T=dLN__H=1__B=NA__G=delivery_ad26__VS=baseline_0.tsv	anchor	acute_main	dLN	1	5	5	0.36951077174650715	0.35790368849646736	0.011607083250039785	-3.1412029465821663	3.1412029465821663	TRUE	0.8400000000000001	0.8400000000000001
ENSMUSG00000050578	Mmp13	11	top_abs_beta_meta	4.342772097488057	TRUE	GSE264344	GSE264344_design__T=dLN__H=1__B=NA__G=delivery_ad5__VS=baseline_0	<upstream_project_root>/00_metadata/verified_metadata/splited/GSE264344_design/GSE264344_design__T=dLN__H=1__B=NA__G=delivery_ad5__VS=baseline_0.tsv	anchor	acute_main	dLN	1	5	5	0.3592382013315616	0.34834183672126884	0.010896364610292752	-3.0331864957301327	3.0331864957301327	TRUE	0.8	0.8
ENSMUSG00000050578	Mmp13	11	top_abs_beta_meta	4.342772097488057	TRUE	GSE264344	GSE264344_design__T=dLN__H=12__B=NA__G=delivery_ad26__VS=baseline_0	<upstream_project_root>/00_metadata/verified_metadata/splited/GSE264344_design/GSE264344_design__T=dLN__H=12__B=NA__G=delivery_ad26__VS=baseline_0.tsv	anchor	acute_main	dLN	12	5	5	5.521888634175941	5.476617747030957	0.04527088714498362	-0.8198442624285127	0.8198442624285127	TRUE	1	1
ENSMUSG00000050578	Mmp13	11	top_abs_beta_meta	4.342772097488057	TRUE	GSE264344	GSE264344_design__T=dLN__H=12__B=NA__G=delivery_ad5__VS=baseline_0	<upstream_project_root>/00_metadata/verified_metadata/splited/GSE264344_design/GSE264344_design__T=dLN__H=12__B=NA__G=delivery_ad5__VS=baseline_0.tsv	anchor	acute_main	dLN	12	5	5	5.006224300092883	4.9618428341854806	0.044381465907402884	-0.8865257177266198	0.8865257177266198	TRUE	1	1
ENSMUSG00000050578	Mmp13	11	top_abs_beta_meta	4.342772097488057	TRUE	GSE264344	GSE264344_design__T=dLN__H=24__B=NA__G=delivery_ad26__VS=baseline_0	<upstream_project_root>/00_metadata/verified_metadata/splited/GSE264344_design/GSE264344_design__T=dLN__H=24__B=NA__G=delivery_ad26__VS=baseline_0.tsv	anchor	acute_main	dLN	24	5	5	3.75024700596753	3.740505753942628	0.009741252024901836	-0.25974961140962716	0.25974961140962716	TRUE	1	1
ENSMUSG00000050578	Mmp13	11	top_abs_beta_meta	4.342772097488057	TRUE	GSE264344	GSE264344_design__T=dLN__H=24__B=NA__G=delivery_ad5__VS=baseline_0	<upstream_project_root>/00_metadata/verified_metadata/splited/GSE264344_design/GSE264344_design__T=dLN__H=24__B=NA__G=delivery_ad5__VS=baseline_0.tsv	anchor	acute_main	dLN	24	5	5	3.164769842555989	3.14990407009893	0.014865772457059112	-0.4697268110041439	0.4697268110041439	TRUE	1	1
ENSMUSG00000050578	Mmp13	11	top_abs_beta_meta	4.342772097488057	TRUE	GSE264344	GSE264344_design__T=dLN__H=3__B=NA__G=delivery_ad26__VS=baseline_0	<upstream_project_root>/00_metadata/verified_metadata/splited/GSE264344_design/GSE264344_design__T=dLN__H=3__B=NA__G=delivery_ad26__VS=baseline_0.tsv	anchor	acute_main	dLN	3	5	5	4.35817929066291	4.306400114934679	0.05177917572823176	-1.1880919135007817	1.1880919135007817	TRUE	1	1
ENSMUSG00000050578	Mmp13	11	top_abs_beta_meta	4.342772097488057	TRUE	GSE264344	GSE264344_design__T=dLN__H=3__B=NA__G=delivery_ad5__VS=baseline_0	<upstream_project_root>/00_metadata/verified_metadata/splited/GSE264344_design/GSE264344_design__T=dLN__H=3__B=NA__G=delivery_ad5__VS=baseline_0.tsv	anchor	acute_main	dLN	3	5	5	2.7627049595948865	2.7132345864422573	0.049470373152629143	-1.7906498839414002	1.7906498839414002	TRUE	1	1
ENSMUSG00000050578	Mmp13	11	top_abs_beta_meta	4.342772097488057	TRUE	GSE264344	GSE264344_design__T=dLN__H=6__B=NA__G=delivery_ad26__VS=baseline_0	<upstream_project_root>/00_metadata/verified_metadata/splited/GSE264344_design/GSE264344_design__T=dLN__H=6__B=NA__G=delivery_ad26__VS=baseline_0.tsv	anchor	acute_main	dLN	6	5	5	5.703930536988686	5.651281005808432	0.05264953118025417	-0.9230394872243621	0.9230394872243621	TRUE	1	1
ENSMUSG00000050578	Mmp13	11	top_abs_beta_meta	4.342772097488057	TRUE	GSE264344	GSE264344_design__T=dLN__H=6__B=NA__G=delivery_ad5__VS=baseline_0	<upstream_project_root>/00_metadata/verified_metadata/splited/GSE264344_design/GSE264344_design__T=dLN__H=6__B=NA__G=delivery_ad5__VS=baseline_0.tsv	anchor	acute_main	dLN	6	5	5	5.288429542245774	5.243456686242913	0.04497285600286105	-0.8504009676899839	0.8504009676899839	TRUE	1	1
ENSMUSG00000050578	Mmp13	11	top_abs_beta_meta	4.342772097488057	TRUE	GSE264344	GSE264344_design__T=dLN__H=72__B=NA__G=delivery_ad26__VS=baseline_0	<upstream_project_root>/00_metadata/verified_metadata/splited/GSE264344_design/GSE264344_design__T=dLN__H=72__B=NA__G=delivery_ad26__VS=baseline_0.tsv	external	extended_transfer	dLN	72	5	5	0.3932971804473866	0.40660440095546957	0.013307220508082973	3.3835026462548337	3.3835026462548337	TRUE	0.8	0.8
ENSMUSG00000050578	Mmp13	11	top_abs_beta_meta	4.342772097488057	TRUE	GSE264344	GSE264344_design__T=dLN__H=72__B=NA__G=delivery_ad5__VS=baseline_0	<upstream_project_root>/00_metadata/verified_metadata/splited/GSE264344_design/GSE264344_design__T=dLN__H=72__B=NA__G=delivery_ad5__VS=baseline_0.tsv	external	extended_transfer	dLN	72	5	5	0.4507210263939263	0.454566052549244	0.0038450261553176768	0.8530833775562884	0.8530833775562884	TRUE	0.8	0.8
ENSMUSG00000050578	Mmp13	11	top_abs_beta_meta	4.342772097488057	TRUE	GSE264344	GSE264344_design__T=Muscle__H=1__B=NA__G=delivery_ad26__VS=baseline_0	<upstream_project_root>/00_metadata/verified_metadata/splited/GSE264344_design/GSE264344_design__T=Muscle__H=1__B=NA__G=delivery_ad26__VS=baseline_0.tsv	anchor	acute_main	Muscle	1	5	5	0.5752137463208833	0.578290827263238	0.003077080942354704	0.5349456549041081	0.5349456549041081	TRUE	1	1
ENSMUSG00000050578	Mmp13	11	top_abs_beta_meta	4.342772097488057	TRUE	GSE264344	GSE264344_design__T=Muscle__H=1__B=NA__G=delivery_ad5__VS=baseline_0	<upstream_project_root>/00_metadata/verified_metadata/splited/GSE264344_design/GSE264344_design__T=Muscle__H=1__B=NA__G=delivery_ad5__VS=baseline_0.tsv	anchor	acute_main	Muscle	1	5	5	0.5210164970803043	0.5219333911858645	9.168941055601731e-4	0.17598177998169073	0.17598177998169073	TRUE	0.96	0.96
ENSMUSG00000050578	Mmp13	11	top_abs_beta_meta	4.342772097488057	TRUE	GSE264344	GSE264344_design__T=Muscle__H=12__B=NA__G=delivery_ad26__VS=baseline_0	<upstream_project_root>/00_metadata/verified_metadata/splited/GSE264344_design/GSE264344_design__T=Muscle__H=12__B=NA__G=delivery_ad26__VS=baseline_0.tsv	anchor	acute_main	Muscle	12	5	5	4.379052454232406	4.352284154543651	0.02676829968875527	-0.6112806359029427	0.6112806359029427	TRUE	1	1
ENSMUSG00000050578	Mmp13	11	top_abs_beta_meta	4.342772097488057	TRUE	GSE264344	GSE264344_design__T=Muscle__H=12__B=NA__G=delivery_ad5__VS=baseline_0	<upstream_project_root>/00_metadata/verified_metadata/splited/GSE264344_design/GSE264344_design__T=Muscle__H=12__B=NA__G=delivery_ad5__VS=baseline_0.tsv	anchor	acute_main	Muscle	12	5	5	4.561337243094393	4.539152024134848	0.022185218959544173	-0.48637532761102775	0.48637532761102775	TRUE	1	1
ENSMUSG00000050578	Mmp13	11	top_abs_beta_meta	4.342772097488057	TRUE	GSE264344	GSE264344_design__T=Muscle__H=24__B=NA__G=delivery_ad26__VS=baseline_0	<upstream_project_root>/00_metadata/verified_metadata/splited/GSE264344_design/GSE264344_design__T=Muscle__H=24__B=NA__G=delivery_ad26__VS=baseline_0.tsv	anchor	acute_main	Muscle	24	5	5	3.564906975120775	3.555956754048339	0.008950221072435927	-0.25106464586310007	0.25106464586310007	TRUE	1	1
ENSMUSG00000050578	Mmp13	11	top_abs_beta_meta	4.342772097488057	TRUE	GSE264344	GSE264344_design__T=Muscle__H=24__B=NA__G=delivery_ad5__VS=baseline_0	<upstream_project_root>/00_metadata/verified_metadata/splited/GSE264344_design/GSE264344_design__T=Muscle__H=24__B=NA__G=delivery_ad5__VS=baseline_0.tsv	anchor	acute_main	Muscle	24	5	5	3.5245362334746155	3.5210606054178744	0.0034756280567411757	-0.09861235142743235	0.09861235142743235	TRUE	1	1
ENSMUSG00000050578	Mmp13	11	top_abs_beta_meta	4.342772097488057	TRUE	GSE264344	GSE264344_design__T=Muscle__H=3__B=NA__G=delivery_ad26__VS=baseline_0	<upstream_project_root>/00_metadata/verified_metadata/splited/GSE264344_design/GSE264344_design__T=Muscle__H=3__B=NA__G=delivery_ad26__VS=baseline_0.tsv	anchor	acute_main	Muscle	3	5	5	3.166868738099831	3.1458202796714496	0.021048458428381434	-0.6646457485007992	0.6646457485007992	TRUE	1	1
ENSMUSG00000050578	Mmp13	11	top_abs_beta_meta	4.342772097488057	TRUE	GSE264344	GSE264344_design__T=Muscle__H=3__B=NA__G=delivery_ad5__VS=baseline_0	<upstream_project_root>/00_metadata/verified_metadata/splited/GSE264344_design/GSE264344_design__T=Muscle__H=3__B=NA__G=delivery_ad5__VS=baseline_0.tsv	anchor	acute_main	Muscle	3	5	5	1.8285090170879783	1.8206876399699068	0.007821377118071515	-0.4277461606685198	0.4277461606685198	TRUE	1	1
ENSMUSG00000050578	Mmp13	11	top_abs_beta_meta	4.342772097488057	TRUE	GSE264344	GSE264344_design__T=Muscle__H=6__B=NA__G=delivery_ad26__VS=baseline_0	<upstream_project_root>/00_metadata/verified_metadata/splited/GSE264344_design/GSE264344_design__T=Muscle__H=6__B=NA__G=delivery_ad26__VS=baseline_0.tsv	anchor	acute_main	Muscle	6	5	5	4.409334481944208	4.381786488354982	0.027547993589226216	-0.6247653404846591	0.6247653404846591	TRUE	1	1
ENSMUSG00000050578	Mmp13	11	top_abs_beta_meta	4.342772097488057	TRUE	GSE264344	GSE264344_design__T=Muscle__H=6__B=NA__G=delivery_ad5__VS=baseline_0	<upstream_project_root>/00_metadata/verified_metadata/splited/GSE264344_design/GSE264344_design__T=Muscle__H=6__B=NA__G=delivery_ad5__VS=baseline_0.tsv	anchor	acute_main	Muscle	6	5	5	4.115105313956205	4.0990123087986605	0.016093005157544304	-0.39107152623689995	0.39107152623689995	TRUE	1	1
ENSMUSG00000050578	Mmp13	11	top_abs_beta_meta	4.342772097488057	TRUE	GSE264344	GSE264344_design__T=Muscle__H=72__B=NA__G=delivery_ad26__VS=baseline_0	<upstream_project_root>/00_metadata/verified_metadata/splited/GSE264344_design/GSE264344_design__T=Muscle__H=72__B=NA__G=delivery_ad26__VS=baseline_0.tsv	external	extended_transfer	Muscle	72	5	5	1.0550234100660878	1.0443100337085345	0.010713376357553317	-1.01546337790573	1.01546337790573	TRUE	0.96	0.96
ENSMUSG00000050578	Mmp13	11	top_abs_beta_meta	4.342772097488057	TRUE	GSE264344	GSE264344_design__T=Muscle__H=72__B=NA__G=delivery_ad5__VS=baseline_0	<upstream_project_root>/00_metadata/verified_metadata/splited/GSE264344_design/GSE264344_design__T=Muscle__H=72__B=NA__G=delivery_ad5__VS=baseline_0.tsv	external	extended_transfer	Muscle	72	5	5	1.441223145245387	1.4205801476672908	0.02064299757809618	-1.4323248725360596	1.4323248725360596	TRUE	1	1
ENSMUSG00000111078	Gm35028	12	top_abs_beta_meta	4.2332077695080725	TRUE	GSE264344	GSE264344_design__T=Blood__H=1__B=NA__G=delivery_ad26__VS=baseline_0	<upstream_project_root>/00_metadata/verified_metadata/splited/GSE264344_design/GSE264344_design__T=Blood__H=1__B=NA__G=delivery_ad26__VS=baseline_0.tsv	anchor	acute_main	Blood	1	5	5	0.0779068941903649	0.07378136060590645	0.004125533584458441	-5.295466630177467	5.295466630177467	TRUE	0.68	0.68
ENSMUSG00000111078	Gm35028	12	top_abs_beta_meta	4.2332077695080725	TRUE	GSE264344	GSE264344_design__T=Blood__H=1__B=NA__G=delivery_ad5__VS=baseline_0	<upstream_project_root>/00_metadata/verified_metadata/splited/GSE264344_design/GSE264344_design__T=Blood__H=1__B=NA__G=delivery_ad5__VS=baseline_0.tsv	anchor	acute_main	Blood	1	5	5	0.22131834935303651	0.2171975743695408	0.004120774983495723	-1.8619219759869339	1.8619219759869339	TRUE	0.88	0.88
ENSMUSG00000111078	Gm35028	12	top_abs_beta_meta	4.2332077695080725	TRUE	GSE264344	GSE264344_design__T=Blood__H=12__B=NA__G=delivery_ad26__VS=baseline_0	<upstream_project_root>/00_metadata/verified_metadata/splited/GSE264344_design/GSE264344_design__T=Blood__H=12__B=NA__G=delivery_ad26__VS=baseline_0.tsv	anchor	acute_main	Blood	12	5	5	4.557142380026869	4.525136304806174	0.03200607522069543	-0.7023277429507637	0.7023277429507637	TRUE	1	1
ENSMUSG00000111078	Gm35028	12	top_abs_beta_meta	4.2332077695080725	TRUE	GSE264344	GSE264344_design__T=Blood__H=12__B=NA__G=delivery_ad5__VS=baseline_0	<upstream_project_root>/00_metadata/verified_metadata/splited/GSE264344_design/GSE264344_design__T=Blood__H=12__B=NA__G=delivery_ad5__VS=baseline_0.tsv	anchor	acute_main	Blood	12	5	5	2.7728375923214097	2.743204401777977	0.029633190543432608	-1.068695498989676	1.068695498989676	TRUE	1	1
ENSMUSG00000111078	Gm35028	12	top_abs_beta_meta	4.2332077695080725	TRUE	GSE264344	GSE264344_design__T=Blood__H=24__B=NA__G=delivery_ad26__VS=baseline_0	<upstream_project_root>/00_metadata/verified_metadata/splited/GSE264344_design/GSE264344_design__T=Blood__H=24__B=NA__G=delivery_ad26__VS=baseline_0.tsv	anchor	acute_main	Blood	24	5	5	2.7381119047981937	2.7037514576943744	0.03436044710381925	-1.2548956470189156	1.2548956470189156	TRUE	1	1
ENSMUSG00000111078	Gm35028	12	top_abs_beta_meta	4.2332077695080725	TRUE	GSE264344	GSE264344_design__T=Blood__H=24__B=NA__G=delivery_ad5__VS=baseline_0	<upstream_project_root>/00_metadata/verified_metadata/splited/GSE264344_design/GSE264344_design__T=Blood__H=24__B=NA__G=delivery_ad5__VS=baseline_0.tsv	anchor	acute_main	Blood	24	5	5	1.4094733289679715	1.4002319472795586	0.00924138168841293	-0.6556620475521555	0.6556620475521555	TRUE	1	1
ENSMUSG00000111078	Gm35028	12	top_abs_beta_meta	4.2332077695080725	TRUE	GSE264344	GSE264344_design__T=Blood__H=3__B=NA__G=delivery_ad26__VS=baseline_0	<upstream_project_root>/00_metadata/verified_metadata/splited/GSE264344_design/GSE264344_design__T=Blood__H=3__B=NA__G=delivery_ad26__VS=baseline_0.tsv	anchor	acute_main	Blood	3	5	5	3.6646891330381473	3.629784859285015	0.03490427375313221	-0.9524484202073484	0.9524484202073484	TRUE	1	1
ENSMUSG00000111078	Gm35028	12	top_abs_beta_meta	4.2332077695080725	TRUE	GSE264344	GSE264344_design__T=Blood__H=3__B=NA__G=delivery_ad5__VS=baseline_0	<upstream_project_root>/00_metadata/verified_metadata/splited/GSE264344_design/GSE264344_design__T=Blood__H=3__B=NA__G=delivery_ad5__VS=baseline_0.tsv	anchor	acute_main	Blood	3	5	5	0.9366653756632484	0.9158294821450795	0.020835893518168835	-2.2244756835828414	2.2244756835828414	TRUE	1	1
ENSMUSG00000111078	Gm35028	12	top_abs_beta_meta	4.2332077695080725	TRUE	GSE264344	GSE264344_design__T=Blood__H=6__B=NA__G=delivery_ad26__VS=baseline_0	<upstream_project_root>/00_metadata/verified_metadata/splited/GSE264344_design/GSE264344_design__T=Blood__H=6__B=NA__G=delivery_ad26__VS=baseline_0.tsv	anchor	acute_main	Blood	6	5	5	3.515367759659114	3.4940111090621566	0.02135665059695757	-0.6075225142028534	0.6075225142028534	TRUE	1	1
ENSMUSG00000111078	Gm35028	12	top_abs_beta_meta	4.2332077695080725	TRUE	GSE264344	GSE264344_design__T=Blood__H=6__B=NA__G=delivery_ad5__VS=baseline_0	<upstream_project_root>/00_metadata/verified_metadata/splited/GSE264344_design/GSE264344_design__T=Blood__H=6__B=NA__G=delivery_ad5__VS=baseline_0.tsv	anchor	acute_main	Blood	6	5	5	4.749455631909948	4.686637663324213	0.06281796858573507	-1.3226351281962272	1.3226351281962272	TRUE	1	1
ENSMUSG00000111078	Gm35028	12	top_abs_beta_meta	4.2332077695080725	TRUE	GSE264344	GSE264344_design__T=Blood__H=72__B=NA__G=delivery_ad26__VS=baseline_0	<upstream_project_root>/00_metadata/verified_metadata/splited/GSE264344_design/GSE264344_design__T=Blood__H=72__B=NA__G=delivery_ad26__VS=baseline_0.tsv	external	extended_transfer	Blood	72	5	5	0.08713996296972348	0.07705326482823016	0.010086698141493322	-11.575283942911376	11.575283942911376	TRUE	0.7200000000000001	0.68
ENSMUSG00000111078	Gm35028	12	top_abs_beta_meta	4.2332077695080725	TRUE	GSE264344	GSE264344_design__T=Blood__H=72__B=NA__G=delivery_ad5__VS=baseline_0	<upstream_project_root>/00_metadata/verified_metadata/splited/GSE264344_design/GSE264344_design__T=Blood__H=72__B=NA__G=delivery_ad5__VS=baseline_0.tsv	external	extended_transfer	Blood	72	5	5	0.26635130536495155	0.25839061842157185	0.007960686943379702	-2.9887921639700843	2.9887921639700843	TRUE	0.96	0.96
ENSMUSG00000111078	Gm35028	12	top_abs_beta_meta	4.2332077695080725	TRUE	GSE264344	GSE264344_design__T=dLN__H=1__B=NA__G=delivery_ad26__VS=baseline_0	<upstream_project_root>/00_metadata/verified_metadata/splited/GSE264344_design/GSE264344_design__T=dLN__H=1__B=NA__G=delivery_ad26__VS=baseline_0.tsv	anchor	acute_main	dLN	1	5	5	0.36951077174650715	0.357661796809691	0.011848974936816137	-3.206665635432356	3.206665635432356	TRUE	0.8400000000000001	0.8400000000000001
ENSMUSG00000111078	Gm35028	12	top_abs_beta_meta	4.2332077695080725	TRUE	GSE264344	GSE264344_design__T=dLN__H=1__B=NA__G=delivery_ad5__VS=baseline_0	<upstream_project_root>/00_metadata/verified_metadata/splited/GSE264344_design/GSE264344_design__T=dLN__H=1__B=NA__G=delivery_ad5__VS=baseline_0.tsv	anchor	acute_main	dLN	1	5	5	0.3592382013315616	0.372952455865336	0.013714254533774395	3.8175935863560126	3.8175935863560126	TRUE	0.8	0.8
ENSMUSG00000111078	Gm35028	12	top_abs_beta_meta	4.2332077695080725	TRUE	GSE264344	GSE264344_design__T=dLN__H=12__B=NA__G=delivery_ad26__VS=baseline_0	<upstream_project_root>/00_metadata/verified_metadata/splited/GSE264344_design/GSE264344_design__T=dLN__H=12__B=NA__G=delivery_ad26__VS=baseline_0.tsv	anchor	acute_main	dLN	12	5	5	5.521888634175941	5.42911521217294	0.09277342200300076	-1.6801030978569491	1.6801030978569491	TRUE	1	1
ENSMUSG00000111078	Gm35028	12	top_abs_beta_meta	4.2332077695080725	TRUE	GSE264344	GSE264344_design__T=dLN__H=12__B=NA__G=delivery_ad5__VS=baseline_0	<upstream_project_root>/00_metadata/verified_metadata/splited/GSE264344_design/GSE264344_design__T=dLN__H=12__B=NA__G=delivery_ad5__VS=baseline_0.tsv	anchor	acute_main	dLN	12	5	5	5.006224300092883	4.9115383124281955	0.09468598766468794	-1.8913652682907391	1.8913652682907391	TRUE	1	1
ENSMUSG00000111078	Gm35028	12	top_abs_beta_meta	4.2332077695080725	TRUE	GSE264344	GSE264344_design__T=dLN__H=24__B=NA__G=delivery_ad26__VS=baseline_0	<upstream_project_root>/00_metadata/verified_metadata/splited/GSE264344_design/GSE264344_design__T=dLN__H=24__B=NA__G=delivery_ad26__VS=baseline_0.tsv	anchor	acute_main	dLN	24	5	5	3.75024700596753	3.6851711214209497	0.0650758845465802	-1.7352426238332854	1.7352426238332854	TRUE	1	1
ENSMUSG00000111078	Gm35028	12	top_abs_beta_meta	4.2332077695080725	TRUE	GSE264344	GSE264344_design__T=dLN__H=24__B=NA__G=delivery_ad5__VS=baseline_0	<upstream_project_root>/00_metadata/verified_metadata/splited/GSE264344_design/GSE264344_design__T=dLN__H=24__B=NA__G=delivery_ad5__VS=baseline_0.tsv	anchor	acute_main	dLN	24	5	5	3.164769842555989	3.112162498744948	0.05260734381104104	-1.6622802424252545	1.6622802424252545	TRUE	1	1
ENSMUSG00000111078	Gm35028	12	top_abs_beta_meta	4.2332077695080725	TRUE	GSE264344	GSE264344_design__T=dLN__H=3__B=NA__G=delivery_ad26__VS=baseline_0	<upstream_project_root>/00_metadata/verified_metadata/splited/GSE264344_design/GSE264344_design__T=dLN__H=3__B=NA__G=delivery_ad26__VS=baseline_0.tsv	anchor	acute_main	dLN	3	5	5	4.35817929066291	4.2971822079693744	0.06099708269353599	-1.3996001225607653	1.3996001225607653	TRUE	1	1
ENSMUSG00000111078	Gm35028	12	top_abs_beta_meta	4.2332077695080725	TRUE	GSE264344	GSE264344_design__T=dLN__H=3__B=NA__G=delivery_ad5__VS=baseline_0	<upstream_project_root>/00_metadata/verified_metadata/splited/GSE264344_design/GSE264344_design__T=dLN__H=3__B=NA__G=delivery_ad5__VS=baseline_0.tsv	anchor	acute_main	dLN	3	5	5	2.7627049595948865	2.7201556233686492	0.042549336226237244	-1.5401331973022747	1.5401331973022747	TRUE	1	1
ENSMUSG00000111078	Gm35028	12	top_abs_beta_meta	4.2332077695080725	TRUE	GSE264344	GSE264344_design__T=dLN__H=6__B=NA__G=delivery_ad26__VS=baseline_0	<upstream_project_root>/00_metadata/verified_metadata/splited/GSE264344_design/GSE264344_design__T=dLN__H=6__B=NA__G=delivery_ad26__VS=baseline_0.tsv	anchor	acute_main	dLN	6	5	5	5.703930536988686	5.600953279370039	0.1029772576186474	-1.8053736270254943	1.8053736270254943	TRUE	1	1
ENSMUSG00000111078	Gm35028	12	top_abs_beta_meta	4.2332077695080725	TRUE	GSE264344	GSE264344_design__T=dLN__H=6__B=NA__G=delivery_ad5__VS=baseline_0	<upstream_project_root>/00_metadata/verified_metadata/splited/GSE264344_design/GSE264344_design__T=dLN__H=6__B=NA__G=delivery_ad5__VS=baseline_0.tsv	anchor	acute_main	dLN	6	5	5	5.288429542245774	5.208089921687766	0.08033962055800803	-1.5191583799354385	1.5191583799354385	TRUE	1	1
ENSMUSG00000111078	Gm35028	12	top_abs_beta_meta	4.2332077695080725	TRUE	GSE264344	GSE264344_design__T=dLN__H=72__B=NA__G=delivery_ad26__VS=baseline_0	<upstream_project_root>/00_metadata/verified_metadata/splited/GSE264344_design/GSE264344_design__T=dLN__H=72__B=NA__G=delivery_ad26__VS=baseline_0.tsv	external	extended_transfer	dLN	72	5	5	0.3932971804473866	0.3831638866359842	0.010133293811402377	-2.5764979550261384	2.5764979550261384	TRUE	0.8	0.8
ENSMUSG00000111078	Gm35028	12	top_abs_beta_meta	4.2332077695080725	TRUE	GSE264344	GSE264344_design__T=dLN__H=72__B=NA__G=delivery_ad5__VS=baseline_0	<upstream_project_root>/00_metadata/verified_metadata/splited/GSE264344_design/GSE264344_design__T=dLN__H=72__B=NA__G=delivery_ad5__VS=baseline_0.tsv	external	extended_transfer	dLN	72	5	5	0.4507210263939263	0.4331912474516465	0.017529778942279806	-3.8892747211129506	3.8892747211129506	TRUE	0.8	0.8
ENSMUSG00000111078	Gm35028	12	top_abs_beta_meta	4.2332077695080725	TRUE	GSE264344	GSE264344_design__T=Muscle__H=1__B=NA__G=delivery_ad26__VS=baseline_0	<upstream_project_root>/00_metadata/verified_metadata/splited/GSE264344_design/GSE264344_design__T=Muscle__H=1__B=NA__G=delivery_ad26__VS=baseline_0.tsv	anchor	acute_main	Muscle	1	5	5	0.5752137463208833	0.576698954987332	0.0014852086664487452	0.2582011775532605	0.2582011775532605	TRUE	1	1
ENSMUSG00000111078	Gm35028	12	top_abs_beta_meta	4.2332077695080725	TRUE	GSE264344	GSE264344_design__T=Muscle__H=1__B=NA__G=delivery_ad5__VS=baseline_0	<upstream_project_root>/00_metadata/verified_metadata/splited/GSE264344_design/GSE264344_design__T=Muscle__H=1__B=NA__G=delivery_ad5__VS=baseline_0.tsv	anchor	acute_main	Muscle	1	5	5	0.5210164970803043	0.5235507362617461	0.0025342391814417997	0.48640286740310207	0.48640286740310207	TRUE	0.96	0.96
ENSMUSG00000111078	Gm35028	12	top_abs_beta_meta	4.2332077695080725	TRUE	GSE264344	GSE264344_design__T=Muscle__H=12__B=NA__G=delivery_ad26__VS=baseline_0	<upstream_project_root>/00_metadata/verified_metadata/splited/GSE264344_design/GSE264344_design__T=Muscle__H=12__B=NA__G=delivery_ad26__VS=baseline_0.tsv	anchor	acute_main	Muscle	12	5	5	4.379052454232406	4.298607213260675	0.08044524097173067	-1.8370467541209603	1.8370467541209603	TRUE	1	1
ENSMUSG00000111078	Gm35028	12	top_abs_beta_meta	4.2332077695080725	TRUE	GSE264344	GSE264344_design__T=Muscle__H=12__B=NA__G=delivery_ad5__VS=baseline_0	<upstream_project_root>/00_metadata/verified_metadata/splited/GSE264344_design/GSE264344_design__T=Muscle__H=12__B=NA__G=delivery_ad5__VS=baseline_0.tsv	anchor	acute_main	Muscle	12	5	5	4.561337243094393	4.493521614849859	0.06781562824453324	-1.4867488332988814	1.4867488332988814	TRUE	1	1
ENSMUSG00000111078	Gm35028	12	top_abs_beta_meta	4.2332077695080725	TRUE	GSE264344	GSE264344_design__T=Muscle__H=24__B=NA__G=delivery_ad26__VS=baseline_0	<upstream_project_root>/00_metadata/verified_metadata/splited/GSE264344_design/GSE264344_design__T=Muscle__H=24__B=NA__G=delivery_ad26__VS=baseline_0.tsv	anchor	acute_main	Muscle	24	5	5	3.564906975120775	3.50837177216661	0.05653520295416481	-1.585881576958946	1.585881576958946	TRUE	1	1
ENSMUSG00000111078	Gm35028	12	top_abs_beta_meta	4.2332077695080725	TRUE	GSE264344	GSE264344_design__T=Muscle__H=24__B=NA__G=delivery_ad5__VS=baseline_0	<upstream_project_root>/00_metadata/verified_metadata/splited/GSE264344_design/GSE264344_design__T=Muscle__H=24__B=NA__G=delivery_ad5__VS=baseline_0.tsv	anchor	acute_main	Muscle	24	5	5	3.5245362334746155	3.47008166220498	0.05445457126963538	-1.5450138021691462	1.5450138021691462	TRUE	1	1
ENSMUSG00000111078	Gm35028	12	top_abs_beta_meta	4.2332077695080725	TRUE	GSE264344	GSE264344_design__T=Muscle__H=3__B=NA__G=delivery_ad26__VS=baseline_0	<upstream_project_root>/00_metadata/verified_metadata/splited/GSE264344_design/GSE264344_design__T=Muscle__H=3__B=NA__G=delivery_ad26__VS=baseline_0.tsv	anchor	acute_main	Muscle	3	5	5	3.166868738099831	3.098566264088554	0.06830247401127698	-2.1567826032555897	2.1567826032555897	TRUE	1	1
ENSMUSG00000111078	Gm35028	12	top_abs_beta_meta	4.2332077695080725	TRUE	GSE264344	GSE264344_design__T=Muscle__H=3__B=NA__G=delivery_ad5__VS=baseline_0	<upstream_project_root>/00_metadata/verified_metadata/splited/GSE264344_design/GSE264344_design__T=Muscle__H=3__B=NA__G=delivery_ad5__VS=baseline_0.tsv	anchor	acute_main	Muscle	3	5	5	1.8285090170879783	1.811945761004662	0.016563256083316213	-0.9058339843297188	0.9058339843297188	TRUE	1	1
ENSMUSG00000111078	Gm35028	12	top_abs_beta_meta	4.2332077695080725	TRUE	GSE264344	GSE264344_design__T=Muscle__H=6__B=NA__G=delivery_ad26__VS=baseline_0	<upstream_project_root>/00_metadata/verified_metadata/splited/GSE264344_design/GSE264344_design__T=Muscle__H=6__B=NA__G=delivery_ad26__VS=baseline_0.tsv	anchor	acute_main	Muscle	6	5	5	4.409334481944208	4.327226509412421	0.08210797253178725	-1.862139805179474	1.862139805179474	TRUE	1	1
ENSMUSG00000111078	Gm35028	12	top_abs_beta_meta	4.2332077695080725	TRUE	GSE264344	GSE264344_design__T=Muscle__H=6__B=NA__G=delivery_ad5__VS=baseline_0	<upstream_project_root>/00_metadata/verified_metadata/splited/GSE264344_design/GSE264344_design__T=Muscle__H=6__B=NA__G=delivery_ad5__VS=baseline_0.tsv	anchor	acute_main	Muscle	6	5	5	4.115105313956205	4.040405689335697	0.07469962462050805	-1.815254262562065	1.815254262562065	TRUE	1	1
ENSMUSG00000111078	Gm35028	12	top_abs_beta_meta	4.2332077695080725	TRUE	GSE264344	GSE264344_design__T=Muscle__H=72__B=NA__G=delivery_ad26__VS=baseline_0	<upstream_project_root>/00_metadata/verified_metadata/splited/GSE264344_design/GSE264344_design__T=Muscle__H=72__B=NA__G=delivery_ad26__VS=baseline_0.tsv	external	extended_transfer	Muscle	72	5	5	1.0550234100660878	1.0471295617882976	0.00789384827779016	-0.7482154616166936	0.7482154616166936	TRUE	0.96	0.96
ENSMUSG00000111078	Gm35028	12	top_abs_beta_meta	4.2332077695080725	TRUE	GSE264344	GSE264344_design__T=Muscle__H=72__B=NA__G=delivery_ad5__VS=baseline_0	<upstream_project_root>/00_metadata/verified_metadata/splited/GSE264344_design/GSE264344_design__T=Muscle__H=72__B=NA__G=delivery_ad5__VS=baseline_0.tsv	external	extended_transfer	Muscle	72	5	5	1.441223145245387	1.4379330022865198	0.0032901429588672038	-0.2282882404242137	0.2282882404242137	TRUE	1	1
ENSMUSG00000138247	Gm60893	13	top_abs_beta_meta	4.118168331717115	TRUE	GSE264344	GSE264344_design__T=Blood__H=1__B=NA__G=delivery_ad26__VS=baseline_0	<upstream_project_root>/00_metadata/verified_metadata/splited/GSE264344_design/GSE264344_design__T=Blood__H=1__B=NA__G=delivery_ad26__VS=baseline_0.tsv	anchor	acute_main	Blood	1	5	5	0.0779068941903649	0.07247442528065551	0.005432468909709387	-6.973027183493146	6.973027183493146	TRUE	0.68	0.68
ENSMUSG00000138247	Gm60893	13	top_abs_beta_meta	4.118168331717115	TRUE	GSE264344	GSE264344_design__T=Blood__H=1__B=NA__G=delivery_ad5__VS=baseline_0	<upstream_project_root>/00_metadata/verified_metadata/splited/GSE264344_design/GSE264344_design__T=Blood__H=1__B=NA__G=delivery_ad5__VS=baseline_0.tsv	anchor	acute_main	Blood	1	5	5	0.22131834935303651	0.2201269824453448	0.0011913669076917266	-0.5383046237125665	0.5383046237125665	TRUE	0.88	0.88
ENSMUSG00000138247	Gm60893	13	top_abs_beta_meta	4.118168331717115	TRUE	GSE264344	GSE264344_design__T=Blood__H=12__B=NA__G=delivery_ad26__VS=baseline_0	<upstream_project_root>/00_metadata/verified_metadata/splited/GSE264344_design/GSE264344_design__T=Blood__H=12__B=NA__G=delivery_ad26__VS=baseline_0.tsv	anchor	acute_main	Blood	12	5	5	4.557142380026869	4.570924018622926	0.013781638596056744	0.30241843345643915	0.30241843345643915	TRUE	1	1
ENSMUSG00000138247	Gm60893	13	top_abs_beta_meta	4.118168331717115	TRUE	GSE264344	GSE264344_design__T=Blood__H=12__B=NA__G=delivery_ad5__VS=baseline_0	<upstream_project_root>/00_metadata/verified_metadata/splited/GSE264344_design/GSE264344_design__T=Blood__H=12__B=NA__G=delivery_ad5__VS=baseline_0.tsv	anchor	acute_main	Blood	12	5	5	2.7728375923214097	2.776671865112837	0.003834272791427118	0.13827974642456714	0.13827974642456714	TRUE	1	1
ENSMUSG00000138247	Gm60893	13	top_abs_beta_meta	4.118168331717115	TRUE	GSE264344	GSE264344_design__T=Blood__H=24__B=NA__G=delivery_ad26__VS=baseline_0	<upstream_project_root>/00_metadata/verified_metadata/splited/GSE264344_design/GSE264344_design__T=Blood__H=24__B=NA__G=delivery_ad26__VS=baseline_0.tsv	anchor	acute_main	Blood	24	5	5	2.7381119047981937	2.7469979147070918	0.008886009908898096	0.3245305603955226	0.3245305603955226	TRUE	1	1
ENSMUSG00000138247	Gm60893	13	top_abs_beta_meta	4.118168331717115	TRUE	GSE264344	GSE264344_design__T=Blood__H=24__B=NA__G=delivery_ad5__VS=baseline_0	<upstream_project_root>/00_metadata/verified_metadata/splited/GSE264344_design/GSE264344_design__T=Blood__H=24__B=NA__G=delivery_ad5__VS=baseline_0.tsv	anchor	acute_main	Blood	24	5	5	1.4094733289679715	1.410419476369753	9.461474017815608e-4	0.06712772652990448	0.06712772652990448	TRUE	1	1
ENSMUSG00000138247	Gm60893	13	top_abs_beta_meta	4.118168331717115	TRUE	GSE264344	GSE264344_design__T=Blood__H=3__B=NA__G=delivery_ad26__VS=baseline_0	<upstream_project_root>/00_metadata/verified_metadata/splited/GSE264344_design/GSE264344_design__T=Blood__H=3__B=NA__G=delivery_ad26__VS=baseline_0.tsv	anchor	acute_main	Blood	3	5	5	3.6646891330381473	3.6577108427120164	0.006978290326130843	-0.19041970745130055	0.19041970745130055	TRUE	1	1
ENSMUSG00000138247	Gm60893	13	top_abs_beta_meta	4.118168331717115	TRUE	GSE264344	GSE264344_design__T=Blood__H=3__B=NA__G=delivery_ad5__VS=baseline_0	<upstream_project_root>/00_metadata/verified_metadata/splited/GSE264344_design/GSE264344_design__T=Blood__H=3__B=NA__G=delivery_ad5__VS=baseline_0.tsv	anchor	acute_main	Blood	3	5	5	0.9366653756632484	0.9258265758471109	0.010838799816137445	-1.1571688350775795	1.1571688350775795	TRUE	1	1
ENSMUSG00000138247	Gm60893	13	top_abs_beta_meta	4.118168331717115	TRUE	GSE264344	GSE264344_design__T=Blood__H=6__B=NA__G=delivery_ad26__VS=baseline_0	<upstream_project_root>/00_metadata/verified_metadata/splited/GSE264344_design/GSE264344_design__T=Blood__H=6__B=NA__G=delivery_ad26__VS=baseline_0.tsv	anchor	acute_main	Blood	6	5	5	3.515367759659114	3.5179757761771393	0.0026080165180251136	0.07418900941044113	0.07418900941044113	TRUE	1	1
ENSMUSG00000138247	Gm60893	13	top_abs_beta_meta	4.118168331717115	TRUE	GSE264344	GSE264344_design__T=Blood__H=6__B=NA__G=delivery_ad5__VS=baseline_0	<upstream_project_root>/00_metadata/verified_metadata/splited/GSE264344_design/GSE264344_design__T=Blood__H=6__B=NA__G=delivery_ad5__VS=baseline_0.tsv	anchor	acute_main	Blood	6	5	5	4.749455631909948	4.75715105105706	0.007695419147112581	0.16202739310605882	0.16202739310605882	TRUE	1	1
ENSMUSG00000138247	Gm60893	13	top_abs_beta_meta	4.118168331717115	TRUE	GSE264344	GSE264344_design__T=Blood__H=72__B=NA__G=delivery_ad26__VS=baseline_0	<upstream_project_root>/00_metadata/verified_metadata/splited/GSE264344_design/GSE264344_design__T=Blood__H=72__B=NA__G=delivery_ad26__VS=baseline_0.tsv	external	extended_transfer	Blood	72	5	5	0.08713996296972348	0.09193021997168815	0.004790257001964671	5.497198803755553	5.497198803755553	TRUE	0.7200000000000001	0.7200000000000001
ENSMUSG00000138247	Gm60893	13	top_abs_beta_meta	4.118168331717115	TRUE	GSE264344	GSE264344_design__T=Blood__H=72__B=NA__G=delivery_ad5__VS=baseline_0	<upstream_project_root>/00_metadata/verified_metadata/splited/GSE264344_design/GSE264344_design__T=Blood__H=72__B=NA__G=delivery_ad5__VS=baseline_0.tsv	external	extended_transfer	Blood	72	5	5	0.26635130536495155	0.2672142459968607	8.629406319091704e-4	0.32398588425417285	0.32398588425417285	TRUE	0.96	0.96
ENSMUSG00000138247	Gm60893	13	top_abs_beta_meta	4.118168331717115	TRUE	GSE264344	GSE264344_design__T=dLN__H=1__B=NA__G=delivery_ad26__VS=baseline_0	<upstream_project_root>/00_metadata/verified_metadata/splited/GSE264344_design/GSE264344_design__T=dLN__H=1__B=NA__G=delivery_ad26__VS=baseline_0.tsv	anchor	acute_main	dLN	1	5	5	0.36951077174650715	0.3752556485934463	0.00574487684693914	1.5547251355584992	1.5547251355584992	TRUE	0.8400000000000001	0.8400000000000001
ENSMUSG00000138247	Gm60893	13	top_abs_beta_meta	4.118168331717115	TRUE	GSE264344	GSE264344_design__T=dLN__H=1__B=NA__G=delivery_ad5__VS=baseline_0	<upstream_project_root>/00_metadata/verified_metadata/splited/GSE264344_design/GSE264344_design__T=dLN__H=1__B=NA__G=delivery_ad5__VS=baseline_0.tsv	anchor	acute_main	dLN	1	5	5	0.3592382013315616	0.3540372540629714	0.005200947268590217	-1.4477712140057075	1.4477712140057075	TRUE	0.8	0.8
ENSMUSG00000138247	Gm60893	13	top_abs_beta_meta	4.118168331717115	TRUE	GSE264344	GSE264344_design__T=dLN__H=12__B=NA__G=delivery_ad26__VS=baseline_0	<upstream_project_root>/00_metadata/verified_metadata/splited/GSE264344_design/GSE264344_design__T=dLN__H=12__B=NA__G=delivery_ad26__VS=baseline_0.tsv	anchor	acute_main	dLN	12	5	5	5.521888634175941	5.5503999909499795	0.02851135677403871	0.5163334261683024	0.5163334261683024	TRUE	1	1
ENSMUSG00000138247	Gm60893	13	top_abs_beta_meta	4.118168331717115	TRUE	GSE264344	GSE264344_design__T=dLN__H=12__B=NA__G=delivery_ad5__VS=baseline_0	<upstream_project_root>/00_metadata/verified_metadata/splited/GSE264344_design/GSE264344_design__T=dLN__H=12__B=NA__G=delivery_ad5__VS=baseline_0.tsv	anchor	acute_main	dLN	12	5	5	5.006224300092883	5.020505612883008	0.0142813127901249	0.2852711331743552	0.2852711331743552	TRUE	1	1
ENSMUSG00000138247	Gm60893	13	top_abs_beta_meta	4.118168331717115	TRUE	GSE264344	GSE264344_design__T=dLN__H=24__B=NA__G=delivery_ad26__VS=baseline_0	<upstream_project_root>/00_metadata/verified_metadata/splited/GSE264344_design/GSE264344_design__T=dLN__H=24__B=NA__G=delivery_ad26__VS=baseline_0.tsv	anchor	acute_main	dLN	24	5	5	3.75024700596753	3.7616535993054456	0.011406593337915716	0.3041557881324918	0.3041557881324918	TRUE	1	1
ENSMUSG00000138247	Gm60893	13	top_abs_beta_meta	4.118168331717115	TRUE	GSE264344	GSE264344_design__T=dLN__H=24__B=NA__G=delivery_ad5__VS=baseline_0	<upstream_project_root>/00_metadata/verified_metadata/splited/GSE264344_design/GSE264344_design__T=dLN__H=24__B=NA__G=delivery_ad5__VS=baseline_0.tsv	anchor	acute_main	dLN	24	5	5	3.164769842555989	3.1711538724715913	0.006384029915602163	0.20172177545922823	0.20172177545922823	TRUE	1	1
ENSMUSG00000138247	Gm60893	13	top_abs_beta_meta	4.118168331717115	TRUE	GSE264344	GSE264344_design__T=dLN__H=3__B=NA__G=delivery_ad26__VS=baseline_0	<upstream_project_root>/00_metadata/verified_metadata/splited/GSE264344_design/GSE264344_design__T=dLN__H=3__B=NA__G=delivery_ad26__VS=baseline_0.tsv	anchor	acute_main	dLN	3	5	5	4.35817929066291	4.361934073341318	0.0037547826784072313	0.086154846507843	0.086154846507843	TRUE	1	1
ENSMUSG00000138247	Gm60893	13	top_abs_beta_meta	4.118168331717115	TRUE	GSE264344	GSE264344_design__T=dLN__H=3__B=NA__G=delivery_ad5__VS=baseline_0	<upstream_project_root>/00_metadata/verified_metadata/splited/GSE264344_design/GSE264344_design__T=dLN__H=3__B=NA__G=delivery_ad5__VS=baseline_0.tsv	anchor	acute_main	dLN	3	5	5	2.7627049595948865	2.7685474362236384	0.005842476628751925	0.21147667645294435	0.21147667645294435	TRUE	1	1
ENSMUSG00000138247	Gm60893	13	top_abs_beta_meta	4.118168331717115	TRUE	GSE264344	GSE264344_design__T=dLN__H=6__B=NA__G=delivery_ad26__VS=baseline_0	<upstream_project_root>/00_metadata/verified_metadata/splited/GSE264344_design/GSE264344_design__T=dLN__H=6__B=NA__G=delivery_ad26__VS=baseline_0.tsv	anchor	acute_main	dLN	6	5	5	5.703930536988686	5.730322626904826	0.026392089916139838	0.4627000582316556	0.4627000582316556	TRUE	1	1
ENSMUSG00000138247	Gm60893	13	top_abs_beta_meta	4.118168331717115	TRUE	GSE264344	GSE264344_design__T=dLN__H=6__B=NA__G=delivery_ad5__VS=baseline_0	<upstream_project_root>/00_metadata/verified_metadata/splited/GSE264344_design/GSE264344_design__T=dLN__H=6__B=NA__G=delivery_ad5__VS=baseline_0.tsv	anchor	acute_main	dLN	6	5	5	5.288429542245774	5.3114651897692	0.02303564752342524	0.43558578854854074	0.43558578854854074	TRUE	1	1
ENSMUSG00000138247	Gm60893	13	top_abs_beta_meta	4.118168331717115	TRUE	GSE264344	GSE264344_design__T=dLN__H=72__B=NA__G=delivery_ad26__VS=baseline_0	<upstream_project_root>/00_metadata/verified_metadata/splited/GSE264344_design/GSE264344_design__T=dLN__H=72__B=NA__G=delivery_ad26__VS=baseline_0.tsv	external	extended_transfer	dLN	72	5	5	0.3932971804473866	0.3884430701329674	0.00485411031441918	-1.2342092839052374	1.2342092839052374	TRUE	0.8	0.8
ENSMUSG00000138247	Gm60893	13	top_abs_beta_meta	4.118168331717115	TRUE	GSE264344	GSE264344_design__T=dLN__H=72__B=NA__G=delivery_ad5__VS=baseline_0	<upstream_project_root>/00_metadata/verified_metadata/splited/GSE264344_design/GSE264344_design__T=dLN__H=72__B=NA__G=delivery_ad5__VS=baseline_0.tsv	external	extended_transfer	dLN	72	5	5	0.4507210263939263	0.45353044686196753	0.002809420468041224	0.6233169307672402	0.6233169307672402	TRUE	0.8	0.8
ENSMUSG00000138247	Gm60893	13	top_abs_beta_meta	4.118168331717115	TRUE	GSE264344	GSE264344_design__T=Muscle__H=1__B=NA__G=delivery_ad26__VS=baseline_0	<upstream_project_root>/00_metadata/verified_metadata/splited/GSE264344_design/GSE264344_design__T=Muscle__H=1__B=NA__G=delivery_ad26__VS=baseline_0.tsv	anchor	acute_main	Muscle	1	5	5	0.5752137463208833	0.5798906768452828	0.004676930524399547	0.813076974309741	0.813076974309741	TRUE	1	1
ENSMUSG00000138247	Gm60893	13	top_abs_beta_meta	4.118168331717115	TRUE	GSE264344	GSE264344_design__T=Muscle__H=1__B=NA__G=delivery_ad5__VS=baseline_0	<upstream_project_root>/00_metadata/verified_metadata/splited/GSE264344_design/GSE264344_design__T=Muscle__H=1__B=NA__G=delivery_ad5__VS=baseline_0.tsv	anchor	acute_main	Muscle	1	5	5	0.5210164970803043	0.5210442585923142	2.7761512009893963e-5	0.00532833646640081	0.00532833646640081	TRUE	0.96	0.96
ENSMUSG00000138247	Gm60893	13	top_abs_beta_meta	4.118168331717115	TRUE	GSE264344	GSE264344_design__T=Muscle__H=12__B=NA__G=delivery_ad26__VS=baseline_0	<upstream_project_root>/00_metadata/verified_metadata/splited/GSE264344_design/GSE264344_design__T=Muscle__H=12__B=NA__G=delivery_ad26__VS=baseline_0.tsv	anchor	acute_main	Muscle	12	5	5	4.379052454232406	4.390097708154611	0.011045253922205234	0.25222931302249796	0.25222931302249796	TRUE	1	1
ENSMUSG00000138247	Gm60893	13	top_abs_beta_meta	4.118168331717115	TRUE	GSE264344	GSE264344_design__T=Muscle__H=12__B=NA__G=delivery_ad5__VS=baseline_0	<upstream_project_root>/00_metadata/verified_metadata/splited/GSE264344_design/GSE264344_design__T=Muscle__H=12__B=NA__G=delivery_ad5__VS=baseline_0.tsv	anchor	acute_main	Muscle	12	5	5	4.561337243094393	4.576411506467078	0.015074263372685692	0.3304790365042023	0.3304790365042023	TRUE	1	1
ENSMUSG00000138247	Gm60893	13	top_abs_beta_meta	4.118168331717115	TRUE	GSE264344	GSE264344_design__T=Muscle__H=24__B=NA__G=delivery_ad26__VS=baseline_0	<upstream_project_root>/00_metadata/verified_metadata/splited/GSE264344_design/GSE264344_design__T=Muscle__H=24__B=NA__G=delivery_ad26__VS=baseline_0.tsv	anchor	acute_main	Muscle	24	5	5	3.564906975120775	3.579064646922654	0.01415767180187899	0.39714000675710043	0.39714000675710043	TRUE	1	1
ENSMUSG00000138247	Gm60893	13	top_abs_beta_meta	4.118168331717115	TRUE	GSE264344	GSE264344_design__T=Muscle__H=24__B=NA__G=delivery_ad5__VS=baseline_0	<upstream_project_root>/00_metadata/verified_metadata/splited/GSE264344_design/GSE264344_design__T=Muscle__H=24__B=NA__G=delivery_ad5__VS=baseline_0.tsv	anchor	acute_main	Muscle	24	5	5	3.5245362334746155	3.5351015241122847	0.0105652906376692	0.2997639955386004	0.2997639955386004	TRUE	1	1
ENSMUSG00000138247	Gm60893	13	top_abs_beta_meta	4.118168331717115	TRUE	GSE264344	GSE264344_design__T=Muscle__H=3__B=NA__G=delivery_ad26__VS=baseline_0	<upstream_project_root>/00_metadata/verified_metadata/splited/GSE264344_design/GSE264344_design__T=Muscle__H=3__B=NA__G=delivery_ad26__VS=baseline_0.tsv	anchor	acute_main	Muscle	3	5	5	3.166868738099831	3.161032329560535	0.005836408539296123	-0.18429587778867199	0.18429587778867199	TRUE	1	1
ENSMUSG00000138247	Gm60893	13	top_abs_beta_meta	4.118168331717115	TRUE	GSE264344	GSE264344_design__T=Muscle__H=3__B=NA__G=delivery_ad5__VS=baseline_0	<upstream_project_root>/00_metadata/verified_metadata/splited/GSE264344_design/GSE264344_design__T=Muscle__H=3__B=NA__G=delivery_ad5__VS=baseline_0.tsv	anchor	acute_main	Muscle	3	5	5	1.8285090170879783	1.831554238008739	0.0030452209207607606	0.16654120336854977	0.16654120336854977	TRUE	1	1
ENSMUSG00000138247	Gm60893	13	top_abs_beta_meta	4.118168331717115	TRUE	GSE264344	GSE264344_design__T=Muscle__H=6__B=NA__G=delivery_ad26__VS=baseline_0	<upstream_project_root>/00_metadata/verified_metadata/splited/GSE264344_design/GSE264344_design__T=Muscle__H=6__B=NA__G=delivery_ad26__VS=baseline_0.tsv	anchor	acute_main	Muscle	6	5	5	4.409334481944208	4.423180369189867	0.013845887245658162	0.314013085248028	0.314013085248028	TRUE	1	1
ENSMUSG00000138247	Gm60893	13	top_abs_beta_meta	4.118168331717115	TRUE	GSE264344	GSE264344_design__T=Muscle__H=6__B=NA__G=delivery_ad5__VS=baseline_0	<upstream_project_root>/00_metadata/verified_metadata/splited/GSE264344_design/GSE264344_design__T=Muscle__H=6__B=NA__G=delivery_ad5__VS=baseline_0.tsv	anchor	acute_main	Muscle	6	5	5	4.115105313956205	4.1209460995436595	0.005840785587454711	0.14193526390797181	0.14193526390797181	TRUE	1	1
ENSMUSG00000138247	Gm60893	13	top_abs_beta_meta	4.118168331717115	TRUE	GSE264344	GSE264344_design__T=Muscle__H=72__B=NA__G=delivery_ad26__VS=baseline_0	<upstream_project_root>/00_metadata/verified_metadata/splited/GSE264344_design/GSE264344_design__T=Muscle__H=72__B=NA__G=delivery_ad26__VS=baseline_0.tsv	external	extended_transfer	Muscle	72	5	5	1.0550234100660878	1.0570266084891922	0.0020031984231043687	0.1898724145826192	0.1898724145826192	TRUE	0.96	0.96
ENSMUSG00000138247	Gm60893	13	top_abs_beta_meta	4.118168331717115	TRUE	GSE264344	GSE264344_design__T=Muscle__H=72__B=NA__G=delivery_ad5__VS=baseline_0	<upstream_project_root>/00_metadata/verified_metadata/splited/GSE264344_design/GSE264344_design__T=Muscle__H=72__B=NA__G=delivery_ad5__VS=baseline_0.tsv	external	extended_transfer	Muscle	72	5	5	1.441223145245387	1.446809674552028	0.005586529306641053	0.38762417361052537	0.38762417361052537	TRUE	1	1
ENSMUSG00000035373	Ccl7	14	top_abs_beta_meta	4.080173963641654	TRUE	GSE264344	GSE264344_design__T=Blood__H=1__B=NA__G=delivery_ad26__VS=baseline_0	<upstream_project_root>/00_metadata/verified_metadata/splited/GSE264344_design/GSE264344_design__T=Blood__H=1__B=NA__G=delivery_ad26__VS=baseline_0.tsv	anchor	acute_main	Blood	1	5	5	0.0779068941903649	0.07775221141263833	1.546827777265669e-4	-0.19854825344288624	0.19854825344288624	TRUE	0.68	0.68
ENSMUSG00000035373	Ccl7	14	top_abs_beta_meta	4.080173963641654	TRUE	GSE264344	GSE264344_design__T=Blood__H=1__B=NA__G=delivery_ad5__VS=baseline_0	<upstream_project_root>/00_metadata/verified_metadata/splited/GSE264344_design/GSE264344_design__T=Blood__H=1__B=NA__G=delivery_ad5__VS=baseline_0.tsv	anchor	acute_main	Blood	1	5	5	0.22131834935303651	0.22087892563584755	4.394237171889692e-4	-0.1985482534428365	0.1985482534428365	TRUE	0.88	0.88
ENSMUSG00000035373	Ccl7	14	top_abs_beta_meta	4.080173963641654	TRUE	GSE264344	GSE264344_design__T=Blood__H=12__B=NA__G=delivery_ad26__VS=baseline_0	<upstream_project_root>/00_metadata/verified_metadata/splited/GSE264344_design/GSE264344_design__T=Blood__H=12__B=NA__G=delivery_ad26__VS=baseline_0.tsv	anchor	acute_main	Blood	12	5	5	4.557142380026869	4.538812142807709	0.018330237219160495	-0.4022309528773691	0.4022309528773691	TRUE	1	1
ENSMUSG00000035373	Ccl7	14	top_abs_beta_meta	4.080173963641654	TRUE	GSE264344	GSE264344_design__T=Blood__H=12__B=NA__G=delivery_ad5__VS=baseline_0	<upstream_project_root>/00_metadata/verified_metadata/splited/GSE264344_design/GSE264344_design__T=Blood__H=12__B=NA__G=delivery_ad5__VS=baseline_0.tsv	anchor	acute_main	Blood	12	5	5	2.7728375923214097	2.7647003537773998	0.00813723854400994	-0.29346250088875464	0.29346250088875464	TRUE	1	1
ENSMUSG00000035373	Ccl7	14	top_abs_beta_meta	4.080173963641654	TRUE	GSE264344	GSE264344_design__T=Blood__H=24__B=NA__G=delivery_ad26__VS=baseline_0	<upstream_project_root>/00_metadata/verified_metadata/splited/GSE264344_design/GSE264344_design__T=Blood__H=24__B=NA__G=delivery_ad26__VS=baseline_0.tsv	anchor	acute_main	Blood	24	5	5	2.7381119047981937	2.7326754314339072	0.005436473364286432	-0.1985482534428086	0.1985482534428086	TRUE	1	1
ENSMUSG00000035373	Ccl7	14	top_abs_beta_meta	4.080173963641654	TRUE	GSE264344	GSE264344_design__T=Blood__H=24__B=NA__G=delivery_ad5__VS=baseline_0	<upstream_project_root>/00_metadata/verified_metadata/splited/GSE264344_design/GSE264344_design__T=Blood__H=24__B=NA__G=delivery_ad5__VS=baseline_0.tsv	anchor	acute_main	Blood	24	5	5	1.4094733289679715	1.4066748442905632	0.002798484677408286	-0.19854825344282043	0.19854825344282043	TRUE	1	1
ENSMUSG00000035373	Ccl7	14	top_abs_beta_meta	4.080173963641654	TRUE	GSE264344	GSE264344_design__T=Blood__H=3__B=NA__G=delivery_ad26__VS=baseline_0	<upstream_project_root>/00_metadata/verified_metadata/splited/GSE264344_design/GSE264344_design__T=Blood__H=3__B=NA__G=delivery_ad26__VS=baseline_0.tsv	anchor	acute_main	Blood	3	5	5	3.6646891330381473	3.6482856882902657	0.01640344474788158	-0.44760808222449655	0.44760808222449655	TRUE	1	1
ENSMUSG00000035373	Ccl7	14	top_abs_beta_meta	4.080173963641654	TRUE	GSE264344	GSE264344_design__T=Blood__H=3__B=NA__G=delivery_ad5__VS=baseline_0	<upstream_project_root>/00_metadata/verified_metadata/splited/GSE264344_design/GSE264344_design__T=Blood__H=3__B=NA__G=delivery_ad5__VS=baseline_0.tsv	anchor	acute_main	Blood	3	5	5	0.9366653756632484	0.9338190880145814	0.002846287648667012	-0.30387454502111483	0.30387454502111483	TRUE	1	1
ENSMUSG00000035373	Ccl7	14	top_abs_beta_meta	4.080173963641654	TRUE	GSE264344	GSE264344_design__T=Blood__H=6__B=NA__G=delivery_ad26__VS=baseline_0	<upstream_project_root>/00_metadata/verified_metadata/splited/GSE264344_design/GSE264344_design__T=Blood__H=6__B=NA__G=delivery_ad26__VS=baseline_0.tsv	anchor	acute_main	Blood	6	5	5	3.515367759659114	3.5075075212042877	0.00786023845482653	-0.2235964767335961	0.2235964767335961	TRUE	1	1
ENSMUSG00000035373	Ccl7	14	top_abs_beta_meta	4.080173963641654	TRUE	GSE264344	GSE264344_design__T=Blood__H=6__B=NA__G=delivery_ad5__VS=baseline_0	<upstream_project_root>/00_metadata/verified_metadata/splited/GSE264344_design/GSE264344_design__T=Blood__H=6__B=NA__G=delivery_ad5__VS=baseline_0.tsv	anchor	acute_main	Blood	6	5	5	4.749455631909948	4.730313646303099	0.019141985606848877	-0.4030353600576981	0.4030353600576981	TRUE	1	1
ENSMUSG00000035373	Ccl7	14	top_abs_beta_meta	4.080173963641654	TRUE	GSE264344	GSE264344_design__T=Blood__H=72__B=NA__G=delivery_ad26__VS=baseline_0	<upstream_project_root>/00_metadata/verified_metadata/splited/GSE264344_design/GSE264344_design__T=Blood__H=72__B=NA__G=delivery_ad26__VS=baseline_0.tsv	external	extended_transfer	Blood	72	5	5	0.08713996296972348	0.08597552715120249	0.0011644358185209924	-1.3362822049001468	1.3362822049001468	TRUE	0.7200000000000001	0.68
ENSMUSG00000035373	Ccl7	14	top_abs_beta_meta	4.080173963641654	TRUE	GSE264344	GSE264344_design__T=Blood__H=72__B=NA__G=delivery_ad5__VS=baseline_0	<upstream_project_root>/00_metadata/verified_metadata/splited/GSE264344_design/GSE264344_design__T=Blood__H=72__B=NA__G=delivery_ad5__VS=baseline_0.tsv	external	extended_transfer	Blood	72	5	5	0.26635130536495155	0.26582246950012733	5.288358648242175e-4	-0.19854825344280277	0.19854825344280277	TRUE	0.96	0.96
ENSMUSG00000035373	Ccl7	14	top_abs_beta_meta	4.080173963641654	TRUE	GSE264344	GSE264344_design__T=dLN__H=1__B=NA__G=delivery_ad26__VS=baseline_0	<upstream_project_root>/00_metadata/verified_metadata/splited/GSE264344_design/GSE264344_design__T=dLN__H=1__B=NA__G=delivery_ad26__VS=baseline_0.tsv	anchor	acute_main	dLN	1	5	5	0.36951077174650715	0.35228283490640877	0.01722793684009838	-4.662363903133286	4.662363903133286	TRUE	0.8400000000000001	0.8400000000000001
ENSMUSG00000035373	Ccl7	14	top_abs_beta_meta	4.080173963641654	TRUE	GSE264344	GSE264344_design__T=dLN__H=1__B=NA__G=delivery_ad5__VS=baseline_0	<upstream_project_root>/00_metadata/verified_metadata/splited/GSE264344_design/GSE264344_design__T=dLN__H=1__B=NA__G=delivery_ad5__VS=baseline_0.tsv	anchor	acute_main	dLN	1	5	5	0.3592382013315616	0.3396792744766167	0.01955892685494487	-5.444556503859347	5.444556503859347	TRUE	0.8	0.8
ENSMUSG00000035373	Ccl7	14	top_abs_beta_meta	4.080173963641654	TRUE	GSE264344	GSE264344_design__T=dLN__H=12__B=NA__G=delivery_ad26__VS=baseline_0	<upstream_project_root>/00_metadata/verified_metadata/splited/GSE264344_design/GSE264344_design__T=dLN__H=12__B=NA__G=delivery_ad26__VS=baseline_0.tsv	anchor	acute_main	dLN	12	5	5	5.521888634175941	5.483831376307744	0.03805725786819636	-0.6892072692783642	0.6892072692783642	TRUE	1	1
ENSMUSG00000035373	Ccl7	14	top_abs_beta_meta	4.080173963641654	TRUE	GSE264344	GSE264344_design__T=dLN__H=12__B=NA__G=delivery_ad5__VS=baseline_0	<upstream_project_root>/00_metadata/verified_metadata/splited/GSE264344_design/GSE264344_design__T=dLN__H=12__B=NA__G=delivery_ad5__VS=baseline_0.tsv	anchor	acute_main	dLN	12	5	5	5.006224300092883	4.975298965750544	0.03092533434233946	-0.6177376898946714	0.6177376898946714	TRUE	1	1
ENSMUSG00000035373	Ccl7	14	top_abs_beta_meta	4.080173963641654	TRUE	GSE264344	GSE264344_design__T=dLN__H=24__B=NA__G=delivery_ad26__VS=baseline_0	<upstream_project_root>/00_metadata/verified_metadata/splited/GSE264344_design/GSE264344_design__T=dLN__H=24__B=NA__G=delivery_ad26__VS=baseline_0.tsv	anchor	acute_main	dLN	24	5	5	3.75024700596753	3.729621848356773	0.020625157610756784	-0.5499679775208748	0.5499679775208748	TRUE	1	1
ENSMUSG00000035373	Ccl7	14	top_abs_beta_meta	4.080173963641654	TRUE	GSE264344	GSE264344_design__T=dLN__H=24__B=NA__G=delivery_ad5__VS=baseline_0	<upstream_project_root>/00_metadata/verified_metadata/splited/GSE264344_design/GSE264344_design__T=dLN__H=24__B=NA__G=delivery_ad5__VS=baseline_0.tsv	anchor	acute_main	dLN	24	5	5	3.164769842555989	3.1508064220039387	0.013963420552050465	-0.44121440884222635	0.44121440884222635	TRUE	1	1
ENSMUSG00000035373	Ccl7	14	top_abs_beta_meta	4.080173963641654	TRUE	GSE264344	GSE264344_design__T=dLN__H=3__B=NA__G=delivery_ad26__VS=baseline_0	<upstream_project_root>/00_metadata/verified_metadata/splited/GSE264344_design/GSE264344_design__T=dLN__H=3__B=NA__G=delivery_ad26__VS=baseline_0.tsv	anchor	acute_main	dLN	3	5	5	4.35817929066291	4.32503628741809	0.033143003244820335	-0.7604781959252311	0.7604781959252311	TRUE	1	1
ENSMUSG00000035373	Ccl7	14	top_abs_beta_meta	4.080173963641654	TRUE	GSE264344	GSE264344_design__T=dLN__H=3__B=NA__G=delivery_ad5__VS=baseline_0	<upstream_project_root>/00_metadata/verified_metadata/splited/GSE264344_design/GSE264344_design__T=dLN__H=3__B=NA__G=delivery_ad5__VS=baseline_0.tsv	anchor	acute_main	dLN	3	5	5	2.7627049595948865	2.7393127966862685	0.02339216290861801	-0.8467123073485253	0.8467123073485253	TRUE	1	1
ENSMUSG00000035373	Ccl7	14	top_abs_beta_meta	4.080173963641654	TRUE	GSE264344	GSE264344_design__T=dLN__H=6__B=NA__G=delivery_ad26__VS=baseline_0	<upstream_project_root>/00_metadata/verified_metadata/splited/GSE264344_design/GSE264344_design__T=dLN__H=6__B=NA__G=delivery_ad26__VS=baseline_0.tsv	anchor	acute_main	dLN	6	5	5	5.703930536988686	5.6658831607925055	0.03804737619618059	-0.6670378601115854	0.6670378601115854	TRUE	1	1
ENSMUSG00000035373	Ccl7	14	top_abs_beta_meta	4.080173963641654	TRUE	GSE264344	GSE264344_design__T=dLN__H=6__B=NA__G=delivery_ad5__VS=baseline_0	<upstream_project_root>/00_metadata/verified_metadata/splited/GSE264344_design/GSE264344_design__T=dLN__H=6__B=NA__G=delivery_ad5__VS=baseline_0.tsv	anchor	acute_main	dLN	6	5	5	5.288429542245774	5.254733552911613	0.03369598933416107	-0.6371643805592198	0.6371643805592198	TRUE	1	1
ENSMUSG00000035373	Ccl7	14	top_abs_beta_meta	4.080173963641654	TRUE	GSE264344	GSE264344_design__T=dLN__H=72__B=NA__G=delivery_ad26__VS=baseline_0	<upstream_project_root>/00_metadata/verified_metadata/splited/GSE264344_design/GSE264344_design__T=dLN__H=72__B=NA__G=delivery_ad26__VS=baseline_0.tsv	external	extended_transfer	dLN	72	5	5	0.3932971804473866	0.3921706972828699	0.0011264831645166895	-0.28642035095071955	0.28642035095071955	TRUE	0.8	0.8
ENSMUSG00000035373	Ccl7	14	top_abs_beta_meta	4.080173963641654	TRUE	GSE264344	GSE264344_design__T=dLN__H=72__B=NA__G=delivery_ad5__VS=baseline_0	<upstream_project_root>/00_metadata/verified_metadata/splited/GSE264344_design/GSE264344_design__T=dLN__H=72__B=NA__G=delivery_ad5__VS=baseline_0.tsv	external	extended_transfer	dLN	72	5	5	0.4507210263939263	0.44701413297535064	0.003706893418575663	-0.8224363190316021	0.8224363190316021	TRUE	0.8	0.8
ENSMUSG00000035373	Ccl7	14	top_abs_beta_meta	4.080173963641654	TRUE	GSE264344	GSE264344_design__T=Muscle__H=1__B=NA__G=delivery_ad26__VS=baseline_0	<upstream_project_root>/00_metadata/verified_metadata/splited/GSE264344_design/GSE264344_design__T=Muscle__H=1__B=NA__G=delivery_ad26__VS=baseline_0.tsv	anchor	acute_main	Muscle	1	5	5	0.5752137463208833	0.5538230502016251	0.021390696119258146	-3.718738687327082	3.718738687327082	TRUE	1	1
ENSMUSG00000035373	Ccl7	14	top_abs_beta_meta	4.080173963641654	TRUE	GSE264344	GSE264344_design__T=Muscle__H=1__B=NA__G=delivery_ad5__VS=baseline_0	<upstream_project_root>/00_metadata/verified_metadata/splited/GSE264344_design/GSE264344_design__T=Muscle__H=1__B=NA__G=delivery_ad5__VS=baseline_0.tsv	anchor	acute_main	Muscle	1	5	5	0.5210164970803043	0.5006087053582974	0.020407791722006907	-3.9169185306739824	3.9169185306739824	TRUE	0.96	0.96
ENSMUSG00000035373	Ccl7	14	top_abs_beta_meta	4.080173963641654	TRUE	GSE264344	GSE264344_design__T=Muscle__H=12__B=NA__G=delivery_ad26__VS=baseline_0	<upstream_project_root>/00_metadata/verified_metadata/splited/GSE264344_design/GSE264344_design__T=Muscle__H=12__B=NA__G=delivery_ad26__VS=baseline_0.tsv	anchor	acute_main	Muscle	12	5	5	4.379052454232406	4.344403248953921	0.03464920527848481	-0.7912489206425454	0.7912489206425454	TRUE	1	1
ENSMUSG00000035373	Ccl7	14	top_abs_beta_meta	4.080173963641654	TRUE	GSE264344	GSE264344_design__T=Muscle__H=12__B=NA__G=delivery_ad5__VS=baseline_0	<upstream_project_root>/00_metadata/verified_metadata/splited/GSE264344_design/GSE264344_design__T=Muscle__H=12__B=NA__G=delivery_ad5__VS=baseline_0.tsv	anchor	acute_main	Muscle	12	5	5	4.561337243094393	4.524272228485007	0.03706501460938583	-0.8125909713319306	0.8125909713319306	TRUE	1	1
ENSMUSG00000035373	Ccl7	14	top_abs_beta_meta	4.080173963641654	TRUE	GSE264344	GSE264344_design__T=Muscle__H=24__B=NA__G=delivery_ad26__VS=baseline_0	<upstream_project_root>/00_metadata/verified_metadata/splited/GSE264344_design/GSE264344_design__T=Muscle__H=24__B=NA__G=delivery_ad26__VS=baseline_0.tsv	anchor	acute_main	Muscle	24	5	5	3.564906975120775	3.5342369943300698	0.030669980790705154	-0.8603304659770565	0.8603304659770565	TRUE	1	1
ENSMUSG00000035373	Ccl7	14	top_abs_beta_meta	4.080173963641654	TRUE	GSE264344	GSE264344_design__T=Muscle__H=24__B=NA__G=delivery_ad5__VS=baseline_0	<upstream_project_root>/00_metadata/verified_metadata/splited/GSE264344_design/GSE264344_design__T=Muscle__H=24__B=NA__G=delivery_ad5__VS=baseline_0.tsv	anchor	acute_main	Muscle	24	5	5	3.5245362334746155	3.4946361316952066	0.02990010177940894	-0.848341449732589	0.848341449732589	TRUE	1	1
ENSMUSG00000035373	Ccl7	14	top_abs_beta_meta	4.080173963641654	TRUE	GSE264344	GSE264344_design__T=Muscle__H=3__B=NA__G=delivery_ad26__VS=baseline_0	<upstream_project_root>/00_metadata/verified_metadata/splited/GSE264344_design/GSE264344_design__T=Muscle__H=3__B=NA__G=delivery_ad26__VS=baseline_0.tsv	anchor	acute_main	Muscle	3	5	5	3.166868738099831	3.134380216641188	0.03248852145864323	-1.0258878452327906	1.0258878452327906	TRUE	1	1
ENSMUSG00000035373	Ccl7	14	top_abs_beta_meta	4.080173963641654	TRUE	GSE264344	GSE264344_design__T=Muscle__H=3__B=NA__G=delivery_ad5__VS=baseline_0	<upstream_project_root>/00_metadata/verified_metadata/splited/GSE264344_design/GSE264344_design__T=Muscle__H=3__B=NA__G=delivery_ad5__VS=baseline_0.tsv	anchor	acute_main	Muscle	3	5	5	1.8285090170879783	1.7993597795668972	0.029149237521081117	-1.5941533374280652	1.5941533374280652	TRUE	1	1
ENSMUSG00000035373	Ccl7	14	top_abs_beta_meta	4.080173963641654	TRUE	GSE264344	GSE264344_design__T=Muscle__H=6__B=NA__G=delivery_ad26__VS=baseline_0	<upstream_project_root>/00_metadata/verified_metadata/splited/GSE264344_design/GSE264344_design__T=Muscle__H=6__B=NA__G=delivery_ad26__VS=baseline_0.tsv	anchor	acute_main	Muscle	6	5	5	4.409334481944208	4.373284200713071	0.036050281231137404	-0.8175900780210656	0.8175900780210656	TRUE	1	1
ENSMUSG00000035373	Ccl7	14	top_abs_beta_meta	4.080173963641654	TRUE	GSE264344	GSE264344_design__T=Muscle__H=6__B=NA__G=delivery_ad5__VS=baseline_0	<upstream_project_root>/00_metadata/verified_metadata/splited/GSE264344_design/GSE264344_design__T=Muscle__H=6__B=NA__G=delivery_ad5__VS=baseline_0.tsv	anchor	acute_main	Muscle	6	5	5	4.115105313956205	4.079912880770687	0.03519243318551801	-0.8552012767732668	0.8552012767732668	TRUE	1	1
ENSMUSG00000035373	Ccl7	14	top_abs_beta_meta	4.080173963641654	TRUE	GSE264344	GSE264344_design__T=Muscle__H=72__B=NA__G=delivery_ad26__VS=baseline_0	<upstream_project_root>/00_metadata/verified_metadata/splited/GSE264344_design/GSE264344_design__T=Muscle__H=72__B=NA__G=delivery_ad26__VS=baseline_0.tsv	external	extended_transfer	Muscle	72	5	5	1.0550234100660878	1.043092094171251	0.01193131589483687	-1.1309053221946497	1.1309053221946497	TRUE	0.96	0.96
ENSMUSG00000035373	Ccl7	14	top_abs_beta_meta	4.080173963641654	TRUE	GSE264344	GSE264344_design__T=Muscle__H=72__B=NA__G=delivery_ad5__VS=baseline_0	<upstream_project_root>/00_metadata/verified_metadata/splited/GSE264344_design/GSE264344_design__T=Muscle__H=72__B=NA__G=delivery_ad5__VS=baseline_0.tsv	external	extended_transfer	Muscle	72	5	5	1.441223145245387	1.4276856641889861	0.013537481056400846	-0.9393049994417009	0.9393049994417009	TRUE	1	1
ENSMUSG00000000204	Slfn4	15	top_abs_beta_meta	4.009242973558268	TRUE	GSE264344	GSE264344_design__T=Blood__H=1__B=NA__G=delivery_ad26__VS=baseline_0	<upstream_project_root>/00_metadata/verified_metadata/splited/GSE264344_design/GSE264344_design__T=Blood__H=1__B=NA__G=delivery_ad26__VS=baseline_0.tsv	anchor	acute_main	Blood	1	5	5	0.0779068941903649	0.0772669350167855	6.399591735793964e-4	-0.8214410036878906	0.8214410036878906	TRUE	0.68	0.68
ENSMUSG00000000204	Slfn4	15	top_abs_beta_meta	4.009242973558268	TRUE	GSE264344	GSE264344_design__T=Blood__H=1__B=NA__G=delivery_ad5__VS=baseline_0	<upstream_project_root>/00_metadata/verified_metadata/splited/GSE264344_design/GSE264344_design__T=Blood__H=1__B=NA__G=delivery_ad5__VS=baseline_0.tsv	anchor	acute_main	Blood	1	5	5	0.22131834935303651	0.2203112188115639	0.0010071305414726117	-0.4550596660496889	0.4550596660496889	TRUE	0.88	0.88
ENSMUSG00000000204	Slfn4	15	top_abs_beta_meta	4.009242973558268	TRUE	GSE264344	GSE264344_design__T=Blood__H=12__B=NA__G=delivery_ad26__VS=baseline_0	<upstream_project_root>/00_metadata/verified_metadata/splited/GSE264344_design/GSE264344_design__T=Blood__H=12__B=NA__G=delivery_ad26__VS=baseline_0.tsv	anchor	acute_main	Blood	12	5	5	4.557142380026869	4.5469797711461135	0.010162608880755819	-0.22300397997869664	0.22300397997869664	TRUE	1	1
ENSMUSG00000000204	Slfn4	15	top_abs_beta_meta	4.009242973558268	TRUE	GSE264344	GSE264344_design__T=Blood__H=12__B=NA__G=delivery_ad5__VS=baseline_0	<upstream_project_root>/00_metadata/verified_metadata/splited/GSE264344_design/GSE264344_design__T=Blood__H=12__B=NA__G=delivery_ad5__VS=baseline_0.tsv	anchor	acute_main	Blood	12	5	5	2.7728375923214097	2.757942461131951	0.01489513118945851	-0.5371800797387618	0.5371800797387618	TRUE	1	1
ENSMUSG00000000204	Slfn4	15	top_abs_beta_meta	4.009242973558268	TRUE	GSE264344	GSE264344_design__T=Blood__H=24__B=NA__G=delivery_ad26__VS=baseline_0	<upstream_project_root>/00_metadata/verified_metadata/splited/GSE264344_design/GSE264344_design__T=Blood__H=24__B=NA__G=delivery_ad26__VS=baseline_0.tsv	anchor	acute_main	Blood	24	5	5	2.7381119047981937	2.7168883746846975	0.021223530113496203	-0.7751155121273408	0.7751155121273408	TRUE	1	1
ENSMUSG00000000204	Slfn4	15	top_abs_beta_meta	4.009242973558268	TRUE	GSE264344	GSE264344_design__T=Blood__H=24__B=NA__G=delivery_ad5__VS=baseline_0	<upstream_project_root>/00_metadata/verified_metadata/splited/GSE264344_design/GSE264344_design__T=Blood__H=24__B=NA__G=delivery_ad5__VS=baseline_0.tsv	anchor	acute_main	Blood	24	5	5	1.4094733289679715	1.3933902007647354	0.016083128203236097	-1.141073610453651	1.141073610453651	TRUE	1	1
ENSMUSG00000000204	Slfn4	15	top_abs_beta_meta	4.009242973558268	TRUE	GSE264344	GSE264344_design__T=Blood__H=3__B=NA__G=delivery_ad26__VS=baseline_0	<upstream_project_root>/00_metadata/verified_metadata/splited/GSE264344_design/GSE264344_design__T=Blood__H=3__B=NA__G=delivery_ad26__VS=baseline_0.tsv	anchor	acute_main	Blood	3	5	5	3.6646891330381473	3.6758245931774622	0.01113546013931499	0.30385824649970594	0.30385824649970594	TRUE	1	1
ENSMUSG00000000204	Slfn4	15	top_abs_beta_meta	4.009242973558268	TRUE	GSE264344	GSE264344_design__T=Blood__H=3__B=NA__G=delivery_ad5__VS=baseline_0	<upstream_project_root>/00_metadata/verified_metadata/splited/GSE264344_design/GSE264344_design__T=Blood__H=3__B=NA__G=delivery_ad5__VS=baseline_0.tsv	anchor	acute_main	Blood	3	5	5	0.9366653756632484	0.9326323346753977	0.004033040987850622	-0.43057436440359986	0.43057436440359986	TRUE	1	1
ENSMUSG00000000204	Slfn4	15	top_abs_beta_meta	4.009242973558268	TRUE	GSE264344	GSE264344_design__T=Blood__H=6__B=NA__G=delivery_ad26__VS=baseline_0	<upstream_project_root>/00_metadata/verified_metadata/splited/GSE264344_design/GSE264344_design__T=Blood__H=6__B=NA__G=delivery_ad26__VS=baseline_0.tsv	anchor	acute_main	Blood	6	5	5	3.515367759659114	3.5151960598099237	1.7169984919052084e-4	-0.004884264205892661	0.004884264205892661	TRUE	1	1
ENSMUSG00000000204	Slfn4	15	top_abs_beta_meta	4.009242973558268	TRUE	GSE264344	GSE264344_design__T=Blood__H=6__B=NA__G=delivery_ad5__VS=baseline_0	<upstream_project_root>/00_metadata/verified_metadata/splited/GSE264344_design/GSE264344_design__T=Blood__H=6__B=NA__G=delivery_ad5__VS=baseline_0.tsv	anchor	acute_main	Blood	6	5	5	4.749455631909948	4.745795588257226	0.003660043652721434	-0.0770623822260991	0.0770623822260991	TRUE	1	1
ENSMUSG00000000204	Slfn4	15	top_abs_beta_meta	4.009242973558268	TRUE	GSE264344	GSE264344_design__T=Blood__H=72__B=NA__G=delivery_ad26__VS=baseline_0	<upstream_project_root>/00_metadata/verified_metadata/splited/GSE264344_design/GSE264344_design__T=Blood__H=72__B=NA__G=delivery_ad26__VS=baseline_0.tsv	external	extended_transfer	Blood	72	5	5	0.08713996296972348	0.08575133597553042	0.0013886269941930651	-1.5935593117884836	1.5935593117884836	TRUE	0.7200000000000001	0.68
ENSMUSG00000000204	Slfn4	15	top_abs_beta_meta	4.009242973558268	TRUE	GSE264344	GSE264344_design__T=Blood__H=72__B=NA__G=delivery_ad5__VS=baseline_0	<upstream_project_root>/00_metadata/verified_metadata/splited/GSE264344_design/GSE264344_design__T=Blood__H=72__B=NA__G=delivery_ad5__VS=baseline_0.tsv	external	extended_transfer	Blood	72	5	5	0.26635130536495155	0.264762871444832	0.0015884339201195363	-0.596367987738255	0.596367987738255	TRUE	0.96	0.96
ENSMUSG00000000204	Slfn4	15	top_abs_beta_meta	4.009242973558268	TRUE	GSE264344	GSE264344_design__T=dLN__H=1__B=NA__G=delivery_ad26__VS=baseline_0	<upstream_project_root>/00_metadata/verified_metadata/splited/GSE264344_design/GSE264344_design__T=dLN__H=1__B=NA__G=delivery_ad26__VS=baseline_0.tsv	anchor	acute_main	dLN	1	5	5	0.36951077174650715	0.36850240469996776	0.0010083670465393935	-0.27289246312720655	0.27289246312720655	TRUE	0.8400000000000001	0.8400000000000001
ENSMUSG00000000204	Slfn4	15	top_abs_beta_meta	4.009242973558268	TRUE	GSE264344	GSE264344_design__T=dLN__H=1__B=NA__G=delivery_ad5__VS=baseline_0	<upstream_project_root>/00_metadata/verified_metadata/splited/GSE264344_design/GSE264344_design__T=dLN__H=1__B=NA__G=delivery_ad5__VS=baseline_0.tsv	anchor	acute_main	dLN	1	5	5	0.3592382013315616	0.3600748477529375	8.366464213759306e-4	0.23289461373395018	0.23289461373395018	TRUE	0.8	0.8
ENSMUSG00000000204	Slfn4	15	top_abs_beta_meta	4.009242973558268	TRUE	GSE264344	GSE264344_design__T=dLN__H=12__B=NA__G=delivery_ad26__VS=baseline_0	<upstream_project_root>/00_metadata/verified_metadata/splited/GSE264344_design/GSE264344_design__T=dLN__H=12__B=NA__G=delivery_ad26__VS=baseline_0.tsv	anchor	acute_main	dLN	12	5	5	5.521888634175941	5.5214634763556925	4.2515782024832305e-4	-0.007699500088012396	0.007699500088012396	TRUE	1	1
ENSMUSG00000000204	Slfn4	15	top_abs_beta_meta	4.009242973558268	TRUE	GSE264344	GSE264344_design__T=dLN__H=12__B=NA__G=delivery_ad5__VS=baseline_0	<upstream_project_root>/00_metadata/verified_metadata/splited/GSE264344_design/GSE264344_design__T=dLN__H=12__B=NA__G=delivery_ad5__VS=baseline_0.tsv	anchor	acute_main	dLN	12	5	5	5.006224300092883	5.006002300095535	2.2199999734873188e-4	-0.004434479640566903	0.004434479640566903	TRUE	1	1
ENSMUSG00000000204	Slfn4	15	top_abs_beta_meta	4.009242973558268	TRUE	GSE264344	GSE264344_design__T=dLN__H=24__B=NA__G=delivery_ad26__VS=baseline_0	<upstream_project_root>/00_metadata/verified_metadata/splited/GSE264344_design/GSE264344_design__T=dLN__H=24__B=NA__G=delivery_ad26__VS=baseline_0.tsv	anchor	acute_main	dLN	24	5	5	3.75024700596753	3.74454994897281	0.005697056994720118	-0.15191151371242353	0.15191151371242353	TRUE	1	1
ENSMUSG00000000204	Slfn4	15	top_abs_beta_meta	4.009242973558268	TRUE	GSE264344	GSE264344_design__T=dLN__H=24__B=NA__G=delivery_ad5__VS=baseline_0	<upstream_project_root>/00_metadata/verified_metadata/splited/GSE264344_design/GSE264344_design__T=dLN__H=24__B=NA__G=delivery_ad5__VS=baseline_0.tsv	anchor	acute_main	dLN	24	5	5	3.164769842555989	3.161533524819184	0.0032363177368051055	-0.10226076137629432	0.10226076137629432	TRUE	1	1
ENSMUSG00000000204	Slfn4	15	top_abs_beta_meta	4.009242973558268	TRUE	GSE264344	GSE264344_design__T=dLN__H=3__B=NA__G=delivery_ad26__VS=baseline_0	<upstream_project_root>/00_metadata/verified_metadata/splited/GSE264344_design/GSE264344_design__T=dLN__H=3__B=NA__G=delivery_ad26__VS=baseline_0.tsv	anchor	acute_main	dLN	3	5	5	4.35817929066291	4.373683114267826	0.015503823604915645	0.35574083971560067	0.35574083971560067	TRUE	1	1
ENSMUSG00000000204	Slfn4	15	top_abs_beta_meta	4.009242973558268	TRUE	GSE264344	GSE264344_design__T=dLN__H=3__B=NA__G=delivery_ad5__VS=baseline_0	<upstream_project_root>/00_metadata/verified_metadata/splited/GSE264344_design/GSE264344_design__T=dLN__H=3__B=NA__G=delivery_ad5__VS=baseline_0.tsv	anchor	acute_main	dLN	3	5	5	2.7627049595948865	2.768732107933994	0.0060271483391076686	0.21816112930102638	0.21816112930102638	TRUE	1	1
ENSMUSG00000000204	Slfn4	15	top_abs_beta_meta	4.009242973558268	TRUE	GSE264344	GSE264344_design__T=dLN__H=6__B=NA__G=delivery_ad26__VS=baseline_0	<upstream_project_root>/00_metadata/verified_metadata/splited/GSE264344_design/GSE264344_design__T=dLN__H=6__B=NA__G=delivery_ad26__VS=baseline_0.tsv	anchor	acute_main	dLN	6	5	5	5.703930536988686	5.711055565280141	0.0071250282914547824	0.12491435940971936	0.12491435940971936	TRUE	1	1
ENSMUSG00000000204	Slfn4	15	top_abs_beta_meta	4.009242973558268	TRUE	GSE264344	GSE264344_design__T=dLN__H=6__B=NA__G=delivery_ad5__VS=baseline_0	<upstream_project_root>/00_metadata/verified_metadata/splited/GSE264344_design/GSE264344_design__T=dLN__H=6__B=NA__G=delivery_ad5__VS=baseline_0.tsv	anchor	acute_main	dLN	6	5	5	5.288429542245774	5.298274450707221	0.0098449084614467	0.1861593953895428	0.1861593953895428	TRUE	1	1
ENSMUSG00000000204	Slfn4	15	top_abs_beta_meta	4.009242973558268	TRUE	GSE264344	GSE264344_design__T=dLN__H=72__B=NA__G=delivery_ad26__VS=baseline_0	<upstream_project_root>/00_metadata/verified_metadata/splited/GSE264344_design/GSE264344_design__T=dLN__H=72__B=NA__G=delivery_ad26__VS=baseline_0.tsv	external	extended_transfer	dLN	72	5	5	0.3932971804473866	0.3937577861752505	4.606057278638831e-4	0.11711391557395126	0.11711391557395126	TRUE	0.8	0.8
ENSMUSG00000000204	Slfn4	15	top_abs_beta_meta	4.009242973558268	TRUE	GSE264344	GSE264344_design__T=dLN__H=72__B=NA__G=delivery_ad5__VS=baseline_0	<upstream_project_root>/00_metadata/verified_metadata/splited/GSE264344_design/GSE264344_design__T=dLN__H=72__B=NA__G=delivery_ad5__VS=baseline_0.tsv	external	extended_transfer	dLN	72	5	5	0.4507210263939263	0.4542861880286805	0.003565161634754177	0.7909907517024192	0.7909907517024192	TRUE	0.8	0.8
ENSMUSG00000000204	Slfn4	15	top_abs_beta_meta	4.009242973558268	TRUE	GSE264344	GSE264344_design__T=Muscle__H=1__B=NA__G=delivery_ad26__VS=baseline_0	<upstream_project_root>/00_metadata/verified_metadata/splited/GSE264344_design/GSE264344_design__T=Muscle__H=1__B=NA__G=delivery_ad26__VS=baseline_0.tsv	anchor	acute_main	Muscle	1	5	5	0.5752137463208833	0.5674373917236976	0.007776354597185731	-1.3519069470999199	1.3519069470999199	TRUE	1	1
ENSMUSG00000000204	Slfn4	15	top_abs_beta_meta	4.009242973558268	TRUE	GSE264344	GSE264344_design__T=Muscle__H=1__B=NA__G=delivery_ad5__VS=baseline_0	<upstream_project_root>/00_metadata/verified_metadata/splited/GSE264344_design/GSE264344_design__T=Muscle__H=1__B=NA__G=delivery_ad5__VS=baseline_0.tsv	anchor	acute_main	Muscle	1	5	5	0.5210164970803043	0.5195123690707064	0.0015041280095978715	-0.2886910525917647	0.2886910525917647	TRUE	0.96	0.96
ENSMUSG00000000204	Slfn4	15	top_abs_beta_meta	4.009242973558268	TRUE	GSE264344	GSE264344_design__T=Muscle__H=12__B=NA__G=delivery_ad26__VS=baseline_0	<upstream_project_root>/00_metadata/verified_metadata/splited/GSE264344_design/GSE264344_design__T=Muscle__H=12__B=NA__G=delivery_ad26__VS=baseline_0.tsv	anchor	acute_main	Muscle	12	5	5	4.379052454232406	4.36600850877352	0.013043945458885986	-0.2978714138552704	0.2978714138552704	TRUE	1	1
ENSMUSG00000000204	Slfn4	15	top_abs_beta_meta	4.009242973558268	TRUE	GSE264344	GSE264344_design__T=Muscle__H=12__B=NA__G=delivery_ad5__VS=baseline_0	<upstream_project_root>/00_metadata/verified_metadata/splited/GSE264344_design/GSE264344_design__T=Muscle__H=12__B=NA__G=delivery_ad5__VS=baseline_0.tsv	anchor	acute_main	Muscle	12	5	5	4.561337243094393	4.542077122953465	0.019260120140927484	-0.42224722958352223	0.42224722958352223	TRUE	1	1
ENSMUSG00000000204	Slfn4	15	top_abs_beta_meta	4.009242973558268	TRUE	GSE264344	GSE264344_design__T=Muscle__H=24__B=NA__G=delivery_ad26__VS=baseline_0	<upstream_project_root>/00_metadata/verified_metadata/splited/GSE264344_design/GSE264344_design__T=Muscle__H=24__B=NA__G=delivery_ad26__VS=baseline_0.tsv	anchor	acute_main	Muscle	24	5	5	3.564906975120775	3.5458592221037617	0.019047753017013225	-0.5343127646793058	0.5343127646793058	TRUE	1	1
ENSMUSG00000000204	Slfn4	15	top_abs_beta_meta	4.009242973558268	TRUE	GSE264344	GSE264344_design__T=Muscle__H=24__B=NA__G=delivery_ad5__VS=baseline_0	<upstream_project_root>/00_metadata/verified_metadata/splited/GSE264344_design/GSE264344_design__T=Muscle__H=24__B=NA__G=delivery_ad5__VS=baseline_0.tsv	anchor	acute_main	Muscle	24	5	5	3.5245362334746155	3.503634697678084	0.020901535796531423	-0.5930293920095675	0.5930293920095675	TRUE	1	1
ENSMUSG00000000204	Slfn4	15	top_abs_beta_meta	4.009242973558268	TRUE	GSE264344	GSE264344_design__T=Muscle__H=3__B=NA__G=delivery_ad26__VS=baseline_0	<upstream_project_root>/00_metadata/verified_metadata/splited/GSE264344_design/GSE264344_design__T=Muscle__H=3__B=NA__G=delivery_ad26__VS=baseline_0.tsv	anchor	acute_main	Muscle	3	5	5	3.166868738099831	3.158981026158908	0.007887711940922859	-0.24906974659314757	0.24906974659314757	TRUE	1	1
ENSMUSG00000000204	Slfn4	15	top_abs_beta_meta	4.009242973558268	TRUE	GSE264344	GSE264344_design__T=Muscle__H=3__B=NA__G=delivery_ad5__VS=baseline_0	<upstream_project_root>/00_metadata/verified_metadata/splited/GSE264344_design/GSE264344_design__T=Muscle__H=3__B=NA__G=delivery_ad5__VS=baseline_0.tsv	anchor	acute_main	Muscle	3	5	5	1.8285090170879783	1.816174676934608	0.012334340153370205	-0.6745572506398387	0.6745572506398387	TRUE	1	1
ENSMUSG00000000204	Slfn4	15	top_abs_beta_meta	4.009242973558268	TRUE	GSE264344	GSE264344_design__T=Muscle__H=6__B=NA__G=delivery_ad26__VS=baseline_0	<upstream_project_root>/00_metadata/verified_metadata/splited/GSE264344_design/GSE264344_design__T=Muscle__H=6__B=NA__G=delivery_ad26__VS=baseline_0.tsv	anchor	acute_main	Muscle	6	5	5	4.409334481944208	4.396394159921371	0.012940322022837236	-0.29347562712301783	0.29347562712301783	TRUE	1	1
ENSMUSG00000000204	Slfn4	15	top_abs_beta_meta	4.009242973558268	TRUE	GSE264344	GSE264344_design__T=Muscle__H=6__B=NA__G=delivery_ad5__VS=baseline_0	<upstream_project_root>/00_metadata/verified_metadata/splited/GSE264344_design/GSE264344_design__T=Muscle__H=6__B=NA__G=delivery_ad5__VS=baseline_0.tsv	anchor	acute_main	Muscle	6	5	5	4.115105313956205	4.0991663850838425	0.015938928872362368	-0.3873273623959554	0.3873273623959554	TRUE	1	1
ENSMUSG00000000204	Slfn4	15	top_abs_beta_meta	4.009242973558268	TRUE	GSE264344	GSE264344_design__T=Muscle__H=72__B=NA__G=delivery_ad26__VS=baseline_0	<upstream_project_root>/00_metadata/verified_metadata/splited/GSE264344_design/GSE264344_design__T=Muscle__H=72__B=NA__G=delivery_ad26__VS=baseline_0.tsv	external	extended_transfer	Muscle	72	5	5	1.0550234100660878	1.0404044710942517	0.014618938971836082	-1.3856506720472046	1.3856506720472046	TRUE	0.96	0.96
ENSMUSG00000000204	Slfn4	15	top_abs_beta_meta	4.009242973558268	TRUE	GSE264344	GSE264344_design__T=Muscle__H=72__B=NA__G=delivery_ad5__VS=baseline_0	<upstream_project_root>/00_metadata/verified_metadata/splited/GSE264344_design/GSE264344_design__T=Muscle__H=72__B=NA__G=delivery_ad5__VS=baseline_0.tsv	external	extended_transfer	Muscle	72	5	5	1.441223145245387	1.4232358492044468	0.01798729604094018	-1.2480576724208527	1.2480576724208527	TRUE	1	1
ENSMUSG00000040328	Or2v1	16	top_abs_beta_meta	3.894945621699911	TRUE	GSE264344	GSE264344_design__T=Blood__H=1__B=NA__G=delivery_ad26__VS=baseline_0	<upstream_project_root>/00_metadata/verified_metadata/splited/GSE264344_design/GSE264344_design__T=Blood__H=1__B=NA__G=delivery_ad26__VS=baseline_0.tsv	anchor	acute_main	Blood	1	5	5	0.0779068941903649	0.0769513377977249	9.555563926400001e-4	-1.226536370844287	1.226536370844287	TRUE	0.68	0.68
ENSMUSG00000040328	Or2v1	16	top_abs_beta_meta	3.894945621699911	TRUE	GSE264344	GSE264344_design__T=Blood__H=1__B=NA__G=delivery_ad5__VS=baseline_0	<upstream_project_root>/00_metadata/verified_metadata/splited/GSE264344_design/GSE264344_design__T=Blood__H=1__B=NA__G=delivery_ad5__VS=baseline_0.tsv	anchor	acute_main	Blood	1	5	5	0.22131834935303651	0.22138173670180117	6.338734876465413e-5	0.02864080133886307	0.02864080133886307	TRUE	0.88	0.88
ENSMUSG00000040328	Or2v1	16	top_abs_beta_meta	3.894945621699911	TRUE	GSE264344	GSE264344_design__T=Blood__H=12__B=NA__G=delivery_ad26__VS=baseline_0	<upstream_project_root>/00_metadata/verified_metadata/splited/GSE264344_design/GSE264344_design__T=Blood__H=12__B=NA__G=delivery_ad26__VS=baseline_0.tsv	anchor	acute_main	Blood	12	5	5	4.557142380026869	4.551283490745837	0.005858889281032731	-0.12856498200958527	0.12856498200958527	TRUE	1	1
ENSMUSG00000040328	Or2v1	16	top_abs_beta_meta	3.894945621699911	TRUE	GSE264344	GSE264344_design__T=Blood__H=12__B=NA__G=delivery_ad5__VS=baseline_0	<upstream_project_root>/00_metadata/verified_metadata/splited/GSE264344_design/GSE264344_design__T=Blood__H=12__B=NA__G=delivery_ad5__VS=baseline_0.tsv	anchor	acute_main	Blood	12	5	5	2.7728375923214097	2.7711352760537	0.0017023162677096693	-0.06139257028337156	0.06139257028337156	TRUE	1	1
ENSMUSG00000040328	Or2v1	16	top_abs_beta_meta	3.894945621699911	TRUE	GSE264344	GSE264344_design__T=Blood__H=24__B=NA__G=delivery_ad26__VS=baseline_0	<upstream_project_root>/00_metadata/verified_metadata/splited/GSE264344_design/GSE264344_design__T=Blood__H=24__B=NA__G=delivery_ad26__VS=baseline_0.tsv	anchor	acute_main	Blood	24	5	5	2.7381119047981937	2.7317326138243114	0.0063792909738822345	-0.23298138263462997	0.23298138263462997	TRUE	1	1
ENSMUSG00000040328	Or2v1	16	top_abs_beta_meta	3.894945621699911	TRUE	GSE264344	GSE264344_design__T=Blood__H=24__B=NA__G=delivery_ad5__VS=baseline_0	<upstream_project_root>/00_metadata/verified_metadata/splited/GSE264344_design/GSE264344_design__T=Blood__H=24__B=NA__G=delivery_ad5__VS=baseline_0.tsv	anchor	acute_main	Blood	24	5	5	1.4094733289679715	1.4103817563713759	9.084274034043549e-4	0.06445154971960436	0.06445154971960436	TRUE	1	1
ENSMUSG00000040328	Or2v1	16	top_abs_beta_meta	3.894945621699911	TRUE	GSE264344	GSE264344_design__T=Blood__H=3__B=NA__G=delivery_ad26__VS=baseline_0	<upstream_project_root>/00_metadata/verified_metadata/splited/GSE264344_design/GSE264344_design__T=Blood__H=3__B=NA__G=delivery_ad26__VS=baseline_0.tsv	anchor	acute_main	Blood	3	5	5	3.6646891330381473	3.6852923392569252	0.02060320621877798	0.5622088387534593	0.5622088387534593	TRUE	1	1
ENSMUSG00000040328	Or2v1	16	top_abs_beta_meta	3.894945621699911	TRUE	GSE264344	GSE264344_design__T=Blood__H=3__B=NA__G=delivery_ad5__VS=baseline_0	<upstream_project_root>/00_metadata/verified_metadata/splited/GSE264344_design/GSE264344_design__T=Blood__H=3__B=NA__G=delivery_ad5__VS=baseline_0.tsv	anchor	acute_main	Blood	3	5	5	0.9366653756632484	0.9455325233992338	0.008867147735985403	0.9466718815891553	0.9466718815891553	TRUE	1	1
ENSMUSG00000040328	Or2v1	16	top_abs_beta_meta	3.894945621699911	TRUE	GSE264344	GSE264344_design__T=Blood__H=6__B=NA__G=delivery_ad26__VS=baseline_0	<upstream_project_root>/00_metadata/verified_metadata/splited/GSE264344_design/GSE264344_design__T=Blood__H=6__B=NA__G=delivery_ad26__VS=baseline_0.tsv	anchor	acute_main	Blood	6	5	5	3.515367759659114	3.522031298256401	0.0066635385972868555	0.18955452324945427	0.18955452324945427	TRUE	1	1
ENSMUSG00000040328	Or2v1	16	top_abs_beta_meta	3.894945621699911	TRUE	GSE264344	GSE264344_design__T=Blood__H=6__B=NA__G=delivery_ad5__VS=baseline_0	<upstream_project_root>/00_metadata/verified_metadata/splited/GSE264344_design/GSE264344_design__T=Blood__H=6__B=NA__G=delivery_ad5__VS=baseline_0.tsv	anchor	acute_main	Blood	6	5	5	4.749455631909948	4.754757561639497	0.00530192972954957	0.11163236674804877	0.11163236674804877	TRUE	1	1
ENSMUSG00000040328	Or2v1	16	top_abs_beta_meta	3.894945621699911	TRUE	GSE264344	GSE264344_design__T=Blood__H=72__B=NA__G=delivery_ad26__VS=baseline_0	<upstream_project_root>/00_metadata/verified_metadata/splited/GSE264344_design/GSE264344_design__T=Blood__H=72__B=NA__G=delivery_ad26__VS=baseline_0.tsv	external	extended_transfer	Blood	72	5	5	0.08713996296972348	0.08578477565158316	0.0013551873181403273	-1.5551846385465908	1.5551846385465908	TRUE	0.7200000000000001	0.68
ENSMUSG00000040328	Or2v1	16	top_abs_beta_meta	3.894945621699911	TRUE	GSE264344	GSE264344_design__T=Blood__H=72__B=NA__G=delivery_ad5__VS=baseline_0	<upstream_project_root>/00_metadata/verified_metadata/splited/GSE264344_design/GSE264344_design__T=Blood__H=72__B=NA__G=delivery_ad5__VS=baseline_0.tsv	external	extended_transfer	Blood	72	5	5	0.26635130536495155	0.26924165657463095	0.002890351209679398	1.0851650250855995	1.0851650250855995	TRUE	0.96	0.96
ENSMUSG00000040328	Or2v1	16	top_abs_beta_meta	3.894945621699911	TRUE	GSE264344	GSE264344_design__T=dLN__H=1__B=NA__G=delivery_ad26__VS=baseline_0	<upstream_project_root>/00_metadata/verified_metadata/splited/GSE264344_design/GSE264344_design__T=dLN__H=1__B=NA__G=delivery_ad26__VS=baseline_0.tsv	anchor	acute_main	dLN	1	5	5	0.36951077174650715	0.3747251649601333	0.005214393213626156	1.4111613550479523	1.4111613550479523	TRUE	0.8400000000000001	0.8400000000000001
ENSMUSG00000040328	Or2v1	16	top_abs_beta_meta	3.894945621699911	TRUE	GSE264344	GSE264344_design__T=dLN__H=1__B=NA__G=delivery_ad5__VS=baseline_0	<upstream_project_root>/00_metadata/verified_metadata/splited/GSE264344_design/GSE264344_design__T=dLN__H=1__B=NA__G=delivery_ad5__VS=baseline_0.tsv	anchor	acute_main	dLN	1	5	5	0.3592382013315616	0.36475405075586154	0.005515849424299946	1.5354295294472458	1.5354295294472458	TRUE	0.8	0.8
ENSMUSG00000040328	Or2v1	16	top_abs_beta_meta	3.894945621699911	TRUE	GSE264344	GSE264344_design__T=dLN__H=12__B=NA__G=delivery_ad26__VS=baseline_0	<upstream_project_root>/00_metadata/verified_metadata/splited/GSE264344_design/GSE264344_design__T=dLN__H=12__B=NA__G=delivery_ad26__VS=baseline_0.tsv	anchor	acute_main	dLN	12	5	5	5.521888634175941	5.522670322938791	7.8168876285023e-4	0.014156184860596801	0.014156184860596801	TRUE	1	1
ENSMUSG00000040328	Or2v1	16	top_abs_beta_meta	3.894945621699911	TRUE	GSE264344	GSE264344_design__T=dLN__H=12__B=NA__G=delivery_ad5__VS=baseline_0	<upstream_project_root>/00_metadata/verified_metadata/splited/GSE264344_design/GSE264344_design__T=dLN__H=12__B=NA__G=delivery_ad5__VS=baseline_0.tsv	anchor	acute_main	dLN	12	5	5	5.006224300092883	5.006877402408925	6.531023160416538e-4	0.013045806118386193	0.013045806118386193	TRUE	1	1
ENSMUSG00000040328	Or2v1	16	top_abs_beta_meta	3.894945621699911	TRUE	GSE264344	GSE264344_design__T=dLN__H=24__B=NA__G=delivery_ad26__VS=baseline_0	<upstream_project_root>/00_metadata/verified_metadata/splited/GSE264344_design/GSE264344_design__T=dLN__H=24__B=NA__G=delivery_ad26__VS=baseline_0.tsv	anchor	acute_main	dLN	24	5	5	3.75024700596753	3.7565660879061795	0.006319081938649607	0.1684977530438516	0.1684977530438516	TRUE	1	1
ENSMUSG00000040328	Or2v1	16	top_abs_beta_meta	3.894945621699911	TRUE	GSE264344	GSE264344_design__T=dLN__H=24__B=NA__G=delivery_ad5__VS=baseline_0	<upstream_project_root>/00_metadata/verified_metadata/splited/GSE264344_design/GSE264344_design__T=dLN__H=24__B=NA__G=delivery_ad5__VS=baseline_0.tsv	anchor	acute_main	dLN	24	5	5	3.164769842555989	3.1704012916370266	0.00563144908103741	0.17794182077042406	0.17794182077042406	TRUE	1	1
ENSMUSG00000040328	Or2v1	16	top_abs_beta_meta	3.894945621699911	TRUE	GSE264344	GSE264344_design__T=dLN__H=3__B=NA__G=delivery_ad26__VS=baseline_0	<upstream_project_root>/00_metadata/verified_metadata/splited/GSE264344_design/GSE264344_design__T=dLN__H=3__B=NA__G=delivery_ad26__VS=baseline_0.tsv	anchor	acute_main	dLN	3	5	5	4.35817929066291	4.365002706622364	0.0068234159594533494	0.15656574694097677	0.15656574694097677	TRUE	1	1
ENSMUSG00000040328	Or2v1	16	top_abs_beta_meta	3.894945621699911	TRUE	GSE264344	GSE264344_design__T=dLN__H=3__B=NA__G=delivery_ad5__VS=baseline_0	<upstream_project_root>/00_metadata/verified_metadata/splited/GSE264344_design/GSE264344_design__T=dLN__H=3__B=NA__G=delivery_ad5__VS=baseline_0.tsv	anchor	acute_main	dLN	3	5	5	2.7627049595948865	2.7680879664405023	0.005383006845615768	0.19484552003718533	0.19484552003718533	TRUE	1	1
ENSMUSG00000040328	Or2v1	16	top_abs_beta_meta	3.894945621699911	TRUE	GSE264344	GSE264344_design__T=dLN__H=6__B=NA__G=delivery_ad26__VS=baseline_0	<upstream_project_root>/00_metadata/verified_metadata/splited/GSE264344_design/GSE264344_design__T=dLN__H=6__B=NA__G=delivery_ad26__VS=baseline_0.tsv	anchor	acute_main	dLN	6	5	5	5.703930536988686	5.7009702851097295	0.0029602518789566545	-0.05189845598153935	0.05189845598153935	TRUE	1	1
ENSMUSG00000040328	Or2v1	16	top_abs_beta_meta	3.894945621699911	TRUE	GSE264344	GSE264344_design__T=dLN__H=6__B=NA__G=delivery_ad5__VS=baseline_0	<upstream_project_root>/00_metadata/verified_metadata/splited/GSE264344_design/GSE264344_design__T=dLN__H=6__B=NA__G=delivery_ad5__VS=baseline_0.tsv	anchor	acute_main	dLN	6	5	5	5.288429542245774	5.28828915279662	1.4038944915473195e-4	-0.0026546529179079206	0.0026546529179079206	TRUE	1	1
ENSMUSG00000040328	Or2v1	16	top_abs_beta_meta	3.894945621699911	TRUE	GSE264344	GSE264344_design__T=dLN__H=72__B=NA__G=delivery_ad26__VS=baseline_0	<upstream_project_root>/00_metadata/verified_metadata/splited/GSE264344_design/GSE264344_design__T=dLN__H=72__B=NA__G=delivery_ad26__VS=baseline_0.tsv	external	extended_transfer	dLN	72	5	5	0.3932971804473866	0.39622768178958534	0.0029305013421987436	0.7451112003562335	0.7451112003562335	TRUE	0.8	0.8
ENSMUSG00000040328	Or2v1	16	top_abs_beta_meta	3.894945621699911	TRUE	GSE264344	GSE264344_design__T=dLN__H=72__B=NA__G=delivery_ad5__VS=baseline_0	<upstream_project_root>/00_metadata/verified_metadata/splited/GSE264344_design/GSE264344_design__T=dLN__H=72__B=NA__G=delivery_ad5__VS=baseline_0.tsv	external	extended_transfer	dLN	72	5	5	0.4507210263939263	0.44828595520108494	0.002435071192841365	-0.5402612814235859	0.5402612814235859	TRUE	0.8	0.8
ENSMUSG00000040328	Or2v1	16	top_abs_beta_meta	3.894945621699911	TRUE	GSE264344	GSE264344_design__T=Muscle__H=1__B=NA__G=delivery_ad26__VS=baseline_0	<upstream_project_root>/00_metadata/verified_metadata/splited/GSE264344_design/GSE264344_design__T=Muscle__H=1__B=NA__G=delivery_ad26__VS=baseline_0.tsv	anchor	acute_main	Muscle	1	5	5	0.5752137463208833	0.5799256745976684	0.004711928276785127	0.8191612782071058	0.8191612782071058	TRUE	1	1
ENSMUSG00000040328	Or2v1	16	top_abs_beta_meta	3.894945621699911	TRUE	GSE264344	GSE264344_design__T=Muscle__H=1__B=NA__G=delivery_ad5__VS=baseline_0	<upstream_project_root>/00_metadata/verified_metadata/splited/GSE264344_design/GSE264344_design__T=Muscle__H=1__B=NA__G=delivery_ad5__VS=baseline_0.tsv	anchor	acute_main	Muscle	1	5	5	0.5210164970803043	0.5254113437237908	0.00439484664348655	0.84351391330497	0.84351391330497	TRUE	0.96	0.96
ENSMUSG00000040328	Or2v1	16	top_abs_beta_meta	3.894945621699911	TRUE	GSE264344	GSE264344_design__T=Muscle__H=12__B=NA__G=delivery_ad26__VS=baseline_0	<upstream_project_root>/00_metadata/verified_metadata/splited/GSE264344_design/GSE264344_design__T=Muscle__H=12__B=NA__G=delivery_ad26__VS=baseline_0.tsv	anchor	acute_main	Muscle	12	5	5	4.379052454232406	4.365949460147268	0.01310299408513771	-0.2992198477201046	0.2992198477201046	TRUE	1	1
ENSMUSG00000040328	Or2v1	16	top_abs_beta_meta	3.894945621699911	TRUE	GSE264344	GSE264344_design__T=Muscle__H=12__B=NA__G=delivery_ad5__VS=baseline_0	<upstream_project_root>/00_metadata/verified_metadata/splited/GSE264344_design/GSE264344_design__T=Muscle__H=12__B=NA__G=delivery_ad5__VS=baseline_0.tsv	anchor	acute_main	Muscle	12	5	5	4.561337243094393	4.55206613448997	0.009271108604422373	-0.2032541798670622	0.2032541798670622	TRUE	1	1
ENSMUSG00000040328	Or2v1	16	top_abs_beta_meta	3.894945621699911	TRUE	GSE264344	GSE264344_design__T=Muscle__H=24__B=NA__G=delivery_ad26__VS=baseline_0	<upstream_project_root>/00_metadata/verified_metadata/splited/GSE264344_design/GSE264344_design__T=Muscle__H=24__B=NA__G=delivery_ad26__VS=baseline_0.tsv	anchor	acute_main	Muscle	24	5	5	3.564906975120775	3.5615777503887482	0.003329224732026681	-0.09338882487708927	0.09338882487708927	TRUE	1	1
ENSMUSG00000040328	Or2v1	16	top_abs_beta_meta	3.894945621699911	TRUE	GSE264344	GSE264344_design__T=Muscle__H=24__B=NA__G=delivery_ad5__VS=baseline_0	<upstream_project_root>/00_metadata/verified_metadata/splited/GSE264344_design/GSE264344_design__T=Muscle__H=24__B=NA__G=delivery_ad5__VS=baseline_0.tsv	anchor	acute_main	Muscle	24	5	5	3.5245362334746155	3.5242649572143705	2.712762602450347e-4	-0.007696793060844795	0.007696793060844795	TRUE	1	1
ENSMUSG00000040328	Or2v1	16	top_abs_beta_meta	3.894945621699911	TRUE	GSE264344	GSE264344_design__T=Muscle__H=3__B=NA__G=delivery_ad26__VS=baseline_0	<upstream_project_root>/00_metadata/verified_metadata/splited/GSE264344_design/GSE264344_design__T=Muscle__H=3__B=NA__G=delivery_ad26__VS=baseline_0.tsv	anchor	acute_main	Muscle	3	5	5	3.166868738099831	3.1695262228268017	0.0026574847269706936	0.08391521552501177	0.08391521552501177	TRUE	1	1
ENSMUSG00000040328	Or2v1	16	top_abs_beta_meta	3.894945621699911	TRUE	GSE264344	GSE264344_design__T=Muscle__H=3__B=NA__G=delivery_ad5__VS=baseline_0	<upstream_project_root>/00_metadata/verified_metadata/splited/GSE264344_design/GSE264344_design__T=Muscle__H=3__B=NA__G=delivery_ad5__VS=baseline_0.tsv	anchor	acute_main	Muscle	3	5	5	1.8285090170879783	1.8331745351546027	0.004665518066624408	0.2551542280089247	0.2551542280089247	TRUE	1	1
ENSMUSG00000040328	Or2v1	16	top_abs_beta_meta	3.894945621699911	TRUE	GSE264344	GSE264344_design__T=Muscle__H=6__B=NA__G=delivery_ad26__VS=baseline_0	<upstream_project_root>/00_metadata/verified_metadata/splited/GSE264344_design/GSE264344_design__T=Muscle__H=6__B=NA__G=delivery_ad26__VS=baseline_0.tsv	anchor	acute_main	Muscle	6	5	5	4.409334481944208	4.3955078322921475	0.01382664965206093	-0.31357679279446143	0.31357679279446143	TRUE	1	1
ENSMUSG00000040328	Or2v1	16	top_abs_beta_meta	3.894945621699911	TRUE	GSE264344	GSE264344_design__T=Muscle__H=6__B=NA__G=delivery_ad5__VS=baseline_0	<upstream_project_root>/00_metadata/verified_metadata/splited/GSE264344_design/GSE264344_design__T=Muscle__H=6__B=NA__G=delivery_ad5__VS=baseline_0.tsv	anchor	acute_main	Muscle	6	5	5	4.115105313956205	4.1045052743012045	0.010600039655000337	-0.25758853896280015	0.25758853896280015	TRUE	1	1
ENSMUSG00000040328	Or2v1	16	top_abs_beta_meta	3.894945621699911	TRUE	GSE264344	GSE264344_design__T=Muscle__H=72__B=NA__G=delivery_ad26__VS=baseline_0	<upstream_project_root>/00_metadata/verified_metadata/splited/GSE264344_design/GSE264344_design__T=Muscle__H=72__B=NA__G=delivery_ad26__VS=baseline_0.tsv	external	extended_transfer	Muscle	72	5	5	1.0550234100660878	1.059585408862129	0.0045619987960412445	0.4324073525302605	0.4324073525302605	TRUE	0.96	0.96
ENSMUSG00000040328	Or2v1	16	top_abs_beta_meta	3.894945621699911	TRUE	GSE264344	GSE264344_design__T=Muscle__H=72__B=NA__G=delivery_ad5__VS=baseline_0	<upstream_project_root>/00_metadata/verified_metadata/splited/GSE264344_design/GSE264344_design__T=Muscle__H=72__B=NA__G=delivery_ad5__VS=baseline_0.tsv	external	extended_transfer	Muscle	72	5	5	1.441223145245387	1.4465159179877702	0.005292772742383267	0.36724172518628984	0.36724172518628984	TRUE	1	1
ENSMUSG00000109729	Gm45418	17	top_abs_beta_meta	3.8495640515383616	TRUE	GSE264344	GSE264344_design__T=Blood__H=1__B=NA__G=delivery_ad26__VS=baseline_0	<upstream_project_root>/00_metadata/verified_metadata/splited/GSE264344_design/GSE264344_design__T=Blood__H=1__B=NA__G=delivery_ad26__VS=baseline_0.tsv	anchor	acute_main	Blood	1	5	5	0.0779068941903649	0.08513965909213739	0.007232764901772493	9.283857323460087	9.283857323460087	TRUE	0.68	0.68
ENSMUSG00000109729	Gm45418	17	top_abs_beta_meta	3.8495640515383616	TRUE	GSE264344	GSE264344_design__T=Blood__H=1__B=NA__G=delivery_ad5__VS=baseline_0	<upstream_project_root>/00_metadata/verified_metadata/splited/GSE264344_design/GSE264344_design__T=Blood__H=1__B=NA__G=delivery_ad5__VS=baseline_0.tsv	anchor	acute_main	Blood	1	5	5	0.22131834935303651	0.21341829066202567	0.007900058691010847	-3.569545279053681	3.569545279053681	TRUE	0.88	0.88
ENSMUSG00000109729	Gm45418	17	top_abs_beta_meta	3.8495640515383616	TRUE	GSE264344	GSE264344_design__T=Blood__H=12__B=NA__G=delivery_ad26__VS=baseline_0	<upstream_project_root>/00_metadata/verified_metadata/splited/GSE264344_design/GSE264344_design__T=Blood__H=12__B=NA__G=delivery_ad26__VS=baseline_0.tsv	anchor	acute_main	Blood	12	5	5	4.557142380026869	4.525086432504198	0.0320559475226716	-0.7034221195977335	0.7034221195977335	TRUE	1	1
ENSMUSG00000109729	Gm45418	17	top_abs_beta_meta	3.8495640515383616	TRUE	GSE264344	GSE264344_design__T=Blood__H=12__B=NA__G=delivery_ad5__VS=baseline_0	<upstream_project_root>/00_metadata/verified_metadata/splited/GSE264344_design/GSE264344_design__T=Blood__H=12__B=NA__G=delivery_ad5__VS=baseline_0.tsv	anchor	acute_main	Blood	12	5	5	2.7728375923214097	2.741193850602423	0.03164374171898654	-1.1412042957948545	1.1412042957948545	TRUE	1	1
ENSMUSG00000109729	Gm45418	17	top_abs_beta_meta	3.8495640515383616	TRUE	GSE264344	GSE264344_design__T=Blood__H=24__B=NA__G=delivery_ad26__VS=baseline_0	<upstream_project_root>/00_metadata/verified_metadata/splited/GSE264344_design/GSE264344_design__T=Blood__H=24__B=NA__G=delivery_ad26__VS=baseline_0.tsv	anchor	acute_main	Blood	24	5	5	2.7381119047981937	2.7108805255742396	0.027231379223954022	-0.9945312744973821	0.9945312744973821	TRUE	1	1
ENSMUSG00000109729	Gm45418	17	top_abs_beta_meta	3.8495640515383616	TRUE	GSE264344	GSE264344_design__T=Blood__H=24__B=NA__G=delivery_ad5__VS=baseline_0	<upstream_project_root>/00_metadata/verified_metadata/splited/GSE264344_design/GSE264344_design__T=Blood__H=24__B=NA__G=delivery_ad5__VS=baseline_0.tsv	anchor	acute_main	Blood	24	5	5	1.4094733289679715	1.399527011864323	0.009946317103648461	-0.7056761486172456	0.7056761486172456	TRUE	1	1
ENSMUSG00000109729	Gm45418	17	top_abs_beta_meta	3.8495640515383616	TRUE	GSE264344	GSE264344_design__T=Blood__H=3__B=NA__G=delivery_ad26__VS=baseline_0	<upstream_project_root>/00_metadata/verified_metadata/splited/GSE264344_design/GSE264344_design__T=Blood__H=3__B=NA__G=delivery_ad26__VS=baseline_0.tsv	anchor	acute_main	Blood	3	5	5	3.6646891330381473	3.6174606104800606	0.04722852255808663	-1.2887456710122813	1.2887456710122813	TRUE	1	1
ENSMUSG00000109729	Gm45418	17	top_abs_beta_meta	3.8495640515383616	TRUE	GSE264344	GSE264344_design__T=Blood__H=3__B=NA__G=delivery_ad5__VS=baseline_0	<upstream_project_root>/00_metadata/verified_metadata/splited/GSE264344_design/GSE264344_design__T=Blood__H=3__B=NA__G=delivery_ad5__VS=baseline_0.tsv	anchor	acute_main	Blood	3	5	5	0.9366653756632484	0.931267176629986	0.00539819903326233	-0.5763209758276685	0.5763209758276685	TRUE	1	1
ENSMUSG00000109729	Gm45418	17	top_abs_beta_meta	3.8495640515383616	TRUE	GSE264344	GSE264344_design__T=Blood__H=6__B=NA__G=delivery_ad26__VS=baseline_0	<upstream_project_root>/00_metadata/verified_metadata/splited/GSE264344_design/GSE264344_design__T=Blood__H=6__B=NA__G=delivery_ad26__VS=baseline_0.tsv	anchor	acute_main	Blood	6	5	5	3.515367759659114	3.4756702947950044	0.039697464864109744	-1.1292549621596124	1.1292549621596124	TRUE	1	1
ENSMUSG00000109729	Gm45418	17	top_abs_beta_meta	3.8495640515383616	TRUE	GSE264344	GSE264344_design__T=Blood__H=6__B=NA__G=delivery_ad5__VS=baseline_0	<upstream_project_root>/00_metadata/verified_metadata/splited/GSE264344_design/GSE264344_design__T=Blood__H=6__B=NA__G=delivery_ad5__VS=baseline_0.tsv	anchor	acute_main	Blood	6	5	5	4.749455631909948	4.707306004858292	0.04214962705165526	-0.8874622760652087	0.8874622760652087	TRUE	1	1
ENSMUSG00000109729	Gm45418	17	top_abs_beta_meta	3.8495640515383616	TRUE	GSE264344	GSE264344_design__T=Blood__H=72__B=NA__G=delivery_ad26__VS=baseline_0	<upstream_project_root>/00_metadata/verified_metadata/splited/GSE264344_design/GSE264344_design__T=Blood__H=72__B=NA__G=delivery_ad26__VS=baseline_0.tsv	external	extended_transfer	Blood	72	5	5	0.08713996296972348	0.08126303884793751	0.005876924121785976	-6.744235275642583	6.744235275642583	TRUE	0.7200000000000001	0.7200000000000001
ENSMUSG00000109729	Gm45418	17	top_abs_beta_meta	3.8495640515383616	TRUE	GSE264344	GSE264344_design__T=Blood__H=72__B=NA__G=delivery_ad5__VS=baseline_0	<upstream_project_root>/00_metadata/verified_metadata/splited/GSE264344_design/GSE264344_design__T=Blood__H=72__B=NA__G=delivery_ad5__VS=baseline_0.tsv	external	extended_transfer	Blood	72	5	5	0.26635130536495155	0.2584049713923102	0.007946333972641328	-2.983403427196781	2.983403427196781	TRUE	0.96	0.96
ENSMUSG00000109729	Gm45418	17	top_abs_beta_meta	3.8495640515383616	TRUE	GSE264344	GSE264344_design__T=dLN__H=1__B=NA__G=delivery_ad26__VS=baseline_0	<upstream_project_root>/00_metadata/verified_metadata/splited/GSE264344_design/GSE264344_design__T=dLN__H=1__B=NA__G=delivery_ad26__VS=baseline_0.tsv	anchor	acute_main	dLN	1	5	5	0.36951077174650715	0.37995755930133435	0.010446787554827197	2.827194321142533	2.827194321142533	TRUE	0.8400000000000001	0.8400000000000001
ENSMUSG00000109729	Gm45418	17	top_abs_beta_meta	3.8495640515383616	TRUE	GSE264344	GSE264344_design__T=dLN__H=1__B=NA__G=delivery_ad5__VS=baseline_0	<upstream_project_root>/00_metadata/verified_metadata/splited/GSE264344_design/GSE264344_design__T=dLN__H=1__B=NA__G=delivery_ad5__VS=baseline_0.tsv	anchor	acute_main	dLN	1	5	5	0.3592382013315616	0.3722447219794568	0.013006520647895203	3.6205839467197247	3.6205839467197247	TRUE	0.8	0.8
ENSMUSG00000109729	Gm45418	17	top_abs_beta_meta	3.8495640515383616	TRUE	GSE264344	GSE264344_design__T=dLN__H=12__B=NA__G=delivery_ad26__VS=baseline_0	<upstream_project_root>/00_metadata/verified_metadata/splited/GSE264344_design/GSE264344_design__T=dLN__H=12__B=NA__G=delivery_ad26__VS=baseline_0.tsv	anchor	acute_main	dLN	12	5	5	5.521888634175941	5.48022838689997	0.04166024727597062	-0.7544564918989495	0.7544564918989495	TRUE	1	1
ENSMUSG00000109729	Gm45418	17	top_abs_beta_meta	3.8495640515383616	TRUE	GSE264344	GSE264344_design__T=dLN__H=12__B=NA__G=delivery_ad5__VS=baseline_0	<upstream_project_root>/00_metadata/verified_metadata/splited/GSE264344_design/GSE264344_design__T=dLN__H=12__B=NA__G=delivery_ad5__VS=baseline_0.tsv	anchor	acute_main	dLN	12	5	5	5.006224300092883	4.963142863994098	0.04308143609878545	-0.8605574484144894	0.8605574484144894	TRUE	1	1
ENSMUSG00000109729	Gm45418	17	top_abs_beta_meta	3.8495640515383616	TRUE	GSE264344	GSE264344_design__T=dLN__H=24__B=NA__G=delivery_ad26__VS=baseline_0	<upstream_project_root>/00_metadata/verified_metadata/splited/GSE264344_design/GSE264344_design__T=dLN__H=24__B=NA__G=delivery_ad26__VS=baseline_0.tsv	anchor	acute_main	dLN	24	5	5	3.75024700596753	3.7133001552241622	0.036946850743367676	-0.9851844607722238	0.9851844607722238	TRUE	1	1
ENSMUSG00000109729	Gm45418	17	top_abs_beta_meta	3.8495640515383616	TRUE	GSE264344	GSE264344_design__T=dLN__H=24__B=NA__G=delivery_ad5__VS=baseline_0	<upstream_project_root>/00_metadata/verified_metadata/splited/GSE264344_design/GSE264344_design__T=dLN__H=24__B=NA__G=delivery_ad5__VS=baseline_0.tsv	anchor	acute_main	dLN	24	5	5	3.164769842555989	3.128898369317718	0.035871473238271	-1.133462306039286	1.133462306039286	TRUE	1	1
ENSMUSG00000109729	Gm45418	17	top_abs_beta_meta	3.8495640515383616	TRUE	GSE264344	GSE264344_design__T=dLN__H=3__B=NA__G=delivery_ad26__VS=baseline_0	<upstream_project_root>/00_metadata/verified_metadata/splited/GSE264344_design/GSE264344_design__T=dLN__H=3__B=NA__G=delivery_ad26__VS=baseline_0.tsv	anchor	acute_main	dLN	3	5	5	4.35817929066291	4.32325118157805	0.034928109084860104	-0.8014380950249361	0.8014380950249361	TRUE	1	1
ENSMUSG00000109729	Gm45418	17	top_abs_beta_meta	3.8495640515383616	TRUE	GSE264344	GSE264344_design__T=dLN__H=3__B=NA__G=delivery_ad5__VS=baseline_0	<upstream_project_root>/00_metadata/verified_metadata/splited/GSE264344_design/GSE264344_design__T=dLN__H=3__B=NA__G=delivery_ad5__VS=baseline_0.tsv	anchor	acute_main	dLN	3	5	5	2.7627049595948865	2.7414958846884407	0.021209074906445746	-0.7676923600830605	0.7676923600830605	TRUE	1	1
ENSMUSG00000109729	Gm45418	17	top_abs_beta_meta	3.8495640515383616	TRUE	GSE264344	GSE264344_design__T=dLN__H=6__B=NA__G=delivery_ad26__VS=baseline_0	<upstream_project_root>/00_metadata/verified_metadata/splited/GSE264344_design/GSE264344_design__T=dLN__H=6__B=NA__G=delivery_ad26__VS=baseline_0.tsv	anchor	acute_main	dLN	6	5	5	5.703930536988686	5.672171016028849	0.03175952095983714	-0.5568006264081217	0.5568006264081217	TRUE	1	1
ENSMUSG00000109729	Gm45418	17	top_abs_beta_meta	3.8495640515383616	TRUE	GSE264344	GSE264344_design__T=dLN__H=6__B=NA__G=delivery_ad5__VS=baseline_0	<upstream_project_root>/00_metadata/verified_metadata/splited/GSE264344_design/GSE264344_design__T=dLN__H=6__B=NA__G=delivery_ad5__VS=baseline_0.tsv	anchor	acute_main	dLN	6	5	5	5.288429542245774	5.244980895568187	0.04344864667758763	-0.8215793806177252	0.8215793806177252	TRUE	1	1
ENSMUSG00000109729	Gm45418	17	top_abs_beta_meta	3.8495640515383616	TRUE	GSE264344	GSE264344_design__T=dLN__H=72__B=NA__G=delivery_ad26__VS=baseline_0	<upstream_project_root>/00_metadata/verified_metadata/splited/GSE264344_design/GSE264344_design__T=dLN__H=72__B=NA__G=delivery_ad26__VS=baseline_0.tsv	external	extended_transfer	dLN	72	5	5	0.3932971804473866	0.3931378445075663	1.5933593982031535e-4	-0.04051286094628653	0.04051286094628653	TRUE	0.8	0.8
ENSMUSG00000109729	Gm45418	17	top_abs_beta_meta	3.8495640515383616	TRUE	GSE264344	GSE264344_design__T=dLN__H=72__B=NA__G=delivery_ad5__VS=baseline_0	<upstream_project_root>/00_metadata/verified_metadata/splited/GSE264344_design/GSE264344_design__T=dLN__H=72__B=NA__G=delivery_ad5__VS=baseline_0.tsv	external	extended_transfer	dLN	72	5	5	0.4507210263939263	0.45156760080352953	8.46574409603229e-4	0.1878266954564774	0.1878266954564774	TRUE	0.8	0.8
ENSMUSG00000109729	Gm45418	17	top_abs_beta_meta	3.8495640515383616	TRUE	GSE264344	GSE264344_design__T=Muscle__H=1__B=NA__G=delivery_ad26__VS=baseline_0	<upstream_project_root>/00_metadata/verified_metadata/splited/GSE264344_design/GSE264344_design__T=Muscle__H=1__B=NA__G=delivery_ad26__VS=baseline_0.tsv	anchor	acute_main	Muscle	1	5	5	0.5752137463208833	0.5836304351786152	0.008416688857731947	1.46322804549888	1.46322804549888	TRUE	1	1
ENSMUSG00000109729	Gm45418	17	top_abs_beta_meta	3.8495640515383616	TRUE	GSE264344	GSE264344_design__T=Muscle__H=1__B=NA__G=delivery_ad5__VS=baseline_0	<upstream_project_root>/00_metadata/verified_metadata/splited/GSE264344_design/GSE264344_design__T=Muscle__H=1__B=NA__G=delivery_ad5__VS=baseline_0.tsv	anchor	acute_main	Muscle	1	5	5	0.5210164970803043	0.529605099721816	0.008588602641511733	1.6484319958467595	1.6484319958467595	TRUE	0.96	0.96
ENSMUSG00000109729	Gm45418	17	top_abs_beta_meta	3.8495640515383616	TRUE	GSE264344	GSE264344_design__T=Muscle__H=12__B=NA__G=delivery_ad26__VS=baseline_0	<upstream_project_root>/00_metadata/verified_metadata/splited/GSE264344_design/GSE264344_design__T=Muscle__H=12__B=NA__G=delivery_ad26__VS=baseline_0.tsv	anchor	acute_main	Muscle	12	5	5	4.379052454232406	4.374594773510627	0.004457680721778878	-0.10179555436634419	0.10179555436634419	TRUE	1	1
ENSMUSG00000109729	Gm45418	17	top_abs_beta_meta	3.8495640515383616	TRUE	GSE264344	GSE264344_design__T=Muscle__H=12__B=NA__G=delivery_ad5__VS=baseline_0	<upstream_project_root>/00_metadata/verified_metadata/splited/GSE264344_design/GSE264344_design__T=Muscle__H=12__B=NA__G=delivery_ad5__VS=baseline_0.tsv	anchor	acute_main	Muscle	12	5	5	4.561337243094393	4.54886630131668	0.012470941777712241	-0.2734053877860608	0.2734053877860608	TRUE	1	1
ENSMUSG00000109729	Gm45418	17	top_abs_beta_meta	3.8495640515383616	TRUE	GSE264344	GSE264344_design__T=Muscle__H=24__B=NA__G=delivery_ad26__VS=baseline_0	<upstream_project_root>/00_metadata/verified_metadata/splited/GSE264344_design/GSE264344_design__T=Muscle__H=24__B=NA__G=delivery_ad26__VS=baseline_0.tsv	anchor	acute_main	Muscle	24	5	5	3.564906975120775	3.5537405714016757	0.011166403719099272	-0.31323127916180665	0.31323127916180665	TRUE	1	1
ENSMUSG00000109729	Gm45418	17	top_abs_beta_meta	3.8495640515383616	TRUE	GSE264344	GSE264344_design__T=Muscle__H=24__B=NA__G=delivery_ad5__VS=baseline_0	<upstream_project_root>/00_metadata/verified_metadata/splited/GSE264344_design/GSE264344_design__T=Muscle__H=24__B=NA__G=delivery_ad5__VS=baseline_0.tsv	anchor	acute_main	Muscle	24	5	5	3.5245362334746155	3.522612724238189	0.0019235092364264794	-0.05457481804720204	0.05457481804720204	TRUE	1	1
ENSMUSG00000109729	Gm45418	17	top_abs_beta_meta	3.8495640515383616	TRUE	GSE264344	GSE264344_design__T=Muscle__H=3__B=NA__G=delivery_ad26__VS=baseline_0	<upstream_project_root>/00_metadata/verified_metadata/splited/GSE264344_design/GSE264344_design__T=Muscle__H=3__B=NA__G=delivery_ad26__VS=baseline_0.tsv	anchor	acute_main	Muscle	3	5	5	3.166868738099831	3.15831804413964	0.008550693960191147	-0.27000468498488167	0.27000468498488167	TRUE	1	1
ENSMUSG00000109729	Gm45418	17	top_abs_beta_meta	3.8495640515383616	TRUE	GSE264344	GSE264344_design__T=Muscle__H=3__B=NA__G=delivery_ad5__VS=baseline_0	<upstream_project_root>/00_metadata/verified_metadata/splited/GSE264344_design/GSE264344_design__T=Muscle__H=3__B=NA__G=delivery_ad5__VS=baseline_0.tsv	anchor	acute_main	Muscle	3	5	5	1.8285090170879783	1.840176060829565	0.011667043741586669	0.6380632325328758	0.6380632325328758	TRUE	1	1
ENSMUSG00000109729	Gm45418	17	top_abs_beta_meta	3.8495640515383616	TRUE	GSE264344	GSE264344_design__T=Muscle__H=6__B=NA__G=delivery_ad26__VS=baseline_0	<upstream_project_root>/00_metadata/verified_metadata/splited/GSE264344_design/GSE264344_design__T=Muscle__H=6__B=NA__G=delivery_ad26__VS=baseline_0.tsv	anchor	acute_main	Muscle	6	5	5	4.409334481944208	4.408534109312257	8.003726319509852e-4	-0.018151778578568544	0.018151778578568544	TRUE	1	1
ENSMUSG00000109729	Gm45418	17	top_abs_beta_meta	3.8495640515383616	TRUE	GSE264344	GSE264344_design__T=Muscle__H=6__B=NA__G=delivery_ad5__VS=baseline_0	<upstream_project_root>/00_metadata/verified_metadata/splited/GSE264344_design/GSE264344_design__T=Muscle__H=6__B=NA__G=delivery_ad5__VS=baseline_0.tsv	anchor	acute_main	Muscle	6	5	5	4.115105313956205	4.118704867165819	0.00359955320961447	0.08747171542382495	0.08747171542382495	TRUE	1	1
ENSMUSG00000109729	Gm45418	17	top_abs_beta_meta	3.8495640515383616	TRUE	GSE264344	GSE264344_design__T=Muscle__H=72__B=NA__G=delivery_ad26__VS=baseline_0	<upstream_project_root>/00_metadata/verified_metadata/splited/GSE264344_design/GSE264344_design__T=Muscle__H=72__B=NA__G=delivery_ad26__VS=baseline_0.tsv	external	extended_transfer	Muscle	72	5	5	1.0550234100660878	1.062914578479232	0.00789116841314419	0.7479614516468291	0.7479614516468291	TRUE	0.96	0.96
ENSMUSG00000109729	Gm45418	17	top_abs_beta_meta	3.8495640515383616	TRUE	GSE264344	GSE264344_design__T=Muscle__H=72__B=NA__G=delivery_ad5__VS=baseline_0	<upstream_project_root>/00_metadata/verified_metadata/splited/GSE264344_design/GSE264344_design__T=Muscle__H=72__B=NA__G=delivery_ad5__VS=baseline_0.tsv	external	extended_transfer	Muscle	72	5	5	1.441223145245387	1.4389224705159513	0.0023006747294356256	-0.15963348472619107	0.15963348472619107	TRUE	1	1
ENSMUSG00000034459	Ifit1	18	top_abs_beta_meta	3.8087768616083655	TRUE	GSE264344	GSE264344_design__T=Blood__H=1__B=NA__G=delivery_ad26__VS=baseline_0	<upstream_project_root>/00_metadata/verified_metadata/splited/GSE264344_design/GSE264344_design__T=Blood__H=1__B=NA__G=delivery_ad26__VS=baseline_0.tsv	anchor	acute_main	Blood	1	5	5	0.0779068941903649	0.08282223265819888	0.004915338467833985	6.309247106967701	6.309247106967701	TRUE	0.68	0.68
ENSMUSG00000034459	Ifit1	18	top_abs_beta_meta	3.8087768616083655	TRUE	GSE264344	GSE264344_design__T=Blood__H=1__B=NA__G=delivery_ad5__VS=baseline_0	<upstream_project_root>/00_metadata/verified_metadata/splited/GSE264344_design/GSE264344_design__T=Blood__H=1__B=NA__G=delivery_ad5__VS=baseline_0.tsv	anchor	acute_main	Blood	1	5	5	0.22131834935303651	0.2247610722518112	0.003442722898774675	1.5555524017048432	1.5555524017048432	TRUE	0.88	0.88
ENSMUSG00000034459	Ifit1	18	top_abs_beta_meta	3.8087768616083655	TRUE	GSE264344	GSE264344_design__T=Blood__H=12__B=NA__G=delivery_ad26__VS=baseline_0	<upstream_project_root>/00_metadata/verified_metadata/splited/GSE264344_design/GSE264344_design__T=Blood__H=12__B=NA__G=delivery_ad26__VS=baseline_0.tsv	anchor	acute_main	Blood	12	5	5	4.557142380026869	4.516560125820833	0.04058225420603634	-0.8905197780060816	0.8905197780060816	TRUE	1	1
ENSMUSG00000034459	Ifit1	18	top_abs_beta_meta	3.8087768616083655	TRUE	GSE264344	GSE264344_design__T=Blood__H=12__B=NA__G=delivery_ad5__VS=baseline_0	<upstream_project_root>/00_metadata/verified_metadata/splited/GSE264344_design/GSE264344_design__T=Blood__H=12__B=NA__G=delivery_ad5__VS=baseline_0.tsv	anchor	acute_main	Blood	12	5	5	2.7728375923214097	2.7414761342415073	0.03136145807990243	-1.1310239794335277	1.1310239794335277	TRUE	1	1
ENSMUSG00000034459	Ifit1	18	top_abs_beta_meta	3.8087768616083655	TRUE	GSE264344	GSE264344_design__T=Blood__H=24__B=NA__G=delivery_ad26__VS=baseline_0	<upstream_project_root>/00_metadata/verified_metadata/splited/GSE264344_design/GSE264344_design__T=Blood__H=24__B=NA__G=delivery_ad26__VS=baseline_0.tsv	anchor	acute_main	Blood	24	5	5	2.7381119047981937	2.707152541168054	0.030959363630139514	-1.1306829197114683	1.1306829197114683	TRUE	1	1
ENSMUSG00000034459	Ifit1	18	top_abs_beta_meta	3.8087768616083655	TRUE	GSE264344	GSE264344_design__T=Blood__H=24__B=NA__G=delivery_ad5__VS=baseline_0	<upstream_project_root>/00_metadata/verified_metadata/splited/GSE264344_design/GSE264344_design__T=Blood__H=24__B=NA__G=delivery_ad5__VS=baseline_0.tsv	anchor	acute_main	Blood	24	5	5	1.4094733289679715	1.3871052680710487	0.02236806089692278	-1.586980075266899	1.586980075266899	TRUE	1	1
ENSMUSG00000034459	Ifit1	18	top_abs_beta_meta	3.8087768616083655	TRUE	GSE264344	GSE264344_design__T=Blood__H=3__B=NA__G=delivery_ad26__VS=baseline_0	<upstream_project_root>/00_metadata/verified_metadata/splited/GSE264344_design/GSE264344_design__T=Blood__H=3__B=NA__G=delivery_ad26__VS=baseline_0.tsv	anchor	acute_main	Blood	3	5	5	3.6646891330381473	3.6332414834503357	0.031447649587811544	-0.8581259813909622	0.8581259813909622	TRUE	1	1
ENSMUSG00000034459	Ifit1	18	top_abs_beta_meta	3.8087768616083655	TRUE	GSE264344	GSE264344_design__T=Blood__H=3__B=NA__G=delivery_ad5__VS=baseline_0	<upstream_project_root>/00_metadata/verified_metadata/splited/GSE264344_design/GSE264344_design__T=Blood__H=3__B=NA__G=delivery_ad5__VS=baseline_0.tsv	anchor	acute_main	Blood	3	5	5	0.9366653756632484	0.9342752847396691	0.0023900909235792245	-0.2551702011923748	0.2551702011923748	TRUE	1	1
ENSMUSG00000034459	Ifit1	18	top_abs_beta_meta	3.8087768616083655	TRUE	GSE264344	GSE264344_design__T=Blood__H=6__B=NA__G=delivery_ad26__VS=baseline_0	<upstream_project_root>/00_metadata/verified_metadata/splited/GSE264344_design/GSE264344_design__T=Blood__H=6__B=NA__G=delivery_ad26__VS=baseline_0.tsv	anchor	acute_main	Blood	6	5	5	3.515367759659114	3.489089372429806	0.026278387229308198	-0.7475288227555577	0.7475288227555577	TRUE	1	1
ENSMUSG00000034459	Ifit1	18	top_abs_beta_meta	3.8087768616083655	TRUE	GSE264344	GSE264344_design__T=Blood__H=6__B=NA__G=delivery_ad5__VS=baseline_0	<upstream_project_root>/00_metadata/verified_metadata/splited/GSE264344_design/GSE264344_design__T=Blood__H=6__B=NA__G=delivery_ad5__VS=baseline_0.tsv	anchor	acute_main	Blood	6	5	5	4.749455631909948	4.713792234719064	0.035663397190883295	-0.7508944172732824	0.7508944172732824	TRUE	1	1
ENSMUSG00000034459	Ifit1	18	top_abs_beta_meta	3.8087768616083655	TRUE	GSE264344	GSE264344_design__T=Blood__H=72__B=NA__G=delivery_ad26__VS=baseline_0	<upstream_project_root>/00_metadata/verified_metadata/splited/GSE264344_design/GSE264344_design__T=Blood__H=72__B=NA__G=delivery_ad26__VS=baseline_0.tsv	external	extended_transfer	Blood	72	5	5	0.08713996296972348	0.08098851022104636	0.006151452748677122	-7.05927858933613	7.05927858933613	TRUE	0.7200000000000001	0.68
ENSMUSG00000034459	Ifit1	18	top_abs_beta_meta	3.8087768616083655	TRUE	GSE264344	GSE264344_design__T=Blood__H=72__B=NA__G=delivery_ad5__VS=baseline_0	<upstream_project_root>/00_metadata/verified_metadata/splited/GSE264344_design/GSE264344_design__T=Blood__H=72__B=NA__G=delivery_ad5__VS=baseline_0.tsv	external	extended_transfer	Blood	72	5	5	0.26635130536495155	0.2639869555267724	0.002364349838179125	-0.8876809651597237	0.8876809651597237	TRUE	0.96	0.96
ENSMUSG00000034459	Ifit1	18	top_abs_beta_meta	3.8087768616083655	TRUE	GSE264344	GSE264344_design__T=dLN__H=1__B=NA__G=delivery_ad26__VS=baseline_0	<upstream_project_root>/00_metadata/verified_metadata/splited/GSE264344_design/GSE264344_design__T=dLN__H=1__B=NA__G=delivery_ad26__VS=baseline_0.tsv	anchor	acute_main	dLN	1	5	5	0.36951077174650715	0.36142630277897925	0.008084468967527902	-2.187884518038904	2.187884518038904	TRUE	0.8400000000000001	0.8400000000000001
ENSMUSG00000034459	Ifit1	18	top_abs_beta_meta	3.8087768616083655	TRUE	GSE264344	GSE264344_design__T=dLN__H=1__B=NA__G=delivery_ad5__VS=baseline_0	<upstream_project_root>/00_metadata/verified_metadata/splited/GSE264344_design/GSE264344_design__T=dLN__H=1__B=NA__G=delivery_ad5__VS=baseline_0.tsv	anchor	acute_main	dLN	1	5	5	0.3592382013315616	0.3646811745210603	0.005442973189498712	1.5151432028452563	1.5151432028452563	TRUE	0.8	0.8
ENSMUSG00000034459	Ifit1	18	top_abs_beta_meta	3.8087768616083655	TRUE	GSE264344	GSE264344_design__T=dLN__H=12__B=NA__G=delivery_ad26__VS=baseline_0	<upstream_project_root>/00_metadata/verified_metadata/splited/GSE264344_design/GSE264344_design__T=dLN__H=12__B=NA__G=delivery_ad26__VS=baseline_0.tsv	anchor	acute_main	dLN	12	5	5	5.521888634175941	5.482950378579207	0.03893825559673392	-0.7051619142721967	0.7051619142721967	TRUE	1	1
ENSMUSG00000034459	Ifit1	18	top_abs_beta_meta	3.8087768616083655	TRUE	GSE264344	GSE264344_design__T=dLN__H=12__B=NA__G=delivery_ad5__VS=baseline_0	<upstream_project_root>/00_metadata/verified_metadata/splited/GSE264344_design/GSE264344_design__T=dLN__H=12__B=NA__G=delivery_ad5__VS=baseline_0.tsv	anchor	acute_main	dLN	12	5	5	5.006224300092883	4.9699282051291425	0.03629609496374098	-0.7250193516712297	0.7250193516712297	TRUE	1	1
ENSMUSG00000034459	Ifit1	18	top_abs_beta_meta	3.8087768616083655	TRUE	GSE264344	GSE264344_design__T=dLN__H=24__B=NA__G=delivery_ad26__VS=baseline_0	<upstream_project_root>/00_metadata/verified_metadata/splited/GSE264344_design/GSE264344_design__T=dLN__H=24__B=NA__G=delivery_ad26__VS=baseline_0.tsv	anchor	acute_main	dLN	24	5	5	3.75024700596753	3.7205249545694414	0.029722051398088478	-0.7925358343275434	0.7925358343275434	TRUE	1	1
ENSMUSG00000034459	Ifit1	18	top_abs_beta_meta	3.8087768616083655	TRUE	GSE264344	GSE264344_design__T=dLN__H=24__B=NA__G=delivery_ad5__VS=baseline_0	<upstream_project_root>/00_metadata/verified_metadata/splited/GSE264344_design/GSE264344_design__T=dLN__H=24__B=NA__G=delivery_ad5__VS=baseline_0.tsv	anchor	acute_main	dLN	24	5	5	3.164769842555989	3.1363004069802205	0.028469435575768642	-0.8995736496520593	0.8995736496520593	TRUE	1	1
ENSMUSG00000034459	Ifit1	18	top_abs_beta_meta	3.8087768616083655	TRUE	GSE264344	GSE264344_design__T=dLN__H=3__B=NA__G=delivery_ad26__VS=baseline_0	<upstream_project_root>/00_metadata/verified_metadata/splited/GSE264344_design/GSE264344_design__T=dLN__H=3__B=NA__G=delivery_ad26__VS=baseline_0.tsv	anchor	acute_main	dLN	3	5	5	4.35817929066291	4.317707672236542	0.04047161842636804	-0.9286359217271214	0.9286359217271214	TRUE	1	1
ENSMUSG00000034459	Ifit1	18	top_abs_beta_meta	3.8087768616083655	TRUE	GSE264344	GSE264344_design__T=dLN__H=3__B=NA__G=delivery_ad5__VS=baseline_0	<upstream_project_root>/00_metadata/verified_metadata/splited/GSE264344_design/GSE264344_design__T=dLN__H=3__B=NA__G=delivery_ad5__VS=baseline_0.tsv	anchor	acute_main	dLN	3	5	5	2.7627049595948865	2.726774254259894	0.03593070533499265	-1.3005625233416676	1.3005625233416676	TRUE	1	1
ENSMUSG00000034459	Ifit1	18	top_abs_beta_meta	3.8087768616083655	TRUE	GSE264344	GSE264344_design__T=dLN__H=6__B=NA__G=delivery_ad26__VS=baseline_0	<upstream_project_root>/00_metadata/verified_metadata/splited/GSE264344_design/GSE264344_design__T=dLN__H=6__B=NA__G=delivery_ad26__VS=baseline_0.tsv	anchor	acute_main	dLN	6	5	5	5.703930536988686	5.663060794778605	0.04086974221008077	-0.716518932778894	0.716518932778894	TRUE	1	1
ENSMUSG00000034459	Ifit1	18	top_abs_beta_meta	3.8087768616083655	TRUE	GSE264344	GSE264344_design__T=dLN__H=6__B=NA__G=delivery_ad5__VS=baseline_0	<upstream_project_root>/00_metadata/verified_metadata/splited/GSE264344_design/GSE264344_design__T=dLN__H=6__B=NA__G=delivery_ad5__VS=baseline_0.tsv	anchor	acute_main	dLN	6	5	5	5.288429542245774	5.248358654998664	0.0400708872471105	-0.7577086340474165	0.7577086340474165	TRUE	1	1
ENSMUSG00000034459	Ifit1	18	top_abs_beta_meta	3.8087768616083655	TRUE	GSE264344	GSE264344_design__T=dLN__H=72__B=NA__G=delivery_ad26__VS=baseline_0	<upstream_project_root>/00_metadata/verified_metadata/splited/GSE264344_design/GSE264344_design__T=dLN__H=72__B=NA__G=delivery_ad26__VS=baseline_0.tsv	external	extended_transfer	dLN	72	5	5	0.3932971804473866	0.39231237573389866	9.848047134879412e-4	-0.2503970947281387	0.2503970947281387	TRUE	0.8	0.8
ENSMUSG00000034459	Ifit1	18	top_abs_beta_meta	3.8087768616083655	TRUE	GSE264344	GSE264344_design__T=dLN__H=72__B=NA__G=delivery_ad5__VS=baseline_0	<upstream_project_root>/00_metadata/verified_metadata/splited/GSE264344_design/GSE264344_design__T=dLN__H=72__B=NA__G=delivery_ad5__VS=baseline_0.tsv	external	extended_transfer	dLN	72	5	5	0.4507210263939263	0.44922512925401326	0.0014958971399130494	-0.33188980595851947	0.33188980595851947	TRUE	0.8	0.8
ENSMUSG00000034459	Ifit1	18	top_abs_beta_meta	3.8087768616083655	TRUE	GSE264344	GSE264344_design__T=Muscle__H=1__B=NA__G=delivery_ad26__VS=baseline_0	<upstream_project_root>/00_metadata/verified_metadata/splited/GSE264344_design/GSE264344_design__T=Muscle__H=1__B=NA__G=delivery_ad26__VS=baseline_0.tsv	anchor	acute_main	Muscle	1	5	5	0.5752137463208833	0.572608667930581	0.002605078390302329	-0.45288875778171767	0.45288875778171767	TRUE	1	1
ENSMUSG00000034459	Ifit1	18	top_abs_beta_meta	3.8087768616083655	TRUE	GSE264344	GSE264344_design__T=Muscle__H=1__B=NA__G=delivery_ad5__VS=baseline_0	<upstream_project_root>/00_metadata/verified_metadata/splited/GSE264344_design/GSE264344_design__T=Muscle__H=1__B=NA__G=delivery_ad5__VS=baseline_0.tsv	anchor	acute_main	Muscle	1	5	5	0.5210164970803043	0.5289773518208641	0.007960854740559853	1.5279467704326541	1.5279467704326541	TRUE	0.96	0.96
ENSMUSG00000034459	Ifit1	18	top_abs_beta_meta	3.8087768616083655	TRUE	GSE264344	GSE264344_design__T=Muscle__H=12__B=NA__G=delivery_ad26__VS=baseline_0	<upstream_project_root>/00_metadata/verified_metadata/splited/GSE264344_design/GSE264344_design__T=Muscle__H=12__B=NA__G=delivery_ad26__VS=baseline_0.tsv	anchor	acute_main	Muscle	12	5	5	4.379052454232406	4.344272007623961	0.034780446608444926	-0.7942459463994137	0.7942459463994137	TRUE	1	1
ENSMUSG00000034459	Ifit1	18	top_abs_beta_meta	3.8087768616083655	TRUE	GSE264344	GSE264344_design__T=Muscle__H=12__B=NA__G=delivery_ad5__VS=baseline_0	<upstream_project_root>/00_metadata/verified_metadata/splited/GSE264344_design/GSE264344_design__T=Muscle__H=12__B=NA__G=delivery_ad5__VS=baseline_0.tsv	anchor	acute_main	Muscle	12	5	5	4.561337243094393	4.528914174046769	0.032423069047623265	-0.7108237632880569	0.7108237632880569	TRUE	1	1
ENSMUSG00000034459	Ifit1	18	top_abs_beta_meta	3.8087768616083655	TRUE	GSE264344	GSE264344_design__T=Muscle__H=24__B=NA__G=delivery_ad26__VS=baseline_0	<upstream_project_root>/00_metadata/verified_metadata/splited/GSE264344_design/GSE264344_design__T=Muscle__H=24__B=NA__G=delivery_ad26__VS=baseline_0.tsv	anchor	acute_main	Muscle	24	5	5	3.564906975120775	3.5446063941186936	0.02030058100208132	-0.569456121681648	0.569456121681648	TRUE	1	1
ENSMUSG00000034459	Ifit1	18	top_abs_beta_meta	3.8087768616083655	TRUE	GSE264344	GSE264344_design__T=Muscle__H=24__B=NA__G=delivery_ad5__VS=baseline_0	<upstream_project_root>/00_metadata/verified_metadata/splited/GSE264344_design/GSE264344_design__T=Muscle__H=24__B=NA__G=delivery_ad5__VS=baseline_0.tsv	anchor	acute_main	Muscle	24	5	5	3.5245362334746155	3.506259929919878	0.018276303554737527	-0.5185449189359045	0.5185449189359045	TRUE	1	1
ENSMUSG00000034459	Ifit1	18	top_abs_beta_meta	3.8087768616083655	TRUE	GSE264344	GSE264344_design__T=Muscle__H=3__B=NA__G=delivery_ad26__VS=baseline_0	<upstream_project_root>/00_metadata/verified_metadata/splited/GSE264344_design/GSE264344_design__T=Muscle__H=3__B=NA__G=delivery_ad26__VS=baseline_0.tsv	anchor	acute_main	Muscle	3	5	5	3.166868738099831	3.1360185283454642	0.03085020975436681	-0.974154987329137	0.974154987329137	TRUE	1	1
ENSMUSG00000034459	Ifit1	18	top_abs_beta_meta	3.8087768616083655	TRUE	GSE264344	GSE264344_design__T=Muscle__H=3__B=NA__G=delivery_ad5__VS=baseline_0	<upstream_project_root>/00_metadata/verified_metadata/splited/GSE264344_design/GSE264344_design__T=Muscle__H=3__B=NA__G=delivery_ad5__VS=baseline_0.tsv	anchor	acute_main	Muscle	3	5	5	1.8285090170879783	1.8153261874096196	0.01318282967835871	-0.7209606053435405	0.7209606053435405	TRUE	1	1
ENSMUSG00000034459	Ifit1	18	top_abs_beta_meta	3.8087768616083655	TRUE	GSE264344	GSE264344_design__T=Muscle__H=6__B=NA__G=delivery_ad26__VS=baseline_0	<upstream_project_root>/00_metadata/verified_metadata/splited/GSE264344_design/GSE264344_design__T=Muscle__H=6__B=NA__G=delivery_ad26__VS=baseline_0.tsv	anchor	acute_main	Muscle	6	5	5	4.409334481944208	4.368646022076975	0.04068845986723346	-0.9227800710934656	0.9227800710934656	TRUE	1	1
ENSMUSG00000034459	Ifit1	18	top_abs_beta_meta	3.8087768616083655	TRUE	GSE264344	GSE264344_design__T=Muscle__H=6__B=NA__G=delivery_ad5__VS=baseline_0	<upstream_project_root>/00_metadata/verified_metadata/splited/GSE264344_design/GSE264344_design__T=Muscle__H=6__B=NA__G=delivery_ad5__VS=baseline_0.tsv	anchor	acute_main	Muscle	6	5	5	4.115105313956205	4.078567600395541	0.03653771356066393	-0.8878925512974802	0.8878925512974802	TRUE	1	1
ENSMUSG00000034459	Ifit1	18	top_abs_beta_meta	3.8087768616083655	TRUE	GSE264344	GSE264344_design__T=Muscle__H=72__B=NA__G=delivery_ad26__VS=baseline_0	<upstream_project_root>/00_metadata/verified_metadata/splited/GSE264344_design/GSE264344_design__T=Muscle__H=72__B=NA__G=delivery_ad26__VS=baseline_0.tsv	external	extended_transfer	Muscle	72	5	5	1.0550234100660878	1.055342927564685	3.1951749859726597e-4	0.0302853468035606	0.0302853468035606	TRUE	0.96	0.96
ENSMUSG00000034459	Ifit1	18	top_abs_beta_meta	3.8087768616083655	TRUE	GSE264344	GSE264344_design__T=Muscle__H=72__B=NA__G=delivery_ad5__VS=baseline_0	<upstream_project_root>/00_metadata/verified_metadata/splited/GSE264344_design/GSE264344_design__T=Muscle__H=72__B=NA__G=delivery_ad5__VS=baseline_0.tsv	external	extended_transfer	Muscle	72	5	5	1.441223145245387	1.4436237275767094	0.002400582331322454	0.16656562443102615	0.16656562443102615	TRUE	1	1
ENSMUSG00000078616	Trim30c	19	top_abs_beta_meta	3.806981760861859	TRUE	GSE264344	GSE264344_design__T=Blood__H=1__B=NA__G=delivery_ad26__VS=baseline_0	<upstream_project_root>/00_metadata/verified_metadata/splited/GSE264344_design/GSE264344_design__T=Blood__H=1__B=NA__G=delivery_ad26__VS=baseline_0.tsv	anchor	acute_main	Blood	1	5	5	0.0779068941903649	0.0761415757217998	0.0017653184685650913	-2.2659335696935234	2.2659335696935234	TRUE	0.68	0.68
ENSMUSG00000078616	Trim30c	19	top_abs_beta_meta	3.806981760861859	TRUE	GSE264344	GSE264344_design__T=Blood__H=1__B=NA__G=delivery_ad5__VS=baseline_0	<upstream_project_root>/00_metadata/verified_metadata/splited/GSE264344_design/GSE264344_design__T=Blood__H=1__B=NA__G=delivery_ad5__VS=baseline_0.tsv	anchor	acute_main	Blood	1	5	5	0.22131834935303651	0.22095372052229345	3.646288307430634e-4	-0.16475309517216072	0.16475309517216072	TRUE	0.88	0.88
ENSMUSG00000078616	Trim30c	19	top_abs_beta_meta	3.806981760861859	TRUE	GSE264344	GSE264344_design__T=Blood__H=12__B=NA__G=delivery_ad26__VS=baseline_0	<upstream_project_root>/00_metadata/verified_metadata/splited/GSE264344_design/GSE264344_design__T=Blood__H=12__B=NA__G=delivery_ad26__VS=baseline_0.tsv	anchor	acute_main	Blood	12	5	5	4.557142380026869	4.566393142872345	0.009250762845475435	0.20299481723502552	0.20299481723502552	TRUE	1	1
ENSMUSG00000078616	Trim30c	19	top_abs_beta_meta	3.806981760861859	TRUE	GSE264344	GSE264344_design__T=Blood__H=12__B=NA__G=delivery_ad5__VS=baseline_0	<upstream_project_root>/00_metadata/verified_metadata/splited/GSE264344_design/GSE264344_design__T=Blood__H=12__B=NA__G=delivery_ad5__VS=baseline_0.tsv	anchor	acute_main	Blood	12	5	5	2.7728375923214097	2.7748581949723334	0.002020602650923742	0.0728712946087874	0.0728712946087874	TRUE	1	1
ENSMUSG00000078616	Trim30c	19	top_abs_beta_meta	3.806981760861859	TRUE	GSE264344	GSE264344_design__T=Blood__H=24__B=NA__G=delivery_ad26__VS=baseline_0	<upstream_project_root>/00_metadata/verified_metadata/splited/GSE264344_design/GSE264344_design__T=Blood__H=24__B=NA__G=delivery_ad26__VS=baseline_0.tsv	anchor	acute_main	Blood	24	5	5	2.7381119047981937	2.743121522013962	0.005009617215768536	0.18295881943282952	0.18295881943282952	TRUE	1	1
ENSMUSG00000078616	Trim30c	19	top_abs_beta_meta	3.806981760861859	TRUE	GSE264344	GSE264344_design__T=Blood__H=24__B=NA__G=delivery_ad5__VS=baseline_0	<upstream_project_root>/00_metadata/verified_metadata/splited/GSE264344_design/GSE264344_design__T=Blood__H=24__B=NA__G=delivery_ad5__VS=baseline_0.tsv	anchor	acute_main	Blood	24	5	5	1.4094733289679715	1.4088338105748426	6.395183931289239e-4	-0.04537286232987358	0.04537286232987358	TRUE	1	1
ENSMUSG00000078616	Trim30c	19	top_abs_beta_meta	3.806981760861859	TRUE	GSE264344	GSE264344_design__T=Blood__H=3__B=NA__G=delivery_ad26__VS=baseline_0	<upstream_project_root>/00_metadata/verified_metadata/splited/GSE264344_design/GSE264344_design__T=Blood__H=3__B=NA__G=delivery_ad26__VS=baseline_0.tsv	anchor	acute_main	Blood	3	5	5	3.6646891330381473	3.666410964766376	0.0017218317282288176	0.046984387098650375	0.046984387098650375	TRUE	1	1
ENSMUSG00000078616	Trim30c	19	top_abs_beta_meta	3.806981760861859	TRUE	GSE264344	GSE264344_design__T=Blood__H=3__B=NA__G=delivery_ad5__VS=baseline_0	<upstream_project_root>/00_metadata/verified_metadata/splited/GSE264344_design/GSE264344_design__T=Blood__H=3__B=NA__G=delivery_ad5__VS=baseline_0.tsv	anchor	acute_main	Blood	3	5	5	0.9366653756632484	0.9372414706246743	5.760949614259658e-4	0.06150488492414227	0.06150488492414227	TRUE	1	1
ENSMUSG00000078616	Trim30c	19	top_abs_beta_meta	3.806981760861859	TRUE	GSE264344	GSE264344_design__T=Blood__H=6__B=NA__G=delivery_ad26__VS=baseline_0	<upstream_project_root>/00_metadata/verified_metadata/splited/GSE264344_design/GSE264344_design__T=Blood__H=6__B=NA__G=delivery_ad26__VS=baseline_0.tsv	anchor	acute_main	Blood	6	5	5	3.515367759659114	3.5148280185747343	5.3974108437993e-4	-0.015353758732550609	0.015353758732550609	TRUE	1	1
ENSMUSG00000078616	Trim30c	19	top_abs_beta_meta	3.806981760861859	TRUE	GSE264344	GSE264344_design__T=Blood__H=6__B=NA__G=delivery_ad5__VS=baseline_0	<upstream_project_root>/00_metadata/verified_metadata/splited/GSE264344_design/GSE264344_design__T=Blood__H=6__B=NA__G=delivery_ad5__VS=baseline_0.tsv	anchor	acute_main	Blood	6	5	5	4.749455631909948	4.753571039940594	0.00411540803064625	0.0866500994976403	0.0866500994976403	TRUE	1	1
ENSMUSG00000078616	Trim30c	19	top_abs_beta_meta	3.806981760861859	TRUE	GSE264344	GSE264344_design__T=Blood__H=72__B=NA__G=delivery_ad26__VS=baseline_0	<upstream_project_root>/00_metadata/verified_metadata/splited/GSE264344_design/GSE264344_design__T=Blood__H=72__B=NA__G=delivery_ad26__VS=baseline_0.tsv	external	extended_transfer	Blood	72	5	5	0.08713996296972348	0.08641450034055176	7.254626291717248e-4	-0.8325257487472018	0.8325257487472018	TRUE	0.7200000000000001	0.68
ENSMUSG00000078616	Trim30c	19	top_abs_beta_meta	3.806981760861859	TRUE	GSE264344	GSE264344_design__T=Blood__H=72__B=NA__G=delivery_ad5__VS=baseline_0	<upstream_project_root>/00_metadata/verified_metadata/splited/GSE264344_design/GSE264344_design__T=Blood__H=72__B=NA__G=delivery_ad5__VS=baseline_0.tsv	external	extended_transfer	Blood	72	5	5	0.26635130536495155	0.26686993182730134	5.186264623497916e-4	0.19471519452070093	0.19471519452070093	TRUE	0.96	0.96
ENSMUSG00000078616	Trim30c	19	top_abs_beta_meta	3.806981760861859	TRUE	GSE264344	GSE264344_design__T=dLN__H=1__B=NA__G=delivery_ad26__VS=baseline_0	<upstream_project_root>/00_metadata/verified_metadata/splited/GSE264344_design/GSE264344_design__T=dLN__H=1__B=NA__G=delivery_ad26__VS=baseline_0.tsv	anchor	acute_main	dLN	1	5	5	0.36951077174650715	0.3680191405698764	0.0014916311766307588	-0.40367731895351944	0.40367731895351944	TRUE	0.8400000000000001	0.8400000000000001
ENSMUSG00000078616	Trim30c	19	top_abs_beta_meta	3.806981760861859	TRUE	GSE264344	GSE264344_design__T=dLN__H=1__B=NA__G=delivery_ad5__VS=baseline_0	<upstream_project_root>/00_metadata/verified_metadata/splited/GSE264344_design/GSE264344_design__T=dLN__H=1__B=NA__G=delivery_ad5__VS=baseline_0.tsv	anchor	acute_main	dLN	1	5	5	0.3592382013315616	0.35311915830160745	0.006119043029954141	-1.7033386224719804	1.7033386224719804	TRUE	0.8	0.8
ENSMUSG00000078616	Trim30c	19	top_abs_beta_meta	3.806981760861859	TRUE	GSE264344	GSE264344_design__T=dLN__H=12__B=NA__G=delivery_ad26__VS=baseline_0	<upstream_project_root>/00_metadata/verified_metadata/splited/GSE264344_design/GSE264344_design__T=dLN__H=12__B=NA__G=delivery_ad26__VS=baseline_0.tsv	anchor	acute_main	dLN	12	5	5	5.521888634175941	5.532796380206376	0.010907746030435206	0.1975365088481728	0.1975365088481728	TRUE	1	1
ENSMUSG00000078616	Trim30c	19	top_abs_beta_meta	3.806981760861859	TRUE	GSE264344	GSE264344_design__T=dLN__H=12__B=NA__G=delivery_ad5__VS=baseline_0	<upstream_project_root>/00_metadata/verified_metadata/splited/GSE264344_design/GSE264344_design__T=dLN__H=12__B=NA__G=delivery_ad5__VS=baseline_0.tsv	anchor	acute_main	dLN	12	5	5	5.006224300092883	5.013847185004944	0.007622884912060535	0.1522681457145079	0.1522681457145079	TRUE	1	1
ENSMUSG00000078616	Trim30c	19	top_abs_beta_meta	3.806981760861859	TRUE	GSE264344	GSE264344_design__T=dLN__H=24__B=NA__G=delivery_ad26__VS=baseline_0	<upstream_project_root>/00_metadata/verified_metadata/splited/GSE264344_design/GSE264344_design__T=dLN__H=24__B=NA__G=delivery_ad26__VS=baseline_0.tsv	anchor	acute_main	dLN	24	5	5	3.75024700596753	3.7555083773367905	0.005261371369260637	0.14029399559251832	0.14029399559251832	TRUE	1	1
ENSMUSG00000078616	Trim30c	19	top_abs_beta_meta	3.806981760861859	TRUE	GSE264344	GSE264344_design__T=dLN__H=24__B=NA__G=delivery_ad5__VS=baseline_0	<upstream_project_root>/00_metadata/verified_metadata/splited/GSE264344_design/GSE264344_design__T=dLN__H=24__B=NA__G=delivery_ad5__VS=baseline_0.tsv	anchor	acute_main	dLN	24	5	5	3.164769842555989	3.1662388649690194	0.0014690224130302632	0.04641798570236073	0.04641798570236073	TRUE	1	1
ENSMUSG00000078616	Trim30c	19	top_abs_beta_meta	3.806981760861859	TRUE	GSE264344	GSE264344_design__T=dLN__H=3__B=NA__G=delivery_ad26__VS=baseline_0	<upstream_project_root>/00_metadata/verified_metadata/splited/GSE264344_design/GSE264344_design__T=dLN__H=3__B=NA__G=delivery_ad26__VS=baseline_0.tsv	anchor	acute_main	dLN	3	5	5	4.35817929066291	4.367532750120824	0.009353459457913438	0.2146185100267114	0.2146185100267114	TRUE	1	1
ENSMUSG00000078616	Trim30c	19	top_abs_beta_meta	3.806981760861859	TRUE	GSE264344	GSE264344_design__T=dLN__H=3__B=NA__G=delivery_ad5__VS=baseline_0	<upstream_project_root>/00_metadata/verified_metadata/splited/GSE264344_design/GSE264344_design__T=dLN__H=3__B=NA__G=delivery_ad5__VS=baseline_0.tsv	anchor	acute_main	dLN	3	5	5	2.7627049595948865	2.7679114205882804	0.0052064609933939465	0.1884551940775248	0.1884551940775248	TRUE	1	1
ENSMUSG00000078616	Trim30c	19	top_abs_beta_meta	3.806981760861859	TRUE	GSE264344	GSE264344_design__T=dLN__H=6__B=NA__G=delivery_ad26__VS=baseline_0	<upstream_project_root>/00_metadata/verified_metadata/splited/GSE264344_design/GSE264344_design__T=dLN__H=6__B=NA__G=delivery_ad26__VS=baseline_0.tsv	anchor	acute_main	dLN	6	5	5	5.703930536988686	5.714532069691928	0.010601532703241823	0.18586363621529586	0.18586363621529586	TRUE	1	1
ENSMUSG00000078616	Trim30c	19	top_abs_beta_meta	3.806981760861859	TRUE	GSE264344	GSE264344_design__T=dLN__H=6__B=NA__G=delivery_ad5__VS=baseline_0	<upstream_project_root>/00_metadata/verified_metadata/splited/GSE264344_design/GSE264344_design__T=dLN__H=6__B=NA__G=delivery_ad5__VS=baseline_0.tsv	anchor	acute_main	dLN	6	5	5	5.288429542245774	5.297725664392747	0.009296122146972507	0.1757822822959429	0.1757822822959429	TRUE	1	1
ENSMUSG00000078616	Trim30c	19	top_abs_beta_meta	3.806981760861859	TRUE	GSE264344	GSE264344_design__T=dLN__H=72__B=NA__G=delivery_ad26__VS=baseline_0	<upstream_project_root>/00_metadata/verified_metadata/splited/GSE264344_design/GSE264344_design__T=dLN__H=72__B=NA__G=delivery_ad26__VS=baseline_0.tsv	external	extended_transfer	dLN	72	5	5	0.3932971804473866	0.3923798358382705	9.173446091160775e-4	-0.23324464418294893	0.23324464418294893	TRUE	0.8	0.8
ENSMUSG00000078616	Trim30c	19	top_abs_beta_meta	3.806981760861859	TRUE	GSE264344	GSE264344_design__T=dLN__H=72__B=NA__G=delivery_ad5__VS=baseline_0	<upstream_project_root>/00_metadata/verified_metadata/splited/GSE264344_design/GSE264344_design__T=dLN__H=72__B=NA__G=delivery_ad5__VS=baseline_0.tsv	external	extended_transfer	dLN	72	5	5	0.4507210263939263	0.4524201172565748	0.0016990908626485224	0.3769717326574269	0.3769717326574269	TRUE	0.8	0.8
ENSMUSG00000078616	Trim30c	19	top_abs_beta_meta	3.806981760861859	TRUE	GSE264344	GSE264344_design__T=Muscle__H=1__B=NA__G=delivery_ad26__VS=baseline_0	<upstream_project_root>/00_metadata/verified_metadata/splited/GSE264344_design/GSE264344_design__T=Muscle__H=1__B=NA__G=delivery_ad26__VS=baseline_0.tsv	anchor	acute_main	Muscle	1	5	5	0.5752137463208833	0.5699535650496065	0.005260181271276809	-0.914474194144591	0.914474194144591	TRUE	1	1
ENSMUSG00000078616	Trim30c	19	top_abs_beta_meta	3.806981760861859	TRUE	GSE264344	GSE264344_design__T=Muscle__H=1__B=NA__G=delivery_ad5__VS=baseline_0	<upstream_project_root>/00_metadata/verified_metadata/splited/GSE264344_design/GSE264344_design__T=Muscle__H=1__B=NA__G=delivery_ad5__VS=baseline_0.tsv	anchor	acute_main	Muscle	1	5	5	0.5210164970803043	0.5145388845255117	0.006477612554792622	-1.243264386270331	1.243264386270331	TRUE	0.96	0.96
ENSMUSG00000078616	Trim30c	19	top_abs_beta_meta	3.806981760861859	TRUE	GSE264344	GSE264344_design__T=Muscle__H=12__B=NA__G=delivery_ad26__VS=baseline_0	<upstream_project_root>/00_metadata/verified_metadata/splited/GSE264344_design/GSE264344_design__T=Muscle__H=12__B=NA__G=delivery_ad26__VS=baseline_0.tsv	anchor	acute_main	Muscle	12	5	5	4.379052454232406	4.388082322784461	0.00902986855205512	0.20620599196814018	0.20620599196814018	TRUE	1	1
ENSMUSG00000078616	Trim30c	19	top_abs_beta_meta	3.806981760861859	TRUE	GSE264344	GSE264344_design__T=Muscle__H=12__B=NA__G=delivery_ad5__VS=baseline_0	<upstream_project_root>/00_metadata/verified_metadata/splited/GSE264344_design/GSE264344_design__T=Muscle__H=12__B=NA__G=delivery_ad5__VS=baseline_0.tsv	anchor	acute_main	Muscle	12	5	5	4.561337243094393	4.570360469060453	0.009023225966060089	0.19781975076981523	0.19781975076981523	TRUE	1	1
ENSMUSG00000078616	Trim30c	19	top_abs_beta_meta	3.806981760861859	TRUE	GSE264344	GSE264344_design__T=Muscle__H=24__B=NA__G=delivery_ad26__VS=baseline_0	<upstream_project_root>/00_metadata/verified_metadata/splited/GSE264344_design/GSE264344_design__T=Muscle__H=24__B=NA__G=delivery_ad26__VS=baseline_0.tsv	anchor	acute_main	Muscle	24	5	5	3.564906975120775	3.577372411477084	0.012465436356309034	0.3496707331580993	0.3496707331580993	TRUE	1	1
ENSMUSG00000078616	Trim30c	19	top_abs_beta_meta	3.806981760861859	TRUE	GSE264344	GSE264344_design__T=Muscle__H=24__B=NA__G=delivery_ad5__VS=baseline_0	<upstream_project_root>/00_metadata/verified_metadata/splited/GSE264344_design/GSE264344_design__T=Muscle__H=24__B=NA__G=delivery_ad5__VS=baseline_0.tsv	anchor	acute_main	Muscle	24	5	5	3.5245362334746155	3.537984825250546	0.013448591775930385	0.38157053538565205	0.38157053538565205	TRUE	1	1
ENSMUSG00000078616	Trim30c	19	top_abs_beta_meta	3.806981760861859	TRUE	GSE264344	GSE264344_design__T=Muscle__H=3__B=NA__G=delivery_ad26__VS=baseline_0	<upstream_project_root>/00_metadata/verified_metadata/splited/GSE264344_design/GSE264344_design__T=Muscle__H=3__B=NA__G=delivery_ad26__VS=baseline_0.tsv	anchor	acute_main	Muscle	3	5	5	3.166868738099831	3.172683645204863	0.005814907105031963	0.18361692845283495	0.18361692845283495	TRUE	1	1
ENSMUSG00000078616	Trim30c	19	top_abs_beta_meta	3.806981760861859	TRUE	GSE264344	GSE264344_design__T=Muscle__H=3__B=NA__G=delivery_ad5__VS=baseline_0	<upstream_project_root>/00_metadata/verified_metadata/splited/GSE264344_design/GSE264344_design__T=Muscle__H=3__B=NA__G=delivery_ad5__VS=baseline_0.tsv	anchor	acute_main	Muscle	3	5	5	1.8285090170879783	1.8271587793779007	0.0013502377100775842	-0.07384364514799753	0.07384364514799753	TRUE	1	1
ENSMUSG00000078616	Trim30c	19	top_abs_beta_meta	3.806981760861859	TRUE	GSE264344	GSE264344_design__T=Muscle__H=6__B=NA__G=delivery_ad26__VS=baseline_0	<upstream_project_root>/00_metadata/verified_metadata/splited/GSE264344_design/GSE264344_design__T=Muscle__H=6__B=NA__G=delivery_ad26__VS=baseline_0.tsv	anchor	acute_main	Muscle	6	5	5	4.409334481944208	4.41844724414634	0.009112762202131641	0.20666978745766526	0.20666978745766526	TRUE	1	1
ENSMUSG00000078616	Trim30c	19	top_abs_beta_meta	3.806981760861859	TRUE	GSE264344	GSE264344_design__T=Muscle__H=6__B=NA__G=delivery_ad5__VS=baseline_0	<upstream_project_root>/00_metadata/verified_metadata/splited/GSE264344_design/GSE264344_design__T=Muscle__H=6__B=NA__G=delivery_ad5__VS=baseline_0.tsv	anchor	acute_main	Muscle	6	5	5	4.115105313956205	4.12316300343135	0.008057689475145402	0.19580761269506494	0.19580761269506494	TRUE	1	1
ENSMUSG00000078616	Trim30c	19	top_abs_beta_meta	3.806981760861859	TRUE	GSE264344	GSE264344_design__T=Muscle__H=72__B=NA__G=delivery_ad26__VS=baseline_0	<upstream_project_root>/00_metadata/verified_metadata/splited/GSE264344_design/GSE264344_design__T=Muscle__H=72__B=NA__G=delivery_ad26__VS=baseline_0.tsv	external	extended_transfer	Muscle	72	5	5	1.0550234100660878	1.0571278693338548	0.0021044592677670337	0.19947038593534225	0.19947038593534225	TRUE	0.96	0.96
ENSMUSG00000078616	Trim30c	19	top_abs_beta_meta	3.806981760861859	TRUE	GSE264344	GSE264344_design__T=Muscle__H=72__B=NA__G=delivery_ad5__VS=baseline_0	<upstream_project_root>/00_metadata/verified_metadata/splited/GSE264344_design/GSE264344_design__T=Muscle__H=72__B=NA__G=delivery_ad5__VS=baseline_0.tsv	external	extended_transfer	Muscle	72	5	5	1.441223145245387	1.4491455257082386	0.007922380462851653	0.5496983925763116	0.5496983925763116	TRUE	1	1
ENSMUSG00000105096	Gbp10	20	top_abs_beta_meta	3.775453263034024	TRUE	GSE264344	GSE264344_design__T=Blood__H=1__B=NA__G=delivery_ad26__VS=baseline_0	<upstream_project_root>/00_metadata/verified_metadata/splited/GSE264344_design/GSE264344_design__T=Blood__H=1__B=NA__G=delivery_ad26__VS=baseline_0.tsv	anchor	acute_main	Blood	1	5	5	0.0779068941903649	0.08320590254378912	0.005299008353424228	6.801719422258244	6.801719422258244	TRUE	0.68	0.68
ENSMUSG00000105096	Gbp10	20	top_abs_beta_meta	3.775453263034024	TRUE	GSE264344	GSE264344_design__T=Blood__H=1__B=NA__G=delivery_ad5__VS=baseline_0	<upstream_project_root>/00_metadata/verified_metadata/splited/GSE264344_design/GSE264344_design__T=Blood__H=1__B=NA__G=delivery_ad5__VS=baseline_0.tsv	anchor	acute_main	Blood	1	5	5	0.22131834935303651	0.2245481484978441	0.003229799144807588	1.459345397364936	1.459345397364936	TRUE	0.88	0.88
ENSMUSG00000105096	Gbp10	20	top_abs_beta_meta	3.775453263034024	TRUE	GSE264344	GSE264344_design__T=Blood__H=12__B=NA__G=delivery_ad26__VS=baseline_0	<upstream_project_root>/00_metadata/verified_metadata/splited/GSE264344_design/GSE264344_design__T=Blood__H=12__B=NA__G=delivery_ad26__VS=baseline_0.tsv	anchor	acute_main	Blood	12	5	5	4.557142380026869	4.553923476855347	0.0032189031715219585	-0.07063424626866671	0.07063424626866671	TRUE	1	1
ENSMUSG00000105096	Gbp10	20	top_abs_beta_meta	3.775453263034024	TRUE	GSE264344	GSE264344_design__T=Blood__H=12__B=NA__G=delivery_ad5__VS=baseline_0	<upstream_project_root>/00_metadata/verified_metadata/splited/GSE264344_design/GSE264344_design__T=Blood__H=12__B=NA__G=delivery_ad5__VS=baseline_0.tsv	anchor	acute_main	Blood	12	5	5	2.7728375923214097	2.775650242812937	0.0028126504915273465	0.10143581792587447	0.10143581792587447	TRUE	1	1
ENSMUSG00000105096	Gbp10	20	top_abs_beta_meta	3.775453263034024	TRUE	GSE264344	GSE264344_design__T=Blood__H=24__B=NA__G=delivery_ad26__VS=baseline_0	<upstream_project_root>/00_metadata/verified_metadata/splited/GSE264344_design/GSE264344_design__T=Blood__H=24__B=NA__G=delivery_ad26__VS=baseline_0.tsv	anchor	acute_main	Blood	24	5	5	2.7381119047981937	2.7363830414584034	0.0017288633397902764	-0.06314071155238991	0.06314071155238991	TRUE	1	1
ENSMUSG00000105096	Gbp10	20	top_abs_beta_meta	3.775453263034024	TRUE	GSE264344	GSE264344_design__T=Blood__H=24__B=NA__G=delivery_ad5__VS=baseline_0	<upstream_project_root>/00_metadata/verified_metadata/splited/GSE264344_design/GSE264344_design__T=Blood__H=24__B=NA__G=delivery_ad5__VS=baseline_0.tsv	anchor	acute_main	Blood	24	5	5	1.4094733289679715	1.4078674050753357	0.0016059238926358077	-0.11393787024062946	0.11393787024062946	TRUE	1	1
ENSMUSG00000105096	Gbp10	20	top_abs_beta_meta	3.775453263034024	TRUE	GSE264344	GSE264344_design__T=Blood__H=3__B=NA__G=delivery_ad26__VS=baseline_0	<upstream_project_root>/00_metadata/verified_metadata/splited/GSE264344_design/GSE264344_design__T=Blood__H=3__B=NA__G=delivery_ad26__VS=baseline_0.tsv	anchor	acute_main	Blood	3	5	5	3.6646891330381473	3.6772326127397164	0.012543479701569105	0.3422795016495751	0.3422795016495751	TRUE	1	1
ENSMUSG00000105096	Gbp10	20	top_abs_beta_meta	3.775453263034024	TRUE	GSE264344	GSE264344_design__T=Blood__H=3__B=NA__G=delivery_ad5__VS=baseline_0	<upstream_project_root>/00_metadata/verified_metadata/splited/GSE264344_design/GSE264344_design__T=Blood__H=3__B=NA__G=delivery_ad5__VS=baseline_0.tsv	anchor	acute_main	Blood	3	5	5	0.9366653756632484	0.9476773137142771	0.011011938051028736	1.1756533696178568	1.1756533696178568	TRUE	1	1
ENSMUSG00000105096	Gbp10	20	top_abs_beta_meta	3.775453263034024	TRUE	GSE264344	GSE264344_design__T=Blood__H=6__B=NA__G=delivery_ad26__VS=baseline_0	<upstream_project_root>/00_metadata/verified_metadata/splited/GSE264344_design/GSE264344_design__T=Blood__H=6__B=NA__G=delivery_ad26__VS=baseline_0.tsv	anchor	acute_main	Blood	6	5	5	3.515367759659114	3.5226984081842327	0.007330648525118555	0.20853148308526928	0.20853148308526928	TRUE	1	1
ENSMUSG00000105096	Gbp10	20	top_abs_beta_meta	3.775453263034024	TRUE	GSE264344	GSE264344_design__T=Blood__H=6__B=NA__G=delivery_ad5__VS=baseline_0	<upstream_project_root>/00_metadata/verified_metadata/splited/GSE264344_design/GSE264344_design__T=Blood__H=6__B=NA__G=delivery_ad5__VS=baseline_0.tsv	anchor	acute_main	Blood	6	5	5	4.749455631909948	4.7557269266118976	0.00627129470194987	0.1320423894438599	0.1320423894438599	TRUE	1	1
ENSMUSG00000105096	Gbp10	20	top_abs_beta_meta	3.775453263034024	TRUE	GSE264344	GSE264344_design__T=Blood__H=72__B=NA__G=delivery_ad26__VS=baseline_0	<upstream_project_root>/00_metadata/verified_metadata/splited/GSE264344_design/GSE264344_design__T=Blood__H=72__B=NA__G=delivery_ad26__VS=baseline_0.tsv	external	extended_transfer	Blood	72	5	5	0.08713996296972348	0.08632142625856043	8.185367111630537e-4	-0.9393356196943208	0.9393356196943208	TRUE	0.7200000000000001	0.7200000000000001
ENSMUSG00000105096	Gbp10	20	top_abs_beta_meta	3.775453263034024	TRUE	GSE264344	GSE264344_design__T=Blood__H=72__B=NA__G=delivery_ad5__VS=baseline_0	<upstream_project_root>/00_metadata/verified_metadata/splited/GSE264344_design/GSE264344_design__T=Blood__H=72__B=NA__G=delivery_ad5__VS=baseline_0.tsv	external	extended_transfer	Blood	72	5	5	0.26635130536495155	0.26914912881815567	0.002797823453204118	1.0504260339068254	1.0504260339068254	TRUE	0.96	0.96
ENSMUSG00000105096	Gbp10	20	top_abs_beta_meta	3.775453263034024	TRUE	GSE264344	GSE264344_design__T=dLN__H=1__B=NA__G=delivery_ad26__VS=baseline_0	<upstream_project_root>/00_metadata/verified_metadata/splited/GSE264344_design/GSE264344_design__T=dLN__H=1__B=NA__G=delivery_ad26__VS=baseline_0.tsv	anchor	acute_main	dLN	1	5	5	0.36951077174650715	0.3749938294020799	0.005483057655572776	1.4838695039002217	1.4838695039002217	TRUE	0.8400000000000001	0.8400000000000001
ENSMUSG00000105096	Gbp10	20	top_abs_beta_meta	3.775453263034024	TRUE	GSE264344	GSE264344_design__T=dLN__H=1__B=NA__G=delivery_ad5__VS=baseline_0	<upstream_project_root>/00_metadata/verified_metadata/splited/GSE264344_design/GSE264344_design__T=dLN__H=1__B=NA__G=delivery_ad5__VS=baseline_0.tsv	anchor	acute_main	dLN	1	5	5	0.3592382013315616	0.36108448355374334	0.0018462822221817499	0.5139437329711241	0.5139437329711241	TRUE	0.8	0.8
ENSMUSG00000105096	Gbp10	20	top_abs_beta_meta	3.775453263034024	TRUE	GSE264344	GSE264344_design__T=dLN__H=12__B=NA__G=delivery_ad26__VS=baseline_0	<upstream_project_root>/00_metadata/verified_metadata/splited/GSE264344_design/GSE264344_design__T=dLN__H=12__B=NA__G=delivery_ad26__VS=baseline_0.tsv	anchor	acute_main	dLN	12	5	5	5.521888634175941	5.521135299384044	7.533347918968758e-4	-0.013642701651647847	0.013642701651647847	TRUE	1	1
ENSMUSG00000105096	Gbp10	20	top_abs_beta_meta	3.775453263034024	TRUE	GSE264344	GSE264344_design__T=dLN__H=12__B=NA__G=delivery_ad5__VS=baseline_0	<upstream_project_root>/00_metadata/verified_metadata/splited/GSE264344_design/GSE264344_design__T=dLN__H=12__B=NA__G=delivery_ad5__VS=baseline_0.tsv	anchor	acute_main	dLN	12	5	5	5.006224300092883	5.002552950906643	0.003671349186240569	-0.07333569105508221	0.07333569105508221	TRUE	1	1
ENSMUSG00000105096	Gbp10	20	top_abs_beta_meta	3.775453263034024	TRUE	GSE264344	GSE264344_design__T=dLN__H=24__B=NA__G=delivery_ad26__VS=baseline_0	<upstream_project_root>/00_metadata/verified_metadata/splited/GSE264344_design/GSE264344_design__T=dLN__H=24__B=NA__G=delivery_ad26__VS=baseline_0.tsv	anchor	acute_main	dLN	24	5	5	3.75024700596753	3.7421032307223703	0.008143775245159635	-0.21715303637869618	0.21715303637869618	TRUE	1	1
ENSMUSG00000105096	Gbp10	20	top_abs_beta_meta	3.775453263034024	TRUE	GSE264344	GSE264344_design__T=dLN__H=24__B=NA__G=delivery_ad5__VS=baseline_0	<upstream_project_root>/00_metadata/verified_metadata/splited/GSE264344_design/GSE264344_design__T=dLN__H=24__B=NA__G=delivery_ad5__VS=baseline_0.tsv	anchor	acute_main	dLN	24	5	5	3.164769842555989	3.1532810619327982	0.01148878062319092	-0.36302104717707184	0.36302104717707184	TRUE	1	1
ENSMUSG00000105096	Gbp10	20	top_abs_beta_meta	3.775453263034024	TRUE	GSE264344	GSE264344_design__T=dLN__H=3__B=NA__G=delivery_ad26__VS=baseline_0	<upstream_project_root>/00_metadata/verified_metadata/splited/GSE264344_design/GSE264344_design__T=dLN__H=3__B=NA__G=delivery_ad26__VS=baseline_0.tsv	anchor	acute_main	dLN	3	5	5	4.35817929066291	4.3652281189448106	0.007048828281900121	0.16173791420196354	0.16173791420196354	TRUE	1	1
ENSMUSG00000105096	Gbp10	20	top_abs_beta_meta	3.775453263034024	TRUE	GSE264344	GSE264344_design__T=dLN__H=3__B=NA__G=delivery_ad5__VS=baseline_0	<upstream_project_root>/00_metadata/verified_metadata/splited/GSE264344_design/GSE264344_design__T=dLN__H=3__B=NA__G=delivery_ad5__VS=baseline_0.tsv	anchor	acute_main	dLN	3	5	5	2.7627049595948865	2.7702412207127205	0.007536261117834009	0.2727855933968099	0.2727855933968099	TRUE	1	1
ENSMUSG00000105096	Gbp10	20	top_abs_beta_meta	3.775453263034024	TRUE	GSE264344	GSE264344_design__T=dLN__H=6__B=NA__G=delivery_ad26__VS=baseline_0	<upstream_project_root>/00_metadata/verified_metadata/splited/GSE264344_design/GSE264344_design__T=dLN__H=6__B=NA__G=delivery_ad26__VS=baseline_0.tsv	anchor	acute_main	dLN	6	5	5	5.703930536988686	5.704969173353219	0.001038636364532941	0.01820913417156155	0.01820913417156155	TRUE	1	1
ENSMUSG00000105096	Gbp10	20	top_abs_beta_meta	3.775453263034024	TRUE	GSE264344	GSE264344_design__T=dLN__H=6__B=NA__G=delivery_ad5__VS=baseline_0	<upstream_project_root>/00_metadata/verified_metadata/splited/GSE264344_design/GSE264344_design__T=dLN__H=6__B=NA__G=delivery_ad5__VS=baseline_0.tsv	anchor	acute_main	dLN	6	5	5	5.288429542245774	5.290861096333125	0.00243155408735074	0.04597875546845541	0.04597875546845541	TRUE	1	1
ENSMUSG00000105096	Gbp10	20	top_abs_beta_meta	3.775453263034024	TRUE	GSE264344	GSE264344_design__T=dLN__H=72__B=NA__G=delivery_ad26__VS=baseline_0	<upstream_project_root>/00_metadata/verified_metadata/splited/GSE264344_design/GSE264344_design__T=dLN__H=72__B=NA__G=delivery_ad26__VS=baseline_0.tsv	external	extended_transfer	dLN	72	5	5	0.3932971804473866	0.38217857432050606	0.011118606126880537	-2.827024112970454	2.827024112970454	TRUE	0.8	0.8
ENSMUSG00000105096	Gbp10	20	top_abs_beta_meta	3.775453263034024	TRUE	GSE264344	GSE264344_design__T=dLN__H=72__B=NA__G=delivery_ad5__VS=baseline_0	<upstream_project_root>/00_metadata/verified_metadata/splited/GSE264344_design/GSE264344_design__T=dLN__H=72__B=NA__G=delivery_ad5__VS=baseline_0.tsv	external	extended_transfer	dLN	72	5	5	0.4507210263939263	0.4404172005520376	0.010303825841888714	-2.286076139896624	2.286076139896624	TRUE	0.8	0.8
ENSMUSG00000105096	Gbp10	20	top_abs_beta_meta	3.775453263034024	TRUE	GSE264344	GSE264344_design__T=Muscle__H=1__B=NA__G=delivery_ad26__VS=baseline_0	<upstream_project_root>/00_metadata/verified_metadata/splited/GSE264344_design/GSE264344_design__T=Muscle__H=1__B=NA__G=delivery_ad26__VS=baseline_0.tsv	anchor	acute_main	Muscle	1	5	5	0.5752137463208833	0.5716510686025849	0.003562677718298435	-0.619365886348445	0.619365886348445	TRUE	1	1
ENSMUSG00000105096	Gbp10	20	top_abs_beta_meta	3.775453263034024	TRUE	GSE264344	GSE264344_design__T=Muscle__H=1__B=NA__G=delivery_ad5__VS=baseline_0	<upstream_project_root>/00_metadata/verified_metadata/splited/GSE264344_design/GSE264344_design__T=Muscle__H=1__B=NA__G=delivery_ad5__VS=baseline_0.tsv	anchor	acute_main	Muscle	1	5	5	0.5210164970803043	0.517429494540886	0.003587002539418238	-0.6884623729803652	0.6884623729803652	TRUE	0.96	0.96
ENSMUSG00000105096	Gbp10	20	top_abs_beta_meta	3.775453263034024	TRUE	GSE264344	GSE264344_design__T=Muscle__H=12__B=NA__G=delivery_ad26__VS=baseline_0	<upstream_project_root>/00_metadata/verified_metadata/splited/GSE264344_design/GSE264344_design__T=Muscle__H=12__B=NA__G=delivery_ad26__VS=baseline_0.tsv	anchor	acute_main	Muscle	12	5	5	4.379052454232406	4.370712274982114	0.008340179250292401	-0.19045625366354127	0.19045625366354127	TRUE	1	1
ENSMUSG00000105096	Gbp10	20	top_abs_beta_meta	3.775453263034024	TRUE	GSE264344	GSE264344_design__T=Muscle__H=12__B=NA__G=delivery_ad5__VS=baseline_0	<upstream_project_root>/00_metadata/verified_metadata/splited/GSE264344_design/GSE264344_design__T=Muscle__H=12__B=NA__G=delivery_ad5__VS=baseline_0.tsv	anchor	acute_main	Muscle	12	5	5	4.561337243094393	4.554492983624813	0.006844259469579228	-0.1500494066721563	0.1500494066721563	TRUE	1	1
ENSMUSG00000105096	Gbp10	20	top_abs_beta_meta	3.775453263034024	TRUE	GSE264344	GSE264344_design__T=Muscle__H=24__B=NA__G=delivery_ad26__VS=baseline_0	<upstream_project_root>/00_metadata/verified_metadata/splited/GSE264344_design/GSE264344_design__T=Muscle__H=24__B=NA__G=delivery_ad26__VS=baseline_0.tsv	anchor	acute_main	Muscle	24	5	5	3.564906975120775	3.547350828409334	0.017556146711441123	-0.4924713837966653	0.4924713837966653	TRUE	1	1
ENSMUSG00000105096	Gbp10	20	top_abs_beta_meta	3.775453263034024	TRUE	GSE264344	GSE264344_design__T=Muscle__H=24__B=NA__G=delivery_ad5__VS=baseline_0	<upstream_project_root>/00_metadata/verified_metadata/splited/GSE264344_design/GSE264344_design__T=Muscle__H=24__B=NA__G=delivery_ad5__VS=baseline_0.tsv	anchor	acute_main	Muscle	24	5	5	3.5245362334746155	3.5072130931224033	0.017323140352212274	-0.49150127008722777	0.49150127008722777	TRUE	1	1
ENSMUSG00000105096	Gbp10	20	top_abs_beta_meta	3.775453263034024	TRUE	GSE264344	GSE264344_design__T=Muscle__H=3__B=NA__G=delivery_ad26__VS=baseline_0	<upstream_project_root>/00_metadata/verified_metadata/splited/GSE264344_design/GSE264344_design__T=Muscle__H=3__B=NA__G=delivery_ad26__VS=baseline_0.tsv	anchor	acute_main	Muscle	3	5	5	3.166868738099831	3.16369077092539	0.0031779671744409654	-0.10035045457387014	0.10035045457387014	TRUE	1	1
ENSMUSG00000105096	Gbp10	20	top_abs_beta_meta	3.775453263034024	TRUE	GSE264344	GSE264344_design__T=Muscle__H=3__B=NA__G=delivery_ad5__VS=baseline_0	<upstream_project_root>/00_metadata/verified_metadata/splited/GSE264344_design/GSE264344_design__T=Muscle__H=3__B=NA__G=delivery_ad5__VS=baseline_0.tsv	anchor	acute_main	Muscle	3	5	5	1.8285090170879783	1.831469859363385	0.0029608422754066055	0.16192658869803897	0.16192658869803897	TRUE	1	1
ENSMUSG00000105096	Gbp10	20	top_abs_beta_meta	3.775453263034024	TRUE	GSE264344	GSE264344_design__T=Muscle__H=6__B=NA__G=delivery_ad26__VS=baseline_0	<upstream_project_root>/00_metadata/verified_metadata/splited/GSE264344_design/GSE264344_design__T=Muscle__H=6__B=NA__G=delivery_ad26__VS=baseline_0.tsv	anchor	acute_main	Muscle	6	5	5	4.409334481944208	4.404959309004533	0.004375172939675487	-0.09922524493415934	0.09922524493415934	TRUE	1	1
ENSMUSG00000105096	Gbp10	20	top_abs_beta_meta	3.775453263034024	TRUE	GSE264344	GSE264344_design__T=Muscle__H=6__B=NA__G=delivery_ad5__VS=baseline_0	<upstream_project_root>/00_metadata/verified_metadata/splited/GSE264344_design/GSE264344_design__T=Muscle__H=6__B=NA__G=delivery_ad5__VS=baseline_0.tsv	anchor	acute_main	Muscle	6	5	5	4.115105313956205	4.117531374467592	0.0024260605113868294	0.05895500421724198	0.05895500421724198	TRUE	1	1
ENSMUSG00000105096	Gbp10	20	top_abs_beta_meta	3.775453263034024	TRUE	GSE264344	GSE264344_design__T=Muscle__H=72__B=NA__G=delivery_ad26__VS=baseline_0	<upstream_project_root>/00_metadata/verified_metadata/splited/GSE264344_design/GSE264344_design__T=Muscle__H=72__B=NA__G=delivery_ad26__VS=baseline_0.tsv	external	extended_transfer	Muscle	72	5	5	1.0550234100660878	1.039843125992095	0.015180284073992745	-1.438857557960902	1.438857557960902	TRUE	0.96	0.96
ENSMUSG00000105096	Gbp10	20	top_abs_beta_meta	3.775453263034024	TRUE	GSE264344	GSE264344_design__T=Muscle__H=72__B=NA__G=delivery_ad5__VS=baseline_0	<upstream_project_root>/00_metadata/verified_metadata/splited/GSE264344_design/GSE264344_design__T=Muscle__H=72__B=NA__G=delivery_ad5__VS=baseline_0.tsv	external	extended_transfer	Muscle	72	5	5	1.441223145245387	1.4246207445071049	0.01660240073828212	-1.151966008390418	1.151966008390418	TRUE	1	1
ENSMUSG00000074896	Ifit3	21	top_abs_beta_meta	3.7414787591211223	TRUE	GSE264344	GSE264344_design__T=Blood__H=1__B=NA__G=delivery_ad26__VS=baseline_0	<upstream_project_root>/00_metadata/verified_metadata/splited/GSE264344_design/GSE264344_design__T=Blood__H=1__B=NA__G=delivery_ad26__VS=baseline_0.tsv	anchor	acute_main	Blood	1	5	5	0.0779068941903649	0.08077579207829144	0.002868897887926547	3.6824698478114364	3.6824698478114364	TRUE	0.68	0.68
ENSMUSG00000074896	Ifit3	21	top_abs_beta_meta	3.7414787591211223	TRUE	GSE264344	GSE264344_design__T=Blood__H=1__B=NA__G=delivery_ad5__VS=baseline_0	<upstream_project_root>/00_metadata/verified_metadata/splited/GSE264344_design/GSE264344_design__T=Blood__H=1__B=NA__G=delivery_ad5__VS=baseline_0.tsv	anchor	acute_main	Blood	1	5	5	0.22131834935303651	0.22237086817965568	0.0010525188266191643	0.47556780976178176	0.47556780976178176	TRUE	0.88	0.88
ENSMUSG00000074896	Ifit3	21	top_abs_beta_meta	3.7414787591211223	TRUE	GSE264344	GSE264344_design__T=Blood__H=12__B=NA__G=delivery_ad26__VS=baseline_0	<upstream_project_root>/00_metadata/verified_metadata/splited/GSE264344_design/GSE264344_design__T=Blood__H=12__B=NA__G=delivery_ad26__VS=baseline_0.tsv	anchor	acute_main	Blood	12	5	5	4.557142380026869	4.496354751219317	0.060787628807552174	-1.3338979504782065	1.3338979504782065	TRUE	1	1
ENSMUSG00000074896	Ifit3	21	top_abs_beta_meta	3.7414787591211223	TRUE	GSE264344	GSE264344_design__T=Blood__H=12__B=NA__G=delivery_ad5__VS=baseline_0	<upstream_project_root>/00_metadata/verified_metadata/splited/GSE264344_design/GSE264344_design__T=Blood__H=12__B=NA__G=delivery_ad5__VS=baseline_0.tsv	anchor	acute_main	Blood	12	5	5	2.7728375923214097	2.7352653256829367	0.03757226663847302	-1.3550114417995052	1.3550114417995052	TRUE	1	1
ENSMUSG00000074896	Ifit3	21	top_abs_beta_meta	3.7414787591211223	TRUE	GSE264344	GSE264344_design__T=Blood__H=24__B=NA__G=delivery_ad26__VS=baseline_0	<upstream_project_root>/00_metadata/verified_metadata/splited/GSE264344_design/GSE264344_design__T=Blood__H=24__B=NA__G=delivery_ad26__VS=baseline_0.tsv	anchor	acute_main	Blood	24	5	5	2.7381119047981937	2.6984655779607922	0.039646326837401435	-1.4479439926442115	1.4479439926442115	TRUE	1	1
ENSMUSG00000074896	Ifit3	21	top_abs_beta_meta	3.7414787591211223	TRUE	GSE264344	GSE264344_design__T=Blood__H=24__B=NA__G=delivery_ad5__VS=baseline_0	<upstream_project_root>/00_metadata/verified_metadata/splited/GSE264344_design/GSE264344_design__T=Blood__H=24__B=NA__G=delivery_ad5__VS=baseline_0.tsv	anchor	acute_main	Blood	24	5	5	1.4094733289679715	1.3823664437534366	0.02710688521453486	-1.92319249023199	1.92319249023199	TRUE	1	1
ENSMUSG00000074896	Ifit3	21	top_abs_beta_meta	3.7414787591211223	TRUE	GSE264344	GSE264344_design__T=Blood__H=3__B=NA__G=delivery_ad26__VS=baseline_0	<upstream_project_root>/00_metadata/verified_metadata/splited/GSE264344_design/GSE264344_design__T=Blood__H=3__B=NA__G=delivery_ad26__VS=baseline_0.tsv	anchor	acute_main	Blood	3	5	5	3.6646891330381473	3.6056927135841184	0.05899641945402889	-1.6098615001791141	1.6098615001791141	TRUE	1	1
ENSMUSG00000074896	Ifit3	21	top_abs_beta_meta	3.7414787591211223	TRUE	GSE264344	GSE264344_design__T=Blood__H=3__B=NA__G=delivery_ad5__VS=baseline_0	<upstream_project_root>/00_metadata/verified_metadata/splited/GSE264344_design/GSE264344_design__T=Blood__H=3__B=NA__G=delivery_ad5__VS=baseline_0.tsv	anchor	acute_main	Blood	3	5	5	0.9366653756632484	0.9206804462532274	0.015984929410020943	-1.7065784457658733	1.7065784457658733	TRUE	1	1
ENSMUSG00000074896	Ifit3	21	top_abs_beta_meta	3.7414787591211223	TRUE	GSE264344	GSE264344_design__T=Blood__H=6__B=NA__G=delivery_ad26__VS=baseline_0	<upstream_project_root>/00_metadata/verified_metadata/splited/GSE264344_design/GSE264344_design__T=Blood__H=6__B=NA__G=delivery_ad26__VS=baseline_0.tsv	anchor	acute_main	Blood	6	5	5	3.515367759659114	3.4600259201450054	0.05534183951410876	-1.5742830707270088	1.5742830707270088	TRUE	1	1
ENSMUSG00000074896	Ifit3	21	top_abs_beta_meta	3.7414787591211223	TRUE	GSE264344	GSE264344_design__T=Blood__H=6__B=NA__G=delivery_ad5__VS=baseline_0	<upstream_project_root>/00_metadata/verified_metadata/splited/GSE264344_design/GSE264344_design__T=Blood__H=6__B=NA__G=delivery_ad5__VS=baseline_0.tsv	anchor	acute_main	Blood	6	5	5	4.749455631909948	4.690394088824431	0.05906154308551681	-1.2435434218756094	1.2435434218756094	TRUE	1	1
ENSMUSG00000074896	Ifit3	21	top_abs_beta_meta	3.7414787591211223	TRUE	GSE264344	GSE264344_design__T=Blood__H=72__B=NA__G=delivery_ad26__VS=baseline_0	<upstream_project_root>/00_metadata/verified_metadata/splited/GSE264344_design/GSE264344_design__T=Blood__H=72__B=NA__G=delivery_ad26__VS=baseline_0.tsv	external	extended_transfer	Blood	72	5	5	0.08713996296972348	0.09360733544672739	0.006467372477003908	7.421821465830754	7.421821465830754	TRUE	0.7200000000000001	0.7200000000000001
ENSMUSG00000074896	Ifit3	21	top_abs_beta_meta	3.7414787591211223	TRUE	GSE264344	GSE264344_design__T=Blood__H=72__B=NA__G=delivery_ad5__VS=baseline_0	<upstream_project_root>/00_metadata/verified_metadata/splited/GSE264344_design/GSE264344_design__T=Blood__H=72__B=NA__G=delivery_ad5__VS=baseline_0.tsv	external	extended_transfer	Blood	72	5	5	0.26635130536495155	0.2654864479600574	8.648574048941704e-4	-0.324705525174413	0.324705525174413	TRUE	0.96	0.96
ENSMUSG00000074896	Ifit3	21	top_abs_beta_meta	3.7414787591211223	TRUE	GSE264344	GSE264344_design__T=dLN__H=1__B=NA__G=delivery_ad26__VS=baseline_0	<upstream_project_root>/00_metadata/verified_metadata/splited/GSE264344_design/GSE264344_design__T=dLN__H=1__B=NA__G=delivery_ad26__VS=baseline_0.tsv	anchor	acute_main	dLN	1	5	5	0.36951077174650715	0.3656669947448523	0.0038437770016548356	-1.040234086678197	1.040234086678197	TRUE	0.8400000000000001	0.8400000000000001
ENSMUSG00000074896	Ifit3	21	top_abs_beta_meta	3.7414787591211223	TRUE	GSE264344	GSE264344_design__T=dLN__H=1__B=NA__G=delivery_ad5__VS=baseline_0	<upstream_project_root>/00_metadata/verified_metadata/splited/GSE264344_design/GSE264344_design__T=dLN__H=1__B=NA__G=delivery_ad5__VS=baseline_0.tsv	anchor	acute_main	dLN	1	5	5	0.3592382013315616	0.36928556018572434	0.010047358854162747	2.796851453136372	2.796851453136372	TRUE	0.8	0.8
ENSMUSG00000074896	Ifit3	21	top_abs_beta_meta	3.7414787591211223	TRUE	GSE264344	GSE264344_design__T=dLN__H=12__B=NA__G=delivery_ad26__VS=baseline_0	<upstream_project_root>/00_metadata/verified_metadata/splited/GSE264344_design/GSE264344_design__T=dLN__H=12__B=NA__G=delivery_ad26__VS=baseline_0.tsv	anchor	acute_main	dLN	12	5	5	5.521888634175941	5.462842425076461	0.05904620909947944	-1.069311842582845	1.069311842582845	TRUE	1	1
ENSMUSG00000074896	Ifit3	21	top_abs_beta_meta	3.7414787591211223	TRUE	GSE264344	GSE264344_design__T=dLN__H=12__B=NA__G=delivery_ad5__VS=baseline_0	<upstream_project_root>/00_metadata/verified_metadata/splited/GSE264344_design/GSE264344_design__T=dLN__H=12__B=NA__G=delivery_ad5__VS=baseline_0.tsv	anchor	acute_main	dLN	12	5	5	5.006224300092883	4.950704438646666	0.05551986144621779	-1.1090166584263452	1.1090166584263452	TRUE	1	1
ENSMUSG00000074896	Ifit3	21	top_abs_beta_meta	3.7414787591211223	TRUE	GSE264344	GSE264344_design__T=dLN__H=24__B=NA__G=delivery_ad26__VS=baseline_0	<upstream_project_root>/00_metadata/verified_metadata/splited/GSE264344_design/GSE264344_design__T=dLN__H=24__B=NA__G=delivery_ad26__VS=baseline_0.tsv	anchor	acute_main	dLN	24	5	5	3.75024700596753	3.697721561895058	0.05252544407247184	-1.4005862544224803	1.4005862544224803	TRUE	1	1
ENSMUSG00000074896	Ifit3	21	top_abs_beta_meta	3.7414787591211223	TRUE	GSE264344	GSE264344_design__T=dLN__H=24__B=NA__G=delivery_ad5__VS=baseline_0	<upstream_project_root>/00_metadata/verified_metadata/splited/GSE264344_design/GSE264344_design__T=dLN__H=24__B=NA__G=delivery_ad5__VS=baseline_0.tsv	anchor	acute_main	dLN	24	5	5	3.164769842555989	3.115649870793627	0.04911997176236227	-1.5520866984340036	1.5520866984340036	TRUE	1	1
ENSMUSG00000074896	Ifit3	21	top_abs_beta_meta	3.7414787591211223	TRUE	GSE264344	GSE264344_design__T=dLN__H=3__B=NA__G=delivery_ad26__VS=baseline_0	<upstream_project_root>/00_metadata/verified_metadata/splited/GSE264344_design/GSE264344_design__T=dLN__H=3__B=NA__G=delivery_ad26__VS=baseline_0.tsv	anchor	acute_main	dLN	3	5	5	4.35817929066291	4.2992639993296855	0.05891529133322493	-1.3518326668993805	1.3518326668993805	TRUE	1	1
ENSMUSG00000074896	Ifit3	21	top_abs_beta_meta	3.7414787591211223	TRUE	GSE264344	GSE264344_design__T=dLN__H=3__B=NA__G=delivery_ad5__VS=baseline_0	<upstream_project_root>/00_metadata/verified_metadata/splited/GSE264344_design/GSE264344_design__T=dLN__H=3__B=NA__G=delivery_ad5__VS=baseline_0.tsv	anchor	acute_main	dLN	3	5	5	2.7627049595948865	2.713391764989198	0.049313194605688615	-1.7849605848942962	1.7849605848942962	TRUE	1	1
ENSMUSG00000074896	Ifit3	21	top_abs_beta_meta	3.7414787591211223	TRUE	GSE264344	GSE264344_design__T=dLN__H=6__B=NA__G=delivery_ad26__VS=baseline_0	<upstream_project_root>/00_metadata/verified_metadata/splited/GSE264344_design/GSE264344_design__T=dLN__H=6__B=NA__G=delivery_ad26__VS=baseline_0.tsv	anchor	acute_main	dLN	6	5	5	5.703930536988686	5.640202063696005	0.06372847329268083	-1.1172729555420817	1.1172729555420817	TRUE	1	1
ENSMUSG00000074896	Ifit3	21	top_abs_beta_meta	3.7414787591211223	TRUE	GSE264344	GSE264344_design__T=dLN__H=6__B=NA__G=delivery_ad5__VS=baseline_0	<upstream_project_root>/00_metadata/verified_metadata/splited/GSE264344_design/GSE264344_design__T=dLN__H=6__B=NA__G=delivery_ad5__VS=baseline_0.tsv	anchor	acute_main	dLN	6	5	5	5.288429542245774	5.224367701917725	0.06406184032804951	-1.211358491520058	1.211358491520058	TRUE	1	1
ENSMUSG00000074896	Ifit3	21	top_abs_beta_meta	3.7414787591211223	TRUE	GSE264344	GSE264344_design__T=dLN__H=72__B=NA__G=delivery_ad26__VS=baseline_0	<upstream_project_root>/00_metadata/verified_metadata/splited/GSE264344_design/GSE264344_design__T=dLN__H=72__B=NA__G=delivery_ad26__VS=baseline_0.tsv	external	extended_transfer	dLN	72	5	5	0.3932971804473866	0.3913221366921047	0.0019750437552819022	-0.5021759253486726	0.5021759253486726	TRUE	0.8	0.8
ENSMUSG00000074896	Ifit3	21	top_abs_beta_meta	3.7414787591211223	TRUE	GSE264344	GSE264344_design__T=dLN__H=72__B=NA__G=delivery_ad5__VS=baseline_0	<upstream_project_root>/00_metadata/verified_metadata/splited/GSE264344_design/GSE264344_design__T=dLN__H=72__B=NA__G=delivery_ad5__VS=baseline_0.tsv	external	extended_transfer	dLN	72	5	5	0.4507210263939263	0.4473576106819852	0.003363415711941098	-0.7462300436371259	0.7462300436371259	TRUE	0.8	0.8
ENSMUSG00000074896	Ifit3	21	top_abs_beta_meta	3.7414787591211223	TRUE	GSE264344	GSE264344_design__T=Muscle__H=1__B=NA__G=delivery_ad26__VS=baseline_0	<upstream_project_root>/00_metadata/verified_metadata/splited/GSE264344_design/GSE264344_design__T=Muscle__H=1__B=NA__G=delivery_ad26__VS=baseline_0.tsv	anchor	acute_main	Muscle	1	5	5	0.5752137463208833	0.5819041773898548	0.006690431068971492	1.1631208592917095	1.1631208592917095	TRUE	1	1
ENSMUSG00000074896	Ifit3	21	top_abs_beta_meta	3.7414787591211223	TRUE	GSE264344	GSE264344_design__T=Muscle__H=1__B=NA__G=delivery_ad5__VS=baseline_0	<upstream_project_root>/00_metadata/verified_metadata/splited/GSE264344_design/GSE264344_design__T=Muscle__H=1__B=NA__G=delivery_ad5__VS=baseline_0.tsv	anchor	acute_main	Muscle	1	5	5	0.5210164970803043	0.5322393908622255	0.011222893781921206	2.154038086089896	2.154038086089896	TRUE	0.96	0.96
ENSMUSG00000074896	Ifit3	21	top_abs_beta_meta	3.7414787591211223	TRUE	GSE264344	GSE264344_design__T=Muscle__H=12__B=NA__G=delivery_ad26__VS=baseline_0	<upstream_project_root>/00_metadata/verified_metadata/splited/GSE264344_design/GSE264344_design__T=Muscle__H=12__B=NA__G=delivery_ad26__VS=baseline_0.tsv	anchor	acute_main	Muscle	12	5	5	4.379052454232406	4.329882940355824	0.049169513876582194	-1.1228345490371845	1.1228345490371845	TRUE	1	1
ENSMUSG00000074896	Ifit3	21	top_abs_beta_meta	3.7414787591211223	TRUE	GSE264344	GSE264344_design__T=Muscle__H=12__B=NA__G=delivery_ad5__VS=baseline_0	<upstream_project_root>/00_metadata/verified_metadata/splited/GSE264344_design/GSE264344_design__T=Muscle__H=12__B=NA__G=delivery_ad5__VS=baseline_0.tsv	anchor	acute_main	Muscle	12	5	5	4.561337243094393	4.513725773571882	0.0476114695225105	-1.0438050726153076	1.0438050726153076	TRUE	1	1
ENSMUSG00000074896	Ifit3	21	top_abs_beta_meta	3.7414787591211223	TRUE	GSE264344	GSE264344_design__T=Muscle__H=24__B=NA__G=delivery_ad26__VS=baseline_0	<upstream_project_root>/00_metadata/verified_metadata/splited/GSE264344_design/GSE264344_design__T=Muscle__H=24__B=NA__G=delivery_ad26__VS=baseline_0.tsv	anchor	acute_main	Muscle	24	5	5	3.564906975120775	3.5250106181446164	0.039896356976158565	-1.119141600456683	1.119141600456683	TRUE	1	1
ENSMUSG00000074896	Ifit3	21	top_abs_beta_meta	3.7414787591211223	TRUE	GSE264344	GSE264344_design__T=Muscle__H=24__B=NA__G=delivery_ad5__VS=baseline_0	<upstream_project_root>/00_metadata/verified_metadata/splited/GSE264344_design/GSE264344_design__T=Muscle__H=24__B=NA__G=delivery_ad5__VS=baseline_0.tsv	anchor	acute_main	Muscle	24	5	5	3.5245362334746155	3.4906691149206637	0.03386711855395186	-0.9608957409004822	0.9608957409004822	TRUE	1	1
ENSMUSG00000074896	Ifit3	21	top_abs_beta_meta	3.7414787591211223	TRUE	GSE264344	GSE264344_design__T=Muscle__H=3__B=NA__G=delivery_ad26__VS=baseline_0	<upstream_project_root>/00_metadata/verified_metadata/splited/GSE264344_design/GSE264344_design__T=Muscle__H=3__B=NA__G=delivery_ad26__VS=baseline_0.tsv	anchor	acute_main	Muscle	3	5	5	3.166868738099831	3.125705530578447	0.04116320752138414	-1.2998078204555672	1.2998078204555672	TRUE	1	1
ENSMUSG00000074896	Ifit3	21	top_abs_beta_meta	3.7414787591211223	TRUE	GSE264344	GSE264344_design__T=Muscle__H=3__B=NA__G=delivery_ad5__VS=baseline_0	<upstream_project_root>/00_metadata/verified_metadata/splited/GSE264344_design/GSE264344_design__T=Muscle__H=3__B=NA__G=delivery_ad5__VS=baseline_0.tsv	anchor	acute_main	Muscle	3	5	5	1.8285090170879783	1.8100160710945925	0.0184929459933858	-1.0113675032807354	1.0113675032807354	TRUE	1	1
ENSMUSG00000074896	Ifit3	21	top_abs_beta_meta	3.7414787591211223	TRUE	GSE264344	GSE264344_design__T=Muscle__H=6__B=NA__G=delivery_ad26__VS=baseline_0	<upstream_project_root>/00_metadata/verified_metadata/splited/GSE264344_design/GSE264344_design__T=Muscle__H=6__B=NA__G=delivery_ad26__VS=baseline_0.tsv	anchor	acute_main	Muscle	6	5	5	4.409334481944208	4.35507246405363	0.054262017890578385	-1.2306169584724411	1.2306169584724411	TRUE	1	1
ENSMUSG00000074896	Ifit3	21	top_abs_beta_meta	3.7414787591211223	TRUE	GSE264344	GSE264344_design__T=Muscle__H=6__B=NA__G=delivery_ad5__VS=baseline_0	<upstream_project_root>/00_metadata/verified_metadata/splited/GSE264344_design/GSE264344_design__T=Muscle__H=6__B=NA__G=delivery_ad5__VS=baseline_0.tsv	anchor	acute_main	Muscle	6	5	5	4.115105313956205	4.069076837092804	0.04602847686340095	-1.1185248821530114	1.1185248821530114	TRUE	1	1
ENSMUSG00000074896	Ifit3	21	top_abs_beta_meta	3.7414787591211223	TRUE	GSE264344	GSE264344_design__T=Muscle__H=72__B=NA__G=delivery_ad26__VS=baseline_0	<upstream_project_root>/00_metadata/verified_metadata/splited/GSE264344_design/GSE264344_design__T=Muscle__H=72__B=NA__G=delivery_ad26__VS=baseline_0.tsv	external	extended_transfer	Muscle	72	5	5	1.0550234100660878	1.0533103787765803	0.001713031289507505	-0.1623690311668249	0.1623690311668249	TRUE	0.96	0.96
ENSMUSG00000074896	Ifit3	21	top_abs_beta_meta	3.7414787591211223	TRUE	GSE264344	GSE264344_design__T=Muscle__H=72__B=NA__G=delivery_ad5__VS=baseline_0	<upstream_project_root>/00_metadata/verified_metadata/splited/GSE264344_design/GSE264344_design__T=Muscle__H=72__B=NA__G=delivery_ad5__VS=baseline_0.tsv	external	extended_transfer	Muscle	72	5	5	1.441223145245387	1.4338286169153671	0.007394528330019856	-0.5130731042180732	0.5130731042180732	TRUE	1	1
ENSMUSG00000068606	Gm4841	22	top_abs_beta_meta	3.73972852042063	TRUE	GSE264344	GSE264344_design__T=Blood__H=1__B=NA__G=delivery_ad26__VS=baseline_0	<upstream_project_root>/00_metadata/verified_metadata/splited/GSE264344_design/GSE264344_design__T=Blood__H=1__B=NA__G=delivery_ad26__VS=baseline_0.tsv	anchor	acute_main	Blood	1	5	5	0.0779068941903649	0.07522054512180232	0.002686349068562577	-3.448153204514229	3.448153204514229	TRUE	0.68	0.68
ENSMUSG00000068606	Gm4841	22	top_abs_beta_meta	3.73972852042063	TRUE	GSE264344	GSE264344_design__T=Blood__H=1__B=NA__G=delivery_ad5__VS=baseline_0	<upstream_project_root>/00_metadata/verified_metadata/splited/GSE264344_design/GSE264344_design__T=Blood__H=1__B=NA__G=delivery_ad5__VS=baseline_0.tsv	anchor	acute_main	Blood	1	5	5	0.22131834935303651	0.22140975589489031	9.140654185380015e-5	0.04130093239941564	0.04130093239941564	TRUE	0.88	0.88
ENSMUSG00000068606	Gm4841	22	top_abs_beta_meta	3.73972852042063	TRUE	GSE264344	GSE264344_design__T=Blood__H=12__B=NA__G=delivery_ad26__VS=baseline_0	<upstream_project_root>/00_metadata/verified_metadata/splited/GSE264344_design/GSE264344_design__T=Blood__H=12__B=NA__G=delivery_ad26__VS=baseline_0.tsv	anchor	acute_main	Blood	12	5	5	4.557142380026869	4.497651938320293	0.05949044170657647	-1.3054330267869687	1.3054330267869687	TRUE	1	1
ENSMUSG00000068606	Gm4841	22	top_abs_beta_meta	3.73972852042063	TRUE	GSE264344	GSE264344_design__T=Blood__H=12__B=NA__G=delivery_ad5__VS=baseline_0	<upstream_project_root>/00_metadata/verified_metadata/splited/GSE264344_design/GSE264344_design__T=Blood__H=12__B=NA__G=delivery_ad5__VS=baseline_0.tsv	anchor	acute_main	Blood	12	5	5	2.7728375923214097	2.743427322443072	0.029410269878337836	-1.0606560571661776	1.0606560571661776	TRUE	1	1
ENSMUSG00000068606	Gm4841	22	top_abs_beta_meta	3.73972852042063	TRUE	GSE264344	GSE264344_design__T=Blood__H=24__B=NA__G=delivery_ad26__VS=baseline_0	<upstream_project_root>/00_metadata/verified_metadata/splited/GSE264344_design/GSE264344_design__T=Blood__H=24__B=NA__G=delivery_ad26__VS=baseline_0.tsv	anchor	acute_main	Blood	24	5	5	2.7381119047981937	2.698813257911901	0.03929864688629259	-1.4352461934600516	1.4352461934600516	TRUE	1	1
ENSMUSG00000068606	Gm4841	22	top_abs_beta_meta	3.73972852042063	TRUE	GSE264344	GSE264344_design__T=Blood__H=24__B=NA__G=delivery_ad5__VS=baseline_0	<upstream_project_root>/00_metadata/verified_metadata/splited/GSE264344_design/GSE264344_design__T=Blood__H=24__B=NA__G=delivery_ad5__VS=baseline_0.tsv	anchor	acute_main	Blood	24	5	5	1.4094733289679715	1.394134340908756	0.015338988059215408	-1.0882779932023792	1.0882779932023792	TRUE	1	1
ENSMUSG00000068606	Gm4841	22	top_abs_beta_meta	3.73972852042063	TRUE	GSE264344	GSE264344_design__T=Blood__H=3__B=NA__G=delivery_ad26__VS=baseline_0	<upstream_project_root>/00_metadata/verified_metadata/splited/GSE264344_design/GSE264344_design__T=Blood__H=3__B=NA__G=delivery_ad26__VS=baseline_0.tsv	anchor	acute_main	Blood	3	5	5	3.6646891330381473	3.6208174801414565	0.043871652896690705	-1.1971452776492304	1.1971452776492304	TRUE	1	1
ENSMUSG00000068606	Gm4841	22	top_abs_beta_meta	3.73972852042063	TRUE	GSE264344	GSE264344_design__T=Blood__H=3__B=NA__G=delivery_ad5__VS=baseline_0	<upstream_project_root>/00_metadata/verified_metadata/splited/GSE264344_design/GSE264344_design__T=Blood__H=3__B=NA__G=delivery_ad5__VS=baseline_0.tsv	anchor	acute_main	Blood	3	5	5	0.9366653756632484	0.9285502115904664	0.00811516407278201	-0.8663888175684621	0.8663888175684621	TRUE	1	1
ENSMUSG00000068606	Gm4841	22	top_abs_beta_meta	3.73972852042063	TRUE	GSE264344	GSE264344_design__T=Blood__H=6__B=NA__G=delivery_ad26__VS=baseline_0	<upstream_project_root>/00_metadata/verified_metadata/splited/GSE264344_design/GSE264344_design__T=Blood__H=6__B=NA__G=delivery_ad26__VS=baseline_0.tsv	anchor	acute_main	Blood	6	5	5	3.515367759659114	3.4785405317078086	0.03682722795130555	-1.0476066934993082	1.0476066934993082	TRUE	1	1
ENSMUSG00000068606	Gm4841	22	top_abs_beta_meta	3.73972852042063	TRUE	GSE264344	GSE264344_design__T=Blood__H=6__B=NA__G=delivery_ad5__VS=baseline_0	<upstream_project_root>/00_metadata/verified_metadata/splited/GSE264344_design/GSE264344_design__T=Blood__H=6__B=NA__G=delivery_ad5__VS=baseline_0.tsv	anchor	acute_main	Blood	6	5	5	4.749455631909948	4.691548518258182	0.057907113651765485	-1.2192368586982398	1.2192368586982398	TRUE	1	1
ENSMUSG00000068606	Gm4841	22	top_abs_beta_meta	3.73972852042063	TRUE	GSE264344	GSE264344_design__T=Blood__H=72__B=NA__G=delivery_ad26__VS=baseline_0	<upstream_project_root>/00_metadata/verified_metadata/splited/GSE264344_design/GSE264344_design__T=Blood__H=72__B=NA__G=delivery_ad26__VS=baseline_0.tsv	external	extended_transfer	Blood	72	5	5	0.08713996296972348	0.08019680496442627	0.006943158005297212	-7.9678229926602	7.9678229926602	TRUE	0.7200000000000001	0.68
ENSMUSG00000068606	Gm4841	22	top_abs_beta_meta	3.73972852042063	TRUE	GSE264344	GSE264344_design__T=Blood__H=72__B=NA__G=delivery_ad5__VS=baseline_0	<upstream_project_root>/00_metadata/verified_metadata/splited/GSE264344_design/GSE264344_design__T=Blood__H=72__B=NA__G=delivery_ad5__VS=baseline_0.tsv	external	extended_transfer	Blood	72	5	5	0.26635130536495155	0.26350605838253727	0.0028452469824142845	-1.0682309134981558	1.0682309134981558	TRUE	0.96	0.96
ENSMUSG00000068606	Gm4841	22	top_abs_beta_meta	3.73972852042063	TRUE	GSE264344	GSE264344_design__T=dLN__H=1__B=NA__G=delivery_ad26__VS=baseline_0	<upstream_project_root>/00_metadata/verified_metadata/splited/GSE264344_design/GSE264344_design__T=dLN__H=1__B=NA__G=delivery_ad26__VS=baseline_0.tsv	anchor	acute_main	dLN	1	5	5	0.36951077174650715	0.36529851338362884	0.004212258362878307	-1.1399554992588992	1.1399554992588992	TRUE	0.8400000000000001	0.8400000000000001
ENSMUSG00000068606	Gm4841	22	top_abs_beta_meta	3.73972852042063	TRUE	GSE264344	GSE264344_design__T=dLN__H=1__B=NA__G=delivery_ad5__VS=baseline_0	<upstream_project_root>/00_metadata/verified_metadata/splited/GSE264344_design/GSE264344_design__T=dLN__H=1__B=NA__G=delivery_ad5__VS=baseline_0.tsv	anchor	acute_main	dLN	1	5	5	0.3592382013315616	0.3542552677255013	0.00498293360606028	-1.3870834414576205	1.3870834414576205	TRUE	0.8	0.8
ENSMUSG00000068606	Gm4841	22	top_abs_beta_meta	3.73972852042063	TRUE	GSE264344	GSE264344_design__T=dLN__H=12__B=NA__G=delivery_ad26__VS=baseline_0	<upstream_project_root>/00_metadata/verified_metadata/splited/GSE264344_design/GSE264344_design__T=dLN__H=12__B=NA__G=delivery_ad26__VS=baseline_0.tsv	anchor	acute_main	dLN	12	5	5	5.521888634175941	5.449190123964293	0.07269851021164797	-1.3165515465434072	1.3165515465434072	TRUE	1	1
ENSMUSG00000068606	Gm4841	22	top_abs_beta_meta	3.73972852042063	TRUE	GSE264344	GSE264344_design__T=dLN__H=12__B=NA__G=delivery_ad5__VS=baseline_0	<upstream_project_root>/00_metadata/verified_metadata/splited/GSE264344_design/GSE264344_design__T=dLN__H=12__B=NA__G=delivery_ad5__VS=baseline_0.tsv	anchor	acute_main	dLN	12	5	5	5.006224300092883	4.9394996173367725	0.06672468275611099	-1.3328344627881137	1.3328344627881137	TRUE	1	1
ENSMUSG00000068606	Gm4841	22	top_abs_beta_meta	3.73972852042063	TRUE	GSE264344	GSE264344_design__T=dLN__H=24__B=NA__G=delivery_ad26__VS=baseline_0	<upstream_project_root>/00_metadata/verified_metadata/splited/GSE264344_design/GSE264344_design__T=dLN__H=24__B=NA__G=delivery_ad26__VS=baseline_0.tsv	anchor	acute_main	dLN	24	5	5	3.75024700596753	3.703882709722712	0.04636429624481808	-1.2362998002809287	1.2362998002809287	TRUE	1	1
ENSMUSG00000068606	Gm4841	22	top_abs_beta_meta	3.73972852042063	TRUE	GSE264344	GSE264344_design__T=dLN__H=24__B=NA__G=delivery_ad5__VS=baseline_0	<upstream_project_root>/00_metadata/verified_metadata/splited/GSE264344_design/GSE264344_design__T=dLN__H=24__B=NA__G=delivery_ad5__VS=baseline_0.tsv	anchor	acute_main	dLN	24	5	5	3.164769842555989	3.1277339439910916	0.03703589856489753	-1.1702556712618926	1.1702556712618926	TRUE	1	1
ENSMUSG00000068606	Gm4841	22	top_abs_beta_meta	3.73972852042063	TRUE	GSE264344	GSE264344_design__T=dLN__H=3__B=NA__G=delivery_ad26__VS=baseline_0	<upstream_project_root>/00_metadata/verified_metadata/splited/GSE264344_design/GSE264344_design__T=dLN__H=3__B=NA__G=delivery_ad26__VS=baseline_0.tsv	anchor	acute_main	dLN	3	5	5	4.35817929066291	4.30329191480989	0.054887375853020615	-1.2594106894733064	1.2594106894733064	TRUE	1	1
ENSMUSG00000068606	Gm4841	22	top_abs_beta_meta	3.73972852042063	TRUE	GSE264344	GSE264344_design__T=dLN__H=3__B=NA__G=delivery_ad5__VS=baseline_0	<upstream_project_root>/00_metadata/verified_metadata/splited/GSE264344_design/GSE264344_design__T=dLN__H=3__B=NA__G=delivery_ad5__VS=baseline_0.tsv	anchor	acute_main	dLN	3	5	5	2.7627049595948865	2.7255632531653298	0.03714170642955672	-1.3443964148456538	1.3443964148456538	TRUE	1	1
ENSMUSG00000068606	Gm4841	22	top_abs_beta_meta	3.73972852042063	TRUE	GSE264344	GSE264344_design__T=dLN__H=6__B=NA__G=delivery_ad26__VS=baseline_0	<upstream_project_root>/00_metadata/verified_metadata/splited/GSE264344_design/GSE264344_design__T=dLN__H=6__B=NA__G=delivery_ad26__VS=baseline_0.tsv	anchor	acute_main	dLN	6	5	5	5.703930536988686	5.631181393304232	0.07274914368445451	-1.2754212768317028	1.2754212768317028	TRUE	1	1
ENSMUSG00000068606	Gm4841	22	top_abs_beta_meta	3.73972852042063	TRUE	GSE264344	GSE264344_design__T=dLN__H=6__B=NA__G=delivery_ad5__VS=baseline_0	<upstream_project_root>/00_metadata/verified_metadata/splited/GSE264344_design/GSE264344_design__T=dLN__H=6__B=NA__G=delivery_ad5__VS=baseline_0.tsv	anchor	acute_main	dLN	6	5	5	5.288429542245774	5.2209483015516325	0.06748124069414185	-1.2760166350913582	1.2760166350913582	TRUE	1	1
ENSMUSG00000068606	Gm4841	22	top_abs_beta_meta	3.73972852042063	TRUE	GSE264344	GSE264344_design__T=dLN__H=72__B=NA__G=delivery_ad26__VS=baseline_0	<upstream_project_root>/00_metadata/verified_metadata/splited/GSE264344_design/GSE264344_design__T=dLN__H=72__B=NA__G=delivery_ad26__VS=baseline_0.tsv	external	extended_transfer	dLN	72	5	5	0.3932971804473866	0.3875956848798596	0.005701495567526971	-1.4496660161767139	1.4496660161767139	TRUE	0.8	0.8
ENSMUSG00000068606	Gm4841	22	top_abs_beta_meta	3.73972852042063	TRUE	GSE264344	GSE264344_design__T=dLN__H=72__B=NA__G=delivery_ad5__VS=baseline_0	<upstream_project_root>/00_metadata/verified_metadata/splited/GSE264344_design/GSE264344_design__T=dLN__H=72__B=NA__G=delivery_ad5__VS=baseline_0.tsv	external	extended_transfer	dLN	72	5	5	0.4507210263939263	0.44352895954342375	0.007192066850502554	-1.5956803497817627	1.5956803497817627	TRUE	0.8	0.8
ENSMUSG00000068606	Gm4841	22	top_abs_beta_meta	3.73972852042063	TRUE	GSE264344	GSE264344_design__T=Muscle__H=1__B=NA__G=delivery_ad26__VS=baseline_0	<upstream_project_root>/00_metadata/verified_metadata/splited/GSE264344_design/GSE264344_design__T=Muscle__H=1__B=NA__G=delivery_ad26__VS=baseline_0.tsv	anchor	acute_main	Muscle	1	5	5	0.5752137463208833	0.5651693987479294	0.010044347572953916	-1.746193938722506	1.746193938722506	TRUE	1	1
ENSMUSG00000068606	Gm4841	22	top_abs_beta_meta	3.73972852042063	TRUE	GSE264344	GSE264344_design__T=Muscle__H=1__B=NA__G=delivery_ad5__VS=baseline_0	<upstream_project_root>/00_metadata/verified_metadata/splited/GSE264344_design/GSE264344_design__T=Muscle__H=1__B=NA__G=delivery_ad5__VS=baseline_0.tsv	anchor	acute_main	Muscle	1	5	5	0.5210164970803043	0.5146478100737097	0.006368687006594542	-1.2223580332453343	1.2223580332453343	TRUE	0.96	0.96
ENSMUSG00000068606	Gm4841	22	top_abs_beta_meta	3.73972852042063	TRUE	GSE264344	GSE264344_design__T=Muscle__H=12__B=NA__G=delivery_ad26__VS=baseline_0	<upstream_project_root>/00_metadata/verified_metadata/splited/GSE264344_design/GSE264344_design__T=Muscle__H=12__B=NA__G=delivery_ad26__VS=baseline_0.tsv	anchor	acute_main	Muscle	12	5	5	4.379052454232406	4.323155402012226	0.055897052220180043	-1.2764645503653393	1.2764645503653393	TRUE	1	1
ENSMUSG00000068606	Gm4841	22	top_abs_beta_meta	3.73972852042063	TRUE	GSE264344	GSE264344_design__T=Muscle__H=12__B=NA__G=delivery_ad5__VS=baseline_0	<upstream_project_root>/00_metadata/verified_metadata/splited/GSE264344_design/GSE264344_design__T=Muscle__H=12__B=NA__G=delivery_ad5__VS=baseline_0.tsv	anchor	acute_main	Muscle	12	5	5	4.561337243094393	4.500118247065442	0.0612189960289502	-1.3421282568315314	1.3421282568315314	TRUE	1	1
ENSMUSG00000068606	Gm4841	22	top_abs_beta_meta	3.73972852042063	TRUE	GSE264344	GSE264344_design__T=Muscle__H=24__B=NA__G=delivery_ad26__VS=baseline_0	<upstream_project_root>/00_metadata/verified_metadata/splited/GSE264344_design/GSE264344_design__T=Muscle__H=24__B=NA__G=delivery_ad26__VS=baseline_0.tsv	anchor	acute_main	Muscle	24	5	5	3.564906975120775	3.5095684179035915	0.05533855721718339	-1.5523142007179187	1.5523142007179187	TRUE	1	1
ENSMUSG00000068606	Gm4841	22	top_abs_beta_meta	3.73972852042063	TRUE	GSE264344	GSE264344_design__T=Muscle__H=24__B=NA__G=delivery_ad5__VS=baseline_0	<upstream_project_root>/00_metadata/verified_metadata/splited/GSE264344_design/GSE264344_design__T=Muscle__H=24__B=NA__G=delivery_ad5__VS=baseline_0.tsv	anchor	acute_main	Muscle	24	5	5	3.5245362334746155	3.4673368660327553	0.05719936744186027	-1.6228906061059574	1.6228906061059574	TRUE	1	1
ENSMUSG00000068606	Gm4841	22	top_abs_beta_meta	3.73972852042063	TRUE	GSE264344	GSE264344_design__T=Muscle__H=3__B=NA__G=delivery_ad26__VS=baseline_0	<upstream_project_root>/00_metadata/verified_metadata/splited/GSE264344_design/GSE264344_design__T=Muscle__H=3__B=NA__G=delivery_ad26__VS=baseline_0.tsv	anchor	acute_main	Muscle	3	5	5	3.166868738099831	3.127802958983472	0.03906577911635889	-1.2335774655377396	1.2335774655377396	TRUE	1	1
ENSMUSG00000068606	Gm4841	22	top_abs_beta_meta	3.73972852042063	TRUE	GSE264344	GSE264344_design__T=Muscle__H=3__B=NA__G=delivery_ad5__VS=baseline_0	<upstream_project_root>/00_metadata/verified_metadata/splited/GSE264344_design/GSE264344_design__T=Muscle__H=3__B=NA__G=delivery_ad5__VS=baseline_0.tsv	anchor	acute_main	Muscle	3	5	5	1.8285090170879783	1.8013757272983717	0.027133289789606607	-1.4839024328585575	1.4839024328585575	TRUE	1	1
ENSMUSG00000068606	Gm4841	22	top_abs_beta_meta	3.73972852042063	TRUE	GSE264344	GSE264344_design__T=Muscle__H=6__B=NA__G=delivery_ad26__VS=baseline_0	<upstream_project_root>/00_metadata/verified_metadata/splited/GSE264344_design/GSE264344_design__T=Muscle__H=6__B=NA__G=delivery_ad26__VS=baseline_0.tsv	anchor	acute_main	Muscle	6	5	5	4.409334481944208	4.353819284289351	0.05551519765485757	-1.2590380222273192	1.2590380222273192	TRUE	1	1
ENSMUSG00000068606	Gm4841	22	top_abs_beta_meta	3.73972852042063	TRUE	GSE264344	GSE264344_design__T=Muscle__H=6__B=NA__G=delivery_ad5__VS=baseline_0	<upstream_project_root>/00_metadata/verified_metadata/splited/GSE264344_design/GSE264344_design__T=Muscle__H=6__B=NA__G=delivery_ad5__VS=baseline_0.tsv	anchor	acute_main	Muscle	6	5	5	4.115105313956205	4.065585999390557	0.0495193145656474	-1.2033547330539693	1.2033547330539693	TRUE	1	1
ENSMUSG00000068606	Gm4841	22	top_abs_beta_meta	3.73972852042063	TRUE	GSE264344	GSE264344_design__T=Muscle__H=72__B=NA__G=delivery_ad26__VS=baseline_0	<upstream_project_root>/00_metadata/verified_metadata/splited/GSE264344_design/GSE264344_design__T=Muscle__H=72__B=NA__G=delivery_ad26__VS=baseline_0.tsv	external	extended_transfer	Muscle	72	5	5	1.0550234100660878	1.0395620820622289	0.01546132800385891	-1.4654962019174906	1.4654962019174906	TRUE	0.96	0.96
ENSMUSG00000068606	Gm4841	22	top_abs_beta_meta	3.73972852042063	TRUE	GSE264344	GSE264344_design__T=Muscle__H=72__B=NA__G=delivery_ad5__VS=baseline_0	<upstream_project_root>/00_metadata/verified_metadata/splited/GSE264344_design/GSE264344_design__T=Muscle__H=72__B=NA__G=delivery_ad5__VS=baseline_0.tsv	external	extended_transfer	Muscle	72	5	5	1.441223145245387	1.4167374956396313	0.02448564960575572	-1.6989492353445879	1.6989492353445879	TRUE	1	1
ENSMUSG00000092021	Gbp11	23	top_abs_beta_meta	3.667647830351214	TRUE	GSE264344	GSE264344_design__T=Blood__H=1__B=NA__G=delivery_ad26__VS=baseline_0	<upstream_project_root>/00_metadata/verified_metadata/splited/GSE264344_design/GSE264344_design__T=Blood__H=1__B=NA__G=delivery_ad26__VS=baseline_0.tsv	anchor	acute_main	Blood	1	5	5	0.0779068941903649	0.07946112982573161	0.0015542356353667186	1.994991138485069	1.994991138485069	TRUE	0.68	0.68
ENSMUSG00000092021	Gbp11	23	top_abs_beta_meta	3.667647830351214	TRUE	GSE264344	GSE264344_design__T=Blood__H=1__B=NA__G=delivery_ad5__VS=baseline_0	<upstream_project_root>/00_metadata/verified_metadata/splited/GSE264344_design/GSE264344_design__T=Blood__H=1__B=NA__G=delivery_ad5__VS=baseline_0.tsv	anchor	acute_main	Blood	1	5	5	0.22131834935303651	0.2217471455141392	4.287961611026958e-4	0.19374632169278497	0.19374632169278497	TRUE	0.88	0.88
ENSMUSG00000092021	Gbp11	23	top_abs_beta_meta	3.667647830351214	TRUE	GSE264344	GSE264344_design__T=Blood__H=12__B=NA__G=delivery_ad26__VS=baseline_0	<upstream_project_root>/00_metadata/verified_metadata/splited/GSE264344_design/GSE264344_design__T=Blood__H=12__B=NA__G=delivery_ad26__VS=baseline_0.tsv	anchor	acute_main	Blood	12	5	5	4.557142380026869	4.545532635954376	0.011609744072493378	-0.25475930099039223	0.25475930099039223	TRUE	1	1
ENSMUSG00000092021	Gbp11	23	top_abs_beta_meta	3.667647830351214	TRUE	GSE264344	GSE264344_design__T=Blood__H=12__B=NA__G=delivery_ad5__VS=baseline_0	<upstream_project_root>/00_metadata/verified_metadata/splited/GSE264344_design/GSE264344_design__T=Blood__H=12__B=NA__G=delivery_ad5__VS=baseline_0.tsv	anchor	acute_main	Blood	12	5	5	2.7728375923214097	2.7708640589861675	0.0019735333352421947	-0.07117378027142078	0.07117378027142078	TRUE	1	1
ENSMUSG00000092021	Gbp11	23	top_abs_beta_meta	3.667647830351214	TRUE	GSE264344	GSE264344_design__T=Blood__H=24__B=NA__G=delivery_ad26__VS=baseline_0	<upstream_project_root>/00_metadata/verified_metadata/splited/GSE264344_design/GSE264344_design__T=Blood__H=24__B=NA__G=delivery_ad26__VS=baseline_0.tsv	anchor	acute_main	Blood	24	5	5	2.7381119047981937	2.7274349908089555	0.010676913989238201	-0.3899370938977426	0.3899370938977426	TRUE	1	1
ENSMUSG00000092021	Gbp11	23	top_abs_beta_meta	3.667647830351214	TRUE	GSE264344	GSE264344_design__T=Blood__H=24__B=NA__G=delivery_ad5__VS=baseline_0	<upstream_project_root>/00_metadata/verified_metadata/splited/GSE264344_design/GSE264344_design__T=Blood__H=24__B=NA__G=delivery_ad5__VS=baseline_0.tsv	anchor	acute_main	Blood	24	5	5	1.4094733289679715	1.4083816648529774	0.001091664114994062	-0.07745191714932186	0.07745191714932186	TRUE	1	1
ENSMUSG00000092021	Gbp11	23	top_abs_beta_meta	3.667647830351214	TRUE	GSE264344	GSE264344_design__T=Blood__H=3__B=NA__G=delivery_ad26__VS=baseline_0	<upstream_project_root>/00_metadata/verified_metadata/splited/GSE264344_design/GSE264344_design__T=Blood__H=3__B=NA__G=delivery_ad26__VS=baseline_0.tsv	anchor	acute_main	Blood	3	5	5	3.6646891330381473	3.6489564282360516	0.015732704802095654	-0.42930530342290524	0.42930530342290524	TRUE	1	1
ENSMUSG00000092021	Gbp11	23	top_abs_beta_meta	3.667647830351214	TRUE	GSE264344	GSE264344_design__T=Blood__H=3__B=NA__G=delivery_ad5__VS=baseline_0	<upstream_project_root>/00_metadata/verified_metadata/splited/GSE264344_design/GSE264344_design__T=Blood__H=3__B=NA__G=delivery_ad5__VS=baseline_0.tsv	anchor	acute_main	Blood	3	5	5	0.9366653756632484	0.9340345639799962	0.0026308116832521877	-0.28086996184622737	0.28086996184622737	TRUE	1	1
ENSMUSG00000092021	Gbp11	23	top_abs_beta_meta	3.667647830351214	TRUE	GSE264344	GSE264344_design__T=Blood__H=6__B=NA__G=delivery_ad26__VS=baseline_0	<upstream_project_root>/00_metadata/verified_metadata/splited/GSE264344_design/GSE264344_design__T=Blood__H=6__B=NA__G=delivery_ad26__VS=baseline_0.tsv	anchor	acute_main	Blood	6	5	5	3.515367759659114	3.5125117932597756	0.0028559663993386053	-0.08124232212949319	0.08124232212949319	TRUE	1	1
ENSMUSG00000092021	Gbp11	23	top_abs_beta_meta	3.667647830351214	TRUE	GSE264344	GSE264344_design__T=Blood__H=6__B=NA__G=delivery_ad5__VS=baseline_0	<upstream_project_root>/00_metadata/verified_metadata/splited/GSE264344_design/GSE264344_design__T=Blood__H=6__B=NA__G=delivery_ad5__VS=baseline_0.tsv	anchor	acute_main	Blood	6	5	5	4.749455631909948	4.723462451578372	0.02599318033157605	-0.5472875703256784	0.5472875703256784	TRUE	1	1
ENSMUSG00000092021	Gbp11	23	top_abs_beta_meta	3.667647830351214	TRUE	GSE264344	GSE264344_design__T=Blood__H=72__B=NA__G=delivery_ad26__VS=baseline_0	<upstream_project_root>/00_metadata/verified_metadata/splited/GSE264344_design/GSE264344_design__T=Blood__H=72__B=NA__G=delivery_ad26__VS=baseline_0.tsv	external	extended_transfer	Blood	72	5	5	0.08713996296972348	0.07636003133793956	0.010779931631783923	-12.37082420557073	12.37082420557073	TRUE	0.7200000000000001	0.68
ENSMUSG00000092021	Gbp11	23	top_abs_beta_meta	3.667647830351214	TRUE	GSE264344	GSE264344_design__T=Blood__H=72__B=NA__G=delivery_ad5__VS=baseline_0	<upstream_project_root>/00_metadata/verified_metadata/splited/GSE264344_design/GSE264344_design__T=Blood__H=72__B=NA__G=delivery_ad5__VS=baseline_0.tsv	external	extended_transfer	Blood	72	5	5	0.26635130536495155	0.26867301333905425	0.0023217079741026936	0.8716713330619933	0.8716713330619933	TRUE	0.96	0.96
ENSMUSG00000092021	Gbp11	23	top_abs_beta_meta	3.667647830351214	TRUE	GSE264344	GSE264344_design__T=dLN__H=1__B=NA__G=delivery_ad26__VS=baseline_0	<upstream_project_root>/00_metadata/verified_metadata/splited/GSE264344_design/GSE264344_design__T=dLN__H=1__B=NA__G=delivery_ad26__VS=baseline_0.tsv	anchor	acute_main	dLN	1	5	5	0.36951077174650715	0.3766371038219246	0.007126332075417463	1.9285857464275196	1.9285857464275196	TRUE	0.8400000000000001	0.8400000000000001
ENSMUSG00000092021	Gbp11	23	top_abs_beta_meta	3.667647830351214	TRUE	GSE264344	GSE264344_design__T=dLN__H=1__B=NA__G=delivery_ad5__VS=baseline_0	<upstream_project_root>/00_metadata/verified_metadata/splited/GSE264344_design/GSE264344_design__T=dLN__H=1__B=NA__G=delivery_ad5__VS=baseline_0.tsv	anchor	acute_main	dLN	1	5	5	0.3592382013315616	0.3649798941402175	0.005741692808655885	1.598296836854649	1.598296836854649	TRUE	0.8	0.8
ENSMUSG00000092021	Gbp11	23	top_abs_beta_meta	3.667647830351214	TRUE	GSE264344	GSE264344_design__T=dLN__H=12__B=NA__G=delivery_ad26__VS=baseline_0	<upstream_project_root>/00_metadata/verified_metadata/splited/GSE264344_design/GSE264344_design__T=dLN__H=12__B=NA__G=delivery_ad26__VS=baseline_0.tsv	anchor	acute_main	dLN	12	5	5	5.521888634175941	5.491996474903925	0.029892159272015384	-0.5413394085314859	0.5413394085314859	TRUE	1	1
ENSMUSG00000092021	Gbp11	23	top_abs_beta_meta	3.667647830351214	TRUE	GSE264344	GSE264344_design__T=dLN__H=12__B=NA__G=delivery_ad5__VS=baseline_0	<upstream_project_root>/00_metadata/verified_metadata/splited/GSE264344_design/GSE264344_design__T=dLN__H=12__B=NA__G=delivery_ad5__VS=baseline_0.tsv	anchor	acute_main	dLN	12	5	5	5.006224300092883	4.977928048154332	0.02829625193855101	-0.565221417227071	0.565221417227071	TRUE	1	1
ENSMUSG00000092021	Gbp11	23	top_abs_beta_meta	3.667647830351214	TRUE	GSE264344	GSE264344_design__T=dLN__H=24__B=NA__G=delivery_ad26__VS=baseline_0	<upstream_project_root>/00_metadata/verified_metadata/splited/GSE264344_design/GSE264344_design__T=dLN__H=24__B=NA__G=delivery_ad26__VS=baseline_0.tsv	anchor	acute_main	dLN	24	5	5	3.75024700596753	3.7314126802959127	0.018834325671617247	-0.5022156045094465	0.5022156045094465	TRUE	1	1
ENSMUSG00000092021	Gbp11	23	top_abs_beta_meta	3.667647830351214	TRUE	GSE264344	GSE264344_design__T=dLN__H=24__B=NA__G=delivery_ad5__VS=baseline_0	<upstream_project_root>/00_metadata/verified_metadata/splited/GSE264344_design/GSE264344_design__T=dLN__H=24__B=NA__G=delivery_ad5__VS=baseline_0.tsv	anchor	acute_main	dLN	24	5	5	3.164769842555989	3.148511738309903	0.01625810424608609	-0.5137215360013486	0.5137215360013486	TRUE	1	1
ENSMUSG00000092021	Gbp11	23	top_abs_beta_meta	3.667647830351214	TRUE	GSE264344	GSE264344_design__T=dLN__H=3__B=NA__G=delivery_ad26__VS=baseline_0	<upstream_project_root>/00_metadata/verified_metadata/splited/GSE264344_design/GSE264344_design__T=dLN__H=3__B=NA__G=delivery_ad26__VS=baseline_0.tsv	anchor	acute_main	dLN	3	5	5	4.35817929066291	4.331899760153369	0.026279530509541793	-0.6029933317760429	0.6029933317760429	TRUE	1	1
ENSMUSG00000092021	Gbp11	23	top_abs_beta_meta	3.667647830351214	TRUE	GSE264344	GSE264344_design__T=dLN__H=3__B=NA__G=delivery_ad5__VS=baseline_0	<upstream_project_root>/00_metadata/verified_metadata/splited/GSE264344_design/GSE264344_design__T=dLN__H=3__B=NA__G=delivery_ad5__VS=baseline_0.tsv	anchor	acute_main	dLN	3	5	5	2.7627049595948865	2.7471731210298924	0.015531838564994072	-0.5621967887324315	0.5621967887324315	TRUE	1	1
ENSMUSG00000092021	Gbp11	23	top_abs_beta_meta	3.667647830351214	TRUE	GSE264344	GSE264344_design__T=dLN__H=6__B=NA__G=delivery_ad26__VS=baseline_0	<upstream_project_root>/00_metadata/verified_metadata/splited/GSE264344_design/GSE264344_design__T=dLN__H=6__B=NA__G=delivery_ad26__VS=baseline_0.tsv	anchor	acute_main	dLN	6	5	5	5.703930536988686	5.6659176505695825	0.03801288641910361	-0.6664331932620625	0.6664331932620625	TRUE	1	1
ENSMUSG00000092021	Gbp11	23	top_abs_beta_meta	3.667647830351214	TRUE	GSE264344	GSE264344_design__T=dLN__H=6__B=NA__G=delivery_ad5__VS=baseline_0	<upstream_project_root>/00_metadata/verified_metadata/splited/GSE264344_design/GSE264344_design__T=dLN__H=6__B=NA__G=delivery_ad5__VS=baseline_0.tsv	anchor	acute_main	dLN	6	5	5	5.288429542245774	5.25369286265635	0.03473667958942439	-0.6568430062636927	0.6568430062636927	TRUE	1	1
ENSMUSG00000092021	Gbp11	23	top_abs_beta_meta	3.667647830351214	TRUE	GSE264344	GSE264344_design__T=dLN__H=72__B=NA__G=delivery_ad26__VS=baseline_0	<upstream_project_root>/00_metadata/verified_metadata/splited/GSE264344_design/GSE264344_design__T=dLN__H=72__B=NA__G=delivery_ad26__VS=baseline_0.tsv	external	extended_transfer	dLN	72	5	5	0.3932971804473866	0.38425127505492995	0.009045905392456643	-2.3000178598195573	2.3000178598195573	TRUE	0.8	0.8
ENSMUSG00000092021	Gbp11	23	top_abs_beta_meta	3.667647830351214	TRUE	GSE264344	GSE264344_design__T=dLN__H=72__B=NA__G=delivery_ad5__VS=baseline_0	<upstream_project_root>/00_metadata/verified_metadata/splited/GSE264344_design/GSE264344_design__T=dLN__H=72__B=NA__G=delivery_ad5__VS=baseline_0.tsv	external	extended_transfer	dLN	72	5	5	0.4507210263939263	0.44460086833525325	0.006120158058673053	-1.3578594519182887	1.3578594519182887	TRUE	0.8	0.8
ENSMUSG00000092021	Gbp11	23	top_abs_beta_meta	3.667647830351214	TRUE	GSE264344	GSE264344_design__T=Muscle__H=1__B=NA__G=delivery_ad26__VS=baseline_0	<upstream_project_root>/00_metadata/verified_metadata/splited/GSE264344_design/GSE264344_design__T=Muscle__H=1__B=NA__G=delivery_ad26__VS=baseline_0.tsv	anchor	acute_main	Muscle	1	5	5	0.5752137463208833	0.5701157634280077	0.005097982892875552	-0.8862762626037174	0.8862762626037174	TRUE	1	1
ENSMUSG00000092021	Gbp11	23	top_abs_beta_meta	3.667647830351214	TRUE	GSE264344	GSE264344_design__T=Muscle__H=1__B=NA__G=delivery_ad5__VS=baseline_0	<upstream_project_root>/00_metadata/verified_metadata/splited/GSE264344_design/GSE264344_design__T=Muscle__H=1__B=NA__G=delivery_ad5__VS=baseline_0.tsv	anchor	acute_main	Muscle	1	5	5	0.5210164970803043	0.5077703050798938	0.01324619200041044	-2.5423747759696758	2.5423747759696758	TRUE	0.96	0.96
ENSMUSG00000092021	Gbp11	23	top_abs_beta_meta	3.667647830351214	TRUE	GSE264344	GSE264344_design__T=Muscle__H=12__B=NA__G=delivery_ad26__VS=baseline_0	<upstream_project_root>/00_metadata/verified_metadata/splited/GSE264344_design/GSE264344_design__T=Muscle__H=12__B=NA__G=delivery_ad26__VS=baseline_0.tsv	anchor	acute_main	Muscle	12	5	5	4.379052454232406	4.3520469979082215	0.027005456324184607	-0.6166963425634127	0.6166963425634127	TRUE	1	1
ENSMUSG00000092021	Gbp11	23	top_abs_beta_meta	3.667647830351214	TRUE	GSE264344	GSE264344_design__T=Muscle__H=12__B=NA__G=delivery_ad5__VS=baseline_0	<upstream_project_root>/00_metadata/verified_metadata/splited/GSE264344_design/GSE264344_design__T=Muscle__H=12__B=NA__G=delivery_ad5__VS=baseline_0.tsv	anchor	acute_main	Muscle	12	5	5	4.561337243094393	4.540180295407344	0.021156947687048344	-0.4638321299105601	0.4638321299105601	TRUE	1	1
ENSMUSG00000092021	Gbp11	23	top_abs_beta_meta	3.667647830351214	TRUE	GSE264344	GSE264344_design__T=Muscle__H=24__B=NA__G=delivery_ad26__VS=baseline_0	<upstream_project_root>/00_metadata/verified_metadata/splited/GSE264344_design/GSE264344_design__T=Muscle__H=24__B=NA__G=delivery_ad26__VS=baseline_0.tsv	anchor	acute_main	Muscle	24	5	5	3.564906975120775	3.534823804006738	0.03008317111403702	-0.8438697369660771	0.8438697369660771	TRUE	1	1
ENSMUSG00000092021	Gbp11	23	top_abs_beta_meta	3.667647830351214	TRUE	GSE264344	GSE264344_design__T=Muscle__H=24__B=NA__G=delivery_ad5__VS=baseline_0	<upstream_project_root>/00_metadata/verified_metadata/splited/GSE264344_design/GSE264344_design__T=Muscle__H=24__B=NA__G=delivery_ad5__VS=baseline_0.tsv	anchor	acute_main	Muscle	24	5	5	3.5245362334746155	3.497365505257726	0.027170728216889373	-0.7709022242084737	0.7709022242084737	TRUE	1	1
ENSMUSG00000092021	Gbp11	23	top_abs_beta_meta	3.667647830351214	TRUE	GSE264344	GSE264344_design__T=Muscle__H=3__B=NA__G=delivery_ad26__VS=baseline_0	<upstream_project_root>/00_metadata/verified_metadata/splited/GSE264344_design/GSE264344_design__T=Muscle__H=3__B=NA__G=delivery_ad26__VS=baseline_0.tsv	anchor	acute_main	Muscle	3	5	5	3.166868738099831	3.127019646810819	0.03984909128901215	-1.258312061046212	1.258312061046212	TRUE	1	1
ENSMUSG00000092021	Gbp11	23	top_abs_beta_meta	3.667647830351214	TRUE	GSE264344	GSE264344_design__T=Muscle__H=3__B=NA__G=delivery_ad5__VS=baseline_0	<upstream_project_root>/00_metadata/verified_metadata/splited/GSE264344_design/GSE264344_design__T=Muscle__H=3__B=NA__G=delivery_ad5__VS=baseline_0.tsv	anchor	acute_main	Muscle	3	5	5	1.8285090170879783	1.809562157482615	0.018946859605363242	-1.0361917512191092	1.0361917512191092	TRUE	1	1
ENSMUSG00000092021	Gbp11	23	top_abs_beta_meta	3.667647830351214	TRUE	GSE264344	GSE264344_design__T=Muscle__H=6__B=NA__G=delivery_ad26__VS=baseline_0	<upstream_project_root>/00_metadata/verified_metadata/splited/GSE264344_design/GSE264344_design__T=Muscle__H=6__B=NA__G=delivery_ad26__VS=baseline_0.tsv	anchor	acute_main	Muscle	6	5	5	4.409334481944208	4.37628694325733	0.03304753868687804	-0.7494904009256832	0.7494904009256832	TRUE	1	1
ENSMUSG00000092021	Gbp11	23	top_abs_beta_meta	3.667647830351214	TRUE	GSE264344	GSE264344_design__T=Muscle__H=6__B=NA__G=delivery_ad5__VS=baseline_0	<upstream_project_root>/00_metadata/verified_metadata/splited/GSE264344_design/GSE264344_design__T=Muscle__H=6__B=NA__G=delivery_ad5__VS=baseline_0.tsv	anchor	acute_main	Muscle	6	5	5	4.115105313956205	4.084352953673905	0.030752360282299662	-0.747304332115252	0.747304332115252	TRUE	1	1
ENSMUSG00000092021	Gbp11	23	top_abs_beta_meta	3.667647830351214	TRUE	GSE264344	GSE264344_design__T=Muscle__H=72__B=NA__G=delivery_ad26__VS=baseline_0	<upstream_project_root>/00_metadata/verified_metadata/splited/GSE264344_design/GSE264344_design__T=Muscle__H=72__B=NA__G=delivery_ad26__VS=baseline_0.tsv	external	extended_transfer	Muscle	72	5	5	1.0550234100660878	1.0243509355420923	0.030672474523995463	-2.9072790453127584	2.9072790453127584	TRUE	0.96	0.96
ENSMUSG00000092021	Gbp11	23	top_abs_beta_meta	3.667647830351214	TRUE	GSE264344	GSE264344_design__T=Muscle__H=72__B=NA__G=delivery_ad5__VS=baseline_0	<upstream_project_root>/00_metadata/verified_metadata/splited/GSE264344_design/GSE264344_design__T=Muscle__H=72__B=NA__G=delivery_ad5__VS=baseline_0.tsv	external	extended_transfer	Muscle	72	5	5	1.441223145245387	1.4166032080065982	0.024619937238788747	-1.7082668509737875	1.7082668509737875	TRUE	1	1
ENSMUSG00000023341	Mx2	24	top_abs_beta_meta	3.588993939733922	TRUE	GSE264344	GSE264344_design__T=Blood__H=1__B=NA__G=delivery_ad26__VS=baseline_0	<upstream_project_root>/00_metadata/verified_metadata/splited/GSE264344_design/GSE264344_design__T=Blood__H=1__B=NA__G=delivery_ad26__VS=baseline_0.tsv	anchor	acute_main	Blood	1	5	5	0.0779068941903649	0.07871053371836068	8.036395279957809e-4	1.0315383976572008	1.0315383976572008	TRUE	0.68	0.68
ENSMUSG00000023341	Mx2	24	top_abs_beta_meta	3.588993939733922	TRUE	GSE264344	GSE264344_design__T=Blood__H=1__B=NA__G=delivery_ad5__VS=baseline_0	<upstream_project_root>/00_metadata/verified_metadata/splited/GSE264344_design/GSE264344_design__T=Blood__H=1__B=NA__G=delivery_ad5__VS=baseline_0.tsv	anchor	acute_main	Blood	1	5	5	0.22131834935303651	0.2225386870582874	0.0012203377052508735	0.5513947256602066	0.5513947256602066	TRUE	0.88	0.88
ENSMUSG00000023341	Mx2	24	top_abs_beta_meta	3.588993939733922	TRUE	GSE264344	GSE264344_design__T=Blood__H=12__B=NA__G=delivery_ad26__VS=baseline_0	<upstream_project_root>/00_metadata/verified_metadata/splited/GSE264344_design/GSE264344_design__T=Blood__H=12__B=NA__G=delivery_ad26__VS=baseline_0.tsv	anchor	acute_main	Blood	12	5	5	4.557142380026869	4.553175575666903	0.003966804359966325	-0.08704587281170127	0.08704587281170127	TRUE	1	1
ENSMUSG00000023341	Mx2	24	top_abs_beta_meta	3.588993939733922	TRUE	GSE264344	GSE264344_design__T=Blood__H=12__B=NA__G=delivery_ad5__VS=baseline_0	<upstream_project_root>/00_metadata/verified_metadata/splited/GSE264344_design/GSE264344_design__T=Blood__H=12__B=NA__G=delivery_ad5__VS=baseline_0.tsv	anchor	acute_main	Blood	12	5	5	2.7728375923214097	2.7718455371635953	9.920551578144199e-4	-0.03577761498046753	0.03577761498046753	TRUE	1	1
ENSMUSG00000023341	Mx2	24	top_abs_beta_meta	3.588993939733922	TRUE	GSE264344	GSE264344_design__T=Blood__H=24__B=NA__G=delivery_ad26__VS=baseline_0	<upstream_project_root>/00_metadata/verified_metadata/splited/GSE264344_design/GSE264344_design__T=Blood__H=24__B=NA__G=delivery_ad26__VS=baseline_0.tsv	anchor	acute_main	Blood	24	5	5	2.7381119047981937	2.7383956980102426	2.837932120489661e-4	0.010364558568685763	0.010364558568685763	TRUE	1	1
ENSMUSG00000023341	Mx2	24	top_abs_beta_meta	3.588993939733922	TRUE	GSE264344	GSE264344_design__T=Blood__H=24__B=NA__G=delivery_ad5__VS=baseline_0	<upstream_project_root>/00_metadata/verified_metadata/splited/GSE264344_design/GSE264344_design__T=Blood__H=24__B=NA__G=delivery_ad5__VS=baseline_0.tsv	anchor	acute_main	Blood	24	5	5	1.4094733289679715	1.4093224393838448	1.5088958412667886e-4	-0.010705387681025615	0.010705387681025615	TRUE	1	1
ENSMUSG00000023341	Mx2	24	top_abs_beta_meta	3.588993939733922	TRUE	GSE264344	GSE264344_design__T=Blood__H=3__B=NA__G=delivery_ad26__VS=baseline_0	<upstream_project_root>/00_metadata/verified_metadata/splited/GSE264344_design/GSE264344_design__T=Blood__H=3__B=NA__G=delivery_ad26__VS=baseline_0.tsv	anchor	acute_main	Blood	3	5	5	3.6646891330381473	3.65228347443253	0.012405658605617376	-0.3385187161927887	0.3385187161927887	TRUE	1	1
ENSMUSG00000023341	Mx2	24	top_abs_beta_meta	3.588993939733922	TRUE	GSE264344	GSE264344_design__T=Blood__H=3__B=NA__G=delivery_ad5__VS=baseline_0	<upstream_project_root>/00_metadata/verified_metadata/splited/GSE264344_design/GSE264344_design__T=Blood__H=3__B=NA__G=delivery_ad5__VS=baseline_0.tsv	anchor	acute_main	Blood	3	5	5	0.9366653756632484	0.9304193132993043	0.006246062363944094	-0.6668403173888312	0.6668403173888312	TRUE	1	1
ENSMUSG00000023341	Mx2	24	top_abs_beta_meta	3.588993939733922	TRUE	GSE264344	GSE264344_design__T=Blood__H=6__B=NA__G=delivery_ad26__VS=baseline_0	<upstream_project_root>/00_metadata/verified_metadata/splited/GSE264344_design/GSE264344_design__T=Blood__H=6__B=NA__G=delivery_ad26__VS=baseline_0.tsv	anchor	acute_main	Blood	6	5	5	3.515367759659114	3.5075566412070303	0.007811118452083932	-0.22219918330369443	0.22219918330369443	TRUE	1	1
ENSMUSG00000023341	Mx2	24	top_abs_beta_meta	3.588993939733922	TRUE	GSE264344	GSE264344_design__T=Blood__H=6__B=NA__G=delivery_ad5__VS=baseline_0	<upstream_project_root>/00_metadata/verified_metadata/splited/GSE264344_design/GSE264344_design__T=Blood__H=6__B=NA__G=delivery_ad5__VS=baseline_0.tsv	anchor	acute_main	Blood	6	5	5	4.749455631909948	4.744956692619305	0.00449893929064249	-0.09472536726979139	0.09472536726979139	TRUE	1	1
ENSMUSG00000023341	Mx2	24	top_abs_beta_meta	3.588993939733922	TRUE	GSE264344	GSE264344_design__T=Blood__H=72__B=NA__G=delivery_ad26__VS=baseline_0	<upstream_project_root>/00_metadata/verified_metadata/splited/GSE264344_design/GSE264344_design__T=Blood__H=72__B=NA__G=delivery_ad26__VS=baseline_0.tsv	external	extended_transfer	Blood	72	5	5	0.08713996296972348	0.09527599396741626	0.008136030997692778	9.336739103870881	9.336739103870881	TRUE	0.7200000000000001	0.7200000000000001
ENSMUSG00000023341	Mx2	24	top_abs_beta_meta	3.588993939733922	TRUE	GSE264344	GSE264344_design__T=Blood__H=72__B=NA__G=delivery_ad5__VS=baseline_0	<upstream_project_root>/00_metadata/verified_metadata/splited/GSE264344_design/GSE264344_design__T=Blood__H=72__B=NA__G=delivery_ad5__VS=baseline_0.tsv	external	extended_transfer	Blood	72	5	5	0.26635130536495155	0.2707740149673087	0.004422709602357133	1.6604797923919263	1.6604797923919263	TRUE	0.96	0.96
ENSMUSG00000023341	Mx2	24	top_abs_beta_meta	3.588993939733922	TRUE	GSE264344	GSE264344_design__T=dLN__H=1__B=NA__G=delivery_ad26__VS=baseline_0	<upstream_project_root>/00_metadata/verified_metadata/splited/GSE264344_design/GSE264344_design__T=dLN__H=1__B=NA__G=delivery_ad26__VS=baseline_0.tsv	anchor	acute_main	dLN	1	5	5	0.36951077174650715	0.3641206011018766	0.005390170644630543	-1.4587316681334324	1.4587316681334324	TRUE	0.8400000000000001	0.8400000000000001
ENSMUSG00000023341	Mx2	24	top_abs_beta_meta	3.588993939733922	TRUE	GSE264344	GSE264344_design__T=dLN__H=1__B=NA__G=delivery_ad5__VS=baseline_0	<upstream_project_root>/00_metadata/verified_metadata/splited/GSE264344_design/GSE264344_design__T=dLN__H=1__B=NA__G=delivery_ad5__VS=baseline_0.tsv	anchor	acute_main	dLN	1	5	5	0.3592382013315616	0.3611057034902555	0.0018675021586939122	0.5198506594710085	0.5198506594710085	TRUE	0.8	0.8
ENSMUSG00000023341	Mx2	24	top_abs_beta_meta	3.588993939733922	TRUE	GSE264344	GSE264344_design__T=dLN__H=12__B=NA__G=delivery_ad26__VS=baseline_0	<upstream_project_root>/00_metadata/verified_metadata/splited/GSE264344_design/GSE264344_design__T=dLN__H=12__B=NA__G=delivery_ad26__VS=baseline_0.tsv	anchor	acute_main	dLN	12	5	5	5.521888634175941	5.519564260694234	0.0023243734817066652	-0.04209381310808604	0.04209381310808604	TRUE	1	1
ENSMUSG00000023341	Mx2	24	top_abs_beta_meta	3.588993939733922	TRUE	GSE264344	GSE264344_design__T=dLN__H=12__B=NA__G=delivery_ad5__VS=baseline_0	<upstream_project_root>/00_metadata/verified_metadata/splited/GSE264344_design/GSE264344_design__T=dLN__H=12__B=NA__G=delivery_ad5__VS=baseline_0.tsv	anchor	acute_main	dLN	12	5	5	5.006224300092883	5.00206770298488	0.004156597108003091	-0.08302858319644149	0.08302858319644149	TRUE	1	1
ENSMUSG00000023341	Mx2	24	top_abs_beta_meta	3.588993939733922	TRUE	GSE264344	GSE264344_design__T=dLN__H=24__B=NA__G=delivery_ad26__VS=baseline_0	<upstream_project_root>/00_metadata/verified_metadata/splited/GSE264344_design/GSE264344_design__T=dLN__H=24__B=NA__G=delivery_ad26__VS=baseline_0.tsv	anchor	acute_main	dLN	24	5	5	3.75024700596753	3.7459591122229092	0.0042878937446206855	-0.1143363020568414	0.1143363020568414	TRUE	1	1
ENSMUSG00000023341	Mx2	24	top_abs_beta_meta	3.588993939733922	TRUE	GSE264344	GSE264344_design__T=dLN__H=24__B=NA__G=delivery_ad5__VS=baseline_0	<upstream_project_root>/00_metadata/verified_metadata/splited/GSE264344_design/GSE264344_design__T=dLN__H=24__B=NA__G=delivery_ad5__VS=baseline_0.tsv	anchor	acute_main	dLN	24	5	5	3.164769842555989	3.1580772832750923	0.006692559280896848	-0.21147064759349707	0.21147064759349707	TRUE	1	1
ENSMUSG00000023341	Mx2	24	top_abs_beta_meta	3.588993939733922	TRUE	GSE264344	GSE264344_design__T=dLN__H=3__B=NA__G=delivery_ad26__VS=baseline_0	<upstream_project_root>/00_metadata/verified_metadata/splited/GSE264344_design/GSE264344_design__T=dLN__H=3__B=NA__G=delivery_ad26__VS=baseline_0.tsv	anchor	acute_main	dLN	3	5	5	4.35817929066291	4.345744470951786	0.01243481971112459	-0.28532143543899874	0.28532143543899874	TRUE	1	1
ENSMUSG00000023341	Mx2	24	top_abs_beta_meta	3.588993939733922	TRUE	GSE264344	GSE264344_design__T=dLN__H=3__B=NA__G=delivery_ad5__VS=baseline_0	<upstream_project_root>/00_metadata/verified_metadata/splited/GSE264344_design/GSE264344_design__T=dLN__H=3__B=NA__G=delivery_ad5__VS=baseline_0.tsv	anchor	acute_main	dLN	3	5	5	2.7627049595948865	2.7466151178449403	0.01608984174994621	-0.5823945005081386	0.5823945005081386	TRUE	1	1
ENSMUSG00000023341	Mx2	24	top_abs_beta_meta	3.588993939733922	TRUE	GSE264344	GSE264344_design__T=dLN__H=6__B=NA__G=delivery_ad26__VS=baseline_0	<upstream_project_root>/00_metadata/verified_metadata/splited/GSE264344_design/GSE264344_design__T=dLN__H=6__B=NA__G=delivery_ad26__VS=baseline_0.tsv	anchor	acute_main	dLN	6	5	5	5.703930536988686	5.698695822844965	0.005234714143720787	-0.0917738059707225	0.0917738059707225	TRUE	1	1
ENSMUSG00000023341	Mx2	24	top_abs_beta_meta	3.588993939733922	TRUE	GSE264344	GSE264344_design__T=dLN__H=6__B=NA__G=delivery_ad5__VS=baseline_0	<upstream_project_root>/00_metadata/verified_metadata/splited/GSE264344_design/GSE264344_design__T=dLN__H=6__B=NA__G=delivery_ad5__VS=baseline_0.tsv	anchor	acute_main	dLN	6	5	5	5.288429542245774	5.28060453889289	0.007825003352884607	-0.14796459497807088	0.14796459497807088	TRUE	1	1
ENSMUSG00000023341	Mx2	24	top_abs_beta_meta	3.588993939733922	TRUE	GSE264344	GSE264344_design__T=dLN__H=72__B=NA__G=delivery_ad26__VS=baseline_0	<upstream_project_root>/00_metadata/verified_metadata/splited/GSE264344_design/GSE264344_design__T=dLN__H=72__B=NA__G=delivery_ad26__VS=baseline_0.tsv	external	extended_transfer	dLN	72	5	5	0.3932971804473866	0.3956951012269233	0.002397920779536711	0.6096969159069507	0.6096969159069507	TRUE	0.8	0.8
ENSMUSG00000023341	Mx2	24	top_abs_beta_meta	3.588993939733922	TRUE	GSE264344	GSE264344_design__T=dLN__H=72__B=NA__G=delivery_ad5__VS=baseline_0	<upstream_project_root>/00_metadata/verified_metadata/splited/GSE264344_design/GSE264344_design__T=dLN__H=72__B=NA__G=delivery_ad5__VS=baseline_0.tsv	external	extended_transfer	dLN	72	5	5	0.4507210263939263	0.45225113745053547	0.0015301110566091625	0.33948073575601473	0.33948073575601473	TRUE	0.8	0.8
ENSMUSG00000023341	Mx2	24	top_abs_beta_meta	3.588993939733922	TRUE	GSE264344	GSE264344_design__T=Muscle__H=1__B=NA__G=delivery_ad26__VS=baseline_0	<upstream_project_root>/00_metadata/verified_metadata/splited/GSE264344_design/GSE264344_design__T=Muscle__H=1__B=NA__G=delivery_ad26__VS=baseline_0.tsv	anchor	acute_main	Muscle	1	5	5	0.5752137463208833	0.5799239307839015	0.0047101844630181855	0.8188581189418597	0.8188581189418597	TRUE	1	1
ENSMUSG00000023341	Mx2	24	top_abs_beta_meta	3.588993939733922	TRUE	GSE264344	GSE264344_design__T=Muscle__H=1__B=NA__G=delivery_ad5__VS=baseline_0	<upstream_project_root>/00_metadata/verified_metadata/splited/GSE264344_design/GSE264344_design__T=Muscle__H=1__B=NA__G=delivery_ad5__VS=baseline_0.tsv	anchor	acute_main	Muscle	1	5	5	0.5210164970803043	0.5260333913681575	0.005016894287853235	0.9629050742091917	0.9629050742091917	TRUE	0.96	0.96
ENSMUSG00000023341	Mx2	24	top_abs_beta_meta	3.588993939733922	TRUE	GSE264344	GSE264344_design__T=Muscle__H=12__B=NA__G=delivery_ad26__VS=baseline_0	<upstream_project_root>/00_metadata/verified_metadata/splited/GSE264344_design/GSE264344_design__T=Muscle__H=12__B=NA__G=delivery_ad26__VS=baseline_0.tsv	anchor	acute_main	Muscle	12	5	5	4.379052454232406	4.374972132526629	0.004080321705776768	-0.09317818748284436	0.09317818748284436	TRUE	1	1
ENSMUSG00000023341	Mx2	24	top_abs_beta_meta	3.588993939733922	TRUE	GSE264344	GSE264344_design__T=Muscle__H=12__B=NA__G=delivery_ad5__VS=baseline_0	<upstream_project_root>/00_metadata/verified_metadata/splited/GSE264344_design/GSE264344_design__T=Muscle__H=12__B=NA__G=delivery_ad5__VS=baseline_0.tsv	anchor	acute_main	Muscle	12	5	5	4.561337243094393	4.5592943306683225	0.0020429124260701315	-0.04478757691426973	0.04478757691426973	TRUE	1	1
ENSMUSG00000023341	Mx2	24	top_abs_beta_meta	3.588993939733922	TRUE	GSE264344	GSE264344_design__T=Muscle__H=24__B=NA__G=delivery_ad26__VS=baseline_0	<upstream_project_root>/00_metadata/verified_metadata/splited/GSE264344_design/GSE264344_design__T=Muscle__H=24__B=NA__G=delivery_ad26__VS=baseline_0.tsv	anchor	acute_main	Muscle	24	5	5	3.564906975120775	3.5690053882286015	0.0040984131078265484	0.11496549942057602	0.11496549942057602	TRUE	1	1
ENSMUSG00000023341	Mx2	24	top_abs_beta_meta	3.588993939733922	TRUE	GSE264344	GSE264344_design__T=Muscle__H=24__B=NA__G=delivery_ad5__VS=baseline_0	<upstream_project_root>/00_metadata/verified_metadata/splited/GSE264344_design/GSE264344_design__T=Muscle__H=24__B=NA__G=delivery_ad5__VS=baseline_0.tsv	anchor	acute_main	Muscle	24	5	5	3.5245362334746155	3.5307463773373513	0.006210143862735773	0.17619747539419076	0.17619747539419076	TRUE	1	1
ENSMUSG00000023341	Mx2	24	top_abs_beta_meta	3.588993939733922	TRUE	GSE264344	GSE264344_design__T=Muscle__H=3__B=NA__G=delivery_ad26__VS=baseline_0	<upstream_project_root>/00_metadata/verified_metadata/splited/GSE264344_design/GSE264344_design__T=Muscle__H=3__B=NA__G=delivery_ad26__VS=baseline_0.tsv	anchor	acute_main	Muscle	3	5	5	3.166868738099831	3.1506616951202733	0.016207042979557773	-0.5117687002487588	0.5117687002487588	TRUE	1	1
ENSMUSG00000023341	Mx2	24	top_abs_beta_meta	3.588993939733922	TRUE	GSE264344	GSE264344_design__T=Muscle__H=3__B=NA__G=delivery_ad5__VS=baseline_0	<upstream_project_root>/00_metadata/verified_metadata/splited/GSE264344_design/GSE264344_design__T=Muscle__H=3__B=NA__G=delivery_ad5__VS=baseline_0.tsv	anchor	acute_main	Muscle	3	5	5	1.8285090170879783	1.8204815331477122	0.00802748394026609	-0.4390180122300074	0.4390180122300074	TRUE	1	1
ENSMUSG00000023341	Mx2	24	top_abs_beta_meta	3.588993939733922	TRUE	GSE264344	GSE264344_design__T=Muscle__H=6__B=NA__G=delivery_ad26__VS=baseline_0	<upstream_project_root>/00_metadata/verified_metadata/splited/GSE264344_design/GSE264344_design__T=Muscle__H=6__B=NA__G=delivery_ad26__VS=baseline_0.tsv	anchor	acute_main	Muscle	6	5	5	4.409334481944208	4.398160545692551	0.011173936251656968	-0.25341548248183804	0.25341548248183804	TRUE	1	1
ENSMUSG00000023341	Mx2	24	top_abs_beta_meta	3.588993939733922	TRUE	GSE264344	GSE264344_design__T=Muscle__H=6__B=NA__G=delivery_ad5__VS=baseline_0	<upstream_project_root>/00_metadata/verified_metadata/splited/GSE264344_design/GSE264344_design__T=Muscle__H=6__B=NA__G=delivery_ad5__VS=baseline_0.tsv	anchor	acute_main	Muscle	6	5	5	4.115105313956205	4.10607024125638	0.009035072699824731	-0.21955872354427153	0.21955872354427153	TRUE	1	1
ENSMUSG00000023341	Mx2	24	top_abs_beta_meta	3.588993939733922	TRUE	GSE264344	GSE264344_design__T=Muscle__H=72__B=NA__G=delivery_ad26__VS=baseline_0	<upstream_project_root>/00_metadata/verified_metadata/splited/GSE264344_design/GSE264344_design__T=Muscle__H=72__B=NA__G=delivery_ad26__VS=baseline_0.tsv	external	extended_transfer	Muscle	72	5	5	1.0550234100660878	1.0596095985765324	0.0045861885104445665	0.43470016557805885	0.43470016557805885	TRUE	0.96	0.96
ENSMUSG00000023341	Mx2	24	top_abs_beta_meta	3.588993939733922	TRUE	GSE264344	GSE264344_design__T=Muscle__H=72__B=NA__G=delivery_ad5__VS=baseline_0	<upstream_project_root>/00_metadata/verified_metadata/splited/GSE264344_design/GSE264344_design__T=Muscle__H=72__B=NA__G=delivery_ad5__VS=baseline_0.tsv	external	extended_transfer	Muscle	72	5	5	1.441223145245387	1.448161969300751	0.006938824055364057	0.4814538316467733	0.4814538316467733	TRUE	1	1
ENSMUSG00000085977	Gm5970	25	top_abs_beta_meta	3.5069390366748956	TRUE	GSE264344	GSE264344_design__T=Blood__H=1__B=NA__G=delivery_ad26__VS=baseline_0	<upstream_project_root>/00_metadata/verified_metadata/splited/GSE264344_design/GSE264344_design__T=Blood__H=1__B=NA__G=delivery_ad26__VS=baseline_0.tsv	anchor	acute_main	Blood	1	5	5	0.0779068941903649	0.07628520334389544	0.001621690846469459	-2.0815755310523225	2.0815755310523225	TRUE	0.68	0.68
ENSMUSG00000085977	Gm5970	25	top_abs_beta_meta	3.5069390366748956	TRUE	GSE264344	GSE264344_design__T=Blood__H=1__B=NA__G=delivery_ad5__VS=baseline_0	<upstream_project_root>/00_metadata/verified_metadata/splited/GSE264344_design/GSE264344_design__T=Blood__H=1__B=NA__G=delivery_ad5__VS=baseline_0.tsv	anchor	acute_main	Blood	1	5	5	0.22131834935303651	0.21920089741471627	0.0021174519383202473	-0.9567448630039205	0.9567448630039205	TRUE	0.88	0.88
ENSMUSG00000085977	Gm5970	25	top_abs_beta_meta	3.5069390366748956	TRUE	GSE264344	GSE264344_design__T=Blood__H=12__B=NA__G=delivery_ad26__VS=baseline_0	<upstream_project_root>/00_metadata/verified_metadata/splited/GSE264344_design/GSE264344_design__T=Blood__H=12__B=NA__G=delivery_ad26__VS=baseline_0.tsv	anchor	acute_main	Blood	12	5	5	4.557142380026869	4.540544478721427	0.016597901305442697	-0.3642173081575923	0.3642173081575923	TRUE	1	1
ENSMUSG00000085977	Gm5970	25	top_abs_beta_meta	3.5069390366748956	TRUE	GSE264344	GSE264344_design__T=Blood__H=12__B=NA__G=delivery_ad5__VS=baseline_0	<upstream_project_root>/00_metadata/verified_metadata/splited/GSE264344_design/GSE264344_design__T=Blood__H=12__B=NA__G=delivery_ad5__VS=baseline_0.tsv	anchor	acute_main	Blood	12	5	5	2.7728375923214097	2.760233945707941	0.01260364661346891	-0.45453966176638505	0.45453966176638505	TRUE	1	1
ENSMUSG00000085977	Gm5970	25	top_abs_beta_meta	3.5069390366748956	TRUE	GSE264344	GSE264344_design__T=Blood__H=24__B=NA__G=delivery_ad26__VS=baseline_0	<upstream_project_root>/00_metadata/verified_metadata/splited/GSE264344_design/GSE264344_design__T=Blood__H=24__B=NA__G=delivery_ad26__VS=baseline_0.tsv	anchor	acute_main	Blood	24	5	5	2.7381119047981937	2.728876906835061	0.009234997963132763	-0.3372761334900009	0.3372761334900009	TRUE	1	1
ENSMUSG00000085977	Gm5970	25	top_abs_beta_meta	3.5069390366748956	TRUE	GSE264344	GSE264344_design__T=Blood__H=24__B=NA__G=delivery_ad5__VS=baseline_0	<upstream_project_root>/00_metadata/verified_metadata/splited/GSE264344_design/GSE264344_design__T=Blood__H=24__B=NA__G=delivery_ad5__VS=baseline_0.tsv	anchor	acute_main	Blood	24	5	5	1.4094733289679715	1.4118576354236707	0.0023843064556992033	0.16916293531038384	0.16916293531038384	TRUE	1	1
ENSMUSG00000085977	Gm5970	25	top_abs_beta_meta	3.5069390366748956	TRUE	GSE264344	GSE264344_design__T=Blood__H=3__B=NA__G=delivery_ad26__VS=baseline_0	<upstream_project_root>/00_metadata/verified_metadata/splited/GSE264344_design/GSE264344_design__T=Blood__H=3__B=NA__G=delivery_ad26__VS=baseline_0.tsv	anchor	acute_main	Blood	3	5	5	3.6646891330381473	3.6488741418865454	0.015814991151601898	-0.4315506875883563	0.4315506875883563	TRUE	1	1
ENSMUSG00000085977	Gm5970	25	top_abs_beta_meta	3.5069390366748956	TRUE	GSE264344	GSE264344_design__T=Blood__H=3__B=NA__G=delivery_ad5__VS=baseline_0	<upstream_project_root>/00_metadata/verified_metadata/splited/GSE264344_design/GSE264344_design__T=Blood__H=3__B=NA__G=delivery_ad5__VS=baseline_0.tsv	anchor	acute_main	Blood	3	5	5	0.9366653756632484	0.9361101248340817	5.552508291666314e-4	-0.059279529658439745	0.059279529658439745	TRUE	1	1
ENSMUSG00000085977	Gm5970	25	top_abs_beta_meta	3.5069390366748956	TRUE	GSE264344	GSE264344_design__T=Blood__H=6__B=NA__G=delivery_ad26__VS=baseline_0	<upstream_project_root>/00_metadata/verified_metadata/splited/GSE264344_design/GSE264344_design__T=Blood__H=6__B=NA__G=delivery_ad26__VS=baseline_0.tsv	anchor	acute_main	Blood	6	5	5	3.515367759659114	3.5134635719603047	0.0019041876988095119	-0.05416752468009667	0.05416752468009667	TRUE	1	1
ENSMUSG00000085977	Gm5970	25	top_abs_beta_meta	3.5069390366748956	TRUE	GSE264344	GSE264344_design__T=Blood__H=6__B=NA__G=delivery_ad5__VS=baseline_0	<upstream_project_root>/00_metadata/verified_metadata/splited/GSE264344_design/GSE264344_design__T=Blood__H=6__B=NA__G=delivery_ad5__VS=baseline_0.tsv	anchor	acute_main	Blood	6	5	5	4.749455631909948	4.7308138000568905	0.018641831853057234	-0.3925046004811419	0.3925046004811419	TRUE	1	1
ENSMUSG00000085977	Gm5970	25	top_abs_beta_meta	3.5069390366748956	TRUE	GSE264344	GSE264344_design__T=Blood__H=72__B=NA__G=delivery_ad26__VS=baseline_0	<upstream_project_root>/00_metadata/verified_metadata/splited/GSE264344_design/GSE264344_design__T=Blood__H=72__B=NA__G=delivery_ad26__VS=baseline_0.tsv	external	extended_transfer	Blood	72	5	5	0.08713996296972348	0.07916327699450454	0.007976685975218945	-9.153878086900749	9.153878086900749	TRUE	0.7200000000000001	0.68
ENSMUSG00000085977	Gm5970	25	top_abs_beta_meta	3.5069390366748956	TRUE	GSE264344	GSE264344_design__T=Blood__H=72__B=NA__G=delivery_ad5__VS=baseline_0	<upstream_project_root>/00_metadata/verified_metadata/splited/GSE264344_design/GSE264344_design__T=Blood__H=72__B=NA__G=delivery_ad5__VS=baseline_0.tsv	external	extended_transfer	Blood	72	5	5	0.26635130536495155	0.26223644847344063	0.004114856891510921	-1.5448983386331785	1.5448983386331785	TRUE	0.96	0.96
ENSMUSG00000085977	Gm5970	25	top_abs_beta_meta	3.5069390366748956	TRUE	GSE264344	GSE264344_design__T=dLN__H=1__B=NA__G=delivery_ad26__VS=baseline_0	<upstream_project_root>/00_metadata/verified_metadata/splited/GSE264344_design/GSE264344_design__T=dLN__H=1__B=NA__G=delivery_ad26__VS=baseline_0.tsv	anchor	acute_main	dLN	1	5	5	0.36951077174650715	0.363734803228446	0.00577596851806117	-1.5631394156010197	1.5631394156010197	TRUE	0.8400000000000001	0.8400000000000001
ENSMUSG00000085977	Gm5970	25	top_abs_beta_meta	3.5069390366748956	TRUE	GSE264344	GSE264344_design__T=dLN__H=1__B=NA__G=delivery_ad5__VS=baseline_0	<upstream_project_root>/00_metadata/verified_metadata/splited/GSE264344_design/GSE264344_design__T=dLN__H=1__B=NA__G=delivery_ad5__VS=baseline_0.tsv	anchor	acute_main	dLN	1	5	5	0.3592382013315616	0.3596986670087954	4.6046567723379006e-4	0.1281783717675392	0.1281783717675392	TRUE	0.8	0.8
ENSMUSG00000085977	Gm5970	25	top_abs_beta_meta	3.5069390366748956	TRUE	GSE264344	GSE264344_design__T=dLN__H=12__B=NA__G=delivery_ad26__VS=baseline_0	<upstream_project_root>/00_metadata/verified_metadata/splited/GSE264344_design/GSE264344_design__T=dLN__H=12__B=NA__G=delivery_ad26__VS=baseline_0.tsv	anchor	acute_main	dLN	12	5	5	5.521888634175941	5.506333861300355	0.015554772875585599	-0.2816929841597016	0.2816929841597016	TRUE	1	1
ENSMUSG00000085977	Gm5970	25	top_abs_beta_meta	3.5069390366748956	TRUE	GSE264344	GSE264344_design__T=dLN__H=12__B=NA__G=delivery_ad5__VS=baseline_0	<upstream_project_root>/00_metadata/verified_metadata/splited/GSE264344_design/GSE264344_design__T=dLN__H=12__B=NA__G=delivery_ad5__VS=baseline_0.tsv	anchor	acute_main	dLN	12	5	5	5.006224300092883	4.991865688111989	0.014358611980894054	-0.2868151948490932	0.2868151948490932	TRUE	1	1
ENSMUSG00000085977	Gm5970	25	top_abs_beta_meta	3.5069390366748956	TRUE	GSE264344	GSE264344_design__T=dLN__H=24__B=NA__G=delivery_ad26__VS=baseline_0	<upstream_project_root>/00_metadata/verified_metadata/splited/GSE264344_design/GSE264344_design__T=dLN__H=24__B=NA__G=delivery_ad26__VS=baseline_0.tsv	anchor	acute_main	dLN	24	5	5	3.75024700596753	3.7398061912971197	0.010440814670410248	-0.27840338659817454	0.27840338659817454	TRUE	1	1
ENSMUSG00000085977	Gm5970	25	top_abs_beta_meta	3.5069390366748956	TRUE	GSE264344	GSE264344_design__T=dLN__H=24__B=NA__G=delivery_ad5__VS=baseline_0	<upstream_project_root>/00_metadata/verified_metadata/splited/GSE264344_design/GSE264344_design__T=dLN__H=24__B=NA__G=delivery_ad5__VS=baseline_0.tsv	anchor	acute_main	dLN	24	5	5	3.164769842555989	3.158688404670879	0.006081437885109953	-0.1921605104843375	0.1921605104843375	TRUE	1	1
ENSMUSG00000085977	Gm5970	25	top_abs_beta_meta	3.5069390366748956	TRUE	GSE264344	GSE264344_design__T=dLN__H=3__B=NA__G=delivery_ad26__VS=baseline_0	<upstream_project_root>/00_metadata/verified_metadata/splited/GSE264344_design/GSE264344_design__T=dLN__H=3__B=NA__G=delivery_ad26__VS=baseline_0.tsv	anchor	acute_main	dLN	3	5	5	4.35817929066291	4.337675801924528	0.020503488738382813	-0.47045996437801635	0.47045996437801635	TRUE	1	1
ENSMUSG00000085977	Gm5970	25	top_abs_beta_meta	3.5069390366748956	TRUE	GSE264344	GSE264344_design__T=dLN__H=3__B=NA__G=delivery_ad5__VS=baseline_0	<upstream_project_root>/00_metadata/verified_metadata/splited/GSE264344_design/GSE264344_design__T=dLN__H=3__B=NA__G=delivery_ad5__VS=baseline_0.tsv	anchor	acute_main	dLN	3	5	5	2.7627049595948865	2.7498802065345926	0.012824753060293848	-0.46421001329705597	0.46421001329705597	TRUE	1	1
ENSMUSG00000085977	Gm5970	25	top_abs_beta_meta	3.5069390366748956	TRUE	GSE264344	GSE264344_design__T=dLN__H=6__B=NA__G=delivery_ad26__VS=baseline_0	<upstream_project_root>/00_metadata/verified_metadata/splited/GSE264344_design/GSE264344_design__T=dLN__H=6__B=NA__G=delivery_ad26__VS=baseline_0.tsv	anchor	acute_main	dLN	6	5	5	5.703930536988686	5.6841360237041325	0.019794513284553616	-0.34703286016880325	0.34703286016880325	TRUE	1	1
ENSMUSG00000085977	Gm5970	25	top_abs_beta_meta	3.5069390366748956	TRUE	GSE264344	GSE264344_design__T=dLN__H=6__B=NA__G=delivery_ad5__VS=baseline_0	<upstream_project_root>/00_metadata/verified_metadata/splited/GSE264344_design/GSE264344_design__T=dLN__H=6__B=NA__G=delivery_ad5__VS=baseline_0.tsv	anchor	acute_main	dLN	6	5	5	5.288429542245774	5.2721700733102	0.016259468935574617	-0.3074536363903206	0.3074536363903206	TRUE	1	1
ENSMUSG00000085977	Gm5970	25	top_abs_beta_meta	3.5069390366748956	TRUE	GSE264344	GSE264344_design__T=dLN__H=72__B=NA__G=delivery_ad26__VS=baseline_0	<upstream_project_root>/00_metadata/verified_metadata/splited/GSE264344_design/GSE264344_design__T=dLN__H=72__B=NA__G=delivery_ad26__VS=baseline_0.tsv	external	extended_transfer	dLN	72	5	5	0.3932971804473866	0.39469133507625753	0.001394154628870936	0.3544786736800518	0.3544786736800518	TRUE	0.8	0.8
ENSMUSG00000085977	Gm5970	25	top_abs_beta_meta	3.5069390366748956	TRUE	GSE264344	GSE264344_design__T=dLN__H=72__B=NA__G=delivery_ad5__VS=baseline_0	<upstream_project_root>/00_metadata/verified_metadata/splited/GSE264344_design/GSE264344_design__T=dLN__H=72__B=NA__G=delivery_ad5__VS=baseline_0.tsv	external	extended_transfer	dLN	72	5	5	0.4507210263939263	0.45247678664777125	0.0017557602538449402	0.3895447851395379	0.3895447851395379	TRUE	0.8	0.8
ENSMUSG00000085977	Gm5970	25	top_abs_beta_meta	3.5069390366748956	TRUE	GSE264344	GSE264344_design__T=Muscle__H=1__B=NA__G=delivery_ad26__VS=baseline_0	<upstream_project_root>/00_metadata/verified_metadata/splited/GSE264344_design/GSE264344_design__T=Muscle__H=1__B=NA__G=delivery_ad26__VS=baseline_0.tsv	anchor	acute_main	Muscle	1	5	5	0.5752137463208833	0.5708193902934496	0.004394356027433655	-0.7639518449516088	0.7639518449516088	TRUE	1	1
ENSMUSG00000085977	Gm5970	25	top_abs_beta_meta	3.5069390366748956	TRUE	GSE264344	GSE264344_design__T=Muscle__H=1__B=NA__G=delivery_ad5__VS=baseline_0	<upstream_project_root>/00_metadata/verified_metadata/splited/GSE264344_design/GSE264344_design__T=Muscle__H=1__B=NA__G=delivery_ad5__VS=baseline_0.tsv	anchor	acute_main	Muscle	1	5	5	0.5210164970803043	0.514328414372318	0.006688082707986265	-1.283660449422474	1.283660449422474	TRUE	0.96	0.96
ENSMUSG00000085977	Gm5970	25	top_abs_beta_meta	3.5069390366748956	TRUE	GSE264344	GSE264344_design__T=Muscle__H=12__B=NA__G=delivery_ad26__VS=baseline_0	<upstream_project_root>/00_metadata/verified_metadata/splited/GSE264344_design/GSE264344_design__T=Muscle__H=12__B=NA__G=delivery_ad26__VS=baseline_0.tsv	anchor	acute_main	Muscle	12	5	5	4.379052454232406	4.365003878051547	0.014048576180859307	-0.3208131514223172	0.3208131514223172	TRUE	1	1
ENSMUSG00000085977	Gm5970	25	top_abs_beta_meta	3.5069390366748956	TRUE	GSE264344	GSE264344_design__T=Muscle__H=12__B=NA__G=delivery_ad5__VS=baseline_0	<upstream_project_root>/00_metadata/verified_metadata/splited/GSE264344_design/GSE264344_design__T=Muscle__H=12__B=NA__G=delivery_ad5__VS=baseline_0.tsv	anchor	acute_main	Muscle	12	5	5	4.561337243094393	4.545578724640147	0.015758518454245696	-0.34548023122173666	0.34548023122173666	TRUE	1	1
ENSMUSG00000085977	Gm5970	25	top_abs_beta_meta	3.5069390366748956	TRUE	GSE264344	GSE264344_design__T=Muscle__H=24__B=NA__G=delivery_ad26__VS=baseline_0	<upstream_project_root>/00_metadata/verified_metadata/splited/GSE264344_design/GSE264344_design__T=Muscle__H=24__B=NA__G=delivery_ad26__VS=baseline_0.tsv	anchor	acute_main	Muscle	24	5	5	3.564906975120775	3.5518283953099647	0.013078579810810176	-0.3668701568395649	0.3668701568395649	TRUE	1	1
ENSMUSG00000085977	Gm5970	25	top_abs_beta_meta	3.5069390366748956	TRUE	GSE264344	GSE264344_design__T=Muscle__H=24__B=NA__G=delivery_ad5__VS=baseline_0	<upstream_project_root>/00_metadata/verified_metadata/splited/GSE264344_design/GSE264344_design__T=Muscle__H=24__B=NA__G=delivery_ad5__VS=baseline_0.tsv	anchor	acute_main	Muscle	24	5	5	3.5245362334746155	3.5133603891053147	0.011175844369300858	-0.3170869478701119	0.3170869478701119	TRUE	1	1
ENSMUSG00000085977	Gm5970	25	top_abs_beta_meta	3.5069390366748956	TRUE	GSE264344	GSE264344_design__T=Muscle__H=3__B=NA__G=delivery_ad26__VS=baseline_0	<upstream_project_root>/00_metadata/verified_metadata/splited/GSE264344_design/GSE264344_design__T=Muscle__H=3__B=NA__G=delivery_ad26__VS=baseline_0.tsv	anchor	acute_main	Muscle	3	5	5	3.166868738099831	3.1437236849398165	0.023145053160014584	-0.7308497785702973	0.7308497785702973	TRUE	1	1
ENSMUSG00000085977	Gm5970	25	top_abs_beta_meta	3.5069390366748956	TRUE	GSE264344	GSE264344_design__T=Muscle__H=3__B=NA__G=delivery_ad5__VS=baseline_0	<upstream_project_root>/00_metadata/verified_metadata/splited/GSE264344_design/GSE264344_design__T=Muscle__H=3__B=NA__G=delivery_ad5__VS=baseline_0.tsv	anchor	acute_main	Muscle	3	5	5	1.8285090170879783	1.817483016543433	0.011026000544545278	-0.6030049861118494	0.6030049861118494	TRUE	1	1
ENSMUSG00000085977	Gm5970	25	top_abs_beta_meta	3.5069390366748956	TRUE	GSE264344	GSE264344_design__T=Muscle__H=6__B=NA__G=delivery_ad26__VS=baseline_0	<upstream_project_root>/00_metadata/verified_metadata/splited/GSE264344_design/GSE264344_design__T=Muscle__H=6__B=NA__G=delivery_ad26__VS=baseline_0.tsv	anchor	acute_main	Muscle	6	5	5	4.409334481944208	4.386440802343326	0.022893679600882066	-0.5192094111850538	0.5192094111850538	TRUE	1	1
ENSMUSG00000085977	Gm5970	25	top_abs_beta_meta	3.5069390366748956	TRUE	GSE264344	GSE264344_design__T=Muscle__H=6__B=NA__G=delivery_ad5__VS=baseline_0	<upstream_project_root>/00_metadata/verified_metadata/splited/GSE264344_design/GSE264344_design__T=Muscle__H=6__B=NA__G=delivery_ad5__VS=baseline_0.tsv	anchor	acute_main	Muscle	6	5	5	4.115105313956205	4.094126341588899	0.02097897236730617	-0.5098040212034641	0.5098040212034641	TRUE	1	1
ENSMUSG00000085977	Gm5970	25	top_abs_beta_meta	3.5069390366748956	TRUE	GSE264344	GSE264344_design__T=Muscle__H=72__B=NA__G=delivery_ad26__VS=baseline_0	<upstream_project_root>/00_metadata/verified_metadata/splited/GSE264344_design/GSE264344_design__T=Muscle__H=72__B=NA__G=delivery_ad26__VS=baseline_0.tsv	external	extended_transfer	Muscle	72	5	5	1.0550234100660878	1.0484550182029249	0.006568391863162937	-0.6225825702532501	0.6225825702532501	TRUE	0.96	0.96
ENSMUSG00000085977	Gm5970	25	top_abs_beta_meta	3.5069390366748956	TRUE	GSE264344	GSE264344_design__T=Muscle__H=72__B=NA__G=delivery_ad5__VS=baseline_0	<upstream_project_root>/00_metadata/verified_metadata/splited/GSE264344_design/GSE264344_design__T=Muscle__H=72__B=NA__G=delivery_ad5__VS=baseline_0.tsv	external	extended_transfer	Muscle	72	5	5	1.441223145245387	1.4370740767791401	0.0041490684662468524	-0.2878852230436821	0.2878852230436821	TRUE	1	1
ENSMUSG00000022126	Acod1	1	top_abs_beta_meta	6.353446492462103	TRUE	GSE279372	GSE279372_design__T=draining_lymph_nodes__H=24__B=NA__G=delivery_1000_g_lnps_injected__VS=baseline_0	<upstream_project_root>/00_metadata/verified_metadata/splited/GSE279372_design/GSE279372_design__T=draining_lymph_nodes__H=24__B=NA__G=delivery_1000_g_lnps_injected__VS=baseline_0.tsv	calibration	acute_main	draining lymph nodes	24	4	4	28.281184954437517	27.00795143251946	1.2732335219180584	-4.5020515369822895	4.5020515369822895	TRUE	1	1
ENSMUSG00000022126	Acod1	1	top_abs_beta_meta	6.353446492462103	TRUE	GSE279372	GSE279372_design__T=draining_lymph_nodes__H=24__B=NA__G=delivery_250_g_alum_injected__VS=baseline_0	<upstream_project_root>/00_metadata/verified_metadata/splited/GSE279372_design/GSE279372_design__T=draining_lymph_nodes__H=24__B=NA__G=delivery_250_g_alum_injected__VS=baseline_0.tsv	calibration	acute_main	draining lymph nodes	24	4	4	-0.521111432394882	-0.3068724379565065	0.21423899443837552	41.111935206217446	41.111935206217446	TRUE	0.3125	0.4375
ENSMUSG00000022126	Acod1	1	top_abs_beta_meta	6.353446492462103	TRUE	GSE279372	GSE279372_design__T=draining_lymph_nodes__H=24__B=NA__G=delivery_5_g_gi_1_gii_4_vlp__VS=baseline_0	<upstream_project_root>/00_metadata/verified_metadata/splited/GSE279372_design/GSE279372_design__T=draining_lymph_nodes__H=24__B=NA__G=delivery_5_g_gi_1_gii_4_vlp__VS=baseline_0.tsv	calibration	acute_main	draining lymph nodes	24	4	4	2.562748652650221	2.599747448179259	0.03699879552903784	1.4437153441004131	1.4437153441004131	TRUE	1	1
ENSMUSG00000022126	Acod1	1	top_abs_beta_meta	6.353446492462103	TRUE	GSE279372	GSE279372_design__T=draining_lymph_nodes__H=24__B=NA__G=GID00110503__VS=baseline_0	<upstream_project_root>/00_metadata/verified_metadata/splited/GSE279372_design/GSE279372_design__T=draining_lymph_nodes__H=24__B=NA__G=GID00110503__VS=baseline_0.tsv	calibration	acute_main	draining lymph nodes	24	4	4	0.4684414966881427	0.49056104801787254	0.022119551329729814	4.721945319984226	4.721945319984226	TRUE	0.6875	0.625
ENSMUSG00000022126	Acod1	1	top_abs_beta_meta	6.353446492462103	TRUE	GSE279372	GSE279372_design__T=draining_lymph_nodes__H=24__B=NA__G=GID00110754__VS=baseline_0	<upstream_project_root>/00_metadata/verified_metadata/splited/GSE279372_design/GSE279372_design__T=draining_lymph_nodes__H=24__B=NA__G=GID00110754__VS=baseline_0.tsv	calibration	acute_main	draining lymph nodes	24	4	4	22.534933511125143	21.633407048889854	0.9015264622352888	-4.000572985006675	4.000572985006675	TRUE	1	1
ENSMUSG00000022126	Acod1	1	top_abs_beta_meta	6.353446492462103	TRUE	GSE279372	GSE279372_design__T=draining_lymph_nodes__H=24__B=NA__G=GID00114748__VS=baseline_0	<upstream_project_root>/00_metadata/verified_metadata/splited/GSE279372_design/GSE279372_design__T=draining_lymph_nodes__H=24__B=NA__G=GID00114748__VS=baseline_0.tsv	calibration	acute_main	draining lymph nodes	24	4	4	28.73023370273408	27.354991697729687	1.3752420050043916	-4.786741448864436	4.786741448864436	TRUE	1	1
ENSMUSG00000060183	Cxcl11	2	top_abs_beta_meta	6.0257926459264395	TRUE	GSE279372	GSE279372_design__T=draining_lymph_nodes__H=24__B=NA__G=delivery_1000_g_lnps_injected__VS=baseline_0	<upstream_project_root>/00_metadata/verified_metadata/splited/GSE279372_design/GSE279372_design__T=draining_lymph_nodes__H=24__B=NA__G=delivery_1000_g_lnps_injected__VS=baseline_0.tsv	calibration	acute_main	draining lymph nodes	24	4	4	28.281184954437517	27.799807181922223	0.48137777251529457	-1.7021131656640964	1.7021131656640964	TRUE	1	1
ENSMUSG00000060183	Cxcl11	2	top_abs_beta_meta	6.0257926459264395	TRUE	GSE279372	GSE279372_design__T=draining_lymph_nodes__H=24__B=NA__G=delivery_250_g_alum_injected__VS=baseline_0	<upstream_project_root>/00_metadata/verified_metadata/splited/GSE279372_design/GSE279372_design__T=draining_lymph_nodes__H=24__B=NA__G=delivery_250_g_alum_injected__VS=baseline_0.tsv	calibration	acute_main	draining lymph nodes	24	4	4	-0.521111432394882	-0.5140504289799437	0.007061003414938316	1.3549891589382188	1.3549891589382188	TRUE	0.3125	0.3125
ENSMUSG00000060183	Cxcl11	2	top_abs_beta_meta	6.0257926459264395	TRUE	GSE279372	GSE279372_design__T=draining_lymph_nodes__H=24__B=NA__G=delivery_5_g_gi_1_gii_4_vlp__VS=baseline_0	<upstream_project_root>/00_metadata/verified_metadata/splited/GSE279372_design/GSE279372_design__T=draining_lymph_nodes__H=24__B=NA__G=delivery_5_g_gi_1_gii_4_vlp__VS=baseline_0.tsv	calibration	acute_main	draining lymph nodes	24	4	4	2.562748652650221	2.566665020695466	0.0039163680452452	0.15281904611266334	0.15281904611266334	TRUE	1	1
ENSMUSG00000060183	Cxcl11	2	top_abs_beta_meta	6.0257926459264395	TRUE	GSE279372	GSE279372_design__T=draining_lymph_nodes__H=24__B=NA__G=GID00110503__VS=baseline_0	<upstream_project_root>/00_metadata/verified_metadata/splited/GSE279372_design/GSE279372_design__T=draining_lymph_nodes__H=24__B=NA__G=GID00110503__VS=baseline_0.tsv	calibration	acute_main	draining lymph nodes	24	4	4	0.4684414966881427	0.4631708477138834	0.005270648974259329	-1.1251456182943966	1.1251456182943966	TRUE	0.6875	0.625
ENSMUSG00000060183	Cxcl11	2	top_abs_beta_meta	6.0257926459264395	TRUE	GSE279372	GSE279372_design__T=draining_lymph_nodes__H=24__B=NA__G=GID00110754__VS=baseline_0	<upstream_project_root>/00_metadata/verified_metadata/splited/GSE279372_design/GSE279372_design__T=draining_lymph_nodes__H=24__B=NA__G=GID00110754__VS=baseline_0.tsv	calibration	acute_main	draining lymph nodes	24	4	4	22.534933511125143	22.172481761250634	0.36245174987450923	-1.608399464305375	1.608399464305375	TRUE	1	1
ENSMUSG00000060183	Cxcl11	2	top_abs_beta_meta	6.0257926459264395	TRUE	GSE279372	GSE279372_design__T=draining_lymph_nodes__H=24__B=NA__G=GID00114748__VS=baseline_0	<upstream_project_root>/00_metadata/verified_metadata/splited/GSE279372_design/GSE279372_design__T=draining_lymph_nodes__H=24__B=NA__G=GID00114748__VS=baseline_0.tsv	calibration	acute_main	draining lymph nodes	24	4	4	28.73023370273408	28.234602912774648	0.49563078995943144	-1.7251192422854023	1.7251192422854023	TRUE	1	1
ENSMUSG00000138573	Gm72936	3	top_abs_beta_meta	4.977817758075086	TRUE	GSE279372	GSE279372_design__T=draining_lymph_nodes__H=24__B=NA__G=delivery_1000_g_lnps_injected__VS=baseline_0	<upstream_project_root>/00_metadata/verified_metadata/splited/GSE279372_design/GSE279372_design__T=draining_lymph_nodes__H=24__B=NA__G=delivery_1000_g_lnps_injected__VS=baseline_0.tsv	calibration	acute_main	draining lymph nodes	24	4	4	28.281184954437517	28.558793117232895	0.2776081627953779	0.9816001813312255	0.9816001813312255	TRUE	1	1
ENSMUSG00000138573	Gm72936	3	top_abs_beta_meta	4.977817758075086	TRUE	GSE279372	GSE279372_design__T=draining_lymph_nodes__H=24__B=NA__G=delivery_250_g_alum_injected__VS=baseline_0	<upstream_project_root>/00_metadata/verified_metadata/splited/GSE279372_design/GSE279372_design__T=draining_lymph_nodes__H=24__B=NA__G=delivery_250_g_alum_injected__VS=baseline_0.tsv	calibration	acute_main	draining lymph nodes	24	4	4	-0.521111432394882	-0.5132821697072572	0.00782926268762485	1.5024162205852507	1.5024162205852507	TRUE	0.3125	0.3125
ENSMUSG00000138573	Gm72936	3	top_abs_beta_meta	4.977817758075086	TRUE	GSE279372	GSE279372_design__T=draining_lymph_nodes__H=24__B=NA__G=delivery_5_g_gi_1_gii_4_vlp__VS=baseline_0	<upstream_project_root>/00_metadata/verified_metadata/splited/GSE279372_design/GSE279372_design__T=draining_lymph_nodes__H=24__B=NA__G=delivery_5_g_gi_1_gii_4_vlp__VS=baseline_0.tsv	calibration	acute_main	draining lymph nodes	24	4	4	2.562748652650221	2.6095917145575	0.04684306190727883	1.8278445628617113	1.8278445628617113	TRUE	1	1
ENSMUSG00000138573	Gm72936	3	top_abs_beta_meta	4.977817758075086	TRUE	GSE279372	GSE279372_design__T=draining_lymph_nodes__H=24__B=NA__G=GID00110503__VS=baseline_0	<upstream_project_root>/00_metadata/verified_metadata/splited/GSE279372_design/GSE279372_design__T=draining_lymph_nodes__H=24__B=NA__G=GID00110503__VS=baseline_0.tsv	calibration	acute_main	draining lymph nodes	24	4	4	0.4684414966881427	0.48878955667130086	0.02034805998315814	4.34377827904186	4.34377827904186	TRUE	0.6875	0.6875
ENSMUSG00000138573	Gm72936	3	top_abs_beta_meta	4.977817758075086	TRUE	GSE279372	GSE279372_design__T=draining_lymph_nodes__H=24__B=NA__G=GID00110754__VS=baseline_0	<upstream_project_root>/00_metadata/verified_metadata/splited/GSE279372_design/GSE279372_design__T=draining_lymph_nodes__H=24__B=NA__G=GID00110754__VS=baseline_0.tsv	calibration	acute_main	draining lymph nodes	24	4	4	22.534933511125143	22.777686800209317	0.24275328908417393	1.0772309976611665	1.0772309976611665	TRUE	1	1
ENSMUSG00000138573	Gm72936	3	top_abs_beta_meta	4.977817758075086	TRUE	GSE279372	GSE279372_design__T=draining_lymph_nodes__H=24__B=NA__G=GID00114748__VS=baseline_0	<upstream_project_root>/00_metadata/verified_metadata/splited/GSE279372_design/GSE279372_design__T=draining_lymph_nodes__H=24__B=NA__G=GID00114748__VS=baseline_0.tsv	calibration	acute_main	draining lymph nodes	24	4	4	28.73023370273408	29.034563495871126	0.3043297931370468	1.0592666815240197	1.0592666815240197	TRUE	1	1
ENSMUSG00000035385	Ccl2	4	top_abs_beta_meta	4.6635139717927325	TRUE	GSE279372	GSE279372_design__T=draining_lymph_nodes__H=24__B=NA__G=delivery_1000_g_lnps_injected__VS=baseline_0	<upstream_project_root>/00_metadata/verified_metadata/splited/GSE279372_design/GSE279372_design__T=draining_lymph_nodes__H=24__B=NA__G=delivery_1000_g_lnps_injected__VS=baseline_0.tsv	calibration	acute_main	draining lymph nodes	24	4	4	28.281184954437517	28.82961262868221	0.5484276742446923	1.9391962363961703	1.9391962363961703	TRUE	1	1
ENSMUSG00000035385	Ccl2	4	top_abs_beta_meta	4.6635139717927325	TRUE	GSE279372	GSE279372_design__T=draining_lymph_nodes__H=24__B=NA__G=delivery_250_g_alum_injected__VS=baseline_0	<upstream_project_root>/00_metadata/verified_metadata/splited/GSE279372_design/GSE279372_design__T=draining_lymph_nodes__H=24__B=NA__G=delivery_250_g_alum_injected__VS=baseline_0.tsv	calibration	acute_main	draining lymph nodes	24	4	4	-0.521111432394882	-0.5086353169237019	0.012476115471180105	2.394135821170412	2.394135821170412	TRUE	0.3125	0.3125
ENSMUSG00000035385	Ccl2	4	top_abs_beta_meta	4.6635139717927325	TRUE	GSE279372	GSE279372_design__T=draining_lymph_nodes__H=24__B=NA__G=delivery_5_g_gi_1_gii_4_vlp__VS=baseline_0	<upstream_project_root>/00_metadata/verified_metadata/splited/GSE279372_design/GSE279372_design__T=draining_lymph_nodes__H=24__B=NA__G=delivery_5_g_gi_1_gii_4_vlp__VS=baseline_0.tsv	calibration	acute_main	draining lymph nodes	24	4	4	2.562748652650221	2.638446093523143	0.07569744087292207	2.953759854468791	2.953759854468791	TRUE	1	1
ENSMUSG00000035385	Ccl2	4	top_abs_beta_meta	4.6635139717927325	TRUE	GSE279372	GSE279372_design__T=draining_lymph_nodes__H=24__B=NA__G=GID00110503__VS=baseline_0	<upstream_project_root>/00_metadata/verified_metadata/splited/GSE279372_design/GSE279372_design__T=draining_lymph_nodes__H=24__B=NA__G=GID00110503__VS=baseline_0.tsv	calibration	acute_main	draining lymph nodes	24	4	4	0.4684414966881427	0.4994195452855531	0.03097804859741038	6.613002651648838	6.613002651648838	TRUE	0.6875	0.6875
ENSMUSG00000035385	Ccl2	4	top_abs_beta_meta	4.6635139717927325	TRUE	GSE279372	GSE279372_design__T=draining_lymph_nodes__H=24__B=NA__G=GID00110754__VS=baseline_0	<upstream_project_root>/00_metadata/verified_metadata/splited/GSE279372_design/GSE279372_design__T=draining_lymph_nodes__H=24__B=NA__G=GID00110754__VS=baseline_0.tsv	calibration	acute_main	draining lymph nodes	24	4	4	22.534933511125143	22.999428581615433	0.4644950704902904	2.0612222807800893	2.0612222807800893	TRUE	1	1
ENSMUSG00000035385	Ccl2	4	top_abs_beta_meta	4.6635139717927325	TRUE	GSE279372	GSE279372_design__T=draining_lymph_nodes__H=24__B=NA__G=GID00114748__VS=baseline_0	<upstream_project_root>/00_metadata/verified_metadata/splited/GSE279372_design/GSE279372_design__T=draining_lymph_nodes__H=24__B=NA__G=GID00114748__VS=baseline_0.tsv	calibration	acute_main	draining lymph nodes	24	4	4	28.73023370273408	29.275742353208763	0.5455086504746838	1.8987268120369347	1.8987268120369347	TRUE	1	1
ENSMUSG00000034855	Cxcl10	5	top_abs_beta_meta	4.612796832918611	TRUE	GSE279372	GSE279372_design__T=draining_lymph_nodes__H=24__B=NA__G=delivery_1000_g_lnps_injected__VS=baseline_0	<upstream_project_root>/00_metadata/verified_metadata/splited/GSE279372_design/GSE279372_design__T=draining_lymph_nodes__H=24__B=NA__G=delivery_1000_g_lnps_injected__VS=baseline_0.tsv	calibration	acute_main	draining lymph nodes	24	4	4	28.281184954437517	28.693979352607677	0.41279439817015984	1.4596078588474755	1.4596078588474755	TRUE	1	1
ENSMUSG00000034855	Cxcl10	5	top_abs_beta_meta	4.612796832918611	TRUE	GSE279372	GSE279372_design__T=draining_lymph_nodes__H=24__B=NA__G=delivery_250_g_alum_injected__VS=baseline_0	<upstream_project_root>/00_metadata/verified_metadata/splited/GSE279372_design/GSE279372_design__T=draining_lymph_nodes__H=24__B=NA__G=delivery_250_g_alum_injected__VS=baseline_0.tsv	calibration	acute_main	draining lymph nodes	24	4	4	-0.521111432394882	-0.536205273267254	0.015093840872371977	-2.8964708762970175	2.8964708762970175	TRUE	0.3125	0.3125
ENSMUSG00000034855	Cxcl10	5	top_abs_beta_meta	4.612796832918611	TRUE	GSE279372	GSE279372_design__T=draining_lymph_nodes__H=24__B=NA__G=delivery_5_g_gi_1_gii_4_vlp__VS=baseline_0	<upstream_project_root>/00_metadata/verified_metadata/splited/GSE279372_design/GSE279372_design__T=draining_lymph_nodes__H=24__B=NA__G=delivery_5_g_gi_1_gii_4_vlp__VS=baseline_0.tsv	calibration	acute_main	draining lymph nodes	24	4	4	2.562748652650221	2.587824803757382	0.025076151107160882	0.9784865590009706	0.9784865590009706	TRUE	1	1
ENSMUSG00000034855	Cxcl10	5	top_abs_beta_meta	4.612796832918611	TRUE	GSE279372	GSE279372_design__T=draining_lymph_nodes__H=24__B=NA__G=GID00110503__VS=baseline_0	<upstream_project_root>/00_metadata/verified_metadata/splited/GSE279372_design/GSE279372_design__T=draining_lymph_nodes__H=24__B=NA__G=GID00110503__VS=baseline_0.tsv	calibration	acute_main	draining lymph nodes	24	4	4	0.4684414966881427	0.47288117610784763	0.004439679419704912	0.947755365631187	0.947755365631187	TRUE	0.6875	0.6875
ENSMUSG00000034855	Cxcl10	5	top_abs_beta_meta	4.612796832918611	TRUE	GSE279372	GSE279372_design__T=draining_lymph_nodes__H=24__B=NA__G=GID00110754__VS=baseline_0	<upstream_project_root>/00_metadata/verified_metadata/splited/GSE279372_design/GSE279372_design__T=draining_lymph_nodes__H=24__B=NA__G=GID00110754__VS=baseline_0.tsv	calibration	acute_main	draining lymph nodes	24	4	4	22.534933511125143	22.86958274561063	0.3346492344854859	1.4850242816127006	1.4850242816127006	TRUE	1	1
ENSMUSG00000034855	Cxcl10	5	top_abs_beta_meta	4.612796832918611	TRUE	GSE279372	GSE279372_design__T=draining_lymph_nodes__H=24__B=NA__G=GID00114748__VS=baseline_0	<upstream_project_root>/00_metadata/verified_metadata/splited/GSE279372_design/GSE279372_design__T=draining_lymph_nodes__H=24__B=NA__G=GID00114748__VS=baseline_0.tsv	calibration	acute_main	draining lymph nodes	24	4	4	28.73023370273408	29.152013313636694	0.4217796109026146	1.4680688478439925	1.4680688478439925	TRUE	1	1
ENSMUSG00000085295	4930430E12Rik	6	top_abs_beta_meta	4.495088843307157	TRUE	GSE279372	GSE279372_design__T=draining_lymph_nodes__H=24__B=NA__G=delivery_1000_g_lnps_injected__VS=baseline_0	<upstream_project_root>/00_metadata/verified_metadata/splited/GSE279372_design/GSE279372_design__T=draining_lymph_nodes__H=24__B=NA__G=delivery_1000_g_lnps_injected__VS=baseline_0.tsv	calibration	acute_main	draining lymph nodes	24	4	4	28.281184954437517	28.129238301799138	0.15194665263837948	-0.5372711676797615	0.5372711676797615	TRUE	1	1
ENSMUSG00000085295	4930430E12Rik	6	top_abs_beta_meta	4.495088843307157	TRUE	GSE279372	GSE279372_design__T=draining_lymph_nodes__H=24__B=NA__G=delivery_250_g_alum_injected__VS=baseline_0	<upstream_project_root>/00_metadata/verified_metadata/splited/GSE279372_design/GSE279372_design__T=draining_lymph_nodes__H=24__B=NA__G=delivery_250_g_alum_injected__VS=baseline_0.tsv	calibration	acute_main	draining lymph nodes	24	4	4	-0.521111432394882	-0.5045893957957278	0.01652203659915419	3.170538117581405	3.170538117581405	TRUE	0.3125	0.3125
ENSMUSG00000085295	4930430E12Rik	6	top_abs_beta_meta	4.495088843307157	TRUE	GSE279372	GSE279372_design__T=draining_lymph_nodes__H=24__B=NA__G=delivery_5_g_gi_1_gii_4_vlp__VS=baseline_0	<upstream_project_root>/00_metadata/verified_metadata/splited/GSE279372_design/GSE279372_design__T=draining_lymph_nodes__H=24__B=NA__G=delivery_5_g_gi_1_gii_4_vlp__VS=baseline_0.tsv	calibration	acute_main	draining lymph nodes	24	4	4	2.562748652650221	2.609421576706594	0.0466729240563728	1.8212056811777786	1.8212056811777786	TRUE	1	1
ENSMUSG00000085295	4930430E12Rik	6	top_abs_beta_meta	4.495088843307157	TRUE	GSE279372	GSE279372_design__T=draining_lymph_nodes__H=24__B=NA__G=GID00110503__VS=baseline_0	<upstream_project_root>/00_metadata/verified_metadata/splited/GSE279372_design/GSE279372_design__T=draining_lymph_nodes__H=24__B=NA__G=GID00110503__VS=baseline_0.tsv	calibration	acute_main	draining lymph nodes	24	4	4	0.4684414966881427	0.4400417292938634	0.028399767394279296	-6.06260709076036	6.06260709076036	TRUE	0.6875	0.625
ENSMUSG00000085295	4930430E12Rik	6	top_abs_beta_meta	4.495088843307157	TRUE	GSE279372	GSE279372_design__T=draining_lymph_nodes__H=24__B=NA__G=GID00110754__VS=baseline_0	<upstream_project_root>/00_metadata/verified_metadata/splited/GSE279372_design/GSE279372_design__T=draining_lymph_nodes__H=24__B=NA__G=GID00110754__VS=baseline_0.tsv	calibration	acute_main	draining lymph nodes	24	4	4	22.534933511125143	22.419937289721286	0.11499622140385668	-0.5103020221785205	0.5103020221785205	TRUE	1	1
ENSMUSG00000085295	4930430E12Rik	6	top_abs_beta_meta	4.495088843307157	TRUE	GSE279372	GSE279372_design__T=draining_lymph_nodes__H=24__B=NA__G=GID00114748__VS=baseline_0	<upstream_project_root>/00_metadata/verified_metadata/splited/GSE279372_design/GSE279372_design__T=draining_lymph_nodes__H=24__B=NA__G=GID00114748__VS=baseline_0.tsv	calibration	acute_main	draining lymph nodes	24	4	4	28.73023370273408	28.550739861786205	0.1794938409478739	-0.6247559376128311	0.6247559376128311	TRUE	1	1
ENSMUSG00000052485	Tmem171	7	top_abs_beta_meta	4.404983306498316	TRUE	GSE279372	GSE279372_design__T=draining_lymph_nodes__H=24__B=NA__G=delivery_1000_g_lnps_injected__VS=baseline_0	<upstream_project_root>/00_metadata/verified_metadata/splited/GSE279372_design/GSE279372_design__T=draining_lymph_nodes__H=24__B=NA__G=delivery_1000_g_lnps_injected__VS=baseline_0.tsv	calibration	acute_main	draining lymph nodes	24	4	4	28.281184954437517	27.26314868648356	1.0180362679539563	-3.5996945304592667	3.5996945304592667	TRUE	1	1
ENSMUSG00000052485	Tmem171	7	top_abs_beta_meta	4.404983306498316	TRUE	GSE279372	GSE279372_design__T=draining_lymph_nodes__H=24__B=NA__G=delivery_250_g_alum_injected__VS=baseline_0	<upstream_project_root>/00_metadata/verified_metadata/splited/GSE279372_design/GSE279372_design__T=draining_lymph_nodes__H=24__B=NA__G=delivery_250_g_alum_injected__VS=baseline_0.tsv	calibration	acute_main	draining lymph nodes	24	4	4	-0.521111432394882	-0.5799277788695867	0.058816346474704684	-11.286711981044293	11.286711981044293	TRUE	0.3125	0.3125
ENSMUSG00000052485	Tmem171	7	top_abs_beta_meta	4.404983306498316	TRUE	GSE279372	GSE279372_design__T=draining_lymph_nodes__H=24__B=NA__G=delivery_5_g_gi_1_gii_4_vlp__VS=baseline_0	<upstream_project_root>/00_metadata/verified_metadata/splited/GSE279372_design/GSE279372_design__T=draining_lymph_nodes__H=24__B=NA__G=delivery_5_g_gi_1_gii_4_vlp__VS=baseline_0.tsv	calibration	acute_main	draining lymph nodes	24	4	4	2.562748652650221	2.317078172889563	0.24567047976065792	-9.586210473922293	9.586210473922293	TRUE	1	1
ENSMUSG00000052485	Tmem171	7	top_abs_beta_meta	4.404983306498316	TRUE	GSE279372	GSE279372_design__T=draining_lymph_nodes__H=24__B=NA__G=GID00110503__VS=baseline_0	<upstream_project_root>/00_metadata/verified_metadata/splited/GSE279372_design/GSE279372_design__T=draining_lymph_nodes__H=24__B=NA__G=GID00110503__VS=baseline_0.tsv	calibration	acute_main	draining lymph nodes	24	4	4	0.4684414966881427	0.4684414966881427	0	0	0	TRUE	0.6875	0.6875
ENSMUSG00000052485	Tmem171	7	top_abs_beta_meta	4.404983306498316	TRUE	GSE279372	GSE279372_design__T=draining_lymph_nodes__H=24__B=NA__G=GID00110754__VS=baseline_0	<upstream_project_root>/00_metadata/verified_metadata/splited/GSE279372_design/GSE279372_design__T=draining_lymph_nodes__H=24__B=NA__G=GID00110754__VS=baseline_0.tsv	calibration	acute_main	draining lymph nodes	24	4	4	22.534933511125143	21.74859210473281	0.7863414063923315	-3.4894329996763784	3.4894329996763784	TRUE	1	1
ENSMUSG00000052485	Tmem171	7	top_abs_beta_meta	4.404983306498316	TRUE	GSE279372	GSE279372_design__T=draining_lymph_nodes__H=24__B=NA__G=GID00114748__VS=baseline_0	<upstream_project_root>/00_metadata/verified_metadata/splited/GSE279372_design/GSE279372_design__T=draining_lymph_nodes__H=24__B=NA__G=GID00114748__VS=baseline_0.tsv	calibration	acute_main	draining lymph nodes	24	4	4	28.73023370273408	27.57717475352708	1.1530589492070007	-4.013399129075902	4.013399129075902	TRUE	1	1
ENSMUSG00000040026	Saa3	8	top_abs_beta_meta	4.397792528205895	TRUE	GSE279372	GSE279372_design__T=draining_lymph_nodes__H=24__B=NA__G=delivery_1000_g_lnps_injected__VS=baseline_0	<upstream_project_root>/00_metadata/verified_metadata/splited/GSE279372_design/GSE279372_design__T=draining_lymph_nodes__H=24__B=NA__G=delivery_1000_g_lnps_injected__VS=baseline_0.tsv	calibration	acute_main	draining lymph nodes	24	4	4	28.281184954437517	27.91887912180538	0.36230583263213845	-1.2810843435868486	1.2810843435868486	TRUE	1	1
ENSMUSG00000040026	Saa3	8	top_abs_beta_meta	4.397792528205895	TRUE	GSE279372	GSE279372_design__T=draining_lymph_nodes__H=24__B=NA__G=delivery_250_g_alum_injected__VS=baseline_0	<upstream_project_root>/00_metadata/verified_metadata/splited/GSE279372_design/GSE279372_design__T=draining_lymph_nodes__H=24__B=NA__G=delivery_250_g_alum_injected__VS=baseline_0.tsv	calibration	acute_main	draining lymph nodes	24	4	4	-0.521111432394882	-0.5732109053738246	0.052099472978942574	-9.997760505753636	9.997760505753636	TRUE	0.3125	0.3125
ENSMUSG00000040026	Saa3	8	top_abs_beta_meta	4.397792528205895	TRUE	GSE279372	GSE279372_design__T=draining_lymph_nodes__H=24__B=NA__G=delivery_5_g_gi_1_gii_4_vlp__VS=baseline_0	<upstream_project_root>/00_metadata/verified_metadata/splited/GSE279372_design/GSE279372_design__T=draining_lymph_nodes__H=24__B=NA__G=delivery_5_g_gi_1_gii_4_vlp__VS=baseline_0.tsv	calibration	acute_main	draining lymph nodes	24	4	4	2.562748652650221	2.4433302533068546	0.1194183993433664	-4.659778055872627	4.659778055872627	TRUE	1	1
ENSMUSG00000040026	Saa3	8	top_abs_beta_meta	4.397792528205895	TRUE	GSE279372	GSE279372_design__T=draining_lymph_nodes__H=24__B=NA__G=GID00110503__VS=baseline_0	<upstream_project_root>/00_metadata/verified_metadata/splited/GSE279372_design/GSE279372_design__T=draining_lymph_nodes__H=24__B=NA__G=GID00110503__VS=baseline_0.tsv	calibration	acute_main	draining lymph nodes	24	4	4	0.4684414966881427	0.3181947666075713	0.15024673008057143	-32.07374477769542	32.07374477769542	TRUE	0.6875	0.5625
ENSMUSG00000040026	Saa3	8	top_abs_beta_meta	4.397792528205895	TRUE	GSE279372	GSE279372_design__T=draining_lymph_nodes__H=24__B=NA__G=GID00110754__VS=baseline_0	<upstream_project_root>/00_metadata/verified_metadata/splited/GSE279372_design/GSE279372_design__T=draining_lymph_nodes__H=24__B=NA__G=GID00110754__VS=baseline_0.tsv	calibration	acute_main	draining lymph nodes	24	4	4	22.534933511125143	22.22895320044872	0.3059803106764214	-1.3578043641680315	1.3578043641680315	TRUE	1	1
ENSMUSG00000040026	Saa3	8	top_abs_beta_meta	4.397792528205895	TRUE	GSE279372	GSE279372_design__T=draining_lymph_nodes__H=24__B=NA__G=GID00114748__VS=baseline_0	<upstream_project_root>/00_metadata/verified_metadata/splited/GSE279372_design/GSE279372_design__T=draining_lymph_nodes__H=24__B=NA__G=GID00114748__VS=baseline_0.tsv	calibration	acute_main	draining lymph nodes	24	4	4	28.73023370273408	28.29164536463927	0.4385883380948101	-1.526574209708125	1.526574209708125	TRUE	1	1
ENSMUSG00000134421	Gm67078	9	top_abs_beta_meta	4.366412049518441	TRUE	GSE279372	GSE279372_design__T=draining_lymph_nodes__H=24__B=NA__G=delivery_1000_g_lnps_injected__VS=baseline_0	<upstream_project_root>/00_metadata/verified_metadata/splited/GSE279372_design/GSE279372_design__T=draining_lymph_nodes__H=24__B=NA__G=delivery_1000_g_lnps_injected__VS=baseline_0.tsv	calibration	acute_main	draining lymph nodes	24	4	4	28.281184954437517	27.978466292139434	0.30271866229808353	-1.0703888920700433	1.0703888920700433	TRUE	1	1
ENSMUSG00000134421	Gm67078	9	top_abs_beta_meta	4.366412049518441	TRUE	GSE279372	GSE279372_design__T=draining_lymph_nodes__H=24__B=NA__G=delivery_250_g_alum_injected__VS=baseline_0	<upstream_project_root>/00_metadata/verified_metadata/splited/GSE279372_design/GSE279372_design__T=draining_lymph_nodes__H=24__B=NA__G=delivery_250_g_alum_injected__VS=baseline_0.tsv	calibration	acute_main	draining lymph nodes	24	4	4	-0.521111432394882	-0.5056186749912358	0.015492757403646196	2.973021975826903	2.973021975826903	TRUE	0.3125	0.3125
ENSMUSG00000134421	Gm67078	9	top_abs_beta_meta	4.366412049518441	TRUE	GSE279372	GSE279372_design__T=draining_lymph_nodes__H=24__B=NA__G=delivery_5_g_gi_1_gii_4_vlp__VS=baseline_0	<upstream_project_root>/00_metadata/verified_metadata/splited/GSE279372_design/GSE279372_design__T=draining_lymph_nodes__H=24__B=NA__G=delivery_5_g_gi_1_gii_4_vlp__VS=baseline_0.tsv	calibration	acute_main	draining lymph nodes	24	4	4	2.562748652650221	2.531275847470739	0.031472805179482144	-1.2280878636668133	1.2280878636668133	TRUE	1	1
ENSMUSG00000134421	Gm67078	9	top_abs_beta_meta	4.366412049518441	TRUE	GSE279372	GSE279372_design__T=draining_lymph_nodes__H=24__B=NA__G=GID00110503__VS=baseline_0	<upstream_project_root>/00_metadata/verified_metadata/splited/GSE279372_design/GSE279372_design__T=draining_lymph_nodes__H=24__B=NA__G=GID00110503__VS=baseline_0.tsv	calibration	acute_main	draining lymph nodes	24	4	4	0.4684414966881427	0.4557654711500813	0.012676025538061408	-2.7059997091803902	2.7059997091803902	TRUE	0.6875	0.625
ENSMUSG00000134421	Gm67078	9	top_abs_beta_meta	4.366412049518441	TRUE	GSE279372	GSE279372_design__T=draining_lymph_nodes__H=24__B=NA__G=GID00110754__VS=baseline_0	<upstream_project_root>/00_metadata/verified_metadata/splited/GSE279372_design/GSE279372_design__T=draining_lymph_nodes__H=24__B=NA__G=GID00110754__VS=baseline_0.tsv	calibration	acute_main	draining lymph nodes	24	4	4	22.534933511125143	22.287034861291076	0.24789864983406673	-1.100063817413453	1.100063817413453	TRUE	1	1
ENSMUSG00000134421	Gm67078	9	top_abs_beta_meta	4.366412049518441	TRUE	GSE279372	GSE279372_design__T=draining_lymph_nodes__H=24__B=NA__G=GID00114748__VS=baseline_0	<upstream_project_root>/00_metadata/verified_metadata/splited/GSE279372_design/GSE279372_design__T=draining_lymph_nodes__H=24__B=NA__G=GID00114748__VS=baseline_0.tsv	calibration	acute_main	draining lymph nodes	24	4	4	28.73023370273408	28.42949542236712	0.3007382803669607	-1.0467658685920864	1.0467658685920864	TRUE	1	1
ENSMUSG00000055110	A630012P03Rik	10	top_abs_beta_meta	4.36126211559667	TRUE	GSE279372	GSE279372_design__T=draining_lymph_nodes__H=24__B=NA__G=delivery_1000_g_lnps_injected__VS=baseline_0	<upstream_project_root>/00_metadata/verified_metadata/splited/GSE279372_design/GSE279372_design__T=draining_lymph_nodes__H=24__B=NA__G=delivery_1000_g_lnps_injected__VS=baseline_0.tsv	calibration	acute_main	draining lymph nodes	24	4	4	28.281184954437517	27.642122993711084	0.6390619607264334	-2.2596717986038986	2.2596717986038986	TRUE	1	1
ENSMUSG00000055110	A630012P03Rik	10	top_abs_beta_meta	4.36126211559667	TRUE	GSE279372	GSE279372_design__T=draining_lymph_nodes__H=24__B=NA__G=delivery_250_g_alum_injected__VS=baseline_0	<upstream_project_root>/00_metadata/verified_metadata/splited/GSE279372_design/GSE279372_design__T=draining_lymph_nodes__H=24__B=NA__G=delivery_250_g_alum_injected__VS=baseline_0.tsv	calibration	acute_main	draining lymph nodes	24	4	4	-0.521111432394882	-0.49816627003635394	0.02294516235852806	4.403120125973542	4.403120125973542	TRUE	0.3125	0.3125
ENSMUSG00000055110	A630012P03Rik	10	top_abs_beta_meta	4.36126211559667	TRUE	GSE279372	GSE279372_design__T=draining_lymph_nodes__H=24__B=NA__G=delivery_5_g_gi_1_gii_4_vlp__VS=baseline_0	<upstream_project_root>/00_metadata/verified_metadata/splited/GSE279372_design/GSE279372_design__T=draining_lymph_nodes__H=24__B=NA__G=delivery_5_g_gi_1_gii_4_vlp__VS=baseline_0.tsv	calibration	acute_main	draining lymph nodes	24	4	4	2.562748652650221	2.522229148570933	0.04051950407928784	-1.5810955177904518	1.5810955177904518	TRUE	1	1
ENSMUSG00000055110	A630012P03Rik	10	top_abs_beta_meta	4.36126211559667	TRUE	GSE279372	GSE279372_design__T=draining_lymph_nodes__H=24__B=NA__G=GID00110503__VS=baseline_0	<upstream_project_root>/00_metadata/verified_metadata/splited/GSE279372_design/GSE279372_design__T=draining_lymph_nodes__H=24__B=NA__G=GID00110503__VS=baseline_0.tsv	calibration	acute_main	draining lymph nodes	24	4	4	0.4684414966881427	0.47102203651681973	0.0025805398286770087	0.5508777183322341	0.5508777183322341	TRUE	0.6875	0.6875
ENSMUSG00000055110	A630012P03Rik	10	top_abs_beta_meta	4.36126211559667	TRUE	GSE279372	GSE279372_design__T=draining_lymph_nodes__H=24__B=NA__G=GID00110754__VS=baseline_0	<upstream_project_root>/00_metadata/verified_metadata/splited/GSE279372_design/GSE279372_design__T=draining_lymph_nodes__H=24__B=NA__G=GID00110754__VS=baseline_0.tsv	calibration	acute_main	draining lymph nodes	24	4	4	22.534933511125143	22.015981108540696	0.5189524025844463	-2.302879670482487	2.302879670482487	TRUE	1	1
ENSMUSG00000055110	A630012P03Rik	10	top_abs_beta_meta	4.36126211559667	TRUE	GSE279372	GSE279372_design__T=draining_lymph_nodes__H=24__B=NA__G=GID00114748__VS=baseline_0	<upstream_project_root>/00_metadata/verified_metadata/splited/GSE279372_design/GSE279372_design__T=draining_lymph_nodes__H=24__B=NA__G=GID00114748__VS=baseline_0.tsv	calibration	acute_main	draining lymph nodes	24	4	4	28.73023370273408	28.07650088231106	0.65373282042302	-2.2754176912971236	2.2754176912971236	TRUE	1	1
ENSMUSG00000050578	Mmp13	11	top_abs_beta_meta	4.342772097488057	TRUE	GSE279372	GSE279372_design__T=draining_lymph_nodes__H=24__B=NA__G=delivery_1000_g_lnps_injected__VS=baseline_0	<upstream_project_root>/00_metadata/verified_metadata/splited/GSE279372_design/GSE279372_design__T=draining_lymph_nodes__H=24__B=NA__G=delivery_1000_g_lnps_injected__VS=baseline_0.tsv	calibration	acute_main	draining lymph nodes	24	4	4	28.281184954437517	27.52350279525846	0.7576821591790583	-2.679103299241967	2.679103299241967	TRUE	1	1
ENSMUSG00000050578	Mmp13	11	top_abs_beta_meta	4.342772097488057	TRUE	GSE279372	GSE279372_design__T=draining_lymph_nodes__H=24__B=NA__G=delivery_250_g_alum_injected__VS=baseline_0	<upstream_project_root>/00_metadata/verified_metadata/splited/GSE279372_design/GSE279372_design__T=draining_lymph_nodes__H=24__B=NA__G=delivery_250_g_alum_injected__VS=baseline_0.tsv	calibration	acute_main	draining lymph nodes	24	4	4	-0.521111432394882	-0.5007226269188565	0.020388805476025507	3.912561538388109	3.912561538388109	TRUE	0.3125	0.3125
ENSMUSG00000050578	Mmp13	11	top_abs_beta_meta	4.342772097488057	TRUE	GSE279372	GSE279372_design__T=draining_lymph_nodes__H=24__B=NA__G=delivery_5_g_gi_1_gii_4_vlp__VS=baseline_0	<upstream_project_root>/00_metadata/verified_metadata/splited/GSE279372_design/GSE279372_design__T=draining_lymph_nodes__H=24__B=NA__G=delivery_5_g_gi_1_gii_4_vlp__VS=baseline_0.tsv	calibration	acute_main	draining lymph nodes	24	4	4	2.562748652650221	2.505351187634157	0.0573974650160638	-2.239683745680921	2.239683745680921	TRUE	1	1
ENSMUSG00000050578	Mmp13	11	top_abs_beta_meta	4.342772097488057	TRUE	GSE279372	GSE279372_design__T=draining_lymph_nodes__H=24__B=NA__G=GID00110503__VS=baseline_0	<upstream_project_root>/00_metadata/verified_metadata/splited/GSE279372_design/GSE279372_design__T=draining_lymph_nodes__H=24__B=NA__G=GID00110503__VS=baseline_0.tsv	calibration	acute_main	draining lymph nodes	24	4	4	0.4684414966881427	0.4695558507869715	0.0011143540988287626	0.23788543643276455	0.23788543643276455	TRUE	0.6875	0.6875
ENSMUSG00000050578	Mmp13	11	top_abs_beta_meta	4.342772097488057	TRUE	GSE279372	GSE279372_design__T=draining_lymph_nodes__H=24__B=NA__G=GID00110754__VS=baseline_0	<upstream_project_root>/00_metadata/verified_metadata/splited/GSE279372_design/GSE279372_design__T=draining_lymph_nodes__H=24__B=NA__G=GID00110754__VS=baseline_0.tsv	calibration	acute_main	draining lymph nodes	24	4	4	22.534933511125143	21.928110076889375	0.6068234342357677	-2.6928121795264603	2.6928121795264603	TRUE	1	1
ENSMUSG00000050578	Mmp13	11	top_abs_beta_meta	4.342772097488057	TRUE	GSE279372	GSE279372_design__T=draining_lymph_nodes__H=24__B=NA__G=GID00114748__VS=baseline_0	<upstream_project_root>/00_metadata/verified_metadata/splited/GSE279372_design/GSE279372_design__T=draining_lymph_nodes__H=24__B=NA__G=GID00114748__VS=baseline_0.tsv	calibration	acute_main	draining lymph nodes	24	4	4	28.73023370273408	27.923178915547375	0.8070547871867042	-2.8090783929470846	2.8090783929470846	TRUE	1	1
ENSMUSG00000111078	Gm35028	12	top_abs_beta_meta	4.2332077695080725	TRUE	GSE279372	GSE279372_design__T=draining_lymph_nodes__H=24__B=NA__G=delivery_1000_g_lnps_injected__VS=baseline_0	<upstream_project_root>/00_metadata/verified_metadata/splited/GSE279372_design/GSE279372_design__T=draining_lymph_nodes__H=24__B=NA__G=delivery_1000_g_lnps_injected__VS=baseline_0.tsv	calibration	acute_main	draining lymph nodes	24	4	4	28.281184954437517	28.604850013286537	0.32366505884901997	1.1444536690045395	1.1444536690045395	TRUE	1	1
ENSMUSG00000111078	Gm35028	12	top_abs_beta_meta	4.2332077695080725	TRUE	GSE279372	GSE279372_design__T=draining_lymph_nodes__H=24__B=NA__G=delivery_250_g_alum_injected__VS=baseline_0	<upstream_project_root>/00_metadata/verified_metadata/splited/GSE279372_design/GSE279372_design__T=draining_lymph_nodes__H=24__B=NA__G=delivery_250_g_alum_injected__VS=baseline_0.tsv	calibration	acute_main	draining lymph nodes	24	4	4	-0.521111432394882	-0.51658687221858135	0.0045245601763006515	0.8682519505486651	0.8682519505486651	TRUE	0.3125	0.3125
ENSMUSG00000111078	Gm35028	12	top_abs_beta_meta	4.2332077695080725	TRUE	GSE279372	GSE279372_design__T=draining_lymph_nodes__H=24__B=NA__G=delivery_5_g_gi_1_gii_4_vlp__VS=baseline_0	<upstream_project_root>/00_metadata/verified_metadata/splited/GSE279372_design/GSE279372_design__T=draining_lymph_nodes__H=24__B=NA__G=delivery_5_g_gi_1_gii_4_vlp__VS=baseline_0.tsv	calibration	acute_main	draining lymph nodes	24	4	4	2.562748652650221	2.6005665493875947	0.03781789673737368	1.4756771678824208	1.4756771678824208	TRUE	1	1
ENSMUSG00000111078	Gm35028	12	top_abs_beta_meta	4.2332077695080725	TRUE	GSE279372	GSE279372_design__T=draining_lymph_nodes__H=24__B=NA__G=GID00110503__VS=baseline_0	<upstream_project_root>/00_metadata/verified_metadata/splited/GSE279372_design/GSE279372_design__T=draining_lymph_nodes__H=24__B=NA__G=GID00110503__VS=baseline_0.tsv	calibration	acute_main	draining lymph nodes	24	4	4	0.4684414966881427	0.4354329599520666	0.03300853673607612	-7.046458729520075	7.046458729520075	TRUE	0.6875	0.625
ENSMUSG00000111078	Gm35028	12	top_abs_beta_meta	4.2332077695080725	TRUE	GSE279372	GSE279372_design__T=draining_lymph_nodes__H=24__B=NA__G=GID00110754__VS=baseline_0	<upstream_project_root>/00_metadata/verified_metadata/splited/GSE279372_design/GSE279372_design__T=draining_lymph_nodes__H=24__B=NA__G=GID00110754__VS=baseline_0.tsv	calibration	acute_main	draining lymph nodes	24	4	4	22.534933511125143	22.746554955768634	0.21162144464349097	0.9390817352046625	0.9390817352046625	TRUE	1	1
ENSMUSG00000111078	Gm35028	12	top_abs_beta_meta	4.2332077695080725	TRUE	GSE279372	GSE279372_design__T=draining_lymph_nodes__H=24__B=NA__G=GID00114748__VS=baseline_0	<upstream_project_root>/00_metadata/verified_metadata/splited/GSE279372_design/GSE279372_design__T=draining_lymph_nodes__H=24__B=NA__G=GID00114748__VS=baseline_0.tsv	calibration	acute_main	draining lymph nodes	24	4	4	28.73023370273408	29.026519667007364	0.29628596427328446	1.0312688972143265	1.0312688972143265	TRUE	1	1
ENSMUSG00000138247	Gm60893	13	top_abs_beta_meta	4.118168331717115	TRUE	GSE279372	GSE279372_design__T=draining_lymph_nodes__H=24__B=NA__G=delivery_1000_g_lnps_injected__VS=baseline_0	<upstream_project_root>/00_metadata/verified_metadata/splited/GSE279372_design/GSE279372_design__T=draining_lymph_nodes__H=24__B=NA__G=delivery_1000_g_lnps_injected__VS=baseline_0.tsv	calibration	acute_main	draining lymph nodes	24	4	4	28.281184954437517	28.7161078789414	0.4349229245038835	1.5378525518098598	1.5378525518098598	TRUE	1	1
ENSMUSG00000138247	Gm60893	13	top_abs_beta_meta	4.118168331717115	TRUE	GSE279372	GSE279372_design__T=draining_lymph_nodes__H=24__B=NA__G=delivery_250_g_alum_injected__VS=baseline_0	<upstream_project_root>/00_metadata/verified_metadata/splited/GSE279372_design/GSE279372_design__T=draining_lymph_nodes__H=24__B=NA__G=delivery_250_g_alum_injected__VS=baseline_0.tsv	calibration	acute_main	draining lymph nodes	24	4	4	-0.521111432394882	-0.5177736169990352	0.003337815395846766	0.6405185509953414	0.6405185509953414	TRUE	0.3125	0.3125
ENSMUSG00000138247	Gm60893	13	top_abs_beta_meta	4.118168331717115	TRUE	GSE279372	GSE279372_design__T=draining_lymph_nodes__H=24__B=NA__G=delivery_5_g_gi_1_gii_4_vlp__VS=baseline_0	<upstream_project_root>/00_metadata/verified_metadata/splited/GSE279372_design/GSE279372_design__T=draining_lymph_nodes__H=24__B=NA__G=delivery_5_g_gi_1_gii_4_vlp__VS=baseline_0.tsv	calibration	acute_main	draining lymph nodes	24	4	4	2.562748652650221	2.6341485087944605	0.07139985614423949	2.786065503162107	2.786065503162107	TRUE	1	1
ENSMUSG00000138247	Gm60893	13	top_abs_beta_meta	4.118168331717115	TRUE	GSE279372	GSE279372_design__T=draining_lymph_nodes__H=24__B=NA__G=GID00110503__VS=baseline_0	<upstream_project_root>/00_metadata/verified_metadata/splited/GSE279372_design/GSE279372_design__T=draining_lymph_nodes__H=24__B=NA__G=GID00110503__VS=baseline_0.tsv	calibration	acute_main	draining lymph nodes	24	4	4	0.4684414966881427	0.5061423956001231	0.03770089891198036	8.048155250660708	8.048155250660708	TRUE	0.6875	0.6875
ENSMUSG00000138247	Gm60893	13	top_abs_beta_meta	4.118168331717115	TRUE	GSE279372	GSE279372_design__T=draining_lymph_nodes__H=24__B=NA__G=GID00110754__VS=baseline_0	<upstream_project_root>/00_metadata/verified_metadata/splited/GSE279372_design/GSE279372_design__T=draining_lymph_nodes__H=24__B=NA__G=GID00110754__VS=baseline_0.tsv	calibration	acute_main	draining lymph nodes	24	4	4	22.534933511125143	22.869737157161534	0.33480364603639146	1.485709491315358	1.485709491315358	TRUE	1	1
ENSMUSG00000138247	Gm60893	13	top_abs_beta_meta	4.118168331717115	TRUE	GSE279372	GSE279372_design__T=draining_lymph_nodes__H=24__B=NA__G=GID00114748__VS=baseline_0	<upstream_project_root>/00_metadata/verified_metadata/splited/GSE279372_design/GSE279372_design__T=draining_lymph_nodes__H=24__B=NA__G=GID00114748__VS=baseline_0.tsv	calibration	acute_main	draining lymph nodes	24	4	4	28.73023370273408	29.18985161799946	0.45961791526537965	1.5997708895129545	1.5997708895129545	TRUE	1	1
ENSMUSG00000035373	Ccl7	14	top_abs_beta_meta	4.080173963641654	TRUE	GSE279372	GSE279372_design__T=draining_lymph_nodes__H=24__B=NA__G=delivery_1000_g_lnps_injected__VS=baseline_0	<upstream_project_root>/00_metadata/verified_metadata/splited/GSE279372_design/GSE279372_design__T=draining_lymph_nodes__H=24__B=NA__G=delivery_1000_g_lnps_injected__VS=baseline_0.tsv	calibration	acute_main	draining lymph nodes	24	4	4	28.281184954437517	28.774718310753286	0.4935333563157691	1.7450943343105227	1.7450943343105227	TRUE	1	1
ENSMUSG00000035373	Ccl7	14	top_abs_beta_meta	4.080173963641654	TRUE	GSE279372	GSE279372_design__T=draining_lymph_nodes__H=24__B=NA__G=delivery_250_g_alum_injected__VS=baseline_0	<upstream_project_root>/00_metadata/verified_metadata/splited/GSE279372_design/GSE279372_design__T=draining_lymph_nodes__H=24__B=NA__G=delivery_250_g_alum_injected__VS=baseline_0.tsv	calibration	acute_main	draining lymph nodes	24	4	4	-0.521111432394882	-0.5106528287144596	0.010458603680422396	2.006980279123332	2.006980279123332	TRUE	0.3125	0.3125
ENSMUSG00000035373	Ccl7	14	top_abs_beta_meta	4.080173963641654	TRUE	GSE279372	GSE279372_design__T=draining_lymph_nodes__H=24__B=NA__G=delivery_5_g_gi_1_gii_4_vlp__VS=baseline_0	<upstream_project_root>/00_metadata/verified_metadata/splited/GSE279372_design/GSE279372_design__T=draining_lymph_nodes__H=24__B=NA__G=delivery_5_g_gi_1_gii_4_vlp__VS=baseline_0.tsv	calibration	acute_main	draining lymph nodes	24	4	4	2.562748652650221	2.635433794474136	0.07268514182391517	2.8362181265318047	2.8362181265318047	TRUE	1	1
ENSMUSG00000035373	Ccl7	14	top_abs_beta_meta	4.080173963641654	TRUE	GSE279372	GSE279372_design__T=draining_lymph_nodes__H=24__B=NA__G=GID00110503__VS=baseline_0	<upstream_project_root>/00_metadata/verified_metadata/splited/GSE279372_design/GSE279372_design__T=draining_lymph_nodes__H=24__B=NA__G=GID00110503__VS=baseline_0.tsv	calibration	acute_main	draining lymph nodes	24	4	4	0.4684414966881427	0.5157100505016864	0.04726855381354367	10.090599177854633	10.090599177854633	TRUE	0.6875	0.6875
ENSMUSG00000035373	Ccl7	14	top_abs_beta_meta	4.080173963641654	TRUE	GSE279372	GSE279372_design__T=draining_lymph_nodes__H=24__B=NA__G=GID00110754__VS=baseline_0	<upstream_project_root>/00_metadata/verified_metadata/splited/GSE279372_design/GSE279372_design__T=draining_lymph_nodes__H=24__B=NA__G=GID00110754__VS=baseline_0.tsv	calibration	acute_main	draining lymph nodes	24	4	4	22.534933511125143	22.950857508889985	0.41592399776484257	1.845685488974296	1.845685488974296	TRUE	1	1
ENSMUSG00000035373	Ccl7	14	top_abs_beta_meta	4.080173963641654	TRUE	GSE279372	GSE279372_design__T=draining_lymph_nodes__H=24__B=NA__G=GID00114748__VS=baseline_0	<upstream_project_root>/00_metadata/verified_metadata/splited/GSE279372_design/GSE279372_design__T=draining_lymph_nodes__H=24__B=NA__G=GID00114748__VS=baseline_0.tsv	calibration	acute_main	draining lymph nodes	24	4	4	28.73023370273408	29.22382527864598	0.49359157591189984	1.7180214439568857	1.7180214439568857	TRUE	1	1
ENSMUSG00000000204	Slfn4	15	top_abs_beta_meta	4.009242973558268	TRUE	GSE279372	GSE279372_design__T=draining_lymph_nodes__H=24__B=NA__G=delivery_1000_g_lnps_injected__VS=baseline_0	<upstream_project_root>/00_metadata/verified_metadata/splited/GSE279372_design/GSE279372_design__T=draining_lymph_nodes__H=24__B=NA__G=delivery_1000_g_lnps_injected__VS=baseline_0.tsv	calibration	acute_main	draining lymph nodes	24	4	4	28.281184954437517	27.961758677330092	0.319426277107425	-1.129465676993512	1.129465676993512	TRUE	1	1
ENSMUSG00000000204	Slfn4	15	top_abs_beta_meta	4.009242973558268	TRUE	GSE279372	GSE279372_design__T=draining_lymph_nodes__H=24__B=NA__G=delivery_250_g_alum_injected__VS=baseline_0	<upstream_project_root>/00_metadata/verified_metadata/splited/GSE279372_design/GSE279372_design__T=draining_lymph_nodes__H=24__B=NA__G=delivery_250_g_alum_injected__VS=baseline_0.tsv	calibration	acute_main	draining lymph nodes	24	4	4	-0.521111432394882	-0.520158604010213	9.528283846690355e-4	0.18284541950847316	0.18284541950847316	TRUE	0.3125	0.3125
ENSMUSG00000000204	Slfn4	15	top_abs_beta_meta	4.009242973558268	TRUE	GSE279372	GSE279372_design__T=draining_lymph_nodes__H=24__B=NA__G=delivery_5_g_gi_1_gii_4_vlp__VS=baseline_0	<upstream_project_root>/00_metadata/verified_metadata/splited/GSE279372_design/GSE279372_design__T=draining_lymph_nodes__H=24__B=NA__G=delivery_5_g_gi_1_gii_4_vlp__VS=baseline_0.tsv	calibration	acute_main	draining lymph nodes	24	4	4	2.562748652650221	2.5172775799015454	0.04547107274867557	-1.7743087173864072	1.7743087173864072	TRUE	1	1
ENSMUSG00000000204	Slfn4	15	top_abs_beta_meta	4.009242973558268	TRUE	GSE279372	GSE279372_design__T=draining_lymph_nodes__H=24__B=NA__G=GID00110503__VS=baseline_0	<upstream_project_root>/00_metadata/verified_metadata/splited/GSE279372_design/GSE279372_design__T=draining_lymph_nodes__H=24__B=NA__G=GID00110503__VS=baseline_0.tsv	calibration	acute_main	draining lymph nodes	24	4	4	0.4684414966881427	0.4361290602734496	0.03231243641469311	-6.897859528487629	6.897859528487629	TRUE	0.6875	0.5625
ENSMUSG00000000204	Slfn4	15	top_abs_beta_meta	4.009242973558268	TRUE	GSE279372	GSE279372_design__T=draining_lymph_nodes__H=24__B=NA__G=GID00110754__VS=baseline_0	<upstream_project_root>/00_metadata/verified_metadata/splited/GSE279372_design/GSE279372_design__T=draining_lymph_nodes__H=24__B=NA__G=GID00110754__VS=baseline_0.tsv	calibration	acute_main	draining lymph nodes	24	4	4	22.534933511125143	22.27172303971944	0.26321047140570286	-1.168010863115083	1.168010863115083	TRUE	1	1
ENSMUSG00000000204	Slfn4	15	top_abs_beta_meta	4.009242973558268	TRUE	GSE279372	GSE279372_design__T=draining_lymph_nodes__H=24__B=NA__G=GID00114748__VS=baseline_0	<upstream_project_root>/00_metadata/verified_metadata/splited/GSE279372_design/GSE279372_design__T=draining_lymph_nodes__H=24__B=NA__G=GID00114748__VS=baseline_0.tsv	calibration	acute_main	draining lymph nodes	24	4	4	28.73023370273408	28.36463634954675	0.36559735318732933	-1.2725178533877979	1.2725178533877979	TRUE	1	1
ENSMUSG00000040328	Or2v1	16	top_abs_beta_meta	3.894945621699911	TRUE	GSE279372	GSE279372_design__T=draining_lymph_nodes__H=24__B=NA__G=delivery_1000_g_lnps_injected__VS=baseline_0	<upstream_project_root>/00_metadata/verified_metadata/splited/GSE279372_design/GSE279372_design__T=draining_lymph_nodes__H=24__B=NA__G=delivery_1000_g_lnps_injected__VS=baseline_0.tsv	calibration	acute_main	draining lymph nodes	24	4	4	28.281184954437517	28.7151642580123	0.43397930357478387	1.534515983944617	1.534515983944617	TRUE	1	1
ENSMUSG00000040328	Or2v1	16	top_abs_beta_meta	3.894945621699911	TRUE	GSE279372	GSE279372_design__T=draining_lymph_nodes__H=24__B=NA__G=delivery_250_g_alum_injected__VS=baseline_0	<upstream_project_root>/00_metadata/verified_metadata/splited/GSE279372_design/GSE279372_design__T=draining_lymph_nodes__H=24__B=NA__G=delivery_250_g_alum_injected__VS=baseline_0.tsv	calibration	acute_main	draining lymph nodes	24	4	4	-0.521111432394882	-0.5305037388310732	0.009392306436191156	-1.802360465021224	1.802360465021224	TRUE	0.3125	0.3125
ENSMUSG00000040328	Or2v1	16	top_abs_beta_meta	3.894945621699911	TRUE	GSE279372	GSE279372_design__T=draining_lymph_nodes__H=24__B=NA__G=delivery_5_g_gi_1_gii_4_vlp__VS=baseline_0	<upstream_project_root>/00_metadata/verified_metadata/splited/GSE279372_design/GSE279372_design__T=draining_lymph_nodes__H=24__B=NA__G=delivery_5_g_gi_1_gii_4_vlp__VS=baseline_0.tsv	calibration	acute_main	draining lymph nodes	24	4	4	2.562748652650221	2.6010419707709937	0.038293318120772746	1.49422839735658	1.49422839735658	TRUE	1	1
ENSMUSG00000040328	Or2v1	16	top_abs_beta_meta	3.894945621699911	TRUE	GSE279372	GSE279372_design__T=draining_lymph_nodes__H=24__B=NA__G=GID00110503__VS=baseline_0	<upstream_project_root>/00_metadata/verified_metadata/splited/GSE279372_design/GSE279372_design__T=draining_lymph_nodes__H=24__B=NA__G=GID00110503__VS=baseline_0.tsv	calibration	acute_main	draining lymph nodes	24	4	4	0.4684414966881427	0.47830663422540126	0.00986513753725854	2.105948684521878	2.105948684521878	TRUE	0.6875	0.6875
ENSMUSG00000040328	Or2v1	16	top_abs_beta_meta	3.894945621699911	TRUE	GSE279372	GSE279372_design__T=draining_lymph_nodes__H=24__B=NA__G=GID00110754__VS=baseline_0	<upstream_project_root>/00_metadata/verified_metadata/splited/GSE279372_design/GSE279372_design__T=draining_lymph_nodes__H=24__B=NA__G=GID00110754__VS=baseline_0.tsv	calibration	acute_main	draining lymph nodes	24	4	4	22.534933511125143	22.881498484001995	0.34656497287685184	1.5379010224536858	1.5379010224536858	TRUE	1	1
ENSMUSG00000040328	Or2v1	16	top_abs_beta_meta	3.894945621699911	TRUE	GSE279372	GSE279372_design__T=draining_lymph_nodes__H=24__B=NA__G=GID00114748__VS=baseline_0	<upstream_project_root>/00_metadata/verified_metadata/splited/GSE279372_design/GSE279372_design__T=draining_lymph_nodes__H=24__B=NA__G=GID00114748__VS=baseline_0.tsv	calibration	acute_main	draining lymph nodes	24	4	4	28.73023370273408	29.163370791224743	0.433137088490664	1.5076002965107973	1.5076002965107973	TRUE	1	1
ENSMUSG00000109729	Gm45418	17	top_abs_beta_meta	3.8495640515383616	TRUE	GSE279372	GSE279372_design__T=draining_lymph_nodes__H=24__B=NA__G=delivery_1000_g_lnps_injected__VS=baseline_0	<upstream_project_root>/00_metadata/verified_metadata/splited/GSE279372_design/GSE279372_design__T=draining_lymph_nodes__H=24__B=NA__G=delivery_1000_g_lnps_injected__VS=baseline_0.tsv	calibration	acute_main	draining lymph nodes	24	4	4	28.281184954437517	28.7741951492785	0.4930101948409842	1.7432444773274163	1.7432444773274163	TRUE	1	1
ENSMUSG00000109729	Gm45418	17	top_abs_beta_meta	3.8495640515383616	TRUE	GSE279372	GSE279372_design__T=draining_lymph_nodes__H=24__B=NA__G=delivery_250_g_alum_injected__VS=baseline_0	<upstream_project_root>/00_metadata/verified_metadata/splited/GSE279372_design/GSE279372_design__T=draining_lymph_nodes__H=24__B=NA__G=delivery_250_g_alum_injected__VS=baseline_0.tsv	calibration	acute_main	draining lymph nodes	24	4	4	-0.521111432394882	-0.5526805700569775	0.03156913766209546	-6.058039739602824	6.058039739602824	TRUE	0.3125	0.3125
ENSMUSG00000109729	Gm45418	17	top_abs_beta_meta	3.8495640515383616	TRUE	GSE279372	GSE279372_design__T=draining_lymph_nodes__H=24__B=NA__G=delivery_5_g_gi_1_gii_4_vlp__VS=baseline_0	<upstream_project_root>/00_metadata/verified_metadata/splited/GSE279372_design/GSE279372_design__T=draining_lymph_nodes__H=24__B=NA__G=delivery_5_g_gi_1_gii_4_vlp__VS=baseline_0.tsv	calibration	acute_main	draining lymph nodes	24	4	4	2.562748652650221	2.604624207274349	0.041875554624128064	1.6340094289318308	1.6340094289318308	TRUE	1	1
ENSMUSG00000109729	Gm45418	17	top_abs_beta_meta	3.8495640515383616	TRUE	GSE279372	GSE279372_design__T=draining_lymph_nodes__H=24__B=NA__G=GID00110503__VS=baseline_0	<upstream_project_root>/00_metadata/verified_metadata/splited/GSE279372_design/GSE279372_design__T=draining_lymph_nodes__H=24__B=NA__G=GID00110503__VS=baseline_0.tsv	calibration	acute_main	draining lymph nodes	24	4	4	0.4684414966881427	0.4602524533208492	0.008189043367293536	-1.7481464441535712	1.7481464441535712	TRUE	0.6875	0.6875
ENSMUSG00000109729	Gm45418	17	top_abs_beta_meta	3.8495640515383616	TRUE	GSE279372	GSE279372_design__T=draining_lymph_nodes__H=24__B=NA__G=GID00110754__VS=baseline_0	<upstream_project_root>/00_metadata/verified_metadata/splited/GSE279372_design/GSE279372_design__T=draining_lymph_nodes__H=24__B=NA__G=GID00110754__VS=baseline_0.tsv	calibration	acute_main	draining lymph nodes	24	4	4	22.534933511125143	22.91271240236069	0.37777889123554687	1.6764144924103874	1.6764144924103874	TRUE	1	1
ENSMUSG00000109729	Gm45418	17	top_abs_beta_meta	3.8495640515383616	TRUE	GSE279372	GSE279372_design__T=draining_lymph_nodes__H=24__B=NA__G=GID00114748__VS=baseline_0	<upstream_project_root>/00_metadata/verified_metadata/splited/GSE279372_design/GSE279372_design__T=draining_lymph_nodes__H=24__B=NA__G=GID00114748__VS=baseline_0.tsv	calibration	acute_main	draining lymph nodes	24	4	4	28.73023370273408	29.23838561524165	0.5081519125075715	1.7687009363213564	1.7687009363213564	TRUE	1	1
ENSMUSG00000034459	Ifit1	18	top_abs_beta_meta	3.8087768616083655	TRUE	GSE279372	GSE279372_design__T=draining_lymph_nodes__H=24__B=NA__G=delivery_1000_g_lnps_injected__VS=baseline_0	<upstream_project_root>/00_metadata/verified_metadata/splited/GSE279372_design/GSE279372_design__T=draining_lymph_nodes__H=24__B=NA__G=delivery_1000_g_lnps_injected__VS=baseline_0.tsv	calibration	acute_main	draining lymph nodes	24	4	4	28.281184954437517	28.51144446916347	0.23025951472595452	0.8141791622130217	0.8141791622130217	TRUE	1	1
ENSMUSG00000034459	Ifit1	18	top_abs_beta_meta	3.8087768616083655	TRUE	GSE279372	GSE279372_design__T=draining_lymph_nodes__H=24__B=NA__G=delivery_250_g_alum_injected__VS=baseline_0	<upstream_project_root>/00_metadata/verified_metadata/splited/GSE279372_design/GSE279372_design__T=draining_lymph_nodes__H=24__B=NA__G=delivery_250_g_alum_injected__VS=baseline_0.tsv	calibration	acute_main	draining lymph nodes	24	4	4	-0.521111432394882	-0.5103785445673084	0.010732887827573645	2.0596147312002544	2.0596147312002544	TRUE	0.3125	0.3125
ENSMUSG00000034459	Ifit1	18	top_abs_beta_meta	3.8087768616083655	TRUE	GSE279372	GSE279372_design__T=draining_lymph_nodes__H=24__B=NA__G=delivery_5_g_gi_1_gii_4_vlp__VS=baseline_0	<upstream_project_root>/00_metadata/verified_metadata/splited/GSE279372_design/GSE279372_design__T=draining_lymph_nodes__H=24__B=NA__G=delivery_5_g_gi_1_gii_4_vlp__VS=baseline_0.tsv	calibration	acute_main	draining lymph nodes	24	4	4	2.562748652650221	2.5586712560394482	0.004077396610772777	-0.15910247798028143	0.15910247798028143	TRUE	1	1
ENSMUSG00000034459	Ifit1	18	top_abs_beta_meta	3.8087768616083655	TRUE	GSE279372	GSE279372_design__T=draining_lymph_nodes__H=24__B=NA__G=GID00110503__VS=baseline_0	<upstream_project_root>/00_metadata/verified_metadata/splited/GSE279372_design/GSE279372_design__T=draining_lymph_nodes__H=24__B=NA__G=GID00110503__VS=baseline_0.tsv	calibration	acute_main	draining lymph nodes	24	4	4	0.4684414966881427	0.4832834503032096	0.014841953615066905	3.168368669299956	3.168368669299956	TRUE	0.6875	0.6875
ENSMUSG00000034459	Ifit1	18	top_abs_beta_meta	3.8087768616083655	TRUE	GSE279372	GSE279372_design__T=draining_lymph_nodes__H=24__B=NA__G=GID00110754__VS=baseline_0	<upstream_project_root>/00_metadata/verified_metadata/splited/GSE279372_design/GSE279372_design__T=draining_lymph_nodes__H=24__B=NA__G=GID00110754__VS=baseline_0.tsv	calibration	acute_main	draining lymph nodes	24	4	4	22.534933511125143	22.69821631496487	0.16328280383972782	0.7245763727641693	0.7245763727641693	TRUE	1	1
ENSMUSG00000034459	Ifit1	18	top_abs_beta_meta	3.8087768616083655	TRUE	GSE279372	GSE279372_design__T=draining_lymph_nodes__H=24__B=NA__G=GID00114748__VS=baseline_0	<upstream_project_root>/00_metadata/verified_metadata/splited/GSE279372_design/GSE279372_design__T=draining_lymph_nodes__H=24__B=NA__G=GID00114748__VS=baseline_0.tsv	calibration	acute_main	draining lymph nodes	24	4	4	28.73023370273408	28.97975463345651	0.2495209307224293	0.8684960007780373	0.8684960007780373	TRUE	1	1
ENSMUSG00000078616	Trim30c	19	top_abs_beta_meta	3.806981760861859	TRUE	GSE279372	GSE279372_design__T=draining_lymph_nodes__H=24__B=NA__G=delivery_1000_g_lnps_injected__VS=baseline_0	<upstream_project_root>/00_metadata/verified_metadata/splited/GSE279372_design/GSE279372_design__T=draining_lymph_nodes__H=24__B=NA__G=delivery_1000_g_lnps_injected__VS=baseline_0.tsv	calibration	acute_main	draining lymph nodes	24	4	4	28.281184954437517	27.765182750510235	0.5160022039272825	-1.8245423759951689	1.8245423759951689	TRUE	1	1
ENSMUSG00000078616	Trim30c	19	top_abs_beta_meta	3.806981760861859	TRUE	GSE279372	GSE279372_design__T=draining_lymph_nodes__H=24__B=NA__G=delivery_250_g_alum_injected__VS=baseline_0	<upstream_project_root>/00_metadata/verified_metadata/splited/GSE279372_design/GSE279372_design__T=draining_lymph_nodes__H=24__B=NA__G=delivery_250_g_alum_injected__VS=baseline_0.tsv	calibration	acute_main	draining lymph nodes	24	4	4	-0.521111432394882	-0.5282666059412768	0.007155173546394833	-1.3730601751551799	1.3730601751551799	TRUE	0.3125	0.3125
ENSMUSG00000078616	Trim30c	19	top_abs_beta_meta	3.806981760861859	TRUE	GSE279372	GSE279372_design__T=draining_lymph_nodes__H=24__B=NA__G=delivery_5_g_gi_1_gii_4_vlp__VS=baseline_0	<upstream_project_root>/00_metadata/verified_metadata/splited/GSE279372_design/GSE279372_design__T=draining_lymph_nodes__H=24__B=NA__G=delivery_5_g_gi_1_gii_4_vlp__VS=baseline_0.tsv	calibration	acute_main	draining lymph nodes	24	4	4	2.562748652650221	2.4966135008454886	0.0661351518047324	-2.580633560624055	2.580633560624055	TRUE	1	1
ENSMUSG00000078616	Trim30c	19	top_abs_beta_meta	3.806981760861859	TRUE	GSE279372	GSE279372_design__T=draining_lymph_nodes__H=24__B=NA__G=GID00110503__VS=baseline_0	<upstream_project_root>/00_metadata/verified_metadata/splited/GSE279372_design/GSE279372_design__T=draining_lymph_nodes__H=24__B=NA__G=GID00110503__VS=baseline_0.tsv	calibration	acute_main	draining lymph nodes	24	4	4	0.4684414966881427	0.4474039809123557	0.021037515775786997	-4.490959047078696	4.490959047078696	TRUE	0.6875	0.625
ENSMUSG00000078616	Trim30c	19	top_abs_beta_meta	3.806981760861859	TRUE	GSE279372	GSE279372_design__T=draining_lymph_nodes__H=24__B=NA__G=GID00110754__VS=baseline_0	<upstream_project_root>/00_metadata/verified_metadata/splited/GSE279372_design/GSE279372_design__T=draining_lymph_nodes__H=24__B=NA__G=GID00110754__VS=baseline_0.tsv	calibration	acute_main	draining lymph nodes	24	4	4	22.534933511125143	22.109811480129572	0.42512203099557055	-1.8865022645205254	1.8865022645205254	TRUE	1	1
ENSMUSG00000078616	Trim30c	19	top_abs_beta_meta	3.806981760861859	TRUE	GSE279372	GSE279372_design__T=draining_lymph_nodes__H=24__B=NA__G=GID00114748__VS=baseline_0	<upstream_project_root>/00_metadata/verified_metadata/splited/GSE279372_design/GSE279372_design__T=draining_lymph_nodes__H=24__B=NA__G=GID00114748__VS=baseline_0.tsv	calibration	acute_main	draining lymph nodes	24	4	4	28.73023370273408	28.208104821703607	0.5221288810304721	-1.8173499263279027	1.8173499263279027	TRUE	1	1
ENSMUSG00000105096	Gbp10	20	top_abs_beta_meta	3.775453263034024	TRUE	GSE279372	GSE279372_design__T=draining_lymph_nodes__H=24__B=NA__G=delivery_1000_g_lnps_injected__VS=baseline_0	<upstream_project_root>/00_metadata/verified_metadata/splited/GSE279372_design/GSE279372_design__T=draining_lymph_nodes__H=24__B=NA__G=delivery_1000_g_lnps_injected__VS=baseline_0.tsv	calibration	acute_main	draining lymph nodes	24	4	4	28.281184954437517	28.228973284597494	0.052211669840023234	-0.1846162737669549	0.1846162737669549	TRUE	1	1
ENSMUSG00000105096	Gbp10	20	top_abs_beta_meta	3.775453263034024	TRUE	GSE279372	GSE279372_design__T=draining_lymph_nodes__H=24__B=NA__G=delivery_250_g_alum_injected__VS=baseline_0	<upstream_project_root>/00_metadata/verified_metadata/splited/GSE279372_design/GSE279372_design__T=draining_lymph_nodes__H=24__B=NA__G=delivery_250_g_alum_injected__VS=baseline_0.tsv	calibration	acute_main	draining lymph nodes	24	4	4	-0.521111432394882	-0.5111805278351794	0.00993090455970258	1.9057161179640463	1.9057161179640463	TRUE	0.3125	0.3125
ENSMUSG00000105096	Gbp10	20	top_abs_beta_meta	3.775453263034024	TRUE	GSE279372	GSE279372_design__T=draining_lymph_nodes__H=24__B=NA__G=delivery_5_g_gi_1_gii_4_vlp__VS=baseline_0	<upstream_project_root>/00_metadata/verified_metadata/splited/GSE279372_design/GSE279372_design__T=draining_lymph_nodes__H=24__B=NA__G=delivery_5_g_gi_1_gii_4_vlp__VS=baseline_0.tsv	calibration	acute_main	draining lymph nodes	24	4	4	2.562748652650221	2.560441675837809	0.002306976812412209	-0.09001962834031695	0.09001962834031695	TRUE	1	1
ENSMUSG00000105096	Gbp10	20	top_abs_beta_meta	3.775453263034024	TRUE	GSE279372	GSE279372_design__T=draining_lymph_nodes__H=24__B=NA__G=GID00110503__VS=baseline_0	<upstream_project_root>/00_metadata/verified_metadata/splited/GSE279372_design/GSE279372_design__T=draining_lymph_nodes__H=24__B=NA__G=GID00110503__VS=baseline_0.tsv	calibration	acute_main	draining lymph nodes	24	4	4	0.4684414966881427	0.4764568951100395	0.008015398421896802	1.7110777927585956	1.7110777927585956	TRUE	0.6875	0.6875
ENSMUSG00000105096	Gbp10	20	top_abs_beta_meta	3.775453263034024	TRUE	GSE279372	GSE279372_design__T=draining_lymph_nodes__H=24__B=NA__G=GID00110754__VS=baseline_0	<upstream_project_root>/00_metadata/verified_metadata/splited/GSE279372_design/GSE279372_design__T=draining_lymph_nodes__H=24__B=NA__G=GID00110754__VS=baseline_0.tsv	calibration	acute_main	draining lymph nodes	24	4	4	22.534933511125143	22.48539318575738	0.04954032536776154	-0.21983790341917034	0.21983790341917034	TRUE	1	1
ENSMUSG00000105096	Gbp10	20	top_abs_beta_meta	3.775453263034024	TRUE	GSE279372	GSE279372_design__T=draining_lymph_nodes__H=24__B=NA__G=GID00114748__VS=baseline_0	<upstream_project_root>/00_metadata/verified_metadata/splited/GSE279372_design/GSE279372_design__T=draining_lymph_nodes__H=24__B=NA__G=GID00114748__VS=baseline_0.tsv	calibration	acute_main	draining lymph nodes	24	4	4	28.73023370273408	28.678699293243703	0.05153440949037602	-0.17937344340318334	0.17937344340318334	TRUE	1	1
ENSMUSG00000074896	Ifit3	21	top_abs_beta_meta	3.7414787591211223	TRUE	GSE279372	GSE279372_design__T=draining_lymph_nodes__H=24__B=NA__G=delivery_1000_g_lnps_injected__VS=baseline_0	<upstream_project_root>/00_metadata/verified_metadata/splited/GSE279372_design/GSE279372_design__T=draining_lymph_nodes__H=24__B=NA__G=delivery_1000_g_lnps_injected__VS=baseline_0.tsv	calibration	acute_main	draining lymph nodes	24	4	4	28.281184954437517	28.400555982235453	0.11937102779793562	0.4220863729375154	0.4220863729375154	TRUE	1	1
ENSMUSG00000074896	Ifit3	21	top_abs_beta_meta	3.7414787591211223	TRUE	GSE279372	GSE279372_design__T=draining_lymph_nodes__H=24__B=NA__G=delivery_250_g_alum_injected__VS=baseline_0	<upstream_project_root>/00_metadata/verified_metadata/splited/GSE279372_design/GSE279372_design__T=draining_lymph_nodes__H=24__B=NA__G=delivery_250_g_alum_injected__VS=baseline_0.tsv	calibration	acute_main	draining lymph nodes	24	4	4	-0.521111432394882	-0.49441585114373254	0.02669558125114946	5.122816271457345	5.122816271457345	TRUE	0.3125	0.3125
ENSMUSG00000074896	Ifit3	21	top_abs_beta_meta	3.7414787591211223	TRUE	GSE279372	GSE279372_design__T=draining_lymph_nodes__H=24__B=NA__G=delivery_5_g_gi_1_gii_4_vlp__VS=baseline_0	<upstream_project_root>/00_metadata/verified_metadata/splited/GSE279372_design/GSE279372_design__T=draining_lymph_nodes__H=24__B=NA__G=delivery_5_g_gi_1_gii_4_vlp__VS=baseline_0.tsv	calibration	acute_main	draining lymph nodes	24	4	4	2.562748652650221	2.549467762370899	0.013280890279322222	-0.5182283586643592	0.5182283586643592	TRUE	1	1
ENSMUSG00000074896	Ifit3	21	top_abs_beta_meta	3.7414787591211223	TRUE	GSE279372	GSE279372_design__T=draining_lymph_nodes__H=24__B=NA__G=GID00110503__VS=baseline_0	<upstream_project_root>/00_metadata/verified_metadata/splited/GSE279372_design/GSE279372_design__T=draining_lymph_nodes__H=24__B=NA__G=GID00110503__VS=baseline_0.tsv	calibration	acute_main	draining lymph nodes	24	4	4	0.4684414966881427	0.48081283311034195	0.01237133642219923	2.6409565569369797	2.6409565569369797	TRUE	0.6875	0.6875
ENSMUSG00000074896	Ifit3	21	top_abs_beta_meta	3.7414787591211223	TRUE	GSE279372	GSE279372_design__T=draining_lymph_nodes__H=24__B=NA__G=GID00110754__VS=baseline_0	<upstream_project_root>/00_metadata/verified_metadata/splited/GSE279372_design/GSE279372_design__T=draining_lymph_nodes__H=24__B=NA__G=GID00110754__VS=baseline_0.tsv	calibration	acute_main	draining lymph nodes	24	4	4	22.534933511125143	22.59392920462518	0.058995693500037305	0.261796616665907	0.261796616665907	TRUE	1	1
ENSMUSG00000074896	Ifit3	21	top_abs_beta_meta	3.7414787591211223	TRUE	GSE279372	GSE279372_design__T=draining_lymph_nodes__H=24__B=NA__G=GID00114748__VS=baseline_0	<upstream_project_root>/00_metadata/verified_metadata/splited/GSE279372_design/GSE279372_design__T=draining_lymph_nodes__H=24__B=NA__G=GID00114748__VS=baseline_0.tsv	calibration	acute_main	draining lymph nodes	24	4	4	28.73023370273408	28.8731034805049	0.14286977777081944	0.497280249263073	0.497280249263073	TRUE	1	1
ENSMUSG00000068606	Gm4841	22	top_abs_beta_meta	3.73972852042063	TRUE	GSE279372	GSE279372_design__T=draining_lymph_nodes__H=24__B=NA__G=delivery_1000_g_lnps_injected__VS=baseline_0	<upstream_project_root>/00_metadata/verified_metadata/splited/GSE279372_design/GSE279372_design__T=draining_lymph_nodes__H=24__B=NA__G=delivery_1000_g_lnps_injected__VS=baseline_0.tsv	calibration	acute_main	draining lymph nodes	24	4	4	28.281184954437517	28.46982573840093	0.18864078396341455	0.667018670778204	0.667018670778204	TRUE	1	1
ENSMUSG00000068606	Gm4841	22	top_abs_beta_meta	3.73972852042063	TRUE	GSE279372	GSE279372_design__T=draining_lymph_nodes__H=24__B=NA__G=delivery_250_g_alum_injected__VS=baseline_0	<upstream_project_root>/00_metadata/verified_metadata/splited/GSE279372_design/GSE279372_design__T=draining_lymph_nodes__H=24__B=NA__G=delivery_250_g_alum_injected__VS=baseline_0.tsv	calibration	acute_main	draining lymph nodes	24	4	4	-0.521111432394882	-0.5184125470452301	0.0026988853496519027	0.5179094492800863	0.5179094492800863	TRUE	0.3125	0.3125
ENSMUSG00000068606	Gm4841	22	top_abs_beta_meta	3.73972852042063	TRUE	GSE279372	GSE279372_design__T=draining_lymph_nodes__H=24__B=NA__G=delivery_5_g_gi_1_gii_4_vlp__VS=baseline_0	<upstream_project_root>/00_metadata/verified_metadata/splited/GSE279372_design/GSE279372_design__T=draining_lymph_nodes__H=24__B=NA__G=delivery_5_g_gi_1_gii_4_vlp__VS=baseline_0.tsv	calibration	acute_main	draining lymph nodes	24	4	4	2.562748652650221	2.576713299212367	0.013964646562146132	0.5449089417218049	0.5449089417218049	TRUE	1	1
ENSMUSG00000068606	Gm4841	22	top_abs_beta_meta	3.73972852042063	TRUE	GSE279372	GSE279372_design__T=draining_lymph_nodes__H=24__B=NA__G=GID00110503__VS=baseline_0	<upstream_project_root>/00_metadata/verified_metadata/splited/GSE279372_design/GSE279372_design__T=draining_lymph_nodes__H=24__B=NA__G=GID00110503__VS=baseline_0.tsv	calibration	acute_main	draining lymph nodes	24	4	4	0.4684414966881427	0.5037500711996292	0.0353085745114865	7.537456600475472	7.537456600475472	TRUE	0.6875	0.6875
ENSMUSG00000068606	Gm4841	22	top_abs_beta_meta	3.73972852042063	TRUE	GSE279372	GSE279372_design__T=draining_lymph_nodes__H=24__B=NA__G=GID00110754__VS=baseline_0	<upstream_project_root>/00_metadata/verified_metadata/splited/GSE279372_design/GSE279372_design__T=draining_lymph_nodes__H=24__B=NA__G=GID00110754__VS=baseline_0.tsv	calibration	acute_main	draining lymph nodes	24	4	4	22.534933511125143	22.74864150555981	0.21370799443466737	0.9483409140264962	0.9483409140264962	TRUE	1	1
ENSMUSG00000068606	Gm4841	22	top_abs_beta_meta	3.73972852042063	TRUE	GSE279372	GSE279372_design__T=draining_lymph_nodes__H=24__B=NA__G=GID00114748__VS=baseline_0	<upstream_project_root>/00_metadata/verified_metadata/splited/GSE279372_design/GSE279372_design__T=draining_lymph_nodes__H=24__B=NA__G=GID00114748__VS=baseline_0.tsv	calibration	acute_main	draining lymph nodes	24	4	4	28.73023370273408	28.923416160444066	0.19318245770998743	0.6724012749384751	0.6724012749384751	TRUE	1	1
ENSMUSG00000092021	Gbp11	23	top_abs_beta_meta	3.667647830351214	TRUE	GSE279372	GSE279372_design__T=draining_lymph_nodes__H=24__B=NA__G=delivery_1000_g_lnps_injected__VS=baseline_0	<upstream_project_root>/00_metadata/verified_metadata/splited/GSE279372_design/GSE279372_design__T=draining_lymph_nodes__H=24__B=NA__G=delivery_1000_g_lnps_injected__VS=baseline_0.tsv	calibration	acute_main	draining lymph nodes	24	4	4	28.281184954437517	28.273427225520265	0.007757728917251683	-0.027430706774662354	0.027430706774662354	TRUE	1	1
ENSMUSG00000092021	Gbp11	23	top_abs_beta_meta	3.667647830351214	TRUE	GSE279372	GSE279372_design__T=draining_lymph_nodes__H=24__B=NA__G=delivery_250_g_alum_injected__VS=baseline_0	<upstream_project_root>/00_metadata/verified_metadata/splited/GSE279372_design/GSE279372_design__T=draining_lymph_nodes__H=24__B=NA__G=delivery_250_g_alum_injected__VS=baseline_0.tsv	calibration	acute_main	draining lymph nodes	24	4	4	-0.521111432394882	-0.5001166874874069	0.020994744907475105	4.028839822413634	4.028839822413634	TRUE	0.3125	0.3125
ENSMUSG00000092021	Gbp11	23	top_abs_beta_meta	3.667647830351214	TRUE	GSE279372	GSE279372_design__T=draining_lymph_nodes__H=24__B=NA__G=delivery_5_g_gi_1_gii_4_vlp__VS=baseline_0	<upstream_project_root>/00_metadata/verified_metadata/splited/GSE279372_design/GSE279372_design__T=draining_lymph_nodes__H=24__B=NA__G=delivery_5_g_gi_1_gii_4_vlp__VS=baseline_0.tsv	calibration	acute_main	draining lymph nodes	24	4	4	2.562748652650221	2.576465444851383	0.013716792201162065	0.5352375148837591	0.5352375148837591	TRUE	1	1
ENSMUSG00000092021	Gbp11	23	top_abs_beta_meta	3.667647830351214	TRUE	GSE279372	GSE279372_design__T=draining_lymph_nodes__H=24__B=NA__G=GID00110503__VS=baseline_0	<upstream_project_root>/00_metadata/verified_metadata/splited/GSE279372_design/GSE279372_design__T=draining_lymph_nodes__H=24__B=NA__G=GID00110503__VS=baseline_0.tsv	calibration	acute_main	draining lymph nodes	24	4	4	0.4684414966881427	0.5163995915647597	0.04795809487661695	10.23779814889975	10.23779814889975	TRUE	0.6875	0.6875
ENSMUSG00000092021	Gbp11	23	top_abs_beta_meta	3.667647830351214	TRUE	GSE279372	GSE279372_design__T=draining_lymph_nodes__H=24__B=NA__G=GID00110754__VS=baseline_0	<upstream_project_root>/00_metadata/verified_metadata/splited/GSE279372_design/GSE279372_design__T=draining_lymph_nodes__H=24__B=NA__G=GID00110754__VS=baseline_0.tsv	calibration	acute_main	draining lymph nodes	24	4	4	22.534933511125143	22.542799292659367	0.00786578153422468	0.03490483577571448	0.03490483577571448	TRUE	1	1
ENSMUSG00000092021	Gbp11	23	top_abs_beta_meta	3.667647830351214	TRUE	GSE279372	GSE279372_design__T=draining_lymph_nodes__H=24__B=NA__G=GID00114748__VS=baseline_0	<upstream_project_root>/00_metadata/verified_metadata/splited/GSE279372_design/GSE279372_design__T=draining_lymph_nodes__H=24__B=NA__G=GID00114748__VS=baseline_0.tsv	calibration	acute_main	draining lymph nodes	24	4	4	28.73023370273408	28.72821477886655	0.0020189238675278887	-0.007027175234344718	0.007027175234344718	TRUE	1	1
ENSMUSG00000023341	Mx2	24	top_abs_beta_meta	3.588993939733922	TRUE	GSE279372	GSE279372_design__T=draining_lymph_nodes__H=24__B=NA__G=delivery_1000_g_lnps_injected__VS=baseline_0	<upstream_project_root>/00_metadata/verified_metadata/splited/GSE279372_design/GSE279372_design__T=draining_lymph_nodes__H=24__B=NA__G=delivery_1000_g_lnps_injected__VS=baseline_0.tsv	calibration	acute_main	draining lymph nodes	24	4	4	28.281184954437517	28.65353771133611	0.37235275689859293	1.3166094613732517	1.3166094613732517	TRUE	1	1
ENSMUSG00000023341	Mx2	24	top_abs_beta_meta	3.588993939733922	TRUE	GSE279372	GSE279372_design__T=draining_lymph_nodes__H=24__B=NA__G=delivery_250_g_alum_injected__VS=baseline_0	<upstream_project_root>/00_metadata/verified_metadata/splited/GSE279372_design/GSE279372_design__T=draining_lymph_nodes__H=24__B=NA__G=delivery_250_g_alum_injected__VS=baseline_0.tsv	calibration	acute_main	draining lymph nodes	24	4	4	-0.521111432394882	-0.517399575733088	0.0037118566617939663	0.7122961483948479	0.7122961483948479	TRUE	0.3125	0.3125
ENSMUSG00000023341	Mx2	24	top_abs_beta_meta	3.588993939733922	TRUE	GSE279372	GSE279372_design__T=draining_lymph_nodes__H=24__B=NA__G=delivery_5_g_gi_1_gii_4_vlp__VS=baseline_0	<upstream_project_root>/00_metadata/verified_metadata/splited/GSE279372_design/GSE279372_design__T=draining_lymph_nodes__H=24__B=NA__G=delivery_5_g_gi_1_gii_4_vlp__VS=baseline_0.tsv	calibration	acute_main	draining lymph nodes	24	4	4	2.562748652650221	2.582696373092176	0.01994772044195514	0.7783720975260903	0.7783720975260903	TRUE	1	1
ENSMUSG00000023341	Mx2	24	top_abs_beta_meta	3.588993939733922	TRUE	GSE279372	GSE279372_design__T=draining_lymph_nodes__H=24__B=NA__G=GID00110503__VS=baseline_0	<upstream_project_root>/00_metadata/verified_metadata/splited/GSE279372_design/GSE279372_design__T=draining_lymph_nodes__H=24__B=NA__G=GID00110503__VS=baseline_0.tsv	calibration	acute_main	draining lymph nodes	24	4	4	0.4684414966881427	0.47698262181594214	0.00854112512779942	1.823306685719505	1.823306685719505	TRUE	0.6875	0.6875
ENSMUSG00000023341	Mx2	24	top_abs_beta_meta	3.588993939733922	TRUE	GSE279372	GSE279372_design__T=draining_lymph_nodes__H=24__B=NA__G=GID00110754__VS=baseline_0	<upstream_project_root>/00_metadata/verified_metadata/splited/GSE279372_design/GSE279372_design__T=draining_lymph_nodes__H=24__B=NA__G=GID00110754__VS=baseline_0.tsv	calibration	acute_main	draining lymph nodes	24	4	4	22.534933511125143	22.819574055157275	0.2846405440321327	1.263107982509068	1.263107982509068	TRUE	1	1
ENSMUSG00000023341	Mx2	24	top_abs_beta_meta	3.588993939733922	TRUE	GSE279372	GSE279372_design__T=draining_lymph_nodes__H=24__B=NA__G=GID00114748__VS=baseline_0	<upstream_project_root>/00_metadata/verified_metadata/splited/GSE279372_design/GSE279372_design__T=draining_lymph_nodes__H=24__B=NA__G=GID00114748__VS=baseline_0.tsv	calibration	acute_main	draining lymph nodes	24	4	4	28.73023370273408	29.116268589176368	0.3860348864422889	1.3436538332284862	1.3436538332284862	TRUE	1	1
ENSMUSG00000085977	Gm5970	25	top_abs_beta_meta	3.5069390366748956	TRUE	GSE279372	GSE279372_design__T=draining_lymph_nodes__H=24__B=NA__G=delivery_1000_g_lnps_injected__VS=baseline_0	<upstream_project_root>/00_metadata/verified_metadata/splited/GSE279372_design/GSE279372_design__T=draining_lymph_nodes__H=24__B=NA__G=delivery_1000_g_lnps_injected__VS=baseline_0.tsv	calibration	acute_main	draining lymph nodes	24	4	4	28.281184954437517	28.69912735248547	0.41794239804795197	1.4778107732093944	1.4778107732093944	TRUE	1	1
ENSMUSG00000085977	Gm5970	25	top_abs_beta_meta	3.5069390366748956	TRUE	GSE279372	GSE279372_design__T=draining_lymph_nodes__H=24__B=NA__G=delivery_250_g_alum_injected__VS=baseline_0	<upstream_project_root>/00_metadata/verified_metadata/splited/GSE279372_design/GSE279372_design__T=draining_lymph_nodes__H=24__B=NA__G=delivery_250_g_alum_injected__VS=baseline_0.tsv	calibration	acute_main	draining lymph nodes	24	4	4	-0.521111432394882	-0.48414218782652635	0.03696924456835565	7.09430695052215	7.09430695052215	TRUE	0.3125	0.3125
ENSMUSG00000085977	Gm5970	25	top_abs_beta_meta	3.5069390366748956	TRUE	GSE279372	GSE279372_design__T=draining_lymph_nodes__H=24__B=NA__G=delivery_5_g_gi_1_gii_4_vlp__VS=baseline_0	<upstream_project_root>/00_metadata/verified_metadata/splited/GSE279372_design/GSE279372_design__T=draining_lymph_nodes__H=24__B=NA__G=delivery_5_g_gi_1_gii_4_vlp__VS=baseline_0.tsv	calibration	acute_main	draining lymph nodes	24	4	4	2.562748652650221	2.6431207075261223	0.08037205487590127	3.136166115736162	3.136166115736162	TRUE	1	1
ENSMUSG00000085977	Gm5970	25	top_abs_beta_meta	3.5069390366748956	TRUE	GSE279372	GSE279372_design__T=draining_lymph_nodes__H=24__B=NA__G=GID00110503__VS=baseline_0	<upstream_project_root>/00_metadata/verified_metadata/splited/GSE279372_design/GSE279372_design__T=draining_lymph_nodes__H=24__B=NA__G=GID00110503__VS=baseline_0.tsv	calibration	acute_main	draining lymph nodes	24	4	4	0.4684414966881427	0.5466346912012607	0.07819319451311801	16.69220064104907	16.69220064104907	TRUE	0.6875	0.6875
ENSMUSG00000085977	Gm5970	25	top_abs_beta_meta	3.5069390366748956	TRUE	GSE279372	GSE279372_design__T=draining_lymph_nodes__H=24__B=NA__G=GID00110754__VS=baseline_0	<upstream_project_root>/00_metadata/verified_metadata/splited/GSE279372_design/GSE279372_design__T=draining_lymph_nodes__H=24__B=NA__G=GID00110754__VS=baseline_0.tsv	calibration	acute_main	draining lymph nodes	24	4	4	22.534933511125143	22.869210433652135	0.3342769225269926	1.4833721269333469	1.4833721269333469	TRUE	1	1
ENSMUSG00000085977	Gm5970	25	top_abs_beta_meta	3.5069390366748956	TRUE	GSE279372	GSE279372_design__T=draining_lymph_nodes__H=24__B=NA__G=GID00114748__VS=baseline_0	<upstream_project_root>/00_metadata/verified_metadata/splited/GSE279372_design/GSE279372_design__T=draining_lymph_nodes__H=24__B=NA__G=GID00114748__VS=baseline_0.tsv	calibration	acute_main	draining lymph nodes	24	4	4	28.73023370273408	29.1325181681759	0.40228446544182006	1.400212993754858	1.400212993754858	TRUE	1	1
ENSMUSG00000022126	Acod1	1	top_abs_beta_meta	6.353446492462103	TRUE	GSE279743	GSE279743_design__T=Lymph_Node__H=6__B=NA__G=delivery_vaccination_with_sm102__VS=baseline_0	<upstream_project_root>/00_metadata/verified_metadata/splited/GSE279743_design/GSE279743_design__T=Lymph_Node__H=6__B=NA__G=delivery_vaccination_with_sm102__VS=baseline_0.tsv	external	acute_main	Lymph Node	6	3	3	13.946939108182677	13.665077743313208	0.281861364869469	-2.0209550115845905	2.0209550115845905	TRUE	1	1
ENSMUSG00000022126	Acod1	1	top_abs_beta_meta	6.353446492462103	TRUE	GSE279743	GSE279743_design__T=Lymph_Node__H=6__B=NA__G=delivery_vaccination_with_ssop__VS=baseline_0	<upstream_project_root>/00_metadata/verified_metadata/splited/GSE279743_design/GSE279743_design__T=Lymph_Node__H=6__B=NA__G=delivery_vaccination_with_ssop__VS=baseline_0.tsv	external	acute_main	Lymph Node	6	3	3	2.349508430440869	2.336254018710804	0.01325441173006503	-0.5641355254715104	0.5641355254715104	TRUE	0.8888888888888888	0.8888888888888888
ENSMUSG00000060183	Cxcl11	2	top_abs_beta_meta	6.0257926459264395	TRUE	GSE279743	GSE279743_design__T=Lymph_Node__H=6__B=NA__G=delivery_vaccination_with_sm102__VS=baseline_0	<upstream_project_root>/00_metadata/verified_metadata/splited/GSE279743_design/GSE279743_design__T=Lymph_Node__H=6__B=NA__G=delivery_vaccination_with_sm102__VS=baseline_0.tsv	external	acute_main	Lymph Node	6	3	3	13.946939108182677	13.52002560832256	0.42691349986011673	-3.0609834641756364	3.0609834641756364	TRUE	1	1
ENSMUSG00000060183	Cxcl11	2	top_abs_beta_meta	6.0257926459264395	TRUE	GSE279743	GSE279743_design__T=Lymph_Node__H=6__B=NA__G=delivery_vaccination_with_ssop__VS=baseline_0	<upstream_project_root>/00_metadata/verified_metadata/splited/GSE279743_design/GSE279743_design__T=Lymph_Node__H=6__B=NA__G=delivery_vaccination_with_ssop__VS=baseline_0.tsv	external	acute_main	Lymph Node	6	3	3	2.349508430440869	2.3212115085392915	0.0282969219015774	-1.20437626590119	1.20437626590119	TRUE	0.8888888888888888	0.8888888888888888
ENSMUSG00000138573	Gm72936	3	top_abs_beta_meta	4.977817758075086	TRUE	GSE279743	GSE279743_design__T=Lymph_Node__H=6__B=NA__G=delivery_vaccination_with_sm102__VS=baseline_0	<upstream_project_root>/00_metadata/verified_metadata/splited/GSE279743_design/GSE279743_design__T=Lymph_Node__H=6__B=NA__G=delivery_vaccination_with_sm102__VS=baseline_0.tsv	external	acute_main	Lymph Node	6	3	3	13.946939108182677	14.047143354563044	0.10020424638036651	0.7184676551830402	0.7184676551830402	TRUE	1	1
ENSMUSG00000138573	Gm72936	3	top_abs_beta_meta	4.977817758075086	TRUE	GSE279743	GSE279743_design__T=Lymph_Node__H=6__B=NA__G=delivery_vaccination_with_ssop__VS=baseline_0	<upstream_project_root>/00_metadata/verified_metadata/splited/GSE279743_design/GSE279743_design__T=Lymph_Node__H=6__B=NA__G=delivery_vaccination_with_ssop__VS=baseline_0.tsv	external	acute_main	Lymph Node	6	3	3	2.349508430440869	2.3608020619291286	0.011293631488259681	0.48068061139667884	0.48068061139667884	TRUE	0.8888888888888888	0.8888888888888888
ENSMUSG00000035385	Ccl2	4	top_abs_beta_meta	4.6635139717927325	TRUE	GSE279743	GSE279743_design__T=Lymph_Node__H=6__B=NA__G=delivery_vaccination_with_sm102__VS=baseline_0	<upstream_project_root>/00_metadata/verified_metadata/splited/GSE279743_design/GSE279743_design__T=Lymph_Node__H=6__B=NA__G=delivery_vaccination_with_sm102__VS=baseline_0.tsv	external	acute_main	Lymph Node	6	3	3	13.946939108182677	13.605818236791865	0.34112087139081204	-2.4458475708886995	2.4458475708886995	TRUE	1	1
ENSMUSG00000035385	Ccl2	4	top_abs_beta_meta	4.6635139717927325	TRUE	GSE279743	GSE279743_design__T=Lymph_Node__H=6__B=NA__G=delivery_vaccination_with_ssop__VS=baseline_0	<upstream_project_root>/00_metadata/verified_metadata/splited/GSE279743_design/GSE279743_design__T=Lymph_Node__H=6__B=NA__G=delivery_vaccination_with_ssop__VS=baseline_0.tsv	external	acute_main	Lymph Node	6	3	3	2.349508430440869	2.3388848263572477	0.010623604083621174	-0.4521628416386541	0.4521628416386541	TRUE	0.8888888888888888	0.8888888888888888
ENSMUSG00000034855	Cxcl10	5	top_abs_beta_meta	4.612796832918611	TRUE	GSE279743	GSE279743_design__T=Lymph_Node__H=6__B=NA__G=delivery_vaccination_with_sm102__VS=baseline_0	<upstream_project_root>/00_metadata/verified_metadata/splited/GSE279743_design/GSE279743_design__T=Lymph_Node__H=6__B=NA__G=delivery_vaccination_with_sm102__VS=baseline_0.tsv	external	acute_main	Lymph Node	6	3	3	13.946939108182677	14.043676315254302	0.09673720707162481	0.6936088723214474	0.6936088723214474	TRUE	1	1
ENSMUSG00000034855	Cxcl10	5	top_abs_beta_meta	4.612796832918611	TRUE	GSE279743	GSE279743_design__T=Lymph_Node__H=6__B=NA__G=delivery_vaccination_with_ssop__VS=baseline_0	<upstream_project_root>/00_metadata/verified_metadata/splited/GSE279743_design/GSE279743_design__T=Lymph_Node__H=6__B=NA__G=delivery_vaccination_with_ssop__VS=baseline_0.tsv	external	acute_main	Lymph Node	6	3	3	2.349508430440869	2.3602078567032536	0.010699426262384737	0.4553899923813878	0.4553899923813878	TRUE	0.8888888888888888	0.8888888888888888
ENSMUSG00000085295	4930430E12Rik	6	top_abs_beta_meta	4.495088843307157	TRUE	GSE279743	GSE279743_design__T=Lymph_Node__H=6__B=NA__G=delivery_vaccination_with_sm102__VS=baseline_0	<upstream_project_root>/00_metadata/verified_metadata/splited/GSE279743_design/GSE279743_design__T=Lymph_Node__H=6__B=NA__G=delivery_vaccination_with_sm102__VS=baseline_0.tsv	external	acute_main	Lymph Node	6	3	3	13.946939108182677	14.031608329720349	0.08466922153767165	0.6070810296145637	0.6070810296145637	TRUE	1	1
ENSMUSG00000085295	4930430E12Rik	6	top_abs_beta_meta	4.495088843307157	TRUE	GSE279743	GSE279743_design__T=Lymph_Node__H=6__B=NA__G=delivery_vaccination_with_ssop__VS=baseline_0	<upstream_project_root>/00_metadata/verified_metadata/splited/GSE279743_design/GSE279743_design__T=Lymph_Node__H=6__B=NA__G=delivery_vaccination_with_ssop__VS=baseline_0.tsv	external	acute_main	Lymph Node	6	3	3	2.349508430440869	2.3746772468436563	0.025168816402787453	1.0712375438493191	1.0712375438493191	TRUE	0.8888888888888888	0.8888888888888888
ENSMUSG00000052485	Tmem171	7	top_abs_beta_meta	4.404983306498316	TRUE	GSE279743	GSE279743_design__T=Lymph_Node__H=6__B=NA__G=delivery_vaccination_with_sm102__VS=baseline_0	<upstream_project_root>/00_metadata/verified_metadata/splited/GSE279743_design/GSE279743_design__T=Lymph_Node__H=6__B=NA__G=delivery_vaccination_with_sm102__VS=baseline_0.tsv	external	acute_main	Lymph Node	6	3	3	13.946939108182677	14.025667299052246	0.07872819086956895	0.5644836494867829	0.5644836494867829	TRUE	1	1
ENSMUSG00000052485	Tmem171	7	top_abs_beta_meta	4.404983306498316	TRUE	GSE279743	GSE279743_design__T=Lymph_Node__H=6__B=NA__G=delivery_vaccination_with_ssop__VS=baseline_0	<upstream_project_root>/00_metadata/verified_metadata/splited/GSE279743_design/GSE279743_design__T=Lymph_Node__H=6__B=NA__G=delivery_vaccination_with_ssop__VS=baseline_0.tsv	external	acute_main	Lymph Node	6	3	3	2.349508430440869	2.3568834425662315	0.007375012125362623	0.3138959635049598	0.3138959635049598	TRUE	0.8888888888888888	0.8888888888888888
ENSMUSG00000040026	Saa3	8	top_abs_beta_meta	4.397792528205895	TRUE	GSE279743	GSE279743_design__T=Lymph_Node__H=6__B=NA__G=delivery_vaccination_with_sm102__VS=baseline_0	<upstream_project_root>/00_metadata/verified_metadata/splited/GSE279743_design/GSE279743_design__T=Lymph_Node__H=6__B=NA__G=delivery_vaccination_with_sm102__VS=baseline_0.tsv	external	acute_main	Lymph Node	6	3	3	13.946939108182677	13.717779134477343	0.22915997370533425	-1.6430843493887914	1.6430843493887914	TRUE	1	1
ENSMUSG00000040026	Saa3	8	top_abs_beta_meta	4.397792528205895	TRUE	GSE279743	GSE279743_design__T=Lymph_Node__H=6__B=NA__G=delivery_vaccination_with_ssop__VS=baseline_0	<upstream_project_root>/00_metadata/verified_metadata/splited/GSE279743_design/GSE279743_design__T=Lymph_Node__H=6__B=NA__G=delivery_vaccination_with_ssop__VS=baseline_0.tsv	external	acute_main	Lymph Node	6	3	3	2.349508430440869	2.4661485919065957	0.11664016146572687	4.964449582495865	4.964449582495865	TRUE	0.8888888888888888	1
ENSMUSG00000134421	Gm67078	9	top_abs_beta_meta	4.366412049518441	TRUE	GSE279743	GSE279743_design__T=Lymph_Node__H=6__B=NA__G=delivery_vaccination_with_sm102__VS=baseline_0	<upstream_project_root>/00_metadata/verified_metadata/splited/GSE279743_design/GSE279743_design__T=Lymph_Node__H=6__B=NA__G=delivery_vaccination_with_sm102__VS=baseline_0.tsv	external	acute_main	Lymph Node	6	3	3	13.946939108182677	14.03196623921406	0.08502713103138326	0.6096472521450803	0.6096472521450803	TRUE	1	1
ENSMUSG00000134421	Gm67078	9	top_abs_beta_meta	4.366412049518441	TRUE	GSE279743	GSE279743_design__T=Lymph_Node__H=6__B=NA__G=delivery_vaccination_with_ssop__VS=baseline_0	<upstream_project_root>/00_metadata/verified_metadata/splited/GSE279743_design/GSE279743_design__T=Lymph_Node__H=6__B=NA__G=delivery_vaccination_with_ssop__VS=baseline_0.tsv	external	acute_main	Lymph Node	6	3	3	2.349508430440869	2.3532655694446887	0.0037571390038197983	0.15991170557812373	0.15991170557812373	TRUE	0.8888888888888888	0.8888888888888888
ENSMUSG00000055110	A630012P03Rik	10	top_abs_beta_meta	4.36126211559667	TRUE	GSE279743	GSE279743_design__T=Lymph_Node__H=6__B=NA__G=delivery_vaccination_with_sm102__VS=baseline_0	<upstream_project_root>/00_metadata/verified_metadata/splited/GSE279743_design/GSE279743_design__T=Lymph_Node__H=6__B=NA__G=delivery_vaccination_with_sm102__VS=baseline_0.tsv	external	acute_main	Lymph Node	6	3	3	13.946939108182677	14.068169462073438	0.12123035389076087	0.8692255193086413	0.8692255193086413	TRUE	1	1
ENSMUSG00000055110	A630012P03Rik	10	top_abs_beta_meta	4.36126211559667	TRUE	GSE279743	GSE279743_design__T=Lymph_Node__H=6__B=NA__G=delivery_vaccination_with_ssop__VS=baseline_0	<upstream_project_root>/00_metadata/verified_metadata/splited/GSE279743_design/GSE279743_design__T=Lymph_Node__H=6__B=NA__G=delivery_vaccination_with_ssop__VS=baseline_0.tsv	external	acute_main	Lymph Node	6	3	3	2.349508430440869	2.3713021798674596	0.021793749426590736	0.9275876240419061	0.9275876240419061	TRUE	0.8888888888888888	0.8888888888888888
ENSMUSG00000050578	Mmp13	11	top_abs_beta_meta	4.342772097488057	TRUE	GSE279743	GSE279743_design__T=Lymph_Node__H=6__B=NA__G=delivery_vaccination_with_sm102__VS=baseline_0	<upstream_project_root>/00_metadata/verified_metadata/splited/GSE279743_design/GSE279743_design__T=Lymph_Node__H=6__B=NA__G=delivery_vaccination_with_sm102__VS=baseline_0.tsv	external	acute_main	Lymph Node	6	3	3	13.946939108182677	13.79559107925746	0.15134802892521826	-1.0851702137024624	1.0851702137024624	TRUE	1	1
ENSMUSG00000050578	Mmp13	11	top_abs_beta_meta	4.342772097488057	TRUE	GSE279743	GSE279743_design__T=Lymph_Node__H=6__B=NA__G=delivery_vaccination_with_ssop__VS=baseline_0	<upstream_project_root>/00_metadata/verified_metadata/splited/GSE279743_design/GSE279743_design__T=Lymph_Node__H=6__B=NA__G=delivery_vaccination_with_ssop__VS=baseline_0.tsv	external	acute_main	Lymph Node	6	3	3	2.349508430440869	2.3141688458356136	0.035339584605255325	-1.504126741891456	1.504126741891456	TRUE	0.8888888888888888	0.8888888888888888
ENSMUSG00000111078	Gm35028	12	top_abs_beta_meta	4.2332077695080725	TRUE	GSE279743	GSE279743_design__T=Lymph_Node__H=6__B=NA__G=delivery_vaccination_with_sm102__VS=baseline_0	<upstream_project_root>/00_metadata/verified_metadata/splited/GSE279743_design/GSE279743_design__T=Lymph_Node__H=6__B=NA__G=delivery_vaccination_with_sm102__VS=baseline_0.tsv	external	acute_main	Lymph Node	6	3	3	13.946939108182677	14.025141058977516	0.07820195079483838	0.5607104913002542	0.5607104913002542	TRUE	1	1
ENSMUSG00000111078	Gm35028	12	top_abs_beta_meta	4.2332077695080725	TRUE	GSE279743	GSE279743_design__T=Lymph_Node__H=6__B=NA__G=delivery_vaccination_with_ssop__VS=baseline_0	<upstream_project_root>/00_metadata/verified_metadata/splited/GSE279743_design/GSE279743_design__T=Lymph_Node__H=6__B=NA__G=delivery_vaccination_with_ssop__VS=baseline_0.tsv	external	acute_main	Lymph Node	6	3	3	2.349508430440869	2.3576960363292487	0.008187605888379856	0.34848165609022774	0.34848165609022774	TRUE	0.8888888888888888	0.8888888888888888
ENSMUSG00000138247	Gm60893	13	top_abs_beta_meta	4.118168331717115	TRUE	GSE279743	GSE279743_design__T=Lymph_Node__H=6__B=NA__G=delivery_vaccination_with_sm102__VS=baseline_0	<upstream_project_root>/00_metadata/verified_metadata/splited/GSE279743_design/GSE279743_design__T=Lymph_Node__H=6__B=NA__G=delivery_vaccination_with_sm102__VS=baseline_0.tsv	external	acute_main	Lymph Node	6	3	3	13.946939108182677	13.935294465960165	0.011644642222512047	-0.0834924576079932	0.0834924576079932	TRUE	1	1
ENSMUSG00000138247	Gm60893	13	top_abs_beta_meta	4.118168331717115	TRUE	GSE279743	GSE279743_design__T=Lymph_Node__H=6__B=NA__G=delivery_vaccination_with_ssop__VS=baseline_0	<upstream_project_root>/00_metadata/verified_metadata/splited/GSE279743_design/GSE279743_design__T=Lymph_Node__H=6__B=NA__G=delivery_vaccination_with_ssop__VS=baseline_0.tsv	external	acute_main	Lymph Node	6	3	3	2.349508430440869	2.3202523216699524	0.029256108770916445	-1.2452012681404485	1.2452012681404485	TRUE	0.8888888888888888	0.8888888888888888
ENSMUSG00000035373	Ccl7	14	top_abs_beta_meta	4.080173963641654	TRUE	GSE279743	GSE279743_design__T=Lymph_Node__H=6__B=NA__G=delivery_vaccination_with_sm102__VS=baseline_0	<upstream_project_root>/00_metadata/verified_metadata/splited/GSE279743_design/GSE279743_design__T=Lymph_Node__H=6__B=NA__G=delivery_vaccination_with_sm102__VS=baseline_0.tsv	external	acute_main	Lymph Node	6	3	3	13.946939108182677	13.950812279074675	0.0038731708919979013	0.02777075931826152	0.02777075931826152	TRUE	1	1
ENSMUSG00000035373	Ccl7	14	top_abs_beta_meta	4.080173963641654	TRUE	GSE279743	GSE279743_design__T=Lymph_Node__H=6__B=NA__G=delivery_vaccination_with_ssop__VS=baseline_0	<upstream_project_root>/00_metadata/verified_metadata/splited/GSE279743_design/GSE279743_design__T=Lymph_Node__H=6__B=NA__G=delivery_vaccination_with_ssop__VS=baseline_0.tsv	external	acute_main	Lymph Node	6	3	3	2.349508430440869	2.3596919053317045	0.010183474890835598	0.4334300213140644	0.4334300213140644	TRUE	0.8888888888888888	0.8888888888888888
ENSMUSG00000000204	Slfn4	15	top_abs_beta_meta	4.009242973558268	TRUE	GSE279743	GSE279743_design__T=Lymph_Node__H=6__B=NA__G=delivery_vaccination_with_sm102__VS=baseline_0	<upstream_project_root>/00_metadata/verified_metadata/splited/GSE279743_design/GSE279743_design__T=Lymph_Node__H=6__B=NA__G=delivery_vaccination_with_sm102__VS=baseline_0.tsv	external	acute_main	Lymph Node	6	3	3	13.946939108182677	14.014048573608079	0.06710946542540164	0.4811770160094015	0.4811770160094015	TRUE	1	1
ENSMUSG00000000204	Slfn4	15	top_abs_beta_meta	4.009242973558268	TRUE	GSE279743	GSE279743_design__T=Lymph_Node__H=6__B=NA__G=delivery_vaccination_with_ssop__VS=baseline_0	<upstream_project_root>/00_metadata/verified_metadata/splited/GSE279743_design/GSE279743_design__T=Lymph_Node__H=6__B=NA__G=delivery_vaccination_with_ssop__VS=baseline_0.tsv	external	acute_main	Lymph Node	6	3	3	2.349508430440869	2.3600924675513633	0.010584037110494382	0.4504787883867419	0.4504787883867419	TRUE	0.8888888888888888	0.8888888888888888
ENSMUSG00000040328	Or2v1	16	top_abs_beta_meta	3.894945621699911	TRUE	GSE279743	GSE279743_design__T=Lymph_Node__H=6__B=NA__G=delivery_vaccination_with_sm102__VS=baseline_0	<upstream_project_root>/00_metadata/verified_metadata/splited/GSE279743_design/GSE279743_design__T=Lymph_Node__H=6__B=NA__G=delivery_vaccination_with_sm102__VS=baseline_0.tsv	external	acute_main	Lymph Node	6	3	3	13.946939108182677	13.86802873728049	0.07891037090218767	-0.565789886154238	0.565789886154238	TRUE	1	1
ENSMUSG00000040328	Or2v1	16	top_abs_beta_meta	3.894945621699911	TRUE	GSE279743	GSE279743_design__T=Lymph_Node__H=6__B=NA__G=delivery_vaccination_with_ssop__VS=baseline_0	<upstream_project_root>/00_metadata/verified_metadata/splited/GSE279743_design/GSE279743_design__T=Lymph_Node__H=6__B=NA__G=delivery_vaccination_with_ssop__VS=baseline_0.tsv	external	acute_main	Lymph Node	6	3	3	2.349508430440869	2.32019662926519	0.029311801175678998	-1.2475716535385593	1.2475716535385593	TRUE	0.8888888888888888	0.8888888888888888
ENSMUSG00000109729	Gm45418	17	top_abs_beta_meta	3.8495640515383616	TRUE	GSE279743	GSE279743_design__T=Lymph_Node__H=6__B=NA__G=delivery_vaccination_with_sm102__VS=baseline_0	<upstream_project_root>/00_metadata/verified_metadata/splited/GSE279743_design/GSE279743_design__T=Lymph_Node__H=6__B=NA__G=delivery_vaccination_with_sm102__VS=baseline_0.tsv	external	acute_main	Lymph Node	6	3	3	13.946939108182677	14.013095307783834	0.06615619960115637	0.47434206952507946	0.47434206952507946	TRUE	1	1
ENSMUSG00000109729	Gm45418	17	top_abs_beta_meta	3.8495640515383616	TRUE	GSE279743	GSE279743_design__T=Lymph_Node__H=6__B=NA__G=delivery_vaccination_with_ssop__VS=baseline_0	<upstream_project_root>/00_metadata/verified_metadata/splited/GSE279743_design/GSE279743_design__T=Lymph_Node__H=6__B=NA__G=delivery_vaccination_with_ssop__VS=baseline_0.tsv	external	acute_main	Lymph Node	6	3	3	2.349508430440869	2.359259910440153	0.00975147999928394	0.41504341388782096	0.41504341388782096	TRUE	0.8888888888888888	0.8888888888888888
ENSMUSG00000034459	Ifit1	18	top_abs_beta_meta	3.8087768616083655	TRUE	GSE279743	GSE279743_design__T=Lymph_Node__H=6__B=NA__G=delivery_vaccination_with_sm102__VS=baseline_0	<upstream_project_root>/00_metadata/verified_metadata/splited/GSE279743_design/GSE279743_design__T=Lymph_Node__H=6__B=NA__G=delivery_vaccination_with_sm102__VS=baseline_0.tsv	external	acute_main	Lymph Node	6	3	3	13.946939108182677	14.034570457834205	0.0876313496515273	0.6283195830410842	0.6283195830410842	TRUE	1	1
ENSMUSG00000034459	Ifit1	18	top_abs_beta_meta	3.8087768616083655	TRUE	GSE279743	GSE279743_design__T=Lymph_Node__H=6__B=NA__G=delivery_vaccination_with_ssop__VS=baseline_0	<upstream_project_root>/00_metadata/verified_metadata/splited/GSE279743_design/GSE279743_design__T=Lymph_Node__H=6__B=NA__G=delivery_vaccination_with_ssop__VS=baseline_0.tsv	external	acute_main	Lymph Node	6	3	3	2.349508430440869	2.355801216329565	0.006292785888696084	0.26783414807816996	0.26783414807816996	TRUE	0.8888888888888888	0.8888888888888888
ENSMUSG00000078616	Trim30c	19	top_abs_beta_meta	3.806981760861859	TRUE	GSE279743	GSE279743_design__T=Lymph_Node__H=6__B=NA__G=delivery_vaccination_with_sm102__VS=baseline_0	<upstream_project_root>/00_metadata/verified_metadata/splited/GSE279743_design/GSE279743_design__T=Lymph_Node__H=6__B=NA__G=delivery_vaccination_with_sm102__VS=baseline_0.tsv	external	acute_main	Lymph Node	6	3	3	13.946939108182677	14.013037466713385	0.06609835853070756	0.473927347197835	0.473927347197835	TRUE	1	1
ENSMUSG00000078616	Trim30c	19	top_abs_beta_meta	3.806981760861859	TRUE	GSE279743	GSE279743_design__T=Lymph_Node__H=6__B=NA__G=delivery_vaccination_with_ssop__VS=baseline_0	<upstream_project_root>/00_metadata/verified_metadata/splited/GSE279743_design/GSE279743_design__T=Lymph_Node__H=6__B=NA__G=delivery_vaccination_with_ssop__VS=baseline_0.tsv	external	acute_main	Lymph Node	6	3	3	2.349508430440869	2.355331419066203	0.005822988625334258	0.24783859252812362	0.24783859252812362	TRUE	0.8888888888888888	0.8888888888888888
ENSMUSG00000105096	Gbp10	20	top_abs_beta_meta	3.775453263034024	TRUE	GSE279743	GSE279743_design__T=Lymph_Node__H=6__B=NA__G=delivery_vaccination_with_sm102__VS=baseline_0	<upstream_project_root>/00_metadata/verified_metadata/splited/GSE279743_design/GSE279743_design__T=Lymph_Node__H=6__B=NA__G=delivery_vaccination_with_sm102__VS=baseline_0.tsv	external	acute_main	Lymph Node	6	3	3	13.946939108182677	14.020056402064084	0.0731172938814062	0.5242533384153677	0.5242533384153677	TRUE	1	1
ENSMUSG00000105096	Gbp10	20	top_abs_beta_meta	3.775453263034024	TRUE	GSE279743	GSE279743_design__T=Lymph_Node__H=6__B=NA__G=delivery_vaccination_with_ssop__VS=baseline_0	<upstream_project_root>/00_metadata/verified_metadata/splited/GSE279743_design/GSE279743_design__T=Lymph_Node__H=6__B=NA__G=delivery_vaccination_with_ssop__VS=baseline_0.tsv	external	acute_main	Lymph Node	6	3	3	2.349508430440869	2.3603077849333784	0.010799354492509572	0.4596431471617724	0.4596431471617724	TRUE	0.8888888888888888	0.8888888888888888
ENSMUSG00000074896	Ifit3	21	top_abs_beta_meta	3.7414787591211223	TRUE	GSE279743	GSE279743_design__T=Lymph_Node__H=6__B=NA__G=delivery_vaccination_with_sm102__VS=baseline_0	<upstream_project_root>/00_metadata/verified_metadata/splited/GSE279743_design/GSE279743_design__T=Lymph_Node__H=6__B=NA__G=delivery_vaccination_with_sm102__VS=baseline_0.tsv	external	acute_main	Lymph Node	6	3	3	13.946939108182677	14.035338700068396	0.08839959188571811	0.6338279044600834	0.6338279044600834	TRUE	1	1
ENSMUSG00000074896	Ifit3	21	top_abs_beta_meta	3.7414787591211223	TRUE	GSE279743	GSE279743_design__T=Lymph_Node__H=6__B=NA__G=delivery_vaccination_with_ssop__VS=baseline_0	<upstream_project_root>/00_metadata/verified_metadata/splited/GSE279743_design/GSE279743_design__T=Lymph_Node__H=6__B=NA__G=delivery_vaccination_with_ssop__VS=baseline_0.tsv	external	acute_main	Lymph Node	6	3	3	2.349508430440869	2.3581138255314973	0.00860539509062841	0.3662636396249775	0.3662636396249775	TRUE	0.8888888888888888	0.8888888888888888
ENSMUSG00000068606	Gm4841	22	top_abs_beta_meta	3.73972852042063	TRUE	GSE279743	GSE279743_design__T=Lymph_Node__H=6__B=NA__G=delivery_vaccination_with_sm102__VS=baseline_0	<upstream_project_root>/00_metadata/verified_metadata/splited/GSE279743_design/GSE279743_design__T=Lymph_Node__H=6__B=NA__G=delivery_vaccination_with_sm102__VS=baseline_0.tsv	external	acute_main	Lymph Node	6	3	3	13.946939108182677	13.804827513913258	0.14211159426941933	-1.018944681460912	1.018944681460912	TRUE	1	1
ENSMUSG00000068606	Gm4841	22	top_abs_beta_meta	3.73972852042063	TRUE	GSE279743	GSE279743_design__T=Lymph_Node__H=6__B=NA__G=delivery_vaccination_with_ssop__VS=baseline_0	<upstream_project_root>/00_metadata/verified_metadata/splited/GSE279743_design/GSE279743_design__T=Lymph_Node__H=6__B=NA__G=delivery_vaccination_with_ssop__VS=baseline_0.tsv	external	acute_main	Lymph Node	6	3	3	2.349508430440869	2.320659560169063	0.028848870271805716	-1.2278683446303884	1.2278683446303884	TRUE	0.8888888888888888	0.8888888888888888
ENSMUSG00000092021	Gbp11	23	top_abs_beta_meta	3.667647830351214	TRUE	GSE279743	GSE279743_design__T=Lymph_Node__H=6__B=NA__G=delivery_vaccination_with_sm102__VS=baseline_0	<upstream_project_root>/00_metadata/verified_metadata/splited/GSE279743_design/GSE279743_design__T=Lymph_Node__H=6__B=NA__G=delivery_vaccination_with_sm102__VS=baseline_0.tsv	external	acute_main	Lymph Node	6	3	3	13.946939108182677	13.888846138944936	0.05809296923774099	-0.4165284496270426	0.4165284496270426	TRUE	1	1
ENSMUSG00000092021	Gbp11	23	top_abs_beta_meta	3.667647830351214	TRUE	GSE279743	GSE279743_design__T=Lymph_Node__H=6__B=NA__G=delivery_vaccination_with_ssop__VS=baseline_0	<upstream_project_root>/00_metadata/verified_metadata/splited/GSE279743_design/GSE279743_design__T=Lymph_Node__H=6__B=NA__G=delivery_vaccination_with_ssop__VS=baseline_0.tsv	external	acute_main	Lymph Node	6	3	3	2.349508430440869	2.3443997329242015	0.0051086975166674264	-0.21743686681340466	0.21743686681340466	TRUE	0.8888888888888888	0.8888888888888888
ENSMUSG00000023341	Mx2	24	top_abs_beta_meta	3.588993939733922	TRUE	GSE279743	GSE279743_design__T=Lymph_Node__H=6__B=NA__G=delivery_vaccination_with_sm102__VS=baseline_0	<upstream_project_root>/00_metadata/verified_metadata/splited/GSE279743_design/GSE279743_design__T=Lymph_Node__H=6__B=NA__G=delivery_vaccination_with_sm102__VS=baseline_0.tsv	external	acute_main	Lymph Node	6	3	3	13.946939108182677	14.023668619412014	0.07672951122933647	0.5501530524666822	0.5501530524666822	TRUE	1	1
ENSMUSG00000023341	Mx2	24	top_abs_beta_meta	3.588993939733922	TRUE	GSE279743	GSE279743_design__T=Lymph_Node__H=6__B=NA__G=delivery_vaccination_with_ssop__VS=baseline_0	<upstream_project_root>/00_metadata/verified_metadata/splited/GSE279743_design/GSE279743_design__T=Lymph_Node__H=6__B=NA__G=delivery_vaccination_with_ssop__VS=baseline_0.tsv	external	acute_main	Lymph Node	6	3	3	2.349508430440869	2.354357680288783	0.004849249847914017	0.20639423060099804	0.20639423060099804	TRUE	0.8888888888888888	0.8888888888888888
ENSMUSG00000085977	Gm5970	25	top_abs_beta_meta	3.5069390366748956	TRUE	GSE279743	GSE279743_design__T=Lymph_Node__H=6__B=NA__G=delivery_vaccination_with_sm102__VS=baseline_0	<upstream_project_root>/00_metadata/verified_metadata/splited/GSE279743_design/GSE279743_design__T=Lymph_Node__H=6__B=NA__G=delivery_vaccination_with_sm102__VS=baseline_0.tsv	external	acute_main	Lymph Node	6	3	3	13.946939108182677	13.948552844129857	0.0016137359471795065	0.011570538414645596	0.011570538414645596	TRUE	1	1
ENSMUSG00000085977	Gm5970	25	top_abs_beta_meta	3.5069390366748956	TRUE	GSE279743	GSE279743_design__T=Lymph_Node__H=6__B=NA__G=delivery_vaccination_with_ssop__VS=baseline_0	<upstream_project_root>/00_metadata/verified_metadata/splited/GSE279743_design/GSE279743_design__T=Lymph_Node__H=6__B=NA__G=delivery_vaccination_with_ssop__VS=baseline_0.tsv	external	acute_main	Lymph Node	6	3	3	2.349508430440869	2.344801181526009	0.004707248914860074	-0.20035037345989823	0.20035037345989823	TRUE	0.8888888888888888	0.8888888888888888
ENSMUSG00000022126	Acod1	1	top_abs_beta_meta	6.353446492462103	TRUE	GSE279744	GSE279744_design__T=lymph_node__H=6__B=NA__G=delivery_vaccination_with_sm102__VS=baseline_0	<upstream_project_root>/00_metadata/verified_metadata/splited/GSE279744_design/GSE279744_design__T=lymph_node__H=6__B=NA__G=delivery_vaccination_with_sm102__VS=baseline_0.tsv	calibration	acute_main	lymph node	6	3	3	56.61527045924109	56.44006580124719	0.17520465799390195	-0.3094653731629467	0.3094653731629467	TRUE	1	1
ENSMUSG00000022126	Acod1	1	top_abs_beta_meta	6.353446492462103	TRUE	GSE279744	GSE279744_design__T=lymph_node__H=6__B=NA__G=delivery_vaccination_with_ssop__VS=baseline_0	<upstream_project_root>/00_metadata/verified_metadata/splited/GSE279744_design/GSE279744_design__T=lymph_node__H=6__B=NA__G=delivery_vaccination_with_ssop__VS=baseline_0.tsv	calibration	acute_main	lymph node	6	3	3	13.680287410826422	13.68255004064437	0.0022626298179488913	0.016539344167274383	0.016539344167274383	TRUE	1	1
ENSMUSG00000060183	Cxcl11	2	top_abs_beta_meta	6.0257926459264395	TRUE	GSE279744	GSE279744_design__T=lymph_node__H=6__B=NA__G=delivery_vaccination_with_sm102__VS=baseline_0	<upstream_project_root>/00_metadata/verified_metadata/splited/GSE279744_design/GSE279744_design__T=lymph_node__H=6__B=NA__G=delivery_vaccination_with_sm102__VS=baseline_0.tsv	calibration	acute_main	lymph node	6	3	3	56.61527045924109	58.08315396765967	1.4678835084185806	2.5927342508685016	2.5927342508685016	TRUE	1	1
ENSMUSG00000060183	Cxcl11	2	top_abs_beta_meta	6.0257926459264395	TRUE	GSE279744	GSE279744_design__T=lymph_node__H=6__B=NA__G=delivery_vaccination_with_ssop__VS=baseline_0	<upstream_project_root>/00_metadata/verified_metadata/splited/GSE279744_design/GSE279744_design__T=lymph_node__H=6__B=NA__G=delivery_vaccination_with_ssop__VS=baseline_0.tsv	calibration	acute_main	lymph node	6	3	3	13.680287410826422	14.151976285868242	0.47168887504182067	3.4479456525784067	3.4479456525784067	TRUE	1	1
ENSMUSG00000138573	Gm72936	3	top_abs_beta_meta	4.977817758075086	TRUE	GSE279744	GSE279744_design__T=lymph_node__H=6__B=NA__G=delivery_vaccination_with_sm102__VS=baseline_0	<upstream_project_root>/00_metadata/verified_metadata/splited/GSE279744_design/GSE279744_design__T=lymph_node__H=6__B=NA__G=delivery_vaccination_with_sm102__VS=baseline_0.tsv	calibration	acute_main	lymph node	6	3	3	56.61527045924109	54.64236698933632	1.9729034699047716	-3.484755003202042	3.484755003202042	TRUE	1	1
ENSMUSG00000138573	Gm72936	3	top_abs_beta_meta	4.977817758075086	TRUE	GSE279744	GSE279744_design__T=lymph_node__H=6__B=NA__G=delivery_vaccination_with_ssop__VS=baseline_0	<upstream_project_root>/00_metadata/verified_metadata/splited/GSE279744_design/GSE279744_design__T=lymph_node__H=6__B=NA__G=delivery_vaccination_with_ssop__VS=baseline_0.tsv	calibration	acute_main	lymph node	6	3	3	13.680287410826422	12.89644584828941	0.7838415625370114	-5.7297156046348	5.7297156046348	TRUE	1	1
ENSMUSG00000035385	Ccl2	4	top_abs_beta_meta	4.6635139717927325	TRUE	GSE279744	GSE279744_design__T=lymph_node__H=6__B=NA__G=delivery_vaccination_with_sm102__VS=baseline_0	<upstream_project_root>/00_metadata/verified_metadata/splited/GSE279744_design/GSE279744_design__T=lymph_node__H=6__B=NA__G=delivery_vaccination_with_sm102__VS=baseline_0.tsv	calibration	acute_main	lymph node	6	3	3	56.61527045924109	57.57176854921456	0.9564980899734721	1.6894701415620397	1.6894701415620397	TRUE	1	1
ENSMUSG00000035385	Ccl2	4	top_abs_beta_meta	4.6635139717927325	TRUE	GSE279744	GSE279744_design__T=lymph_node__H=6__B=NA__G=delivery_vaccination_with_ssop__VS=baseline_0	<upstream_project_root>/00_metadata/verified_metadata/splited/GSE279744_design/GSE279744_design__T=lymph_node__H=6__B=NA__G=delivery_vaccination_with_ssop__VS=baseline_0.tsv	calibration	acute_main	lymph node	6	3	3	13.680287410826422	13.923834958822104	0.24354754799568212	1.7802809303768092	1.7802809303768092	TRUE	1	1
ENSMUSG00000034855	Cxcl10	5	top_abs_beta_meta	4.612796832918611	TRUE	GSE279744	GSE279744_design__T=lymph_node__H=6__B=NA__G=delivery_vaccination_with_sm102__VS=baseline_0	<upstream_project_root>/00_metadata/verified_metadata/splited/GSE279744_design/GSE279744_design__T=lymph_node__H=6__B=NA__G=delivery_vaccination_with_sm102__VS=baseline_0.tsv	calibration	acute_main	lymph node	6	3	3	56.61527045924109	58.32232969070257	1.7070592314614785	3.0151922221946075	3.0151922221946075	TRUE	1	1
ENSMUSG00000034855	Cxcl10	5	top_abs_beta_meta	4.612796832918611	TRUE	GSE279744	GSE279744_design__T=lymph_node__H=6__B=NA__G=delivery_vaccination_with_ssop__VS=baseline_0	<upstream_project_root>/00_metadata/verified_metadata/splited/GSE279744_design/GSE279744_design__T=lymph_node__H=6__B=NA__G=delivery_vaccination_with_ssop__VS=baseline_0.tsv	calibration	acute_main	lymph node	6	3	3	13.680287410826422	14.08355646355612	0.4032690527296978	2.94781126024118	2.94781126024118	TRUE	1	1
ENSMUSG00000085295	4930430E12Rik	6	top_abs_beta_meta	4.495088843307157	TRUE	GSE279744	GSE279744_design__T=lymph_node__H=6__B=NA__G=delivery_vaccination_with_sm102__VS=baseline_0	<upstream_project_root>/00_metadata/verified_metadata/splited/GSE279744_design/GSE279744_design__T=lymph_node__H=6__B=NA__G=delivery_vaccination_with_sm102__VS=baseline_0.tsv	calibration	acute_main	lymph node	6	3	3	56.61527045924109	55.916223618016545	0.6990468412245434	-1.2347319646345356	1.2347319646345356	TRUE	1	1
ENSMUSG00000085295	4930430E12Rik	6	top_abs_beta_meta	4.495088843307157	TRUE	GSE279744	GSE279744_design__T=lymph_node__H=6__B=NA__G=delivery_vaccination_with_ssop__VS=baseline_0	<upstream_project_root>/00_metadata/verified_metadata/splited/GSE279744_design/GSE279744_design__T=lymph_node__H=6__B=NA__G=delivery_vaccination_with_ssop__VS=baseline_0.tsv	calibration	acute_main	lymph node	6	3	3	13.680287410826422	13.552650641675687	0.12763676915073496	-0.9329977164787101	0.9329977164787101	TRUE	1	1
ENSMUSG00000052485	Tmem171	7	top_abs_beta_meta	4.404983306498316	TRUE	GSE279744	GSE279744_design__T=lymph_node__H=6__B=NA__G=delivery_vaccination_with_sm102__VS=baseline_0	<upstream_project_root>/00_metadata/verified_metadata/splited/GSE279744_design/GSE279744_design__T=lymph_node__H=6__B=NA__G=delivery_vaccination_with_sm102__VS=baseline_0.tsv	calibration	acute_main	lymph node	6	3	3	56.61527045924109	58.524357188355694	1.9090867291146054	3.3720349891978527	3.3720349891978527	TRUE	1	1
ENSMUSG00000052485	Tmem171	7	top_abs_beta_meta	4.404983306498316	TRUE	GSE279744	GSE279744_design__T=lymph_node__H=6__B=NA__G=delivery_vaccination_with_ssop__VS=baseline_0	<upstream_project_root>/00_metadata/verified_metadata/splited/GSE279744_design/GSE279744_design__T=lymph_node__H=6__B=NA__G=delivery_vaccination_with_ssop__VS=baseline_0.tsv	calibration	acute_main	lymph node	6	3	3	13.680287410826422	14.17658878750718	0.49630137668075847	3.627857820355377	3.627857820355377	TRUE	1	1
ENSMUSG00000040026	Saa3	8	top_abs_beta_meta	4.397792528205895	TRUE	GSE279744	GSE279744_design__T=lymph_node__H=6__B=NA__G=delivery_vaccination_with_sm102__VS=baseline_0	<upstream_project_root>/00_metadata/verified_metadata/splited/GSE279744_design/GSE279744_design__T=lymph_node__H=6__B=NA__G=delivery_vaccination_with_sm102__VS=baseline_0.tsv	calibration	acute_main	lymph node	6	3	3	56.61527045924109	54.43280901758895	2.182461441652137	-3.854898906158811	3.854898906158811	TRUE	1	1
ENSMUSG00000040026	Saa3	8	top_abs_beta_meta	4.397792528205895	TRUE	GSE279744	GSE279744_design__T=lymph_node__H=6__B=NA__G=delivery_vaccination_with_ssop__VS=baseline_0	<upstream_project_root>/00_metadata/verified_metadata/splited/GSE279744_design/GSE279744_design__T=lymph_node__H=6__B=NA__G=delivery_vaccination_with_ssop__VS=baseline_0.tsv	calibration	acute_main	lymph node	6	3	3	13.680287410826422	13.408476815055945	0.27181059577047684	-1.9868778162903877	1.9868778162903877	TRUE	1	1
ENSMUSG00000134421	Gm67078	9	top_abs_beta_meta	4.366412049518441	TRUE	GSE279744	GSE279744_design__T=lymph_node__H=6__B=NA__G=delivery_vaccination_with_sm102__VS=baseline_0	<upstream_project_root>/00_metadata/verified_metadata/splited/GSE279744_design/GSE279744_design__T=lymph_node__H=6__B=NA__G=delivery_vaccination_with_sm102__VS=baseline_0.tsv	calibration	acute_main	lymph node	6	3	3	56.61527045924109	54.902372978226815	1.7128974810142736	-3.025504368556247	3.025504368556247	TRUE	1	1
ENSMUSG00000134421	Gm67078	9	top_abs_beta_meta	4.366412049518441	TRUE	GSE279744	GSE279744_design__T=lymph_node__H=6__B=NA__G=delivery_vaccination_with_ssop__VS=baseline_0	<upstream_project_root>/00_metadata/verified_metadata/splited/GSE279744_design/GSE279744_design__T=lymph_node__H=6__B=NA__G=delivery_vaccination_with_ssop__VS=baseline_0.tsv	calibration	acute_main	lymph node	6	3	3	13.680287410826422	13.448279950485505	0.2320074603409168	-1.6959253367535887	1.6959253367535887	TRUE	1	1
ENSMUSG00000055110	A630012P03Rik	10	top_abs_beta_meta	4.36126211559667	TRUE	GSE279744	GSE279744_design__T=lymph_node__H=6__B=NA__G=delivery_vaccination_with_sm102__VS=baseline_0	<upstream_project_root>/00_metadata/verified_metadata/splited/GSE279744_design/GSE279744_design__T=lymph_node__H=6__B=NA__G=delivery_vaccination_with_sm102__VS=baseline_0.tsv	calibration	acute_main	lymph node	6	3	3	56.61527045924109	56.87908851673316	0.2638180574920739	0.4659839215675987	0.4659839215675987	TRUE	1	1
ENSMUSG00000055110	A630012P03Rik	10	top_abs_beta_meta	4.36126211559667	TRUE	GSE279744	GSE279744_design__T=lymph_node__H=6__B=NA__G=delivery_vaccination_with_ssop__VS=baseline_0	<upstream_project_root>/00_metadata/verified_metadata/splited/GSE279744_design/GSE279744_design__T=lymph_node__H=6__B=NA__G=delivery_vaccination_with_ssop__VS=baseline_0.tsv	calibration	acute_main	lymph node	6	3	3	13.680287410826422	13.570443109423364	0.1098443014030579	-0.8029385502246713	0.8029385502246713	TRUE	1	1
ENSMUSG00000050578	Mmp13	11	top_abs_beta_meta	4.342772097488057	TRUE	GSE279744	GSE279744_design__T=lymph_node__H=6__B=NA__G=delivery_vaccination_with_sm102__VS=baseline_0	<upstream_project_root>/00_metadata/verified_metadata/splited/GSE279744_design/GSE279744_design__T=lymph_node__H=6__B=NA__G=delivery_vaccination_with_sm102__VS=baseline_0.tsv	calibration	acute_main	lymph node	6	3	3	56.61527045924109	54.526005408190535	2.0892650510505533	-3.6902853843198953	3.6902853843198953	TRUE	1	1
ENSMUSG00000050578	Mmp13	11	top_abs_beta_meta	4.342772097488057	TRUE	GSE279744	GSE279744_design__T=lymph_node__H=6__B=NA__G=delivery_vaccination_with_ssop__VS=baseline_0	<upstream_project_root>/00_metadata/verified_metadata/splited/GSE279744_design/GSE279744_design__T=lymph_node__H=6__B=NA__G=delivery_vaccination_with_ssop__VS=baseline_0.tsv	calibration	acute_main	lymph node	6	3	3	13.680287410826422	13.167949184343048	0.512338226483374	-3.745083791718553	3.745083791718553	TRUE	1	1
ENSMUSG00000111078	Gm35028	12	top_abs_beta_meta	4.2332077695080725	TRUE	GSE279744	GSE279744_design__T=lymph_node__H=6__B=NA__G=delivery_vaccination_with_sm102__VS=baseline_0	<upstream_project_root>/00_metadata/verified_metadata/splited/GSE279744_design/GSE279744_design__T=lymph_node__H=6__B=NA__G=delivery_vaccination_with_sm102__VS=baseline_0.tsv	calibration	acute_main	lymph node	6	3	3	56.61527045924109	56.1540290614643	0.46124139777678863	-0.8146943289953003	0.8146943289953003	TRUE	1	1
ENSMUSG00000111078	Gm35028	12	top_abs_beta_meta	4.2332077695080725	TRUE	GSE279744	GSE279744_design__T=lymph_node__H=6__B=NA__G=delivery_vaccination_with_ssop__VS=baseline_0	<upstream_project_root>/00_metadata/verified_metadata/splited/GSE279744_design/GSE279744_design__T=lymph_node__H=6__B=NA__G=delivery_vaccination_with_ssop__VS=baseline_0.tsv	calibration	acute_main	lymph node	6	3	3	13.680287410826422	13.680287410826422	0	0	0	TRUE	1	1
ENSMUSG00000138247	Gm60893	13	top_abs_beta_meta	4.118168331717115	TRUE	GSE279744	GSE279744_design__T=lymph_node__H=6__B=NA__G=delivery_vaccination_with_sm102__VS=baseline_0	<upstream_project_root>/00_metadata/verified_metadata/splited/GSE279744_design/GSE279744_design__T=lymph_node__H=6__B=NA__G=delivery_vaccination_with_sm102__VS=baseline_0.tsv	calibration	acute_main	lymph node	6	3	3	56.61527045924109	54.5823375941953	2.0329328650457867	-3.590785398630837	3.590785398630837	TRUE	1	1
ENSMUSG00000138247	Gm60893	13	top_abs_beta_meta	4.118168331717115	TRUE	GSE279744	GSE279744_design__T=lymph_node__H=6__B=NA__G=delivery_vaccination_with_ssop__VS=baseline_0	<upstream_project_root>/00_metadata/verified_metadata/splited/GSE279744_design/GSE279744_design__T=lymph_node__H=6__B=NA__G=delivery_vaccination_with_ssop__VS=baseline_0.tsv	calibration	acute_main	lymph node	6	3	3	13.680287410826422	13.222377085367233	0.4579103254591885	-3.34722737693949	3.34722737693949	TRUE	1	1
ENSMUSG00000035373	Ccl7	14	top_abs_beta_meta	4.080173963641654	TRUE	GSE279744	GSE279744_design__T=lymph_node__H=6__B=NA__G=delivery_vaccination_with_sm102__VS=baseline_0	<upstream_project_root>/00_metadata/verified_metadata/splited/GSE279744_design/GSE279744_design__T=lymph_node__H=6__B=NA__G=delivery_vaccination_with_sm102__VS=baseline_0.tsv	calibration	acute_main	lymph node	6	3	3	56.61527045924109	57.42169904835865	0.8064285891175587	1.424401195253724	1.424401195253724	TRUE	1	1
ENSMUSG00000035373	Ccl7	14	top_abs_beta_meta	4.080173963641654	TRUE	GSE279744	GSE279744_design__T=lymph_node__H=6__B=NA__G=delivery_vaccination_with_ssop__VS=baseline_0	<upstream_project_root>/00_metadata/verified_metadata/splited/GSE279744_design/GSE279744_design__T=lymph_node__H=6__B=NA__G=delivery_vaccination_with_ssop__VS=baseline_0.tsv	calibration	acute_main	lymph node	6	3	3	13.680287410826422	13.878284433951805	0.19799702312538336	1.4473162527907915	1.4473162527907915	TRUE	1	1
ENSMUSG00000000204	Slfn4	15	top_abs_beta_meta	4.009242973558268	TRUE	GSE279744	GSE279744_design__T=lymph_node__H=6__B=NA__G=delivery_vaccination_with_sm102__VS=baseline_0	<upstream_project_root>/00_metadata/verified_metadata/splited/GSE279744_design/GSE279744_design__T=lymph_node__H=6__B=NA__G=delivery_vaccination_with_sm102__VS=baseline_0.tsv	calibration	acute_main	lymph node	6	3	3	56.61527045924109	57.66912772954229	1.0538572703012008	1.861436431819048	1.861436431819048	TRUE	1	1
ENSMUSG00000000204	Slfn4	15	top_abs_beta_meta	4.009242973558268	TRUE	GSE279744	GSE279744_design__T=lymph_node__H=6__B=NA__G=delivery_vaccination_with_ssop__VS=baseline_0	<upstream_project_root>/00_metadata/verified_metadata/splited/GSE279744_design/GSE279744_design__T=lymph_node__H=6__B=NA__G=delivery_vaccination_with_ssop__VS=baseline_0.tsv	calibration	acute_main	lymph node	6	3	3	13.680287410826422	13.94945656227127	0.26916915144484754	1.9675694184014745	1.9675694184014745	TRUE	1	1
ENSMUSG00000040328	Or2v1	16	top_abs_beta_meta	3.894945621699911	TRUE	GSE279744	GSE279744_design__T=lymph_node__H=6__B=NA__G=delivery_vaccination_with_sm102__VS=baseline_0	<upstream_project_root>/00_metadata/verified_metadata/splited/GSE279744_design/GSE279744_design__T=lymph_node__H=6__B=NA__G=delivery_vaccination_with_sm102__VS=baseline_0.tsv	calibration	acute_main	lymph node	6	3	3	56.61527045924109	54.06159611956621	2.5536743396748776	-4.510575183975035	4.510575183975035	TRUE	1	1
ENSMUSG00000040328	Or2v1	16	top_abs_beta_meta	3.894945621699911	TRUE	GSE279744	GSE279744_design__T=lymph_node__H=6__B=NA__G=delivery_vaccination_with_ssop__VS=baseline_0	<upstream_project_root>/00_metadata/verified_metadata/splited/GSE279744_design/GSE279744_design__T=lymph_node__H=6__B=NA__G=delivery_vaccination_with_ssop__VS=baseline_0.tsv	calibration	acute_main	lymph node	6	3	3	13.680287410826422	13.334269577240468	0.34601783358595384	-2.529316988706826	2.529316988706826	TRUE	1	1
ENSMUSG00000109729	Gm45418	17	top_abs_beta_meta	3.8495640515383616	TRUE	GSE279744	GSE279744_design__T=lymph_node__H=6__B=NA__G=delivery_vaccination_with_sm102__VS=baseline_0	<upstream_project_root>/00_metadata/verified_metadata/splited/GSE279744_design/GSE279744_design__T=lymph_node__H=6__B=NA__G=delivery_vaccination_with_sm102__VS=baseline_0.tsv	calibration	acute_main	lymph node	6	3	3	56.61527045924109	55.81205949297463	0.8032109662664553	-1.418717882562637	1.418717882562637	TRUE	1	1
ENSMUSG00000109729	Gm45418	17	top_abs_beta_meta	3.8495640515383616	TRUE	GSE279744	GSE279744_design__T=lymph_node__H=6__B=NA__G=delivery_vaccination_with_ssop__VS=baseline_0	<upstream_project_root>/00_metadata/verified_metadata/splited/GSE279744_design/GSE279744_design__T=lymph_node__H=6__B=NA__G=delivery_vaccination_with_ssop__VS=baseline_0.tsv	calibration	acute_main	lymph node	6	3	3	13.680287410826422	13.578676951843157	0.1016104589832647	-0.7427509081633136	0.7427509081633136	TRUE	1	1
ENSMUSG00000034459	Ifit1	18	top_abs_beta_meta	3.8087768616083655	TRUE	GSE279744	GSE279744_design__T=lymph_node__H=6__B=NA__G=delivery_vaccination_with_sm102__VS=baseline_0	<upstream_project_root>/00_metadata/verified_metadata/splited/GSE279744_design/GSE279744_design__T=lymph_node__H=6__B=NA__G=delivery_vaccination_with_sm102__VS=baseline_0.tsv	calibration	acute_main	lymph node	6	3	3	56.61527045924109	57.79442970323442	1.1791592439933325	2.082758299003874	2.082758299003874	TRUE	1	1
ENSMUSG00000034459	Ifit1	18	top_abs_beta_meta	3.8087768616083655	TRUE	GSE279744	GSE279744_design__T=lymph_node__H=6__B=NA__G=delivery_vaccination_with_ssop__VS=baseline_0	<upstream_project_root>/00_metadata/verified_metadata/splited/GSE279744_design/GSE279744_design__T=lymph_node__H=6__B=NA__G=delivery_vaccination_with_ssop__VS=baseline_0.tsv	calibration	acute_main	lymph node	6	3	3	13.680287410826422	13.922846655507694	0.24255924468127255	1.7730566427231196	1.7730566427231196	TRUE	1	1
ENSMUSG00000078616	Trim30c	19	top_abs_beta_meta	3.806981760861859	TRUE	GSE279744	GSE279744_design__T=lymph_node__H=6__B=NA__G=delivery_vaccination_with_sm102__VS=baseline_0	<upstream_project_root>/00_metadata/verified_metadata/splited/GSE279744_design/GSE279744_design__T=lymph_node__H=6__B=NA__G=delivery_vaccination_with_sm102__VS=baseline_0.tsv	calibration	acute_main	lymph node	6	3	3	56.61527045924109	56.36093228073159	0.25433817850949936	-0.449239536341356	0.449239536341356	TRUE	1	1
ENSMUSG00000078616	Trim30c	19	top_abs_beta_meta	3.806981760861859	TRUE	GSE279744	GSE279744_design__T=lymph_node__H=6__B=NA__G=delivery_vaccination_with_ssop__VS=baseline_0	<upstream_project_root>/00_metadata/verified_metadata/splited/GSE279744_design/GSE279744_design__T=lymph_node__H=6__B=NA__G=delivery_vaccination_with_ssop__VS=baseline_0.tsv	calibration	acute_main	lymph node	6	3	3	13.680287410826422	13.602962679286053	0.07732473154036867	-0.5652273904653112	0.5652273904653112	TRUE	1	1
ENSMUSG00000105096	Gbp10	20	top_abs_beta_meta	3.775453263034024	TRUE	GSE279744	GSE279744_design__T=lymph_node__H=6__B=NA__G=delivery_vaccination_with_sm102__VS=baseline_0	<upstream_project_root>/00_metadata/verified_metadata/splited/GSE279744_design/GSE279744_design__T=lymph_node__H=6__B=NA__G=delivery_vaccination_with_sm102__VS=baseline_0.tsv	calibration	acute_main	lymph node	6	3	3	56.61527045924109	58.13979912752401	1.5245286682829189	2.6927870447611295	2.6927870447611295	TRUE	1	1
ENSMUSG00000105096	Gbp10	20	top_abs_beta_meta	3.775453263034024	TRUE	GSE279744	GSE279744_design__T=lymph_node__H=6__B=NA__G=delivery_vaccination_with_ssop__VS=baseline_0	<upstream_project_root>/00_metadata/verified_metadata/splited/GSE279744_design/GSE279744_design__T=lymph_node__H=6__B=NA__G=delivery_vaccination_with_ssop__VS=baseline_0.tsv	calibration	acute_main	lymph node	6	3	3	13.680287410826422	14.083126616099904	0.40283920527348194	2.9446691664875377	2.9446691664875377	TRUE	1	1
ENSMUSG00000074896	Ifit3	21	top_abs_beta_meta	3.7414787591211223	TRUE	GSE279744	GSE279744_design__T=lymph_node__H=6__B=NA__G=delivery_vaccination_with_sm102__VS=baseline_0	<upstream_project_root>/00_metadata/verified_metadata/splited/GSE279744_design/GSE279744_design__T=lymph_node__H=6__B=NA__G=delivery_vaccination_with_sm102__VS=baseline_0.tsv	calibration	acute_main	lymph node	6	3	3	56.61527045924109	58.20041159252262	1.5851411332815317	2.799847321091081	2.799847321091081	TRUE	1	1
ENSMUSG00000074896	Ifit3	21	top_abs_beta_meta	3.7414787591211223	TRUE	GSE279744	GSE279744_design__T=lymph_node__H=6__B=NA__G=delivery_vaccination_with_ssop__VS=baseline_0	<upstream_project_root>/00_metadata/verified_metadata/splited/GSE279744_design/GSE279744_design__T=lymph_node__H=6__B=NA__G=delivery_vaccination_with_ssop__VS=baseline_0.tsv	calibration	acute_main	lymph node	6	3	3	13.680287410826422	14.02141603452102	0.3411286236945976	2.493577901182342	2.493577901182342	TRUE	1	1
ENSMUSG00000068606	Gm4841	22	top_abs_beta_meta	3.73972852042063	TRUE	GSE279744	GSE279744_design__T=lymph_node__H=6__B=NA__G=delivery_vaccination_with_sm102__VS=baseline_0	<upstream_project_root>/00_metadata/verified_metadata/splited/GSE279744_design/GSE279744_design__T=lymph_node__H=6__B=NA__G=delivery_vaccination_with_sm102__VS=baseline_0.tsv	calibration	acute_main	lymph node	6	3	3	56.61527045924109	55.15294242208684	1.4623280371542506	-2.5829215780343597	2.5829215780343597	TRUE	1	1
ENSMUSG00000068606	Gm4841	22	top_abs_beta_meta	3.73972852042063	TRUE	GSE279744	GSE279744_design__T=lymph_node__H=6__B=NA__G=delivery_vaccination_with_ssop__VS=baseline_0	<upstream_project_root>/00_metadata/verified_metadata/splited/GSE279744_design/GSE279744_design__T=lymph_node__H=6__B=NA__G=delivery_vaccination_with_ssop__VS=baseline_0.tsv	calibration	acute_main	lymph node	6	3	3	13.680287410826422	13.680287410826422	0	0	0	TRUE	1	1
ENSMUSG00000092021	Gbp11	23	top_abs_beta_meta	3.667647830351214	TRUE	GSE279744	GSE279744_design__T=lymph_node__H=6__B=NA__G=delivery_vaccination_with_sm102__VS=baseline_0	<upstream_project_root>/00_metadata/verified_metadata/splited/GSE279744_design/GSE279744_design__T=lymph_node__H=6__B=NA__G=delivery_vaccination_with_sm102__VS=baseline_0.tsv	calibration	acute_main	lymph node	6	3	3	56.61527045924109	55.25049517716961	1.3647752820714771	-2.4106133751564727	2.4106133751564727	TRUE	1	1
ENSMUSG00000092021	Gbp11	23	top_abs_beta_meta	3.667647830351214	TRUE	GSE279744	GSE279744_design__T=lymph_node__H=6__B=NA__G=delivery_vaccination_with_ssop__VS=baseline_0	<upstream_project_root>/00_metadata/verified_metadata/splited/GSE279744_design/GSE279744_design__T=lymph_node__H=6__B=NA__G=delivery_vaccination_with_ssop__VS=baseline_0.tsv	calibration	acute_main	lymph node	6	3	3	13.680287410826422	13.680287410826422	0	0	0	TRUE	1	1
ENSMUSG00000023341	Mx2	24	top_abs_beta_meta	3.588993939733922	TRUE	GSE279744	GSE279744_design__T=lymph_node__H=6__B=NA__G=delivery_vaccination_with_sm102__VS=baseline_0	<upstream_project_root>/00_metadata/verified_metadata/splited/GSE279744_design/GSE279744_design__T=lymph_node__H=6__B=NA__G=delivery_vaccination_with_sm102__VS=baseline_0.tsv	calibration	acute_main	lymph node	6	3	3	56.61527045924109	55.710544535462795	0.9047259237782939	-1.598024554929277	1.598024554929277	TRUE	1	1
ENSMUSG00000023341	Mx2	24	top_abs_beta_meta	3.588993939733922	TRUE	GSE279744	GSE279744_design__T=lymph_node__H=6__B=NA__G=delivery_vaccination_with_ssop__VS=baseline_0	<upstream_project_root>/00_metadata/verified_metadata/splited/GSE279744_design/GSE279744_design__T=lymph_node__H=6__B=NA__G=delivery_vaccination_with_ssop__VS=baseline_0.tsv	calibration	acute_main	lymph node	6	3	3	13.680287410826422	13.432802917982718	0.24748449284370366	-1.8090591623670662	1.8090591623670662	TRUE	1	1
ENSMUSG00000085977	Gm5970	25	top_abs_beta_meta	3.5069390366748956	TRUE	GSE279744	GSE279744_design__T=lymph_node__H=6__B=NA__G=delivery_vaccination_with_sm102__VS=baseline_0	<upstream_project_root>/00_metadata/verified_metadata/splited/GSE279744_design/GSE279744_design__T=lymph_node__H=6__B=NA__G=delivery_vaccination_with_sm102__VS=baseline_0.tsv	calibration	acute_main	lymph node	6	3	3	56.61527045924109	55.44103060303937	1.1742398562017158	-2.074069145438568	2.074069145438568	TRUE	1	1
ENSMUSG00000085977	Gm5970	25	top_abs_beta_meta	3.5069390366748956	TRUE	GSE279744	GSE279744_design__T=lymph_node__H=6__B=NA__G=delivery_vaccination_with_ssop__VS=baseline_0	<upstream_project_root>/00_metadata/verified_metadata/splited/GSE279744_design/GSE279744_design__T=lymph_node__H=6__B=NA__G=delivery_vaccination_with_ssop__VS=baseline_0.tsv	calibration	acute_main	lymph node	6	3	3	13.680287410826422	13.680287410826422	0	0	0	TRUE	1	1
ENSMUSG00000022126	Acod1	1	top_abs_beta_meta	6.353446492462103	TRUE	GSE314070	GSE314070_design__T=small_intestine__H=336__B=NA__G=delivery_am80_lnp__VS=baseline_0	<upstream_project_root>/00_metadata/verified_metadata/splited/GSE314070_design/GSE314070_design__T=small_intestine__H=336__B=NA__G=delivery_am80_lnp__VS=baseline_0.tsv	external	extended_transfer	small intestine	336	3	3	3.7750612954626153	3.624177263879389	0.15088403158322627	-3.9968630910597223	3.9968630910597223	TRUE	0.6666666666666666	0.6666666666666666
ENSMUSG00000022126	Acod1	1	top_abs_beta_meta	6.353446492462103	TRUE	GSE314070	GSE314070_design__T=small_intestine__H=336__B=NA__G=delivery_sm102_lnp__VS=baseline_0	<upstream_project_root>/00_metadata/verified_metadata/splited/GSE314070_design/GSE314070_design__T=small_intestine__H=336__B=NA__G=delivery_sm102_lnp__VS=baseline_0.tsv	external	extended_transfer	small intestine	336	3	3	-1.3684435005519688	-0.8313687397325742	0.5370747608193946	39.247127163289	39.247127163289	TRUE	0.3333333333333333	0.4444444444444444
ENSMUSG00000060183	Cxcl11	2	top_abs_beta_meta	6.0257926459264395	TRUE	GSE314070	GSE314070_design__T=small_intestine__H=336__B=NA__G=delivery_am80_lnp__VS=baseline_0	<upstream_project_root>/00_metadata/verified_metadata/splited/GSE314070_design/GSE314070_design__T=small_intestine__H=336__B=NA__G=delivery_am80_lnp__VS=baseline_0.tsv	external	extended_transfer	small intestine	336	3	3	3.7750612954626153	4.323750463070487	0.548689167607872	14.534576386014226	14.534576386014226	TRUE	0.6666666666666666	0.6666666666666666
ENSMUSG00000060183	Cxcl11	2	top_abs_beta_meta	6.0257926459264395	TRUE	GSE314070	GSE314070_design__T=small_intestine__H=336__B=NA__G=delivery_sm102_lnp__VS=baseline_0	<upstream_project_root>/00_metadata/verified_metadata/splited/GSE314070_design/GSE314070_design__T=small_intestine__H=336__B=NA__G=delivery_sm102_lnp__VS=baseline_0.tsv	external	extended_transfer	small intestine	336	3	3	-1.3684435005519688	-1.4018627822357228	0.033419281683753965	-2.442138215445075	2.442138215445075	TRUE	0.3333333333333333	0.3333333333333333
ENSMUSG00000138573	Gm72936	3	top_abs_beta_meta	4.977817758075086	TRUE	GSE314070	GSE314070_design__T=small_intestine__H=336__B=NA__G=delivery_am80_lnp__VS=baseline_0	<upstream_project_root>/00_metadata/verified_metadata/splited/GSE314070_design/GSE314070_design__T=small_intestine__H=336__B=NA__G=delivery_am80_lnp__VS=baseline_0.tsv	external	extended_transfer	small intestine	336	3	3	3.7750612954626153	3.8534824188886003	0.07842112342598506	2.077347022689202	2.077347022689202	TRUE	0.6666666666666666	0.6666666666666666
ENSMUSG00000138573	Gm72936	3	top_abs_beta_meta	4.977817758075086	TRUE	GSE314070	GSE314070_design__T=small_intestine__H=336__B=NA__G=delivery_sm102_lnp__VS=baseline_0	<upstream_project_root>/00_metadata/verified_metadata/splited/GSE314070_design/GSE314070_design__T=small_intestine__H=336__B=NA__G=delivery_sm102_lnp__VS=baseline_0.tsv	external	extended_transfer	small intestine	336	3	3	-1.3684435005519688	-1.380661707009284	0.012218206457315084	-0.8928542868146772	0.8928542868146772	TRUE	0.3333333333333333	0.3333333333333333
ENSMUSG00000035385	Ccl2	4	top_abs_beta_meta	4.6635139717927325	TRUE	GSE314070	GSE314070_design__T=small_intestine__H=336__B=NA__G=delivery_am80_lnp__VS=baseline_0	<upstream_project_root>/00_metadata/verified_metadata/splited/GSE314070_design/GSE314070_design__T=small_intestine__H=336__B=NA__G=delivery_am80_lnp__VS=baseline_0.tsv	external	extended_transfer	small intestine	336	3	3	3.7750612954626153	3.8176793414287173	0.04261804596610208	1.1289365292512277	1.1289365292512277	TRUE	0.6666666666666666	0.6666666666666666
ENSMUSG00000035385	Ccl2	4	top_abs_beta_meta	4.6635139717927325	TRUE	GSE314070	GSE314070_design__T=small_intestine__H=336__B=NA__G=delivery_sm102_lnp__VS=baseline_0	<upstream_project_root>/00_metadata/verified_metadata/splited/GSE314070_design/GSE314070_design__T=small_intestine__H=336__B=NA__G=delivery_sm102_lnp__VS=baseline_0.tsv	external	extended_transfer	small intestine	336	3	3	-1.3684435005519688	-1.420977851972831	0.05253435142086227	-3.8389857819977413	3.8389857819977413	TRUE	0.3333333333333333	0.3333333333333333
ENSMUSG00000034855	Cxcl10	5	top_abs_beta_meta	4.612796832918611	TRUE	GSE314070	GSE314070_design__T=small_intestine__H=336__B=NA__G=delivery_am80_lnp__VS=baseline_0	<upstream_project_root>/00_metadata/verified_metadata/splited/GSE314070_design/GSE314070_design__T=small_intestine__H=336__B=NA__G=delivery_am80_lnp__VS=baseline_0.tsv	external	extended_transfer	small intestine	336	3	3	3.7750612954626153	3.678125083003315	0.09693621245930029	-2.567804993678155	2.567804993678155	TRUE	0.6666666666666666	0.6666666666666666
ENSMUSG00000034855	Cxcl10	5	top_abs_beta_meta	4.612796832918611	TRUE	GSE314070	GSE314070_design__T=small_intestine__H=336__B=NA__G=delivery_sm102_lnp__VS=baseline_0	<upstream_project_root>/00_metadata/verified_metadata/splited/GSE314070_design/GSE314070_design__T=small_intestine__H=336__B=NA__G=delivery_sm102_lnp__VS=baseline_0.tsv	external	extended_transfer	small intestine	336	3	3	-1.3684435005519688	-1.367116899373023	0.0013266011789458965	0.09694234204121727	0.09694234204121727	TRUE	0.3333333333333333	0.3333333333333333
ENSMUSG00000085295	4930430E12Rik	6	top_abs_beta_meta	4.495088843307157	TRUE	GSE314070	GSE314070_design__T=small_intestine__H=336__B=NA__G=delivery_am80_lnp__VS=baseline_0	<upstream_project_root>/00_metadata/verified_metadata/splited/GSE314070_design/GSE314070_design__T=small_intestine__H=336__B=NA__G=delivery_am80_lnp__VS=baseline_0.tsv	external	extended_transfer	small intestine	336	3	3	3.7750612954626153	3.8624213685403075	0.08736007307769222	2.3141365461454493	2.3141365461454493	TRUE	0.6666666666666666	0.6666666666666666
ENSMUSG00000085295	4930430E12Rik	6	top_abs_beta_meta	4.495088843307157	TRUE	GSE314070	GSE314070_design__T=small_intestine__H=336__B=NA__G=delivery_sm102_lnp__VS=baseline_0	<upstream_project_root>/00_metadata/verified_metadata/splited/GSE314070_design/GSE314070_design__T=small_intestine__H=336__B=NA__G=delivery_sm102_lnp__VS=baseline_0.tsv	external	extended_transfer	small intestine	336	3	3	-1.3684435005519688	-1.3851591091629214	0.01671560861095256	-1.2215052067703367	1.2215052067703367	TRUE	0.3333333333333333	0.3333333333333333
ENSMUSG00000052485	Tmem171	7	top_abs_beta_meta	4.404983306498316	TRUE	GSE314070	GSE314070_design__T=small_intestine__H=336__B=NA__G=delivery_am80_lnp__VS=baseline_0	<upstream_project_root>/00_metadata/verified_metadata/splited/GSE314070_design/GSE314070_design__T=small_intestine__H=336__B=NA__G=delivery_am80_lnp__VS=baseline_0.tsv	external	extended_transfer	small intestine	336	3	3	3.7750612954626153	4.003721446147906	0.22866015068529055	6.057124183920552	6.057124183920552	TRUE	0.6666666666666666	0.6666666666666666
ENSMUSG00000052485	Tmem171	7	top_abs_beta_meta	4.404983306498316	TRUE	GSE314070	GSE314070_design__T=small_intestine__H=336__B=NA__G=delivery_sm102_lnp__VS=baseline_0	<upstream_project_root>/00_metadata/verified_metadata/splited/GSE314070_design/GSE314070_design__T=small_intestine__H=336__B=NA__G=delivery_sm102_lnp__VS=baseline_0.tsv	external	extended_transfer	small intestine	336	3	3	-1.3684435005519688	-1.4320748383586963	0.06363133780672747	-4.649906099964042	4.649906099964042	TRUE	0.3333333333333333	0.3333333333333333
ENSMUSG00000040026	Saa3	8	top_abs_beta_meta	4.397792528205895	TRUE	GSE314070	GSE314070_design__T=small_intestine__H=336__B=NA__G=delivery_am80_lnp__VS=baseline_0	<upstream_project_root>/00_metadata/verified_metadata/splited/GSE314070_design/GSE314070_design__T=small_intestine__H=336__B=NA__G=delivery_am80_lnp__VS=baseline_0.tsv	external	extended_transfer	small intestine	336	3	3	3.7750612954626153	3.66448733635483	0.11057395910778522	-2.929063939721671	2.929063939721671	TRUE	0.6666666666666666	0.6666666666666666
ENSMUSG00000040026	Saa3	8	top_abs_beta_meta	4.397792528205895	TRUE	GSE314070	GSE314070_design__T=small_intestine__H=336__B=NA__G=delivery_sm102_lnp__VS=baseline_0	<upstream_project_root>/00_metadata/verified_metadata/splited/GSE314070_design/GSE314070_design__T=small_intestine__H=336__B=NA__G=delivery_sm102_lnp__VS=baseline_0.tsv	external	extended_transfer	small intestine	336	3	3	-1.3684435005519688	-1.3325828193058415	0.03586068124612729	2.6205452568310417	2.6205452568310417	TRUE	0.3333333333333333	0.3333333333333333
ENSMUSG00000134421	Gm67078	9	top_abs_beta_meta	4.366412049518441	TRUE	GSE314070	GSE314070_design__T=small_intestine__H=336__B=NA__G=delivery_am80_lnp__VS=baseline_0	<upstream_project_root>/00_metadata/verified_metadata/splited/GSE314070_design/GSE314070_design__T=small_intestine__H=336__B=NA__G=delivery_am80_lnp__VS=baseline_0.tsv	external	extended_transfer	small intestine	336	3	3	3.7750612954626153	3.6398777990052658	0.1351834964573495	-3.5809616288835233	3.5809616288835233	TRUE	0.6666666666666666	0.6666666666666666
ENSMUSG00000134421	Gm67078	9	top_abs_beta_meta	4.366412049518441	TRUE	GSE314070	GSE314070_design__T=small_intestine__H=336__B=NA__G=delivery_sm102_lnp__VS=baseline_0	<upstream_project_root>/00_metadata/verified_metadata/splited/GSE314070_design/GSE314070_design__T=small_intestine__H=336__B=NA__G=delivery_sm102_lnp__VS=baseline_0.tsv	external	extended_transfer	small intestine	336	3	3	-1.3684435005519688	-1.4572483972895987	0.08880489673762981	-6.489482152665411	6.489482152665411	TRUE	0.3333333333333333	0.2222222222222222
ENSMUSG00000055110	A630012P03Rik	10	top_abs_beta_meta	4.36126211559667	TRUE	GSE314070	GSE314070_design__T=small_intestine__H=336__B=NA__G=delivery_am80_lnp__VS=baseline_0	<upstream_project_root>/00_metadata/verified_metadata/splited/GSE314070_design/GSE314070_design__T=small_intestine__H=336__B=NA__G=delivery_am80_lnp__VS=baseline_0.tsv	external	extended_transfer	small intestine	336	3	3	3.7750612954626153	3.907654937945882	0.13259364248326655	3.5123573395387173	3.5123573395387173	TRUE	0.6666666666666666	0.6666666666666666
ENSMUSG00000055110	A630012P03Rik	10	top_abs_beta_meta	4.36126211559667	TRUE	GSE314070	GSE314070_design__T=small_intestine__H=336__B=NA__G=delivery_sm102_lnp__VS=baseline_0	<upstream_project_root>/00_metadata/verified_metadata/splited/GSE314070_design/GSE314070_design__T=small_intestine__H=336__B=NA__G=delivery_sm102_lnp__VS=baseline_0.tsv	external	extended_transfer	small intestine	336	3	3	-1.3684435005519688	-1.3743259297716508	0.005882429219681962	-0.42986277601590805	0.42986277601590805	TRUE	0.3333333333333333	0.3333333333333333
ENSMUSG00000050578	Mmp13	11	top_abs_beta_meta	4.342772097488057	TRUE	GSE314070	GSE314070_design__T=small_intestine__H=336__B=NA__G=delivery_am80_lnp__VS=baseline_0	<upstream_project_root>/00_metadata/verified_metadata/splited/GSE314070_design/GSE314070_design__T=small_intestine__H=336__B=NA__G=delivery_am80_lnp__VS=baseline_0.tsv	external	extended_transfer	small intestine	336	3	3	3.7750612954626153	3.8788522895660855	0.10379099410347026	2.7493856650280213	2.7493856650280213	TRUE	0.6666666666666666	0.6666666666666666
ENSMUSG00000050578	Mmp13	11	top_abs_beta_meta	4.342772097488057	TRUE	GSE314070	GSE314070_design__T=small_intestine__H=336__B=NA__G=delivery_sm102_lnp__VS=baseline_0	<upstream_project_root>/00_metadata/verified_metadata/splited/GSE314070_design/GSE314070_design__T=small_intestine__H=336__B=NA__G=delivery_sm102_lnp__VS=baseline_0.tsv	external	extended_transfer	small intestine	336	3	3	-1.3684435005519688	-1.3198721998849257	0.04857130066704318	3.5493829776276256	3.5493829776276256	TRUE	0.3333333333333333	0.3333333333333333
ENSMUSG00000111078	Gm35028	12	top_abs_beta_meta	4.2332077695080725	TRUE	GSE314070	GSE314070_design__T=small_intestine__H=336__B=NA__G=delivery_am80_lnp__VS=baseline_0	<upstream_project_root>/00_metadata/verified_metadata/splited/GSE314070_design/GSE314070_design__T=small_intestine__H=336__B=NA__G=delivery_am80_lnp__VS=baseline_0.tsv	external	extended_transfer	small intestine	336	3	3	3.7750612954626153	3.9772670284113483	0.202205732948733	5.356356284645536	5.356356284645536	TRUE	0.6666666666666666	0.6666666666666666
ENSMUSG00000111078	Gm35028	12	top_abs_beta_meta	4.2332077695080725	TRUE	GSE314070	GSE314070_design__T=small_intestine__H=336__B=NA__G=delivery_sm102_lnp__VS=baseline_0	<upstream_project_root>/00_metadata/verified_metadata/splited/GSE314070_design/GSE314070_design__T=small_intestine__H=336__B=NA__G=delivery_sm102_lnp__VS=baseline_0.tsv	external	extended_transfer	small intestine	336	3	3	-1.3684435005519688	-1.409674028825551	0.04123052827358209	-3.012950717874106	3.012950717874106	TRUE	0.3333333333333333	0.3333333333333333
ENSMUSG00000138247	Gm60893	13	top_abs_beta_meta	4.118168331717115	TRUE	GSE314070	GSE314070_design__T=small_intestine__H=336__B=NA__G=delivery_am80_lnp__VS=baseline_0	<upstream_project_root>/00_metadata/verified_metadata/splited/GSE314070_design/GSE314070_design__T=small_intestine__H=336__B=NA__G=delivery_am80_lnp__VS=baseline_0.tsv	external	extended_transfer	small intestine	336	3	3	3.7750612954626153	3.78915309795636	0.014091802493744865	0.37328672015689707	0.37328672015689707	TRUE	0.6666666666666666	0.6666666666666666
ENSMUSG00000138247	Gm60893	13	top_abs_beta_meta	4.118168331717115	TRUE	GSE314070	GSE314070_design__T=small_intestine__H=336__B=NA__G=delivery_sm102_lnp__VS=baseline_0	<upstream_project_root>/00_metadata/verified_metadata/splited/GSE314070_design/GSE314070_design__T=small_intestine__H=336__B=NA__G=delivery_sm102_lnp__VS=baseline_0.tsv	external	extended_transfer	small intestine	336	3	3	-1.3684435005519688	-1.3523645662588484	0.01607893429312046	1.1749797698359443	1.1749797698359443	TRUE	0.3333333333333333	0.3333333333333333
ENSMUSG00000035373	Ccl7	14	top_abs_beta_meta	4.080173963641654	TRUE	GSE314070	GSE314070_design__T=small_intestine__H=336__B=NA__G=delivery_am80_lnp__VS=baseline_0	<upstream_project_root>/00_metadata/verified_metadata/splited/GSE314070_design/GSE314070_design__T=small_intestine__H=336__B=NA__G=delivery_am80_lnp__VS=baseline_0.tsv	external	extended_transfer	small intestine	336	3	3	3.7750612954626153	3.813025539461817	0.03796424399920184	1.0056590086320574	1.0056590086320574	TRUE	0.6666666666666666	0.6666666666666666
ENSMUSG00000035373	Ccl7	14	top_abs_beta_meta	4.080173963641654	TRUE	GSE314070	GSE314070_design__T=small_intestine__H=336__B=NA__G=delivery_sm102_lnp__VS=baseline_0	<upstream_project_root>/00_metadata/verified_metadata/splited/GSE314070_design/GSE314070_design__T=small_intestine__H=336__B=NA__G=delivery_sm102_lnp__VS=baseline_0.tsv	external	extended_transfer	small intestine	336	3	3	-1.3684435005519688	-1.3915266724731652	0.023083171921196355	-1.686819507848562	1.686819507848562	TRUE	0.3333333333333333	0.3333333333333333
ENSMUSG00000000204	Slfn4	15	top_abs_beta_meta	4.009242973558268	TRUE	GSE314070	GSE314070_design__T=small_intestine__H=336__B=NA__G=delivery_am80_lnp__VS=baseline_0	<upstream_project_root>/00_metadata/verified_metadata/splited/GSE314070_design/GSE314070_design__T=small_intestine__H=336__B=NA__G=delivery_am80_lnp__VS=baseline_0.tsv	external	extended_transfer	small intestine	336	3	3	3.7750612954626153	3.80577936652145	0.030718071058834617	0.8137105242703156	0.8137105242703156	TRUE	0.6666666666666666	0.6666666666666666
ENSMUSG00000000204	Slfn4	15	top_abs_beta_meta	4.009242973558268	TRUE	GSE314070	GSE314070_design__T=small_intestine__H=336__B=NA__G=delivery_sm102_lnp__VS=baseline_0	<upstream_project_root>/00_metadata/verified_metadata/splited/GSE314070_design/GSE314070_design__T=small_intestine__H=336__B=NA__G=delivery_sm102_lnp__VS=baseline_0.tsv	external	extended_transfer	small intestine	336	3	3	-1.3684435005519688	-1.3723732944120661	0.003929793860097286	-0.28717253277261234	0.28717253277261234	TRUE	0.3333333333333333	0.3333333333333333
ENSMUSG00000040328	Or2v1	16	top_abs_beta_meta	3.894945621699911	TRUE	GSE314070	GSE314070_design__T=small_intestine__H=336__B=NA__G=delivery_am80_lnp__VS=baseline_0	<upstream_project_root>/00_metadata/verified_metadata/splited/GSE314070_design/GSE314070_design__T=small_intestine__H=336__B=NA__G=delivery_am80_lnp__VS=baseline_0.tsv	external	extended_transfer	small intestine	336	3	3	3.7750612954626153	3.906241393167956	0.13118009770534078	3.474913052749924	3.474913052749924	TRUE	0.6666666666666666	0.6666666666666666
ENSMUSG00000040328	Or2v1	16	top_abs_beta_meta	3.894945621699911	TRUE	GSE314070	GSE314070_design__T=small_intestine__H=336__B=NA__G=delivery_sm102_lnp__VS=baseline_0	<upstream_project_root>/00_metadata/verified_metadata/splited/GSE314070_design/GSE314070_design__T=small_intestine__H=336__B=NA__G=delivery_sm102_lnp__VS=baseline_0.tsv	external	extended_transfer	small intestine	336	3	3	-1.3684435005519688	-1.3739025854021565	0.0054590848501876454	-0.39892657957640887	0.39892657957640887	TRUE	0.3333333333333333	0.3333333333333333
ENSMUSG00000109729	Gm45418	17	top_abs_beta_meta	3.8495640515383616	TRUE	GSE314070	GSE314070_design__T=small_intestine__H=336__B=NA__G=delivery_am80_lnp__VS=baseline_0	<upstream_project_root>/00_metadata/verified_metadata/splited/GSE314070_design/GSE314070_design__T=small_intestine__H=336__B=NA__G=delivery_am80_lnp__VS=baseline_0.tsv	external	extended_transfer	small intestine	336	3	3	3.7750612954626153	3.6962562399736627	0.07880505548895256	-2.087517243327181	2.087517243327181	TRUE	0.6666666666666666	0.6666666666666666
ENSMUSG00000109729	Gm45418	17	top_abs_beta_meta	3.8495640515383616	TRUE	GSE314070	GSE314070_design__T=small_intestine__H=336__B=NA__G=delivery_sm102_lnp__VS=baseline_0	<upstream_project_root>/00_metadata/verified_metadata/splited/GSE314070_design/GSE314070_design__T=small_intestine__H=336__B=NA__G=delivery_sm102_lnp__VS=baseline_0.tsv	external	extended_transfer	small intestine	336	3	3	-1.3684435005519688	-1.3473566803385706	0.02108682021339825	1.5409346607947474	1.5409346607947474	TRUE	0.3333333333333333	0.3333333333333333
ENSMUSG00000034459	Ifit1	18	top_abs_beta_meta	3.8087768616083655	TRUE	GSE314070	GSE314070_design__T=small_intestine__H=336__B=NA__G=delivery_am80_lnp__VS=baseline_0	<upstream_project_root>/00_metadata/verified_metadata/splited/GSE314070_design/GSE314070_design__T=small_intestine__H=336__B=NA__G=delivery_am80_lnp__VS=baseline_0.tsv	external	extended_transfer	small intestine	336	3	3	3.7750612954626153	3.9033909571919585	0.12832966172934324	3.399406040998258	3.399406040998258	TRUE	0.6666666666666666	0.6666666666666666
ENSMUSG00000034459	Ifit1	18	top_abs_beta_meta	3.8087768616083655	TRUE	GSE314070	GSE314070_design__T=small_intestine__H=336__B=NA__G=delivery_sm102_lnp__VS=baseline_0	<upstream_project_root>/00_metadata/verified_metadata/splited/GSE314070_design/GSE314070_design__T=small_intestine__H=336__B=NA__G=delivery_sm102_lnp__VS=baseline_0.tsv	external	extended_transfer	small intestine	336	3	3	-1.3684435005519688	-1.3943702277812342	0.025926727229265367	-1.8946143716425037	1.8946143716425037	TRUE	0.3333333333333333	0.3333333333333333
ENSMUSG00000078616	Trim30c	19	top_abs_beta_meta	3.806981760861859	TRUE	GSE314070	GSE314070_design__T=small_intestine__H=336__B=NA__G=delivery_am80_lnp__VS=baseline_0	<upstream_project_root>/00_metadata/verified_metadata/splited/GSE314070_design/GSE314070_design__T=small_intestine__H=336__B=NA__G=delivery_am80_lnp__VS=baseline_0.tsv	external	extended_transfer	small intestine	336	3	3	3.7750612954626153	3.7778769775230523	0.0028156820604370303	0.07458639317515989	0.07458639317515989	TRUE	0.6666666666666666	0.6666666666666666
ENSMUSG00000078616	Trim30c	19	top_abs_beta_meta	3.806981760861859	TRUE	GSE314070	GSE314070_design__T=small_intestine__H=336__B=NA__G=delivery_sm102_lnp__VS=baseline_0	<upstream_project_root>/00_metadata/verified_metadata/splited/GSE314070_design/GSE314070_design__T=small_intestine__H=336__B=NA__G=delivery_sm102_lnp__VS=baseline_0.tsv	external	extended_transfer	small intestine	336	3	3	-1.3684435005519688	-1.3752844305892495	0.006840930037280701	-0.49990591752756885	0.49990591752756885	TRUE	0.3333333333333333	0.3333333333333333
ENSMUSG00000105096	Gbp10	20	top_abs_beta_meta	3.775453263034024	TRUE	GSE314070	GSE314070_design__T=small_intestine__H=336__B=NA__G=delivery_am80_lnp__VS=baseline_0	<upstream_project_root>/00_metadata/verified_metadata/splited/GSE314070_design/GSE314070_design__T=small_intestine__H=336__B=NA__G=delivery_am80_lnp__VS=baseline_0.tsv	external	extended_transfer	small intestine	336	3	3	3.7750612954626153	3.638802550568091	0.13625874489452405	-3.609444568709346	3.609444568709346	TRUE	0.6666666666666666	0.6666666666666666
ENSMUSG00000105096	Gbp10	20	top_abs_beta_meta	3.775453263034024	TRUE	GSE314070	GSE314070_design__T=small_intestine__H=336__B=NA__G=delivery_sm102_lnp__VS=baseline_0	<upstream_project_root>/00_metadata/verified_metadata/splited/GSE314070_design/GSE314070_design__T=small_intestine__H=336__B=NA__G=delivery_sm102_lnp__VS=baseline_0.tsv	external	extended_transfer	small intestine	336	3	3	-1.3684435005519688	-1.4057354126702908	0.037291912118321946	-2.725133489492263	2.725133489492263	TRUE	0.3333333333333333	0.3333333333333333
ENSMUSG00000074896	Ifit3	21	top_abs_beta_meta	3.7414787591211223	TRUE	GSE314070	GSE314070_design__T=small_intestine__H=336__B=NA__G=delivery_am80_lnp__VS=baseline_0	<upstream_project_root>/00_metadata/verified_metadata/splited/GSE314070_design/GSE314070_design__T=small_intestine__H=336__B=NA__G=delivery_am80_lnp__VS=baseline_0.tsv	external	extended_transfer	small intestine	336	3	3	3.7750612954626153	3.8747813827463804	0.09972008728376514	2.6415488247468293	2.6415488247468293	TRUE	0.6666666666666666	0.6666666666666666
ENSMUSG00000074896	Ifit3	21	top_abs_beta_meta	3.7414787591211223	TRUE	GSE314070	GSE314070_design__T=small_intestine__H=336__B=NA__G=delivery_sm102_lnp__VS=baseline_0	<upstream_project_root>/00_metadata/verified_metadata/splited/GSE314070_design/GSE314070_design__T=small_intestine__H=336__B=NA__G=delivery_sm102_lnp__VS=baseline_0.tsv	external	extended_transfer	small intestine	336	3	3	-1.3684435005519688	-1.3957136536373222	0.02727015308535341	-1.9927861891524095	1.9927861891524095	TRUE	0.3333333333333333	0.3333333333333333
ENSMUSG00000068606	Gm4841	22	top_abs_beta_meta	3.73972852042063	TRUE	GSE314070	GSE314070_design__T=small_intestine__H=336__B=NA__G=delivery_am80_lnp__VS=baseline_0	<upstream_project_root>/00_metadata/verified_metadata/splited/GSE314070_design/GSE314070_design__T=small_intestine__H=336__B=NA__G=delivery_am80_lnp__VS=baseline_0.tsv	external	extended_transfer	small intestine	336	3	3	3.7750612954626153	3.750828335992444	0.024232959470171345	-0.6419222781706307	0.6419222781706307	TRUE	0.6666666666666666	0.6666666666666666
ENSMUSG00000068606	Gm4841	22	top_abs_beta_meta	3.73972852042063	TRUE	GSE314070	GSE314070_design__T=small_intestine__H=336__B=NA__G=delivery_sm102_lnp__VS=baseline_0	<upstream_project_root>/00_metadata/verified_metadata/splited/GSE314070_design/GSE314070_design__T=small_intestine__H=336__B=NA__G=delivery_sm102_lnp__VS=baseline_0.tsv	external	extended_transfer	small intestine	336	3	3	-1.3684435005519688	-1.3445961958691302	0.023847304682838688	1.742659062885662	1.742659062885662	TRUE	0.3333333333333333	0.3333333333333333
ENSMUSG00000092021	Gbp11	23	top_abs_beta_meta	3.667647830351214	TRUE	GSE314070	GSE314070_design__T=small_intestine__H=336__B=NA__G=delivery_am80_lnp__VS=baseline_0	<upstream_project_root>/00_metadata/verified_metadata/splited/GSE314070_design/GSE314070_design__T=small_intestine__H=336__B=NA__G=delivery_am80_lnp__VS=baseline_0.tsv	external	extended_transfer	small intestine	336	3	3	3.7750612954626153	3.7632115112234965	0.011849784239118755	-0.31389647244566454	0.31389647244566454	TRUE	0.6666666666666666	0.6666666666666666
ENSMUSG00000092021	Gbp11	23	top_abs_beta_meta	3.667647830351214	TRUE	GSE314070	GSE314070_design__T=small_intestine__H=336__B=NA__G=delivery_sm102_lnp__VS=baseline_0	<upstream_project_root>/00_metadata/verified_metadata/splited/GSE314070_design/GSE314070_design__T=small_intestine__H=336__B=NA__G=delivery_sm102_lnp__VS=baseline_0.tsv	external	extended_transfer	small intestine	336	3	3	-1.3684435005519688	-1.373476441668899	0.00503294111693009	-0.3677858176022632	0.3677858176022632	TRUE	0.3333333333333333	0.3333333333333333
ENSMUSG00000023341	Mx2	24	top_abs_beta_meta	3.588993939733922	TRUE	GSE314070	GSE314070_design__T=small_intestine__H=336__B=NA__G=delivery_am80_lnp__VS=baseline_0	<upstream_project_root>/00_metadata/verified_metadata/splited/GSE314070_design/GSE314070_design__T=small_intestine__H=336__B=NA__G=delivery_am80_lnp__VS=baseline_0.tsv	external	extended_transfer	small intestine	336	3	3	3.7750612954626153	3.795215965734279	0.020154670271663733	0.5338898813613535	0.5338898813613535	TRUE	0.6666666666666666	0.6666666666666666
ENSMUSG00000023341	Mx2	24	top_abs_beta_meta	3.588993939733922	TRUE	GSE314070	GSE314070_design__T=small_intestine__H=336__B=NA__G=delivery_sm102_lnp__VS=baseline_0	<upstream_project_root>/00_metadata/verified_metadata/splited/GSE314070_design/GSE314070_design__T=small_intestine__H=336__B=NA__G=delivery_sm102_lnp__VS=baseline_0.tsv	external	extended_transfer	small intestine	336	3	3	-1.3684435005519688	-1.2808947791651861	0.08754872138678271	6.397686229023667	6.397686229023667	TRUE	0.3333333333333333	0.3333333333333333
ENSMUSG00000085977	Gm5970	25	top_abs_beta_meta	3.5069390366748956	TRUE	GSE314070	GSE314070_design__T=small_intestine__H=336__B=NA__G=delivery_am80_lnp__VS=baseline_0	<upstream_project_root>/00_metadata/verified_metadata/splited/GSE314070_design/GSE314070_design__T=small_intestine__H=336__B=NA__G=delivery_am80_lnp__VS=baseline_0.tsv	external	extended_transfer	small intestine	336	3	3	3.7750612954626153	3.8455526661918364	0.07049137072922118	1.867290759330116	1.867290759330116	TRUE	0.6666666666666666	0.6666666666666666
ENSMUSG00000085977	Gm5970	25	top_abs_beta_meta	3.5069390366748956	TRUE	GSE314070	GSE314070_design__T=small_intestine__H=336__B=NA__G=delivery_sm102_lnp__VS=baseline_0	<upstream_project_root>/00_metadata/verified_metadata/splited/GSE314070_design/GSE314070_design__T=small_intestine__H=336__B=NA__G=delivery_sm102_lnp__VS=baseline_0.tsv	external	extended_transfer	small intestine	336	3	3	-1.3684435005519688	-1.4285735414022644	0.06013004085029561	-4.39404628879759	4.39404628879759	TRUE	0.3333333333333333	0.3333333333333333
ENSMUSG00000022126	Acod1	1	top_abs_beta_meta	6.353446492462103	TRUE	GSE39129	GSE39129_design__T=liver__H=4__B=NA__G=delivery_lentiviral_vector_lv__VS=delivery_none	<upstream_project_root>/00_metadata/verified_metadata/splited/GSE39129_design/GSE39129_design__T=liver__H=4__B=NA__G=delivery_lentiviral_vector_lv__VS=delivery_none.tsv	anchor	acute_main	liver	4	3	3	34.722530908038976	35.61949192664435	0.8969610186053742	2.5832247683238707	2.5832247683238707	TRUE	1	1
ENSMUSG00000060183	Cxcl11	2	top_abs_beta_meta	6.0257926459264395	TRUE	GSE39129	GSE39129_design__T=liver__H=4__B=NA__G=delivery_lentiviral_vector_lv__VS=delivery_none	<upstream_project_root>/00_metadata/verified_metadata/splited/GSE39129_design/GSE39129_design__T=liver__H=4__B=NA__G=delivery_lentiviral_vector_lv__VS=delivery_none.tsv	anchor	acute_main	liver	4	3	3	34.722530908038976	34.93702844335667	0.21449753531769034	0.6177474098468719	0.6177474098468719	TRUE	1	1
ENSMUSG00000138573	Gm72936	3	top_abs_beta_meta	4.977817758075086	TRUE	GSE39129	GSE39129_design__T=liver__H=4__B=NA__G=delivery_lentiviral_vector_lv__VS=delivery_none	<upstream_project_root>/00_metadata/verified_metadata/splited/GSE39129_design/GSE39129_design__T=liver__H=4__B=NA__G=delivery_lentiviral_vector_lv__VS=delivery_none.tsv	anchor	acute_main	liver	4	3	3	34.722530908038976	35.39182696977372	0.669296061734741	1.9275555215353994	1.9275555215353994	TRUE	1	1
ENSMUSG00000035385	Ccl2	4	top_abs_beta_meta	4.6635139717927325	TRUE	GSE39129	GSE39129_design__T=liver__H=4__B=NA__G=delivery_lentiviral_vector_lv__VS=delivery_none	<upstream_project_root>/00_metadata/verified_metadata/splited/GSE39129_design/GSE39129_design__T=liver__H=4__B=NA__G=delivery_lentiviral_vector_lv__VS=delivery_none.tsv	anchor	acute_main	liver	4	3	3	34.722530908038976	34.99823889406527	0.27570798602629054	0.7940319406914503	0.7940319406914503	TRUE	1	1
ENSMUSG00000034855	Cxcl10	5	top_abs_beta_meta	4.612796832918611	TRUE	GSE39129	GSE39129_design__T=liver__H=4__B=NA__G=delivery_lentiviral_vector_lv__VS=delivery_none	<upstream_project_root>/00_metadata/verified_metadata/splited/GSE39129_design/GSE39129_design__T=liver__H=4__B=NA__G=delivery_lentiviral_vector_lv__VS=delivery_none.tsv	anchor	acute_main	liver	4	3	3	34.722530908038976	34.808856003213585	0.08632509517460818	0.248614063886173	0.248614063886173	TRUE	1	1
ENSMUSG00000085295	4930430E12Rik	6	top_abs_beta_meta	4.495088843307157	TRUE	GSE39129	GSE39129_design__T=liver__H=4__B=NA__G=delivery_lentiviral_vector_lv__VS=delivery_none	<upstream_project_root>/00_metadata/verified_metadata/splited/GSE39129_design/GSE39129_design__T=liver__H=4__B=NA__G=delivery_lentiviral_vector_lv__VS=delivery_none.tsv	anchor	acute_main	liver	4	3	3	34.722530908038976	35.33341884131522	0.6108879332762456	1.759341607022121	1.759341607022121	TRUE	1	1
ENSMUSG00000052485	Tmem171	7	top_abs_beta_meta	4.404983306498316	TRUE	GSE39129	GSE39129_design__T=liver__H=4__B=NA__G=delivery_lentiviral_vector_lv__VS=delivery_none	<upstream_project_root>/00_metadata/verified_metadata/splited/GSE39129_design/GSE39129_design__T=liver__H=4__B=NA__G=delivery_lentiviral_vector_lv__VS=delivery_none.tsv	anchor	acute_main	liver	4	3	3	34.722530908038976	35.032677643608935	0.3101467355699583	0.8932146576278315	0.8932146576278315	TRUE	1	1
ENSMUSG00000040026	Saa3	8	top_abs_beta_meta	4.397792528205895	TRUE	GSE39129	GSE39129_design__T=liver__H=4__B=NA__G=delivery_lentiviral_vector_lv__VS=delivery_none	<upstream_project_root>/00_metadata/verified_metadata/splited/GSE39129_design/GSE39129_design__T=liver__H=4__B=NA__G=delivery_lentiviral_vector_lv__VS=delivery_none.tsv	anchor	acute_main	liver	4	3	3	34.722530908038976	35.327835204249496	0.6053042962105195	1.7432608752329721	1.7432608752329721	TRUE	1	1
ENSMUSG00000134421	Gm67078	9	top_abs_beta_meta	4.366412049518441	TRUE	GSE39129	GSE39129_design__T=liver__H=4__B=NA__G=delivery_lentiviral_vector_lv__VS=delivery_none	<upstream_project_root>/00_metadata/verified_metadata/splited/GSE39129_design/GSE39129_design__T=liver__H=4__B=NA__G=delivery_lentiviral_vector_lv__VS=delivery_none.tsv	anchor	acute_main	liver	4	3	3	34.722530908038976	35.46739587189731	0.7448649638583333	2.1451920248298544	2.1451920248298544	TRUE	1	1
ENSMUSG00000055110	A630012P03Rik	10	top_abs_beta_meta	4.36126211559667	TRUE	GSE39129	GSE39129_design__T=liver__H=4__B=NA__G=delivery_lentiviral_vector_lv__VS=delivery_none	<upstream_project_root>/00_metadata/verified_metadata/splited/GSE39129_design/GSE39129_design__T=liver__H=4__B=NA__G=delivery_lentiviral_vector_lv__VS=delivery_none.tsv	anchor	acute_main	liver	4	3	3	34.722530908038976	34.52221149761883	0.20031941042014978	-0.5769147731502825	0.5769147731502825	TRUE	1	1
ENSMUSG00000050578	Mmp13	11	top_abs_beta_meta	4.342772097488057	TRUE	GSE39129	GSE39129_design__T=liver__H=4__B=NA__G=delivery_lentiviral_vector_lv__VS=delivery_none	<upstream_project_root>/00_metadata/verified_metadata/splited/GSE39129_design/GSE39129_design__T=liver__H=4__B=NA__G=delivery_lentiviral_vector_lv__VS=delivery_none.tsv	anchor	acute_main	liver	4	3	3	34.722530908038976	34.39192244373763	0.33060846430134916	-0.9521439124842324	0.9521439124842324	TRUE	1	1
ENSMUSG00000111078	Gm35028	12	top_abs_beta_meta	4.2332077695080725	TRUE	GSE39129	GSE39129_design__T=liver__H=4__B=NA__G=delivery_lentiviral_vector_lv__VS=delivery_none	<upstream_project_root>/00_metadata/verified_metadata/splited/GSE39129_design/GSE39129_design__T=liver__H=4__B=NA__G=delivery_lentiviral_vector_lv__VS=delivery_none.tsv	anchor	acute_main	liver	4	3	3	34.722530908038976	35.298973081286064	0.5764421732470879	1.6601387000670211	1.6601387000670211	TRUE	1	1
ENSMUSG00000138247	Gm60893	13	top_abs_beta_meta	4.118168331717115	TRUE	GSE39129	GSE39129_design__T=liver__H=4__B=NA__G=delivery_lentiviral_vector_lv__VS=delivery_none	<upstream_project_root>/00_metadata/verified_metadata/splited/GSE39129_design/GSE39129_design__T=liver__H=4__B=NA__G=delivery_lentiviral_vector_lv__VS=delivery_none.tsv	anchor	acute_main	liver	4	3	3	34.722530908038976	35.30451411174389	0.5819832037049153	1.6760967259162962	1.6760967259162962	TRUE	1	1
ENSMUSG00000035373	Ccl7	14	top_abs_beta_meta	4.080173963641654	TRUE	GSE39129	GSE39129_design__T=liver__H=4__B=NA__G=delivery_lentiviral_vector_lv__VS=delivery_none	<upstream_project_root>/00_metadata/verified_metadata/splited/GSE39129_design/GSE39129_design__T=liver__H=4__B=NA__G=delivery_lentiviral_vector_lv__VS=delivery_none.tsv	anchor	acute_main	liver	4	3	3	34.722530908038976	35.14454170890202	0.4220108008630419	1.2153803015705222	1.2153803015705222	TRUE	1	1
ENSMUSG00000000204	Slfn4	15	top_abs_beta_meta	4.009242973558268	TRUE	GSE39129	GSE39129_design__T=liver__H=4__B=NA__G=delivery_lentiviral_vector_lv__VS=delivery_none	<upstream_project_root>/00_metadata/verified_metadata/splited/GSE39129_design/GSE39129_design__T=liver__H=4__B=NA__G=delivery_lentiviral_vector_lv__VS=delivery_none.tsv	anchor	acute_main	liver	4	3	3	34.722530908038976	34.878836034244756	0.15630512620577974	0.45015476152860706	0.45015476152860706	TRUE	1	1
ENSMUSG00000040328	Or2v1	16	top_abs_beta_meta	3.894945621699911	TRUE	GSE39129	GSE39129_design__T=liver__H=4__B=NA__G=delivery_lentiviral_vector_lv__VS=delivery_none	<upstream_project_root>/00_metadata/verified_metadata/splited/GSE39129_design/GSE39129_design__T=liver__H=4__B=NA__G=delivery_lentiviral_vector_lv__VS=delivery_none.tsv	anchor	acute_main	liver	4	3	3	34.722530908038976	35.019458526555034	0.2969276185160581	0.8551439389670563	0.8551439389670563	TRUE	1	1
ENSMUSG00000109729	Gm45418	17	top_abs_beta_meta	3.8495640515383616	TRUE	GSE39129	GSE39129_design__T=liver__H=4__B=NA__G=delivery_lentiviral_vector_lv__VS=delivery_none	<upstream_project_root>/00_metadata/verified_metadata/splited/GSE39129_design/GSE39129_design__T=liver__H=4__B=NA__G=delivery_lentiviral_vector_lv__VS=delivery_none.tsv	anchor	acute_main	liver	4	3	3	34.722530908038976	35.21445551858129	0.49192461054231273	1.4167302834149746	1.4167302834149746	TRUE	1	1
ENSMUSG00000034459	Ifit1	18	top_abs_beta_meta	3.8087768616083655	TRUE	GSE39129	GSE39129_design__T=liver__H=4__B=NA__G=delivery_lentiviral_vector_lv__VS=delivery_none	<upstream_project_root>/00_metadata/verified_metadata/splited/GSE39129_design/GSE39129_design__T=liver__H=4__B=NA__G=delivery_lentiviral_vector_lv__VS=delivery_none.tsv	anchor	acute_main	liver	4	3	3	34.722530908038976	34.9979291001146	0.27539819207562033	0.7931397420453012	0.7931397420453012	TRUE	1	1
ENSMUSG00000078616	Trim30c	19	top_abs_beta_meta	3.806981760861859	TRUE	GSE39129	GSE39129_design__T=liver__H=4__B=NA__G=delivery_lentiviral_vector_lv__VS=delivery_none	<upstream_project_root>/00_metadata/verified_metadata/splited/GSE39129_design/GSE39129_design__T=liver__H=4__B=NA__G=delivery_lentiviral_vector_lv__VS=delivery_none.tsv	anchor	acute_main	liver	4	3	3	34.722530908038976	35.39640557847656	0.6738746704375842	1.9407417973715977	1.9407417973715977	TRUE	1	1
ENSMUSG00000105096	Gbp10	20	top_abs_beta_meta	3.775453263034024	TRUE	GSE39129	GSE39129_design__T=liver__H=4__B=NA__G=delivery_lentiviral_vector_lv__VS=delivery_none	<upstream_project_root>/00_metadata/verified_metadata/splited/GSE39129_design/GSE39129_design__T=liver__H=4__B=NA__G=delivery_lentiviral_vector_lv__VS=delivery_none.tsv	anchor	acute_main	liver	4	3	3	34.722530908038976	35.25920895383053	0.5366780457915539	1.5456190310922926	1.5456190310922926	TRUE	1	1
ENSMUSG00000074896	Ifit3	21	top_abs_beta_meta	3.7414787591211223	TRUE	GSE39129	GSE39129_design__T=liver__H=4__B=NA__G=delivery_lentiviral_vector_lv__VS=delivery_none	<upstream_project_root>/00_metadata/verified_metadata/splited/GSE39129_design/GSE39129_design__T=liver__H=4__B=NA__G=delivery_lentiviral_vector_lv__VS=delivery_none.tsv	anchor	acute_main	liver	4	3	3	34.722530908038976	34.97732426324318	0.25479335520420676	0.7337983394096912	0.7337983394096912	TRUE	1	1
ENSMUSG00000068606	Gm4841	22	top_abs_beta_meta	3.73972852042063	TRUE	GSE39129	GSE39129_design__T=liver__H=4__B=NA__G=delivery_lentiviral_vector_lv__VS=delivery_none	<upstream_project_root>/00_metadata/verified_metadata/splited/GSE39129_design/GSE39129_design__T=liver__H=4__B=NA__G=delivery_lentiviral_vector_lv__VS=delivery_none.tsv	anchor	acute_main	liver	4	3	3	34.722530908038976	34.55631402280744	0.16621688523153466	-0.4787003737479633	0.4787003737479633	TRUE	1	1
ENSMUSG00000092021	Gbp11	23	top_abs_beta_meta	3.667647830351214	TRUE	GSE39129	GSE39129_design__T=liver__H=4__B=NA__G=delivery_lentiviral_vector_lv__VS=delivery_none	<upstream_project_root>/00_metadata/verified_metadata/splited/GSE39129_design/GSE39129_design__T=liver__H=4__B=NA__G=delivery_lentiviral_vector_lv__VS=delivery_none.tsv	anchor	acute_main	liver	4	3	3	34.722530908038976	34.9467183081058	0.2241874000668247	0.6456539722308109	0.6456539722308109	TRUE	1	1
ENSMUSG00000023341	Mx2	24	top_abs_beta_meta	3.588993939733922	TRUE	GSE39129	GSE39129_design__T=liver__H=4__B=NA__G=delivery_lentiviral_vector_lv__VS=delivery_none	<upstream_project_root>/00_metadata/verified_metadata/splited/GSE39129_design/GSE39129_design__T=liver__H=4__B=NA__G=delivery_lentiviral_vector_lv__VS=delivery_none.tsv	anchor	acute_main	liver	4	3	3	34.722530908038976	34.59649290334301	0.12603800469596393	-0.3629862265218218	0.3629862265218218	TRUE	1	1
ENSMUSG00000085977	Gm5970	25	top_abs_beta_meta	3.5069390366748956	TRUE	GSE39129	GSE39129_design__T=liver__H=4__B=NA__G=delivery_lentiviral_vector_lv__VS=delivery_none	<upstream_project_root>/00_metadata/verified_metadata/splited/GSE39129_design/GSE39129_design__T=liver__H=4__B=NA__G=delivery_lentiviral_vector_lv__VS=delivery_none.tsv	anchor	acute_main	liver	4	3	3	34.722530908038976	35.27048065000888	0.5479497419699015	1.5780812274920892	1.5780812274920892	TRUE	1	1
