gse_id	dataset_type	dataset_id	split_id	contrast_label	control_label	tissue	time_h	sample_id	condition_simple	imrs_raw	imrs_z	coverage
GSE279372	anchor	SRR30976313	GSE279372_design__T=draining_lymph_nodes__H=24__B=NA__G=delivery_1000_g_lnps_injected__VS=baseline_0	delivery_1000_g_lnps_injected__vs__baseline_0	baseline_0	draining lymph nodes	24	SRR30976313	CONTROL	117.99275941233176	0.6751601065799212	1
GSE279372	anchor	SRR30976314	GSE279372_design__T=draining_lymph_nodes__H=24__B=NA__G=delivery_1000_g_lnps_injected__VS=baseline_0	delivery_1000_g_lnps_injected__vs__baseline_0	baseline_0	draining lymph nodes	24	SRR30976314	CONTROL	-59.17040860040416	-0.338575854789706	1
GSE279372	anchor	SRR30976315	GSE279372_design__T=draining_lymph_nodes__H=24__B=NA__G=delivery_1000_g_lnps_injected__VS=baseline_0	delivery_1000_g_lnps_injected__vs__baseline_0	baseline_0	draining lymph nodes	24	SRR30976315	CONTROL	-219.76935488343756	-1.2575305620879873	1
GSE279372	anchor	SRR30976316	GSE279372_design__T=draining_lymph_nodes__H=24__B=NA__G=delivery_1000_g_lnps_injected__VS=baseline_0	delivery_1000_g_lnps_injected__vs__baseline_0	baseline_0	draining lymph nodes	24	SRR30976316	CONTROL	160.94700407150995	0.9209463102977722	1
GSE279372	anchor	SRR30976305	GSE279372_design__T=draining_lymph_nodes__H=24__B=NA__G=delivery_1000_g_lnps_injected__VS=baseline_0	delivery_1000_g_lnps_injected__vs__baseline_0	baseline_0	draining lymph nodes	24	SRR30976305	DELIVERY	5003.144955310236	28.62823022434559	1
GSE279372	anchor	SRR30976306	GSE279372_design__T=draining_lymph_nodes__H=24__B=NA__G=delivery_1000_g_lnps_injected__VS=baseline_0	delivery_1000_g_lnps_injected__vs__baseline_0	baseline_0	draining lymph nodes	24	SRR30976306	DELIVERY	4733.32912808551	27.08433139891515	1
GSE279372	anchor	SRR30976307	GSE279372_design__T=draining_lymph_nodes__H=24__B=NA__G=delivery_1000_g_lnps_injected__VS=baseline_0	delivery_1000_g_lnps_injected__vs__baseline_0	baseline_0	draining lymph nodes	24	SRR30976307	DELIVERY	4890.557467687338	27.98399933660608	1
GSE279372	anchor	SRR30976308	GSE279372_design__T=draining_lymph_nodes__H=24__B=NA__G=delivery_1000_g_lnps_injected__VS=baseline_0	delivery_1000_g_lnps_injected__vs__baseline_0	baseline_0	draining lymph nodes	24	SRR30976308	DELIVERY	5142.946086537262	29.42817885788325	1
GSE279372	anchor	SRR30976313	GSE279372_design__T=draining_lymph_nodes__H=24__B=NA__G=delivery_250_g_alum_injected__VS=baseline_0	delivery_250_g_alum_injected__vs__baseline_0	baseline_0	draining lymph nodes	24	SRR30976313	CONTROL	117.99275941233176	0.6751601065799212	1
GSE279372	anchor	SRR30976314	GSE279372_design__T=draining_lymph_nodes__H=24__B=NA__G=delivery_250_g_alum_injected__VS=baseline_0	delivery_250_g_alum_injected__vs__baseline_0	baseline_0	draining lymph nodes	24	SRR30976314	CONTROL	-59.17040860040416	-0.338575854789706	1
GSE279372	anchor	SRR30976315	GSE279372_design__T=draining_lymph_nodes__H=24__B=NA__G=delivery_250_g_alum_injected__VS=baseline_0	delivery_250_g_alum_injected__vs__baseline_0	baseline_0	draining lymph nodes	24	SRR30976315	CONTROL	-219.76935488343756	-1.2575305620879873	1
GSE279372	anchor	SRR30976316	GSE279372_design__T=draining_lymph_nodes__H=24__B=NA__G=delivery_250_g_alum_injected__VS=baseline_0	delivery_250_g_alum_injected__vs__baseline_0	baseline_0	draining lymph nodes	24	SRR30976316	CONTROL	160.94700407150995	0.9209463102977722	1
GSE279372	anchor	SRR30976309	GSE279372_design__T=draining_lymph_nodes__H=24__B=NA__G=delivery_250_g_alum_injected__VS=baseline_0	delivery_250_g_alum_injected__vs__baseline_0	baseline_0	draining lymph nodes	24	SRR30976309	DELIVERY	-89.69660817816172	-0.5132482013222232	1
GSE279372	anchor	SRR30976310	GSE279372_design__T=draining_lymph_nodes__H=24__B=NA__G=delivery_250_g_alum_injected__VS=baseline_0	delivery_250_g_alum_injected__vs__baseline_0	baseline_0	draining lymph nodes	24	SRR30976310	DELIVERY	-72.93694930329328	-0.417348646734667	1
GSE279372	anchor	SRR30976311	GSE279372_design__T=draining_lymph_nodes__H=24__B=NA__G=delivery_250_g_alum_injected__VS=baseline_0	delivery_250_g_alum_injected__vs__baseline_0	baseline_0	draining lymph nodes	24	SRR30976311	DELIVERY	-1.808249631936296	-0.01034688925237235	1
GSE279372	anchor	SRR30976312	GSE279372_design__T=draining_lymph_nodes__H=24__B=NA__G=delivery_250_g_alum_injected__VS=baseline_0	delivery_250_g_alum_injected__vs__baseline_0	baseline_0	draining lymph nodes	24	SRR30976312	DELIVERY	-199.84142153324328	-1.1435019922702654	1
GSE279372	anchor	SRR30976313	GSE279372_design__T=draining_lymph_nodes__H=24__B=NA__G=delivery_5_g_gi_1_gii_4_vlp__VS=baseline_0	delivery_5_g_gi_1_gii_4_vlp__vs__baseline_0	baseline_0	draining lymph nodes	24	SRR30976313	CONTROL	117.99275941233176	0.6751601065799212	1
GSE279372	anchor	SRR30976314	GSE279372_design__T=draining_lymph_nodes__H=24__B=NA__G=delivery_5_g_gi_1_gii_4_vlp__VS=baseline_0	delivery_5_g_gi_1_gii_4_vlp__vs__baseline_0	baseline_0	draining lymph nodes	24	SRR30976314	CONTROL	-59.17040860040416	-0.338575854789706	1
GSE279372	anchor	SRR30976315	GSE279372_design__T=draining_lymph_nodes__H=24__B=NA__G=delivery_5_g_gi_1_gii_4_vlp__VS=baseline_0	delivery_5_g_gi_1_gii_4_vlp__vs__baseline_0	baseline_0	draining lymph nodes	24	SRR30976315	CONTROL	-219.76935488343756	-1.2575305620879873	1
GSE279372	anchor	SRR30976316	GSE279372_design__T=draining_lymph_nodes__H=24__B=NA__G=delivery_5_g_gi_1_gii_4_vlp__VS=baseline_0	delivery_5_g_gi_1_gii_4_vlp__vs__baseline_0	baseline_0	draining lymph nodes	24	SRR30976316	CONTROL	160.94700407150995	0.9209463102977722	1
GSE279372	anchor	SRR30976289	GSE279372_design__T=draining_lymph_nodes__H=24__B=NA__G=delivery_5_g_gi_1_gii_4_vlp__VS=baseline_0	delivery_5_g_gi_1_gii_4_vlp__vs__baseline_0	baseline_0	draining lymph nodes	24	SRR30976289	DELIVERY	613.3496292500346	3.5096153621433888	1
GSE279372	anchor	SRR30976290	GSE279372_design__T=draining_lymph_nodes__H=24__B=NA__G=delivery_5_g_gi_1_gii_4_vlp__VS=baseline_0	delivery_5_g_gi_1_gii_4_vlp__vs__baseline_0	baseline_0	draining lymph nodes	24	SRR30976290	DELIVERY	382.9178095432422	2.191073675962743	1
GSE279372	anchor	SRR30976291	GSE279372_design__T=draining_lymph_nodes__H=24__B=NA__G=delivery_5_g_gi_1_gii_4_vlp__VS=baseline_0	delivery_5_g_gi_1_gii_4_vlp__vs__baseline_0	baseline_0	draining lymph nodes	24	SRR30976291	DELIVERY	389.03463552901894	2.226074441306793	1
GSE279372	anchor	SRR30976292	GSE279372_design__T=draining_lymph_nodes__H=24__B=NA__G=delivery_5_g_gi_1_gii_4_vlp__VS=baseline_0	delivery_5_g_gi_1_gii_4_vlp__vs__baseline_0	baseline_0	draining lymph nodes	24	SRR30976292	DELIVERY	406.1887573158168	2.3242311311879593	1
GSE279372	anchor	SRR30976313	GSE279372_design__T=draining_lymph_nodes__H=24__B=NA__G=GID00110503__VS=baseline_0	delivery_250_g_alum_5_g_gi_1_gii_4_vlp_injected__vs__baseline_0	baseline_0	draining lymph nodes	24	SRR30976313	CONTROL	117.99275941233176	0.6751601065799212	1
GSE279372	anchor	SRR30976314	GSE279372_design__T=draining_lymph_nodes__H=24__B=NA__G=GID00110503__VS=baseline_0	delivery_250_g_alum_5_g_gi_1_gii_4_vlp_injected__vs__baseline_0	baseline_0	draining lymph nodes	24	SRR30976314	CONTROL	-59.17040860040416	-0.338575854789706	1
GSE279372	anchor	SRR30976315	GSE279372_design__T=draining_lymph_nodes__H=24__B=NA__G=GID00110503__VS=baseline_0	delivery_250_g_alum_5_g_gi_1_gii_4_vlp_injected__vs__baseline_0	baseline_0	draining lymph nodes	24	SRR30976315	CONTROL	-219.76935488343756	-1.2575305620879873	1
GSE279372	anchor	SRR30976316	GSE279372_design__T=draining_lymph_nodes__H=24__B=NA__G=GID00110503__VS=baseline_0	delivery_250_g_alum_5_g_gi_1_gii_4_vlp_injected__vs__baseline_0	baseline_0	draining lymph nodes	24	SRR30976316	CONTROL	160.94700407150995	0.9209463102977722	1
GSE279372	anchor	SRR30976293	GSE279372_design__T=draining_lymph_nodes__H=24__B=NA__G=GID00110503__VS=baseline_0	delivery_250_g_alum_5_g_gi_1_gii_4_vlp_injected__vs__baseline_0	baseline_0	draining lymph nodes	24	SRR30976293	DELIVERY	164.89407664614973	0.9435316448000344	1
GSE279372	anchor	SRR30976294	GSE279372_design__T=draining_lymph_nodes__H=24__B=NA__G=GID00110503__VS=baseline_0	delivery_250_g_alum_5_g_gi_1_gii_4_vlp_injected__vs__baseline_0	baseline_0	draining lymph nodes	24	SRR30976294	DELIVERY	-142.69389761185454	-0.8165011785448181	1
GSE279372	anchor	SRR30976295	GSE279372_design__T=draining_lymph_nodes__H=24__B=NA__G=GID00110503__VS=baseline_0	delivery_250_g_alum_5_g_gi_1_gii_4_vlp_injected__vs__baseline_0	baseline_0	draining lymph nodes	24	SRR30976295	DELIVERY	-54.61925997217854	-0.3125339687604457	1
GSE279372	anchor	SRR30976296	GSE279372_design__T=draining_lymph_nodes__H=24__B=NA__G=GID00110503__VS=baseline_0	delivery_250_g_alum_5_g_gi_1_gii_4_vlp_injected__vs__baseline_0	baseline_0	draining lymph nodes	24	SRR30976296	DELIVERY	359.8833625434127	2.0592694892578	1
GSE279372	anchor	SRR30976313	GSE279372_design__T=draining_lymph_nodes__H=24__B=NA__G=GID00110754__VS=baseline_0	delivery_125_g_lnps_5_g_gi_1_gii_4_vlp_injected__vs__baseline_0	baseline_0	draining lymph nodes	24	SRR30976313	CONTROL	117.99275941233176	0.6751601065799212	1
GSE279372	anchor	SRR30976314	GSE279372_design__T=draining_lymph_nodes__H=24__B=NA__G=GID00110754__VS=baseline_0	delivery_125_g_lnps_5_g_gi_1_gii_4_vlp_injected__vs__baseline_0	baseline_0	draining lymph nodes	24	SRR30976314	CONTROL	-59.17040860040416	-0.338575854789706	1
GSE279372	anchor	SRR30976315	GSE279372_design__T=draining_lymph_nodes__H=24__B=NA__G=GID00110754__VS=baseline_0	delivery_125_g_lnps_5_g_gi_1_gii_4_vlp_injected__vs__baseline_0	baseline_0	draining lymph nodes	24	SRR30976315	CONTROL	-219.76935488343756	-1.2575305620879873	1
GSE279372	anchor	SRR30976316	GSE279372_design__T=draining_lymph_nodes__H=24__B=NA__G=GID00110754__VS=baseline_0	delivery_125_g_lnps_5_g_gi_1_gii_4_vlp_injected__vs__baseline_0	baseline_0	draining lymph nodes	24	SRR30976316	CONTROL	160.94700407150995	0.9209463102977722	1
GSE279372	anchor	SRR30976301	GSE279372_design__T=draining_lymph_nodes__H=24__B=NA__G=GID00110754__VS=baseline_0	delivery_125_g_lnps_5_g_gi_1_gii_4_vlp_injected__vs__baseline_0	baseline_0	draining lymph nodes	24	SRR30976301	DELIVERY	3427.512317339627	19.61238632781021	1
GSE279372	anchor	SRR30976302	GSE279372_design__T=draining_lymph_nodes__H=24__B=NA__G=GID00110754__VS=baseline_0	delivery_125_g_lnps_5_g_gi_1_gii_4_vlp_injected__vs__baseline_0	baseline_0	draining lymph nodes	24	SRR30976302	DELIVERY	3994.395818595644	22.8561203249864	1
GSE279372	anchor	SRR30976303	GSE279372_design__T=draining_lymph_nodes__H=24__B=NA__G=GID00110754__VS=baseline_0	delivery_125_g_lnps_5_g_gi_1_gii_4_vlp_injected__vs__baseline_0	baseline_0	draining lymph nodes	24	SRR30976303	DELIVERY	4162.285518403365	23.81679306609703	1
GSE279372	anchor	SRR30976304	GSE279372_design__T=draining_lymph_nodes__H=24__B=NA__G=GID00110754__VS=baseline_0	delivery_125_g_lnps_5_g_gi_1_gii_4_vlp_injected__vs__baseline_0	baseline_0	draining lymph nodes	24	SRR30976304	DELIVERY	4168.863804107813	23.854434325606928	1
GSE279372	anchor	SRR30976313	GSE279372_design__T=draining_lymph_nodes__H=24__B=NA__G=GID00114748__VS=baseline_0	delivery_1000_g_lnps_5_g_gi_1_gii_4_vlp_injected__vs__baseline_0	baseline_0	draining lymph nodes	24	SRR30976313	CONTROL	117.99275941233176	0.6751601065799212	1
GSE279372	anchor	SRR30976314	GSE279372_design__T=draining_lymph_nodes__H=24__B=NA__G=GID00114748__VS=baseline_0	delivery_1000_g_lnps_5_g_gi_1_gii_4_vlp_injected__vs__baseline_0	baseline_0	draining lymph nodes	24	SRR30976314	CONTROL	-59.17040860040416	-0.338575854789706	1
GSE279372	anchor	SRR30976315	GSE279372_design__T=draining_lymph_nodes__H=24__B=NA__G=GID00114748__VS=baseline_0	delivery_1000_g_lnps_5_g_gi_1_gii_4_vlp_injected__vs__baseline_0	baseline_0	draining lymph nodes	24	SRR30976315	CONTROL	-219.76935488343756	-1.2575305620879873	1
GSE279372	anchor	SRR30976316	GSE279372_design__T=draining_lymph_nodes__H=24__B=NA__G=GID00114748__VS=baseline_0	delivery_1000_g_lnps_5_g_gi_1_gii_4_vlp_injected__vs__baseline_0	baseline_0	draining lymph nodes	24	SRR30976316	CONTROL	160.94700407150995	0.9209463102977722	1
GSE279372	anchor	SRR30976297	GSE279372_design__T=draining_lymph_nodes__H=24__B=NA__G=GID00114748__VS=baseline_0	delivery_1000_g_lnps_5_g_gi_1_gii_4_vlp_injected__vs__baseline_0	baseline_0	draining lymph nodes	24	SRR30976297	DELIVERY	4775.806085964923	27.32738654528083	1
GSE279372	anchor	SRR30976298	GSE279372_design__T=draining_lymph_nodes__H=24__B=NA__G=GID00114748__VS=baseline_0	delivery_1000_g_lnps_5_g_gi_1_gii_4_vlp_injected__vs__baseline_0	baseline_0	draining lymph nodes	24	SRR30976298	DELIVERY	4976.2162287904985	28.474142787475056	1
GSE279372	anchor	SRR30976299	GSE279372_design__T=draining_lymph_nodes__H=24__B=NA__G=GID00114748__VS=baseline_0	delivery_1000_g_lnps_5_g_gi_1_gii_4_vlp_injected__vs__baseline_0	baseline_0	draining lymph nodes	24	SRR30976299	DELIVERY	5290.854573753686	30.274518162858257	1
GSE279372	anchor	SRR30976300	GSE279372_design__T=draining_lymph_nodes__H=24__B=NA__G=GID00114748__VS=baseline_0	delivery_1000_g_lnps_5_g_gi_1_gii_4_vlp_injected__vs__baseline_0	baseline_0	draining lymph nodes	24	SRR30976300	DELIVERY	5041.008519465518	28.844887315322172	1
GSE39129	anchor	SRR518634	GSE39129_design__T=liver__H=4__B=NA__G=delivery_lentiviral_vector_lv__VS=delivery_none	delivery_lentiviral_vector_lv___vs__delivery_none	delivery_none	liver	4	SRR518634	CONTROL	-24.596760768000387	-0.13723990724194726	1
GSE39129	anchor	SRR518635	GSE39129_design__T=liver__H=4__B=NA__G=delivery_lentiviral_vector_lv__VS=delivery_none	delivery_lentiviral_vector_lv___vs__delivery_none	delivery_none	liver	4	SRR518635	CONTROL	190.25255773207505	1.0615317855049362	1
GSE39129	anchor	SRR518636	GSE39129_design__T=liver__H=4__B=NA__G=delivery_lentiviral_vector_lv__VS=delivery_none	delivery_lentiviral_vector_lv___vs__delivery_none	delivery_none	liver	4	SRR518636	CONTROL	-165.65579696407468	-0.9242918782629888	1
GSE39129	anchor	SRR518631	GSE39129_design__T=liver__H=4__B=NA__G=delivery_lentiviral_vector_lv__VS=delivery_none	delivery_lentiviral_vector_lv___vs__delivery_none	delivery_none	liver	4	SRR518631	DELIVERY	6616.774201026364	36.91890514181686	1
GSE39129	anchor	SRR518632	GSE39129_design__T=liver__H=4__B=NA__G=delivery_lentiviral_vector_lv__VS=delivery_none	delivery_lentiviral_vector_lv___vs__delivery_none	delivery_none	liver	4	SRR518632	DELIVERY	6502.5780799897075	36.28173729657562	1
GSE39129	anchor	SRR518633	GSE39129_design__T=liver__H=4__B=NA__G=delivery_lentiviral_vector_lv__VS=delivery_none	delivery_lentiviral_vector_lv___vs__delivery_none	delivery_none	liver	4	SRR518633	DELIVERY	5550.037763794962	30.966950285724455	1
GSE167521	anchor	SRR13783173	GSE167521_design__T=skin__H=24__B=NA__G=delivery_lnp__VS=baseline_0	delivery_lnp__vs__baseline_0	baseline_0	skin	24	SRR13783173	CONTROL	-116.96520951393944	-0.30560308158265076	1
GSE167521	anchor	SRR13783175	GSE167521_design__T=skin__H=24__B=NA__G=delivery_lnp__VS=baseline_0	delivery_lnp__vs__baseline_0	baseline_0	skin	24	SRR13783175	CONTROL	104.32581361140451	0.27257925891598467	1
GSE167521	anchor	SRR13783177	GSE167521_design__T=skin__H=24__B=NA__G=delivery_lnp__VS=baseline_0	delivery_lnp__vs__baseline_0	baseline_0	skin	24	SRR13783177	CONTROL	-449.1005676254513	-1.1733960720217331	1
GSE167521	anchor	SRR13783179	GSE167521_design__T=skin__H=24__B=NA__G=delivery_lnp__VS=baseline_0	delivery_lnp__vs__baseline_0	baseline_0	skin	24	SRR13783179	CONTROL	461.7399635279861	1.2064198946883993	1
GSE167521	anchor	SRR13783174	GSE167521_design__T=skin__H=24__B=NA__G=delivery_lnp__VS=baseline_0	delivery_lnp__vs__baseline_0	baseline_0	skin	24	SRR13783174	DELIVERY	3146.560122366669	8.221234961886145	1
GSE167521	anchor	SRR13783176	GSE167521_design__T=skin__H=24__B=NA__G=delivery_lnp__VS=baseline_0	delivery_lnp__vs__baseline_0	baseline_0	skin	24	SRR13783176	DELIVERY	3315.374848158906	8.662308855850227	1
GSE167521	anchor	SRR13783178	GSE167521_design__T=skin__H=24__B=NA__G=delivery_lnp__VS=baseline_0	delivery_lnp__vs__baseline_0	baseline_0	skin	24	SRR13783178	DELIVERY	3230.7231760915565	8.441133585422289	1
GSE167521	anchor	SRR13783180	GSE167521_design__T=skin__H=24__B=NA__G=delivery_lnp__VS=baseline_0	delivery_lnp__vs__baseline_0	baseline_0	skin	24	SRR13783180	DELIVERY	3611.704339337035	9.436549384672285	1
GSE264344	anchor	SRR28740199	GSE264344_design__T=Blood__H=1__B=NA__G=delivery_ad26__VS=baseline_0	delivery_ad26__vs__baseline_0	baseline_0	Blood	1	SRR28740199	CONTROL	154.77387372136928	0.4345021731135083	1
GSE264344	anchor	SRR28740200	GSE264344_design__T=Blood__H=1__B=NA__G=delivery_ad26__VS=baseline_0	delivery_ad26__vs__baseline_0	baseline_0	Blood	1	SRR28740200	CONTROL	211.47646111802376	0.5936853534050238	1
GSE264344	anchor	SRR28740201	GSE264344_design__T=Blood__H=1__B=NA__G=delivery_ad26__VS=baseline_0	delivery_ad26__vs__baseline_0	baseline_0	Blood	1	SRR28740201	CONTROL	175.2976091587008	0.4921191819374984	1
GSE264344	anchor	SRR28740202	GSE264344_design__T=Blood__H=1__B=NA__G=delivery_ad26__VS=baseline_0	delivery_ad26__vs__baseline_0	baseline_0	Blood	1	SRR28740202	CONTROL	275.87186525972623	0.7744648503921127	1
GSE264344	anchor	SRR28740203	GSE264344_design__T=Blood__H=1__B=NA__G=delivery_ad26__VS=baseline_0	delivery_ad26__vs__baseline_0	baseline_0	Blood	1	SRR28740203	CONTROL	192.41811926777868	0.5401821958580387	1
GSE264344	anchor	SRR28740306	GSE264344_design__T=Blood__H=1__B=NA__G=delivery_ad26__VS=baseline_0	delivery_ad26__vs__baseline_0	baseline_0	Blood	1	SRR28740306	DELIVERY	261.85079662701656	0.7351030082167762	1
GSE264344	anchor	SRR28740307	GSE264344_design__T=Blood__H=1__B=NA__G=delivery_ad26__VS=baseline_0	delivery_ad26__vs__baseline_0	baseline_0	Blood	1	SRR28740307	DELIVERY	223.9086243456559	0.6285866052056513	1
GSE264344	anchor	SRR28740308	GSE264344_design__T=Blood__H=1__B=NA__G=delivery_ad26__VS=baseline_0	delivery_ad26__vs__baseline_0	baseline_0	Blood	1	SRR28740308	DELIVERY	265.7170408349874	0.7459568524073988	1
GSE264344	anchor	SRR28740309	GSE264344_design__T=Blood__H=1__B=NA__G=delivery_ad26__VS=baseline_0	delivery_ad26__vs__baseline_0	baseline_0	Blood	1	SRR28740309	DELIVERY	170.11700532571163	0.4775754894566454	1
GSE264344	anchor	SRR28740310	GSE264344_design__T=Blood__H=1__B=NA__G=delivery_ad26__VS=baseline_0	delivery_ad26__vs__baseline_0	baseline_0	Blood	1	SRR28740310	DELIVERY	227.00040497059945	0.6372662703715347	1
GSE264344	anchor	SRR28740199	GSE264344_design__T=Blood__H=1__B=NA__G=delivery_ad5__VS=baseline_0	delivery_ad5__vs__baseline_0	baseline_0	Blood	1	SRR28740199	CONTROL	154.77387372136928	0.4345021731135083	1
GSE264344	anchor	SRR28740200	GSE264344_design__T=Blood__H=1__B=NA__G=delivery_ad5__VS=baseline_0	delivery_ad5__vs__baseline_0	baseline_0	Blood	1	SRR28740200	CONTROL	211.47646111802376	0.5936853534050238	1
GSE264344	anchor	SRR28740201	GSE264344_design__T=Blood__H=1__B=NA__G=delivery_ad5__VS=baseline_0	delivery_ad5__vs__baseline_0	baseline_0	Blood	1	SRR28740201	CONTROL	175.2976091587008	0.4921191819374984	1
GSE264344	anchor	SRR28740202	GSE264344_design__T=Blood__H=1__B=NA__G=delivery_ad5__VS=baseline_0	delivery_ad5__vs__baseline_0	baseline_0	Blood	1	SRR28740202	CONTROL	275.87186525972623	0.7744648503921127	1
GSE264344	anchor	SRR28740203	GSE264344_design__T=Blood__H=1__B=NA__G=delivery_ad5__VS=baseline_0	delivery_ad5__vs__baseline_0	baseline_0	Blood	1	SRR28740203	CONTROL	192.41811926777868	0.5401821958580387	1
GSE264344	anchor	SRR28740301	GSE264344_design__T=Blood__H=1__B=NA__G=delivery_ad5__VS=baseline_0	delivery_ad5__vs__baseline_0	baseline_0	Blood	1	SRR28740301	DELIVERY	253.94222846539577	0.7129010049340601	1
GSE264344	anchor	SRR28740302	GSE264344_design__T=Blood__H=1__B=NA__G=delivery_ad5__VS=baseline_0	delivery_ad5__vs__baseline_0	baseline_0	Blood	1	SRR28740302	DELIVERY	223.70069899147083	0.6280028890004121	1
GSE264344	anchor	SRR28740303	GSE264344_design__T=Blood__H=1__B=NA__G=delivery_ad5__VS=baseline_0	delivery_ad5__vs__baseline_0	baseline_0	Blood	1	SRR28740303	DELIVERY	271.49848535830233	0.7621873062218315	1
GSE264344	anchor	SRR28740304	GSE264344_design__T=Blood__H=1__B=NA__G=delivery_ad5__VS=baseline_0	delivery_ad5__vs__baseline_0	baseline_0	Blood	1	SRR28740304	DELIVERY	309.8947696552456	0.8699785539652323	1
GSE264344	anchor	SRR28740305	GSE264344_design__T=Blood__H=1__B=NA__G=delivery_ad5__VS=baseline_0	delivery_ad5__vs__baseline_0	baseline_0	Blood	1	SRR28740305	DELIVERY	344.9804219583799	0.9684757473498288	1
GSE264344	anchor	SRR28740199	GSE264344_design__T=Blood__H=12__B=NA__G=delivery_ad26__VS=baseline_0	delivery_ad26__vs__baseline_0	baseline_0	Blood	12	SRR28740199	CONTROL	154.77387372136928	0.4345021731135083	1
GSE264344	anchor	SRR28740200	GSE264344_design__T=Blood__H=12__B=NA__G=delivery_ad26__VS=baseline_0	delivery_ad26__vs__baseline_0	baseline_0	Blood	12	SRR28740200	CONTROL	211.47646111802376	0.5936853534050238	1
GSE264344	anchor	SRR28740201	GSE264344_design__T=Blood__H=12__B=NA__G=delivery_ad26__VS=baseline_0	delivery_ad26__vs__baseline_0	baseline_0	Blood	12	SRR28740201	CONTROL	175.2976091587008	0.4921191819374984	1
GSE264344	anchor	SRR28740202	GSE264344_design__T=Blood__H=12__B=NA__G=delivery_ad26__VS=baseline_0	delivery_ad26__vs__baseline_0	baseline_0	Blood	12	SRR28740202	CONTROL	275.87186525972623	0.7744648503921127	1
GSE264344	anchor	SRR28740203	GSE264344_design__T=Blood__H=12__B=NA__G=delivery_ad26__VS=baseline_0	delivery_ad26__vs__baseline_0	baseline_0	Blood	12	SRR28740203	CONTROL	192.41811926777868	0.5401821958580387	1
GSE264344	anchor	SRR28740187	GSE264344_design__T=Blood__H=12__B=NA__G=delivery_ad26__VS=baseline_0	delivery_ad26__vs__baseline_0	baseline_0	Blood	12	SRR28740187	DELIVERY	1710.5212254487712	4.802006771196145	1
GSE264344	anchor	SRR28740188	GSE264344_design__T=Blood__H=12__B=NA__G=delivery_ad26__VS=baseline_0	delivery_ad26__vs__baseline_0	baseline_0	Blood	12	SRR28740188	DELIVERY	1822.469752773593	5.116283833790438	1
GSE264344	anchor	SRR28740189	GSE264344_design__T=Blood__H=12__B=NA__G=delivery_ad26__VS=baseline_0	delivery_ad26__vs__baseline_0	baseline_0	Blood	12	SRR28740189	DELIVERY	1779.527002701641	4.9957291317783685	1
GSE264344	anchor	SRR28740190	GSE264344_design__T=Blood__H=12__B=NA__G=delivery_ad26__VS=baseline_0	delivery_ad26__vs__baseline_0	baseline_0	Blood	12	SRR28740190	DELIVERY	1837.4891040010525	5.158448190023031	1
GSE264344	anchor	SRR28740251	GSE264344_design__T=Blood__H=12__B=NA__G=delivery_ad26__VS=baseline_0	delivery_ad26__vs__baseline_0	baseline_0	Blood	12	SRR28740251	DELIVERY	1976.3216565512175	5.548197728052545	1
GSE264344	anchor	SRR28740199	GSE264344_design__T=Blood__H=12__B=NA__G=delivery_ad5__VS=baseline_0	delivery_ad5__vs__baseline_0	baseline_0	Blood	12	SRR28740199	CONTROL	154.77387372136928	0.4345021731135083	1
GSE264344	anchor	SRR28740200	GSE264344_design__T=Blood__H=12__B=NA__G=delivery_ad5__VS=baseline_0	delivery_ad5__vs__baseline_0	baseline_0	Blood	12	SRR28740200	CONTROL	211.47646111802376	0.5936853534050238	1
GSE264344	anchor	SRR28740201	GSE264344_design__T=Blood__H=12__B=NA__G=delivery_ad5__VS=baseline_0	delivery_ad5__vs__baseline_0	baseline_0	Blood	12	SRR28740201	CONTROL	175.2976091587008	0.4921191819374984	1
GSE264344	anchor	SRR28740202	GSE264344_design__T=Blood__H=12__B=NA__G=delivery_ad5__VS=baseline_0	delivery_ad5__vs__baseline_0	baseline_0	Blood	12	SRR28740202	CONTROL	275.87186525972623	0.7744648503921127	1
GSE264344	anchor	SRR28740203	GSE264344_design__T=Blood__H=12__B=NA__G=delivery_ad5__VS=baseline_0	delivery_ad5__vs__baseline_0	baseline_0	Blood	12	SRR28740203	CONTROL	192.41811926777868	0.5401821958580387	1
GSE264344	anchor	SRR28740182	GSE264344_design__T=Blood__H=12__B=NA__G=delivery_ad5__VS=baseline_0	delivery_ad5__vs__baseline_0	baseline_0	Blood	12	SRR28740182	DELIVERY	1211.229750860682	3.4003281447625673	1
GSE264344	anchor	SRR28740183	GSE264344_design__T=Blood__H=12__B=NA__G=delivery_ad5__VS=baseline_0	delivery_ad5__vs__baseline_0	baseline_0	Blood	12	SRR28740183	DELIVERY	1234.3074066151755	3.4651148644756407	1
GSE264344	anchor	SRR28740184	GSE264344_design__T=Blood__H=12__B=NA__G=delivery_ad5__VS=baseline_0	delivery_ad5__vs__baseline_0	baseline_0	Blood	12	SRR28740184	DELIVERY	1051.354576443358	2.951504909671325	1
GSE264344	anchor	SRR28740185	GSE264344_design__T=Blood__H=12__B=NA__G=delivery_ad5__VS=baseline_0	delivery_ad5__vs__baseline_0	baseline_0	Blood	12	SRR28740185	DELIVERY	1159.4495604035633	3.2549637836020247	1
GSE264344	anchor	SRR28740186	GSE264344_design__T=Blood__H=12__B=NA__G=delivery_ad5__VS=baseline_0	delivery_ad5__vs__baseline_0	baseline_0	Blood	12	SRR28740186	DELIVERY	1292.0543897207203	3.627230013801673	1
GSE264344	anchor	SRR28740199	GSE264344_design__T=Blood__H=24__B=NA__G=delivery_ad26__VS=baseline_0	delivery_ad26__vs__baseline_0	baseline_0	Blood	24	SRR28740199	CONTROL	154.77387372136928	0.4345021731135083	1
GSE264344	anchor	SRR28740200	GSE264344_design__T=Blood__H=24__B=NA__G=delivery_ad26__VS=baseline_0	delivery_ad26__vs__baseline_0	baseline_0	Blood	24	SRR28740200	CONTROL	211.47646111802376	0.5936853534050238	1
GSE264344	anchor	SRR28740201	GSE264344_design__T=Blood__H=24__B=NA__G=delivery_ad26__VS=baseline_0	delivery_ad26__vs__baseline_0	baseline_0	Blood	24	SRR28740201	CONTROL	175.2976091587008	0.4921191819374984	1
GSE264344	anchor	SRR28740202	GSE264344_design__T=Blood__H=24__B=NA__G=delivery_ad26__VS=baseline_0	delivery_ad26__vs__baseline_0	baseline_0	Blood	24	SRR28740202	CONTROL	275.87186525972623	0.7744648503921127	1
GSE264344	anchor	SRR28740203	GSE264344_design__T=Blood__H=24__B=NA__G=delivery_ad26__VS=baseline_0	delivery_ad26__vs__baseline_0	baseline_0	Blood	24	SRR28740203	CONTROL	192.41811926777868	0.5401821958580387	1
GSE264344	anchor	SRR28740171	GSE264344_design__T=Blood__H=24__B=NA__G=delivery_ad26__VS=baseline_0	delivery_ad26__vs__baseline_0	baseline_0	Blood	24	SRR28740171	DELIVERY	1122.850828085564	3.1522188671441076	1
GSE264344	anchor	SRR28740172	GSE264344_design__T=Blood__H=24__B=NA__G=delivery_ad26__VS=baseline_0	delivery_ad26__vs__baseline_0	baseline_0	Blood	24	SRR28740172	DELIVERY	1215.8671563538026	3.4133468973202303	1
GSE264344	anchor	SRR28740228	GSE264344_design__T=Blood__H=24__B=NA__G=delivery_ad26__VS=baseline_0	delivery_ad26__vs__baseline_0	baseline_0	Blood	24	SRR28740228	DELIVERY	1220.5284450731851	3.426432698104201	1
GSE264344	anchor	SRR28740229	GSE264344_design__T=Blood__H=24__B=NA__G=delivery_ad26__VS=baseline_0	delivery_ad26__vs__baseline_0	baseline_0	Blood	24	SRR28740229	DELIVERY	1122.9087370472696	3.15238143702169	1
GSE264344	anchor	SRR28740230	GSE264344_design__T=Blood__H=24__B=NA__G=delivery_ad26__VS=baseline_0	delivery_ad26__vs__baseline_0	baseline_0	Blood	24	SRR28740230	DELIVERY	1204.3923898081234	3.381133379106921	1
GSE264344	anchor	SRR28740199	GSE264344_design__T=Blood__H=24__B=NA__G=delivery_ad5__VS=baseline_0	delivery_ad5__vs__baseline_0	baseline_0	Blood	24	SRR28740199	CONTROL	154.77387372136928	0.4345021731135083	1
GSE264344	anchor	SRR28740200	GSE264344_design__T=Blood__H=24__B=NA__G=delivery_ad5__VS=baseline_0	delivery_ad5__vs__baseline_0	baseline_0	Blood	24	SRR28740200	CONTROL	211.47646111802376	0.5936853534050238	1
GSE264344	anchor	SRR28740201	GSE264344_design__T=Blood__H=24__B=NA__G=delivery_ad5__VS=baseline_0	delivery_ad5__vs__baseline_0	baseline_0	Blood	24	SRR28740201	CONTROL	175.2976091587008	0.4921191819374984	1
GSE264344	anchor	SRR28740202	GSE264344_design__T=Blood__H=24__B=NA__G=delivery_ad5__VS=baseline_0	delivery_ad5__vs__baseline_0	baseline_0	Blood	24	SRR28740202	CONTROL	275.87186525972623	0.7744648503921127	1
GSE264344	anchor	SRR28740203	GSE264344_design__T=Blood__H=24__B=NA__G=delivery_ad5__VS=baseline_0	delivery_ad5__vs__baseline_0	baseline_0	Blood	24	SRR28740203	CONTROL	192.41811926777868	0.5401821958580387	1
GSE264344	anchor	SRR28740223	GSE264344_design__T=Blood__H=24__B=NA__G=delivery_ad5__VS=baseline_0	delivery_ad5__vs__baseline_0	baseline_0	Blood	24	SRR28740223	DELIVERY	647.2287618460347	1.8169882084229287	1
GSE264344	anchor	SRR28740224	GSE264344_design__T=Blood__H=24__B=NA__G=delivery_ad5__VS=baseline_0	delivery_ad5__vs__baseline_0	baseline_0	Blood	24	SRR28740224	DELIVERY	739.3362630437657	2.075564856200813	1
GSE264344	anchor	SRR28740225	GSE264344_design__T=Blood__H=24__B=NA__G=delivery_ad5__VS=baseline_0	delivery_ad5__vs__baseline_0	baseline_0	Blood	24	SRR28740225	DELIVERY	755.0937212583893	2.119801326299926	1
GSE264344	anchor	SRR28740226	GSE264344_design__T=Blood__H=24__B=NA__G=delivery_ad5__VS=baseline_0	delivery_ad5__vs__baseline_0	baseline_0	Blood	24	SRR28740226	DELIVERY	641.9826746303927	1.802260682124511	1
GSE264344	anchor	SRR28740227	GSE264344_design__T=Blood__H=24__B=NA__G=delivery_ad5__VS=baseline_0	delivery_ad5__vs__baseline_0	baseline_0	Blood	24	SRR28740227	DELIVERY	736.5366225976954	2.067705326497861	1
GSE264344	anchor	SRR28740199	GSE264344_design__T=Blood__H=3__B=NA__G=delivery_ad26__VS=baseline_0	delivery_ad26__vs__baseline_0	baseline_0	Blood	3	SRR28740199	CONTROL	154.77387372136928	0.4345021731135083	1
GSE264344	anchor	SRR28740200	GSE264344_design__T=Blood__H=3__B=NA__G=delivery_ad26__VS=baseline_0	delivery_ad26__vs__baseline_0	baseline_0	Blood	3	SRR28740200	CONTROL	211.47646111802376	0.5936853534050238	1
GSE264344	anchor	SRR28740201	GSE264344_design__T=Blood__H=3__B=NA__G=delivery_ad26__VS=baseline_0	delivery_ad26__vs__baseline_0	baseline_0	Blood	3	SRR28740201	CONTROL	175.2976091587008	0.4921191819374984	1
GSE264344	anchor	SRR28740202	GSE264344_design__T=Blood__H=3__B=NA__G=delivery_ad26__VS=baseline_0	delivery_ad26__vs__baseline_0	baseline_0	Blood	3	SRR28740202	CONTROL	275.87186525972623	0.7744648503921127	1
GSE264344	anchor	SRR28740203	GSE264344_design__T=Blood__H=3__B=NA__G=delivery_ad26__VS=baseline_0	delivery_ad26__vs__baseline_0	baseline_0	Blood	3	SRR28740203	CONTROL	192.41811926777868	0.5401821958580387	1
GSE264344	anchor	SRR28740286	GSE264344_design__T=Blood__H=3__B=NA__G=delivery_ad26__VS=baseline_0	delivery_ad26__vs__baseline_0	baseline_0	Blood	3	SRR28740286	DELIVERY	1457.4752730759997	4.091621913855935	1
GSE264344	anchor	SRR28740287	GSE264344_design__T=Blood__H=3__B=NA__G=delivery_ad26__VS=baseline_0	delivery_ad26__vs__baseline_0	baseline_0	Blood	3	SRR28740287	DELIVERY	1499.5262117401487	4.209673002141858	1
GSE264344	anchor	SRR28740288	GSE264344_design__T=Blood__H=3__B=NA__G=delivery_ad26__VS=baseline_0	delivery_ad26__vs__baseline_0	baseline_0	Blood	3	SRR28740288	DELIVERY	1744.7123071749666	4.897992604941432	1
GSE264344	anchor	SRR28740289	GSE264344_design__T=Blood__H=3__B=NA__G=delivery_ad26__VS=baseline_0	delivery_ad26__vs__baseline_0	baseline_0	Blood	3	SRR28740289	DELIVERY	1596.4984683823182	4.481906650041607	1
GSE264344	anchor	SRR28740290	GSE264344_design__T=Blood__H=3__B=NA__G=delivery_ad26__VS=baseline_0	delivery_ad26__vs__baseline_0	baseline_0	Blood	3	SRR28740290	DELIVERY	1238.6141184118485	3.4772052489160843	1
GSE264344	anchor	SRR28740199	GSE264344_design__T=Blood__H=3__B=NA__G=delivery_ad5__VS=baseline_0	delivery_ad5__vs__baseline_0	baseline_0	Blood	3	SRR28740199	CONTROL	154.77387372136928	0.4345021731135083	1
GSE264344	anchor	SRR28740200	GSE264344_design__T=Blood__H=3__B=NA__G=delivery_ad5__VS=baseline_0	delivery_ad5__vs__baseline_0	baseline_0	Blood	3	SRR28740200	CONTROL	211.47646111802376	0.5936853534050238	1
GSE264344	anchor	SRR28740201	GSE264344_design__T=Blood__H=3__B=NA__G=delivery_ad5__VS=baseline_0	delivery_ad5__vs__baseline_0	baseline_0	Blood	3	SRR28740201	CONTROL	175.2976091587008	0.4921191819374984	1
GSE264344	anchor	SRR28740202	GSE264344_design__T=Blood__H=3__B=NA__G=delivery_ad5__VS=baseline_0	delivery_ad5__vs__baseline_0	baseline_0	Blood	3	SRR28740202	CONTROL	275.87186525972623	0.7744648503921127	1
GSE264344	anchor	SRR28740203	GSE264344_design__T=Blood__H=3__B=NA__G=delivery_ad5__VS=baseline_0	delivery_ad5__vs__baseline_0	baseline_0	Blood	3	SRR28740203	CONTROL	192.41811926777868	0.5401821958580387	1
GSE264344	anchor	SRR28740281	GSE264344_design__T=Blood__H=3__B=NA__G=delivery_ad5__VS=baseline_0	delivery_ad5__vs__baseline_0	baseline_0	Blood	3	SRR28740281	DELIVERY	698.3817837739584	1.9605918971760976	1
GSE264344	anchor	SRR28740282	GSE264344_design__T=Blood__H=3__B=NA__G=delivery_ad5__VS=baseline_0	delivery_ad5__vs__baseline_0	baseline_0	Blood	3	SRR28740282	DELIVERY	658.6169223666511	1.8489585944771103	1
GSE264344	anchor	SRR28740283	GSE264344_design__T=Blood__H=3__B=NA__G=delivery_ad5__VS=baseline_0	delivery_ad5__vs__baseline_0	baseline_0	Blood	3	SRR28740283	DELIVERY	338.7634990605658	0.9510227596831744	1
GSE264344	anchor	SRR28740284	GSE264344_design__T=Blood__H=3__B=NA__G=delivery_ad5__VS=baseline_0	delivery_ad5__vs__baseline_0	baseline_0	Blood	3	SRR28740284	DELIVERY	443.0547103273611	1.243803167916932	1
GSE264344	anchor	SRR28740285	GSE264344_design__T=Blood__H=3__B=NA__G=delivery_ad5__VS=baseline_0	delivery_ad5__vs__baseline_0	baseline_0	Blood	3	SRR28740285	DELIVERY	539.2673135076305	1.5139042137691097	1
GSE264344	anchor	SRR28740199	GSE264344_design__T=Blood__H=6__B=NA__G=delivery_ad26__VS=baseline_0	delivery_ad26__vs__baseline_0	baseline_0	Blood	6	SRR28740199	CONTROL	154.77387372136928	0.4345021731135083	1
GSE264344	anchor	SRR28740200	GSE264344_design__T=Blood__H=6__B=NA__G=delivery_ad26__VS=baseline_0	delivery_ad26__vs__baseline_0	baseline_0	Blood	6	SRR28740200	CONTROL	211.47646111802376	0.5936853534050238	1
GSE264344	anchor	SRR28740201	GSE264344_design__T=Blood__H=6__B=NA__G=delivery_ad26__VS=baseline_0	delivery_ad26__vs__baseline_0	baseline_0	Blood	6	SRR28740201	CONTROL	175.2976091587008	0.4921191819374984	1
GSE264344	anchor	SRR28740202	GSE264344_design__T=Blood__H=6__B=NA__G=delivery_ad26__VS=baseline_0	delivery_ad26__vs__baseline_0	baseline_0	Blood	6	SRR28740202	CONTROL	275.87186525972623	0.7744648503921127	1
GSE264344	anchor	SRR28740203	GSE264344_design__T=Blood__H=6__B=NA__G=delivery_ad26__VS=baseline_0	delivery_ad26__vs__baseline_0	baseline_0	Blood	6	SRR28740203	CONTROL	192.41811926777868	0.5401821958580387	1
GSE264344	anchor	SRR28740266	GSE264344_design__T=Blood__H=6__B=NA__G=delivery_ad26__VS=baseline_0	delivery_ad26__vs__baseline_0	baseline_0	Blood	6	SRR28740266	DELIVERY	1530.6388218548016	4.297016533585586	1
GSE264344	anchor	SRR28740267	GSE264344_design__T=Blood__H=6__B=NA__G=delivery_ad26__VS=baseline_0	delivery_ad26__vs__baseline_0	baseline_0	Blood	6	SRR28740267	DELIVERY	1338.174626647479	3.7567049871118474	1
GSE264344	anchor	SRR28740268	GSE264344_design__T=Blood__H=6__B=NA__G=delivery_ad26__VS=baseline_0	delivery_ad26__vs__baseline_0	baseline_0	Blood	6	SRR28740268	DELIVERY	1516.1111457809643	4.256232474412039	1
GSE264344	anchor	SRR28740269	GSE264344_design__T=Blood__H=6__B=NA__G=delivery_ad26__VS=baseline_0	delivery_ad26__vs__baseline_0	baseline_0	Blood	6	SRR28740269	DELIVERY	1438.0323302900008	4.03703905249106	1
GSE264344	anchor	SRR28740270	GSE264344_design__T=Blood__H=6__B=NA__G=delivery_ad26__VS=baseline_0	delivery_ad26__vs__baseline_0	baseline_0	Blood	6	SRR28740270	DELIVERY	1447.9208719338249	4.064799505401219	1
GSE264344	anchor	SRR28740199	GSE264344_design__T=Blood__H=6__B=NA__G=delivery_ad5__VS=baseline_0	delivery_ad5__vs__baseline_0	baseline_0	Blood	6	SRR28740199	CONTROL	154.77387372136928	0.4345021731135083	1
GSE264344	anchor	SRR28740200	GSE264344_design__T=Blood__H=6__B=NA__G=delivery_ad5__VS=baseline_0	delivery_ad5__vs__baseline_0	baseline_0	Blood	6	SRR28740200	CONTROL	211.47646111802376	0.5936853534050238	1
GSE264344	anchor	SRR28740201	GSE264344_design__T=Blood__H=6__B=NA__G=delivery_ad5__VS=baseline_0	delivery_ad5__vs__baseline_0	baseline_0	Blood	6	SRR28740201	CONTROL	175.2976091587008	0.4921191819374984	1
GSE264344	anchor	SRR28740202	GSE264344_design__T=Blood__H=6__B=NA__G=delivery_ad5__VS=baseline_0	delivery_ad5__vs__baseline_0	baseline_0	Blood	6	SRR28740202	CONTROL	275.87186525972623	0.7744648503921127	1
GSE264344	anchor	SRR28740203	GSE264344_design__T=Blood__H=6__B=NA__G=delivery_ad5__VS=baseline_0	delivery_ad5__vs__baseline_0	baseline_0	Blood	6	SRR28740203	CONTROL	192.41811926777868	0.5401821958580387	1
GSE264344	anchor	SRR28740261	GSE264344_design__T=Blood__H=6__B=NA__G=delivery_ad5__VS=baseline_0	delivery_ad5__vs__baseline_0	baseline_0	Blood	6	SRR28740261	DELIVERY	1749.1255124598752	4.910381952320182	1
GSE264344	anchor	SRR28740262	GSE264344_design__T=Blood__H=6__B=NA__G=delivery_ad5__VS=baseline_0	delivery_ad5__vs__baseline_0	baseline_0	Blood	6	SRR28740262	DELIVERY	2002.9855351677504	5.6230521781219105	1
GSE264344	anchor	SRR28740263	GSE264344_design__T=Blood__H=6__B=NA__G=delivery_ad5__VS=baseline_0	delivery_ad5__vs__baseline_0	baseline_0	Blood	6	SRR28740263	DELIVERY	1645.0358379899335	4.618167325468577	1
GSE264344	anchor	SRR28740264	GSE264344_design__T=Blood__H=6__B=NA__G=delivery_ad5__VS=baseline_0	delivery_ad5__vs__baseline_0	baseline_0	Blood	6	SRR28740264	DELIVERY	2028.5367642761328	5.694783047850606	1
GSE264344	anchor	SRR28740265	GSE264344_design__T=Blood__H=6__B=NA__G=delivery_ad5__VS=baseline_0	delivery_ad5__vs__baseline_0	baseline_0	Blood	6	SRR28740265	DELIVERY	2043.1642871554172	5.735847410494643	1
GSE264344	external	SRR28740199	GSE264344_design__T=Blood__H=72__B=NA__G=delivery_ad26__VS=baseline_0	delivery_ad26__vs__baseline_0	baseline_0	Blood	72	SRR28740199	CONTROL	154.77387372136928	0.4345021731135083	1
GSE264344	external	SRR28740200	GSE264344_design__T=Blood__H=72__B=NA__G=delivery_ad26__VS=baseline_0	delivery_ad26__vs__baseline_0	baseline_0	Blood	72	SRR28740200	CONTROL	211.47646111802376	0.5936853534050238	1
GSE264344	external	SRR28740201	GSE264344_design__T=Blood__H=72__B=NA__G=delivery_ad26__VS=baseline_0	delivery_ad26__vs__baseline_0	baseline_0	Blood	72	SRR28740201	CONTROL	175.2976091587008	0.4921191819374984	1
GSE264344	external	SRR28740202	GSE264344_design__T=Blood__H=72__B=NA__G=delivery_ad26__VS=baseline_0	delivery_ad26__vs__baseline_0	baseline_0	Blood	72	SRR28740202	CONTROL	275.87186525972623	0.7744648503921127	1
GSE264344	external	SRR28740203	GSE264344_design__T=Blood__H=72__B=NA__G=delivery_ad26__VS=baseline_0	delivery_ad26__vs__baseline_0	baseline_0	Blood	72	SRR28740203	CONTROL	192.41811926777868	0.5401821958580387	1
GSE264344	external	SRR28740151	GSE264344_design__T=Blood__H=72__B=NA__G=delivery_ad26__VS=baseline_0	delivery_ad26__vs__baseline_0	baseline_0	Blood	72	SRR28740151	DELIVERY	284.03193116428804	0.7973728921890405	1
GSE264344	external	SRR28740152	GSE264344_design__T=Blood__H=72__B=NA__G=delivery_ad26__VS=baseline_0	delivery_ad26__vs__baseline_0	baseline_0	Blood	72	SRR28740152	DELIVERY	205.29475712538937	0.5763312370172705	1
GSE264344	external	SRR28740153	GSE264344_design__T=Blood__H=72__B=NA__G=delivery_ad26__VS=baseline_0	delivery_ad26__vs__baseline_0	baseline_0	Blood	72	SRR28740153	DELIVERY	217.1676703497093	0.6096624864918571	1
GSE264344	external	SRR28740209	GSE264344_design__T=Blood__H=72__B=NA__G=delivery_ad26__VS=baseline_0	delivery_ad26__vs__baseline_0	baseline_0	Blood	72	SRR28740209	DELIVERY	154.97882297361903	0.4350775344024608	1
GSE264344	external	SRR28740210	GSE264344_design__T=Blood__H=72__B=NA__G=delivery_ad26__VS=baseline_0	delivery_ad26__vs__baseline_0	baseline_0	Blood	72	SRR28740210	DELIVERY	303.5652321957525	0.8522094194541704	1
GSE264344	external	SRR28740199	GSE264344_design__T=Blood__H=72__B=NA__G=delivery_ad5__VS=baseline_0	delivery_ad5__vs__baseline_0	baseline_0	Blood	72	SRR28740199	CONTROL	154.77387372136928	0.4345021731135083	1
GSE264344	external	SRR28740200	GSE264344_design__T=Blood__H=72__B=NA__G=delivery_ad5__VS=baseline_0	delivery_ad5__vs__baseline_0	baseline_0	Blood	72	SRR28740200	CONTROL	211.47646111802376	0.5936853534050238	1
GSE264344	external	SRR28740201	GSE264344_design__T=Blood__H=72__B=NA__G=delivery_ad5__VS=baseline_0	delivery_ad5__vs__baseline_0	baseline_0	Blood	72	SRR28740201	CONTROL	175.2976091587008	0.4921191819374984	1
GSE264344	external	SRR28740202	GSE264344_design__T=Blood__H=72__B=NA__G=delivery_ad5__VS=baseline_0	delivery_ad5__vs__baseline_0	baseline_0	Blood	72	SRR28740202	CONTROL	275.87186525972623	0.7744648503921127	1
GSE264344	external	SRR28740203	GSE264344_design__T=Blood__H=72__B=NA__G=delivery_ad5__VS=baseline_0	delivery_ad5__vs__baseline_0	baseline_0	Blood	72	SRR28740203	CONTROL	192.41811926777868	0.5401821958580387	1
GSE264344	external	SRR28740204	GSE264344_design__T=Blood__H=72__B=NA__G=delivery_ad5__VS=baseline_0	delivery_ad5__vs__baseline_0	baseline_0	Blood	72	SRR28740204	DELIVERY	239.07839035555105	0.6711732261801241	1
GSE264344	external	SRR28740205	GSE264344_design__T=Blood__H=72__B=NA__G=delivery_ad5__VS=baseline_0	delivery_ad5__vs__baseline_0	baseline_0	Blood	72	SRR28740205	DELIVERY	282.53330365926405	0.7931657421580679	1
GSE264344	external	SRR28740206	GSE264344_design__T=Blood__H=72__B=NA__G=delivery_ad5__VS=baseline_0	delivery_ad5__vs__baseline_0	baseline_0	Blood	72	SRR28740206	DELIVERY	289.48149921499675	0.8126716574368857	1
GSE264344	external	SRR28740207	GSE264344_design__T=Blood__H=72__B=NA__G=delivery_ad5__VS=baseline_0	delivery_ad5__vs__baseline_0	baseline_0	Blood	72	SRR28740207	DELIVERY	338.78058981865763	0.951070739173204	1
GSE264344	external	SRR28740208	GSE264344_design__T=Blood__H=72__B=NA__G=delivery_ad5__VS=baseline_0	delivery_ad5__vs__baseline_0	baseline_0	Blood	72	SRR28740208	DELIVERY	334.34869235611075	0.938628916582658	1
GSE264344	anchor	SRR28740124	GSE264344_design__T=dLN__H=1__B=NA__G=delivery_ad26__VS=baseline_0	delivery_ad26__vs__baseline_0	baseline_0	dLN	1	SRR28740124	CONTROL	192.64946946966705	0.5408316734672359	1
GSE264344	anchor	SRR28740125	GSE264344_design__T=dLN__H=1__B=NA__G=delivery_ad26__VS=baseline_0	delivery_ad26__vs__baseline_0	baseline_0	dLN	1	SRR28740125	CONTROL	532.5913402703566	1.4951625178387928	1
GSE264344	anchor	SRR28740126	GSE264344_design__T=dLN__H=1__B=NA__G=delivery_ad26__VS=baseline_0	delivery_ad26__vs__baseline_0	baseline_0	dLN	1	SRR28740126	CONTROL	208.87079412682743	0.5863703722466205	1
GSE264344	anchor	SRR28740127	GSE264344_design__T=dLN__H=1__B=NA__G=delivery_ad26__VS=baseline_0	delivery_ad26__vs__baseline_0	baseline_0	dLN	1	SRR28740127	CONTROL	222.26063062391617	0.623960134108453	1
GSE264344	anchor	SRR28740128	GSE264344_design__T=dLN__H=1__B=NA__G=delivery_ad26__VS=baseline_0	delivery_ad26__vs__baseline_0	baseline_0	dLN	1	SRR28740128	CONTROL	168.02057113001632	0.47169009554669566	1
GSE264344	anchor	SRR28740272	GSE264344_design__T=dLN__H=1__B=NA__G=delivery_ad26__VS=baseline_0	delivery_ad26__vs__baseline_0	baseline_0	dLN	1	SRR28740272	DELIVERY	288.0820101568828	0.808742822276413	1
GSE264344	anchor	SRR28740274	GSE264344_design__T=dLN__H=1__B=NA__G=delivery_ad26__VS=baseline_0	delivery_ad26__vs__baseline_0	baseline_0	dLN	1	SRR28740274	DELIVERY	356.38395706233604	1.000489295015923	1
GSE264344	anchor	SRR28740276	GSE264344_design__T=dLN__H=1__B=NA__G=delivery_ad26__VS=baseline_0	delivery_ad26__vs__baseline_0	baseline_0	dLN	1	SRR28740276	DELIVERY	335.8551943324391	0.9428581728955991	1
GSE264344	anchor	SRR28740278	GSE264344_design__T=dLN__H=1__B=NA__G=delivery_ad26__VS=baseline_0	delivery_ad26__vs__baseline_0	baseline_0	dLN	1	SRR28740278	DELIVERY	322.08454568251943	0.9041993436002606	1
GSE264344	anchor	SRR28740280	GSE264344_design__T=dLN__H=1__B=NA__G=delivery_ad26__VS=baseline_0	delivery_ad26__vs__baseline_0	baseline_0	dLN	1	SRR28740280	DELIVERY	680.1036403036388	1.9092790181521375	1
GSE264344	anchor	SRR28740124	GSE264344_design__T=dLN__H=1__B=NA__G=delivery_ad5__VS=baseline_0	delivery_ad5__vs__baseline_0	baseline_0	dLN	1	SRR28740124	CONTROL	192.64946946966705	0.5408316734672359	1
GSE264344	anchor	SRR28740125	GSE264344_design__T=dLN__H=1__B=NA__G=delivery_ad5__VS=baseline_0	delivery_ad5__vs__baseline_0	baseline_0	dLN	1	SRR28740125	CONTROL	532.5913402703566	1.4951625178387928	1
GSE264344	anchor	SRR28740126	GSE264344_design__T=dLN__H=1__B=NA__G=delivery_ad5__VS=baseline_0	delivery_ad5__vs__baseline_0	baseline_0	dLN	1	SRR28740126	CONTROL	208.87079412682743	0.5863703722466205	1
GSE264344	anchor	SRR28740127	GSE264344_design__T=dLN__H=1__B=NA__G=delivery_ad5__VS=baseline_0	delivery_ad5__vs__baseline_0	baseline_0	dLN	1	SRR28740127	CONTROL	222.26063062391617	0.623960134108453	1
GSE264344	anchor	SRR28740128	GSE264344_design__T=dLN__H=1__B=NA__G=delivery_ad5__VS=baseline_0	delivery_ad5__vs__baseline_0	baseline_0	dLN	1	SRR28740128	CONTROL	168.02057113001632	0.47169009554669566	1
GSE264344	anchor	SRR28740242	GSE264344_design__T=dLN__H=1__B=NA__G=delivery_ad5__VS=baseline_0	delivery_ad5__vs__baseline_0	baseline_0	dLN	1	SRR28740242	DELIVERY	337.3034853181403	0.9469240114344778	1
GSE264344	anchor	SRR28740244	GSE264344_design__T=dLN__H=1__B=NA__G=delivery_ad5__VS=baseline_0	delivery_ad5__vs__baseline_0	baseline_0	dLN	1	SRR28740244	DELIVERY	439.6945620894255	1.2343701048536215	1
GSE264344	anchor	SRR28740246	GSE264344_design__T=dLN__H=1__B=NA__G=delivery_ad5__VS=baseline_0	delivery_ad5__vs__baseline_0	baseline_0	dLN	1	SRR28740246	DELIVERY	448.2384790684706	1.2583557453563567	1
GSE264344	anchor	SRR28740248	GSE264344_design__T=dLN__H=1__B=NA__G=delivery_ad5__VS=baseline_0	delivery_ad5__vs__baseline_0	baseline_0	dLN	1	SRR28740248	DELIVERY	353.3154180929003	0.991874876972064	1
GSE264344	anchor	SRR28740250	GSE264344_design__T=dLN__H=1__B=NA__G=delivery_ad5__VS=baseline_0	delivery_ad5__vs__baseline_0	baseline_0	dLN	1	SRR28740250	DELIVERY	385.6614586148648	1.082681061249086	1
GSE264344	anchor	SRR28740124	GSE264344_design__T=dLN__H=12__B=NA__G=delivery_ad26__VS=baseline_0	delivery_ad26__vs__baseline_0	baseline_0	dLN	12	SRR28740124	CONTROL	192.64946946966705	0.5408316734672359	1
GSE264344	anchor	SRR28740125	GSE264344_design__T=dLN__H=12__B=NA__G=delivery_ad26__VS=baseline_0	delivery_ad26__vs__baseline_0	baseline_0	dLN	12	SRR28740125	CONTROL	532.5913402703566	1.4951625178387928	1
GSE264344	anchor	SRR28740126	GSE264344_design__T=dLN__H=12__B=NA__G=delivery_ad26__VS=baseline_0	delivery_ad26__vs__baseline_0	baseline_0	dLN	12	SRR28740126	CONTROL	208.87079412682743	0.5863703722466205	1
GSE264344	anchor	SRR28740127	GSE264344_design__T=dLN__H=12__B=NA__G=delivery_ad26__VS=baseline_0	delivery_ad26__vs__baseline_0	baseline_0	dLN	12	SRR28740127	CONTROL	222.26063062391617	0.623960134108453	1
GSE264344	anchor	SRR28740128	GSE264344_design__T=dLN__H=12__B=NA__G=delivery_ad26__VS=baseline_0	delivery_ad26__vs__baseline_0	baseline_0	dLN	12	SRR28740128	CONTROL	168.02057113001632	0.47169009554669566	1
GSE264344	anchor	SRR28740177	GSE264344_design__T=dLN__H=12__B=NA__G=delivery_ad26__VS=baseline_0	delivery_ad26__vs__baseline_0	baseline_0	dLN	12	SRR28740177	DELIVERY	2177.775842788082	6.113747194497449	1
GSE264344	anchor	SRR28740178	GSE264344_design__T=dLN__H=12__B=NA__G=delivery_ad26__VS=baseline_0	delivery_ad26__vs__baseline_0	baseline_0	dLN	12	SRR28740178	DELIVERY	2231.922983843962	6.265756379839787	1
GSE264344	anchor	SRR28740179	GSE264344_design__T=dLN__H=12__B=NA__G=delivery_ad26__VS=baseline_0	delivery_ad26__vs__baseline_0	baseline_0	dLN	12	SRR28740179	DELIVERY	2225.5141144222944	6.247764533903771	1
GSE264344	anchor	SRR28740180	GSE264344_design__T=dLN__H=12__B=NA__G=delivery_ad26__VS=baseline_0	delivery_ad26__vs__baseline_0	baseline_0	dLN	12	SRR28740180	DELIVERY	2195.799087769694	6.164344487973254	1
GSE264344	anchor	SRR28740181	GSE264344_design__T=dLN__H=12__B=NA__G=delivery_ad26__VS=baseline_0	delivery_ad26__vs__baseline_0	baseline_0	dLN	12	SRR28740181	DELIVERY	2328.131291912659	6.535845367873244	1
GSE264344	anchor	SRR28740124	GSE264344_design__T=dLN__H=12__B=NA__G=delivery_ad5__VS=baseline_0	delivery_ad5__vs__baseline_0	baseline_0	dLN	12	SRR28740124	CONTROL	192.64946946966705	0.5408316734672359	1
GSE264344	anchor	SRR28740125	GSE264344_design__T=dLN__H=12__B=NA__G=delivery_ad5__VS=baseline_0	delivery_ad5__vs__baseline_0	baseline_0	dLN	12	SRR28740125	CONTROL	532.5913402703566	1.4951625178387928	1
GSE264344	anchor	SRR28740126	GSE264344_design__T=dLN__H=12__B=NA__G=delivery_ad5__VS=baseline_0	delivery_ad5__vs__baseline_0	baseline_0	dLN	12	SRR28740126	CONTROL	208.87079412682743	0.5863703722466205	1
GSE264344	anchor	SRR28740127	GSE264344_design__T=dLN__H=12__B=NA__G=delivery_ad5__VS=baseline_0	delivery_ad5__vs__baseline_0	baseline_0	dLN	12	SRR28740127	CONTROL	222.26063062391617	0.623960134108453	1
GSE264344	anchor	SRR28740128	GSE264344_design__T=dLN__H=12__B=NA__G=delivery_ad5__VS=baseline_0	delivery_ad5__vs__baseline_0	baseline_0	dLN	12	SRR28740128	CONTROL	168.02057113001632	0.47169009554669566	1
GSE264344	anchor	SRR28740118	GSE264344_design__T=dLN__H=12__B=NA__G=delivery_ad5__VS=baseline_0	delivery_ad5__vs__baseline_0	baseline_0	dLN	12	SRR28740118	DELIVERY	1875.4587471732937	5.265041713038314	1
GSE264344	anchor	SRR28740173	GSE264344_design__T=dLN__H=12__B=NA__G=delivery_ad5__VS=baseline_0	delivery_ad5__vs__baseline_0	baseline_0	dLN	12	SRR28740173	DELIVERY	2074.1850735530857	5.822933161968058	1
GSE264344	anchor	SRR28740174	GSE264344_design__T=dLN__H=12__B=NA__G=delivery_ad5__VS=baseline_0	delivery_ad5__vs__baseline_0	baseline_0	dLN	12	SRR28740174	DELIVERY	2145.3591429083203	6.022742645704661	1
GSE264344	anchor	SRR28740175	GSE264344_design__T=dLN__H=12__B=NA__G=delivery_ad5__VS=baseline_0	delivery_ad5__vs__baseline_0	baseline_0	dLN	12	SRR28740175	DELIVERY	1932.9942936256457	5.426563288765138	1
GSE264344	anchor	SRR28740176	GSE264344_design__T=dLN__H=12__B=NA__G=delivery_ad5__VS=baseline_0	delivery_ad5__vs__baseline_0	baseline_0	dLN	12	SRR28740176	DELIVERY	2212.7229638393355	6.211855484196047	1
GSE264344	anchor	SRR28740124	GSE264344_design__T=dLN__H=24__B=NA__G=delivery_ad26__VS=baseline_0	delivery_ad26__vs__baseline_0	baseline_0	dLN	24	SRR28740124	CONTROL	192.64946946966705	0.5408316734672359	1
GSE264344	anchor	SRR28740125	GSE264344_design__T=dLN__H=24__B=NA__G=delivery_ad26__VS=baseline_0	delivery_ad26__vs__baseline_0	baseline_0	dLN	24	SRR28740125	CONTROL	532.5913402703566	1.4951625178387928	1
GSE264344	anchor	SRR28740126	GSE264344_design__T=dLN__H=24__B=NA__G=delivery_ad26__VS=baseline_0	delivery_ad26__vs__baseline_0	baseline_0	dLN	24	SRR28740126	CONTROL	208.87079412682743	0.5863703722466205	1
GSE264344	anchor	SRR28740127	GSE264344_design__T=dLN__H=24__B=NA__G=delivery_ad26__VS=baseline_0	delivery_ad26__vs__baseline_0	baseline_0	dLN	24	SRR28740127	CONTROL	222.26063062391617	0.623960134108453	1
GSE264344	anchor	SRR28740128	GSE264344_design__T=dLN__H=24__B=NA__G=delivery_ad26__VS=baseline_0	delivery_ad26__vs__baseline_0	baseline_0	dLN	24	SRR28740128	CONTROL	168.02057113001632	0.47169009554669566	1
GSE264344	anchor	SRR28740214	GSE264344_design__T=dLN__H=24__B=NA__G=delivery_ad26__VS=baseline_0	delivery_ad26__vs__baseline_0	baseline_0	dLN	24	SRR28740214	DELIVERY	1564.232307453795	4.391324714574176	1
GSE264344	anchor	SRR28740216	GSE264344_design__T=dLN__H=24__B=NA__G=delivery_ad26__VS=baseline_0	delivery_ad26__vs__baseline_0	baseline_0	dLN	24	SRR28740216	DELIVERY	1705.4871753263706	4.787874504133533	1
GSE264344	anchor	SRR28740218	GSE264344_design__T=dLN__H=24__B=NA__G=delivery_ad26__VS=baseline_0	delivery_ad26__vs__baseline_0	baseline_0	dLN	24	SRR28740218	DELIVERY	1801.3867851854372	5.057096872758328	1
GSE264344	anchor	SRR28740220	GSE264344_design__T=dLN__H=24__B=NA__G=delivery_ad26__VS=baseline_0	delivery_ad26__vs__baseline_0	baseline_0	dLN	24	SRR28740220	DELIVERY	1450.757000360277	4.072761469102799	1
GSE264344	anchor	SRR28740222	GSE264344_design__T=dLN__H=24__B=NA__G=delivery_ad26__VS=baseline_0	delivery_ad26__vs__baseline_0	baseline_0	dLN	24	SRR28740222	DELIVERY	1481.900694017852	4.160192262476612	1
GSE264344	anchor	SRR28740124	GSE264344_design__T=dLN__H=24__B=NA__G=delivery_ad5__VS=baseline_0	delivery_ad5__vs__baseline_0	baseline_0	dLN	24	SRR28740124	CONTROL	192.64946946966705	0.5408316734672359	1
GSE264344	anchor	SRR28740125	GSE264344_design__T=dLN__H=24__B=NA__G=delivery_ad5__VS=baseline_0	delivery_ad5__vs__baseline_0	baseline_0	dLN	24	SRR28740125	CONTROL	532.5913402703566	1.4951625178387928	1
GSE264344	anchor	SRR28740126	GSE264344_design__T=dLN__H=24__B=NA__G=delivery_ad5__VS=baseline_0	delivery_ad5__vs__baseline_0	baseline_0	dLN	24	SRR28740126	CONTROL	208.87079412682743	0.5863703722466205	1
GSE264344	anchor	SRR28740127	GSE264344_design__T=dLN__H=24__B=NA__G=delivery_ad5__VS=baseline_0	delivery_ad5__vs__baseline_0	baseline_0	dLN	24	SRR28740127	CONTROL	222.26063062391617	0.623960134108453	1
GSE264344	anchor	SRR28740128	GSE264344_design__T=dLN__H=24__B=NA__G=delivery_ad5__VS=baseline_0	delivery_ad5__vs__baseline_0	baseline_0	dLN	24	SRR28740128	CONTROL	168.02057113001632	0.47169009554669566	1
GSE264344	anchor	SRR28740144	GSE264344_design__T=dLN__H=24__B=NA__G=delivery_ad5__VS=baseline_0	delivery_ad5__vs__baseline_0	baseline_0	dLN	24	SRR28740144	DELIVERY	1339.1118246475114	3.7593360162245824	1
GSE264344	anchor	SRR28740146	GSE264344_design__T=dLN__H=24__B=NA__G=delivery_ad5__VS=baseline_0	delivery_ad5__vs__baseline_0	baseline_0	dLN	24	SRR28740146	DELIVERY	1396.728717936888	3.9210859598058336	1
GSE264344	anchor	SRR28740148	GSE264344_design__T=dLN__H=24__B=NA__G=delivery_ad5__VS=baseline_0	delivery_ad5__vs__baseline_0	baseline_0	dLN	24	SRR28740148	DELIVERY	1457.1701891795678	4.090765441036625	1
GSE264344	anchor	SRR28740150	GSE264344_design__T=dLN__H=24__B=NA__G=delivery_ad5__VS=baseline_0	delivery_ad5__vs__baseline_0	baseline_0	dLN	24	SRR28740150	DELIVERY	1379.5808723594832	3.8729462060576623	1
GSE264344	anchor	SRR28740212	GSE264344_design__T=dLN__H=24__B=NA__G=delivery_ad5__VS=baseline_0	delivery_ad5__vs__baseline_0	baseline_0	dLN	24	SRR28740212	DELIVERY	1388.4092356877406	3.89773038286304	1
GSE264344	anchor	SRR28740124	GSE264344_design__T=dLN__H=3__B=NA__G=delivery_ad26__VS=baseline_0	delivery_ad26__vs__baseline_0	baseline_0	dLN	3	SRR28740124	CONTROL	192.64946946966705	0.5408316734672359	1
GSE264344	anchor	SRR28740125	GSE264344_design__T=dLN__H=3__B=NA__G=delivery_ad26__VS=baseline_0	delivery_ad26__vs__baseline_0	baseline_0	dLN	3	SRR28740125	CONTROL	532.5913402703566	1.4951625178387928	1
GSE264344	anchor	SRR28740126	GSE264344_design__T=dLN__H=3__B=NA__G=delivery_ad26__VS=baseline_0	delivery_ad26__vs__baseline_0	baseline_0	dLN	3	SRR28740126	CONTROL	208.87079412682743	0.5863703722466205	1
GSE264344	anchor	SRR28740127	GSE264344_design__T=dLN__H=3__B=NA__G=delivery_ad26__VS=baseline_0	delivery_ad26__vs__baseline_0	baseline_0	dLN	3	SRR28740127	CONTROL	222.26063062391617	0.623960134108453	1
GSE264344	anchor	SRR28740128	GSE264344_design__T=dLN__H=3__B=NA__G=delivery_ad26__VS=baseline_0	delivery_ad26__vs__baseline_0	baseline_0	dLN	3	SRR28740128	CONTROL	168.02057113001632	0.47169009554669566	1
GSE264344	anchor	SRR28740271	GSE264344_design__T=dLN__H=3__B=NA__G=delivery_ad26__VS=baseline_0	delivery_ad26__vs__baseline_0	baseline_0	dLN	3	SRR28740271	DELIVERY	2042.198233706613	5.733135374459383	1
GSE264344	anchor	SRR28740273	GSE264344_design__T=dLN__H=3__B=NA__G=delivery_ad26__VS=baseline_0	delivery_ad26__vs__baseline_0	baseline_0	dLN	3	SRR28740273	DELIVERY	1769.7513982416183	4.968285731421118	1
GSE264344	anchor	SRR28740275	GSE264344_design__T=dLN__H=3__B=NA__G=delivery_ad26__VS=baseline_0	delivery_ad26__vs__baseline_0	baseline_0	dLN	3	SRR28740275	DELIVERY	2109.8526630547417	5.923064048244702	1
GSE264344	anchor	SRR28740277	GSE264344_design__T=dLN__H=3__B=NA__G=delivery_ad26__VS=baseline_0	delivery_ad26__vs__baseline_0	baseline_0	dLN	3	SRR28740277	DELIVERY	1755.2011420585409	4.927438282307795	1
GSE264344	anchor	SRR28740279	GSE264344_design__T=dLN__H=3__B=NA__G=delivery_ad26__VS=baseline_0	delivery_ad26__vs__baseline_0	baseline_0	dLN	3	SRR28740279	DELIVERY	1409.517304015358	3.9569878100893496	1
GSE264344	anchor	SRR28740124	GSE264344_design__T=dLN__H=3__B=NA__G=delivery_ad5__VS=baseline_0	delivery_ad5__vs__baseline_0	baseline_0	dLN	3	SRR28740124	CONTROL	192.64946946966705	0.5408316734672359	1
GSE264344	anchor	SRR28740125	GSE264344_design__T=dLN__H=3__B=NA__G=delivery_ad5__VS=baseline_0	delivery_ad5__vs__baseline_0	baseline_0	dLN	3	SRR28740125	CONTROL	532.5913402703566	1.4951625178387928	1
GSE264344	anchor	SRR28740126	GSE264344_design__T=dLN__H=3__B=NA__G=delivery_ad5__VS=baseline_0	delivery_ad5__vs__baseline_0	baseline_0	dLN	3	SRR28740126	CONTROL	208.87079412682743	0.5863703722466205	1
GSE264344	anchor	SRR28740127	GSE264344_design__T=dLN__H=3__B=NA__G=delivery_ad5__VS=baseline_0	delivery_ad5__vs__baseline_0	baseline_0	dLN	3	SRR28740127	CONTROL	222.26063062391617	0.623960134108453	1
GSE264344	anchor	SRR28740128	GSE264344_design__T=dLN__H=3__B=NA__G=delivery_ad5__VS=baseline_0	delivery_ad5__vs__baseline_0	baseline_0	dLN	3	SRR28740128	CONTROL	168.02057113001632	0.47169009554669566	1
GSE264344	anchor	SRR28740241	GSE264344_design__T=dLN__H=3__B=NA__G=delivery_ad5__VS=baseline_0	delivery_ad5__vs__baseline_0	baseline_0	dLN	3	SRR28740241	DELIVERY	1355.4658923526642	3.805247369260345	1
GSE264344	anchor	SRR28740243	GSE264344_design__T=dLN__H=3__B=NA__G=delivery_ad5__VS=baseline_0	delivery_ad5__vs__baseline_0	baseline_0	dLN	3	SRR28740243	DELIVERY	1485.3595654628134	4.169902474692801	1
GSE264344	anchor	SRR28740245	GSE264344_design__T=dLN__H=3__B=NA__G=delivery_ad5__VS=baseline_0	delivery_ad5__vs__baseline_0	baseline_0	dLN	3	SRR28740245	DELIVERY	844.5325357521683	2.3708860754495324	1
GSE264344	anchor	SRR28740247	GSE264344_design__T=dLN__H=3__B=NA__G=delivery_ad5__VS=baseline_0	delivery_ad5__vs__baseline_0	baseline_0	dLN	3	SRR28740247	DELIVERY	1216.658801055296	3.415569309506876	1
GSE264344	anchor	SRR28740249	GSE264344_design__T=dLN__H=3__B=NA__G=delivery_ad5__VS=baseline_0	delivery_ad5__vs__baseline_0	baseline_0	dLN	3	SRR28740249	DELIVERY	1342.887057947609	3.769934362272675	1
GSE264344	anchor	SRR28740124	GSE264344_design__T=dLN__H=6__B=NA__G=delivery_ad26__VS=baseline_0	delivery_ad26__vs__baseline_0	baseline_0	dLN	6	SRR28740124	CONTROL	192.64946946966705	0.5408316734672359	1
GSE264344	anchor	SRR28740125	GSE264344_design__T=dLN__H=6__B=NA__G=delivery_ad26__VS=baseline_0	delivery_ad26__vs__baseline_0	baseline_0	dLN	6	SRR28740125	CONTROL	532.5913402703566	1.4951625178387928	1
GSE264344	anchor	SRR28740126	GSE264344_design__T=dLN__H=6__B=NA__G=delivery_ad26__VS=baseline_0	delivery_ad26__vs__baseline_0	baseline_0	dLN	6	SRR28740126	CONTROL	208.87079412682743	0.5863703722466205	1
GSE264344	anchor	SRR28740127	GSE264344_design__T=dLN__H=6__B=NA__G=delivery_ad26__VS=baseline_0	delivery_ad26__vs__baseline_0	baseline_0	dLN	6	SRR28740127	CONTROL	222.26063062391617	0.623960134108453	1
GSE264344	anchor	SRR28740128	GSE264344_design__T=dLN__H=6__B=NA__G=delivery_ad26__VS=baseline_0	delivery_ad26__vs__baseline_0	baseline_0	dLN	6	SRR28740128	CONTROL	168.02057113001632	0.47169009554669566	1
GSE264344	anchor	SRR28740213	GSE264344_design__T=dLN__H=6__B=NA__G=delivery_ad26__VS=baseline_0	delivery_ad26__vs__baseline_0	baseline_0	dLN	6	SRR28740213	DELIVERY	2316.5560531389374	6.50334979041846	1
GSE264344	anchor	SRR28740215	GSE264344_design__T=dLN__H=6__B=NA__G=delivery_ad26__VS=baseline_0	delivery_ad26__vs__baseline_0	baseline_0	dLN	6	SRR28740215	DELIVERY	2236.2704926011943	6.277961295031405	1
GSE264344	anchor	SRR28740217	GSE264344_design__T=dLN__H=6__B=NA__G=delivery_ad26__VS=baseline_0	delivery_ad26__vs__baseline_0	baseline_0	dLN	6	SRR28740217	DELIVERY	2320.575218348693	6.514632935149235	1
GSE264344	anchor	SRR28740219	GSE264344_design__T=dLN__H=6__B=NA__G=delivery_ad26__VS=baseline_0	delivery_ad26__vs__baseline_0	baseline_0	dLN	6	SRR28740219	DELIVERY	2335.183117831132	6.555642208336839	1
GSE264344	anchor	SRR28740221	GSE264344_design__T=dLN__H=6__B=NA__G=delivery_ad26__VS=baseline_0	delivery_ad26__vs__baseline_0	baseline_0	dLN	6	SRR28740221	DELIVERY	2274.783865309332	6.386081249215286	1
GSE264344	anchor	SRR28740124	GSE264344_design__T=dLN__H=6__B=NA__G=delivery_ad5__VS=baseline_0	delivery_ad5__vs__baseline_0	baseline_0	dLN	6	SRR28740124	CONTROL	192.64946946966705	0.5408316734672359	1
GSE264344	anchor	SRR28740125	GSE264344_design__T=dLN__H=6__B=NA__G=delivery_ad5__VS=baseline_0	delivery_ad5__vs__baseline_0	baseline_0	dLN	6	SRR28740125	CONTROL	532.5913402703566	1.4951625178387928	1
GSE264344	anchor	SRR28740126	GSE264344_design__T=dLN__H=6__B=NA__G=delivery_ad5__VS=baseline_0	delivery_ad5__vs__baseline_0	baseline_0	dLN	6	SRR28740126	CONTROL	208.87079412682743	0.5863703722466205	1
GSE264344	anchor	SRR28740127	GSE264344_design__T=dLN__H=6__B=NA__G=delivery_ad5__VS=baseline_0	delivery_ad5__vs__baseline_0	baseline_0	dLN	6	SRR28740127	CONTROL	222.26063062391617	0.623960134108453	1
GSE264344	anchor	SRR28740128	GSE264344_design__T=dLN__H=6__B=NA__G=delivery_ad5__VS=baseline_0	delivery_ad5__vs__baseline_0	baseline_0	dLN	6	SRR28740128	CONTROL	168.02057113001632	0.47169009554669566	1
GSE264344	anchor	SRR28740143	GSE264344_design__T=dLN__H=6__B=NA__G=delivery_ad5__VS=baseline_0	delivery_ad5__vs__baseline_0	baseline_0	dLN	6	SRR28740143	DELIVERY	1906.6397091136164	5.352577130981202	1
GSE264344	anchor	SRR28740145	GSE264344_design__T=dLN__H=6__B=NA__G=delivery_ad5__VS=baseline_0	delivery_ad5__vs__baseline_0	baseline_0	dLN	6	SRR28740145	DELIVERY	2270.9672826561505	6.375366821664936	1
GSE264344	anchor	SRR28740147	GSE264344_design__T=dLN__H=6__B=NA__G=delivery_ad5__VS=baseline_0	delivery_ad5__vs__baseline_0	baseline_0	dLN	6	SRR28740147	DELIVERY	2209.649177561975	6.203226335198949	1
GSE264344	anchor	SRR28740149	GSE264344_design__T=dLN__H=6__B=NA__G=delivery_ad5__VS=baseline_0	delivery_ad5__vs__baseline_0	baseline_0	dLN	6	SRR28740149	DELIVERY	2084.0870989141613	5.8507314681948435	1
GSE264344	anchor	SRR28740211	GSE264344_design__T=dLN__H=6__B=NA__G=delivery_ad5__VS=baseline_0	delivery_ad5__vs__baseline_0	baseline_0	dLN	6	SRR28740211	DELIVERY	2271.9981273291182	6.378260748396738	1
GSE264344	external	SRR28740124	GSE264344_design__T=dLN__H=72__B=NA__G=delivery_ad26__VS=baseline_0	delivery_ad26__vs__baseline_0	baseline_0	dLN	72	SRR28740124	CONTROL	192.64946946966705	0.5408316734672359	1
GSE264344	external	SRR28740125	GSE264344_design__T=dLN__H=72__B=NA__G=delivery_ad26__VS=baseline_0	delivery_ad26__vs__baseline_0	baseline_0	dLN	72	SRR28740125	CONTROL	532.5913402703566	1.4951625178387928	1
GSE264344	external	SRR28740126	GSE264344_design__T=dLN__H=72__B=NA__G=delivery_ad26__VS=baseline_0	delivery_ad26__vs__baseline_0	baseline_0	dLN	72	SRR28740126	CONTROL	208.87079412682743	0.5863703722466205	1
GSE264344	external	SRR28740127	GSE264344_design__T=dLN__H=72__B=NA__G=delivery_ad26__VS=baseline_0	delivery_ad26__vs__baseline_0	baseline_0	dLN	72	SRR28740127	CONTROL	222.26063062391617	0.623960134108453	1
GSE264344	external	SRR28740128	GSE264344_design__T=dLN__H=72__B=NA__G=delivery_ad26__VS=baseline_0	delivery_ad26__vs__baseline_0	baseline_0	dLN	72	SRR28740128	CONTROL	168.02057113001632	0.47169009554669566	1
GSE264344	external	SRR28740194	GSE264344_design__T=dLN__H=72__B=NA__G=delivery_ad26__VS=baseline_0	delivery_ad26__vs__baseline_0	baseline_0	dLN	72	SRR28740194	DELIVERY	444.76769399408454	1.248612087586664	1
GSE264344	external	SRR28740195	GSE264344_design__T=dLN__H=72__B=NA__G=delivery_ad26__VS=baseline_0	delivery_ad26__vs__baseline_0	baseline_0	dLN	72	SRR28740195	DELIVERY	445.73113144870666	1.2513167796488776	1
GSE264344	external	SRR28740196	GSE264344_design__T=dLN__H=72__B=NA__G=delivery_ad26__VS=baseline_0	delivery_ad26__vs__baseline_0	baseline_0	dLN	72	SRR28740196	DELIVERY	376.2230854038021	1.056184382111586	1
GSE264344	external	SRR28740197	GSE264344_design__T=dLN__H=72__B=NA__G=delivery_ad26__VS=baseline_0	delivery_ad26__vs__baseline_0	baseline_0	dLN	72	SRR28740197	DELIVERY	379.12258718428774	1.064324256072714	1
GSE264344	external	SRR28740198	GSE264344_design__T=dLN__H=72__B=NA__G=delivery_ad26__VS=baseline_0	delivery_ad26__vs__baseline_0	baseline_0	dLN	72	SRR28740198	DELIVERY	379.029592934732	1.064063190024889	1
GSE264344	external	SRR28740124	GSE264344_design__T=dLN__H=72__B=NA__G=delivery_ad5__VS=baseline_0	delivery_ad5__vs__baseline_0	baseline_0	dLN	72	SRR28740124	CONTROL	192.64946946966705	0.5408316734672359	1
GSE264344	external	SRR28740125	GSE264344_design__T=dLN__H=72__B=NA__G=delivery_ad5__VS=baseline_0	delivery_ad5__vs__baseline_0	baseline_0	dLN	72	SRR28740125	CONTROL	532.5913402703566	1.4951625178387928	1
GSE264344	external	SRR28740126	GSE264344_design__T=dLN__H=72__B=NA__G=delivery_ad5__VS=baseline_0	delivery_ad5__vs__baseline_0	baseline_0	dLN	72	SRR28740126	CONTROL	208.87079412682743	0.5863703722466205	1
GSE264344	external	SRR28740127	GSE264344_design__T=dLN__H=72__B=NA__G=delivery_ad5__VS=baseline_0	delivery_ad5__vs__baseline_0	baseline_0	dLN	72	SRR28740127	CONTROL	222.26063062391617	0.623960134108453	1
GSE264344	external	SRR28740128	GSE264344_design__T=dLN__H=72__B=NA__G=delivery_ad5__VS=baseline_0	delivery_ad5__vs__baseline_0	baseline_0	dLN	72	SRR28740128	CONTROL	168.02057113001632	0.47169009554669566	1
GSE264344	external	SRR28740129	GSE264344_design__T=dLN__H=72__B=NA__G=delivery_ad5__VS=baseline_0	delivery_ad5__vs__baseline_0	baseline_0	dLN	72	SRR28740129	DELIVERY	344.8081262476501	0.9679920555035872	1
GSE264344	external	SRR28740130	GSE264344_design__T=dLN__H=72__B=NA__G=delivery_ad5__VS=baseline_0	delivery_ad5__vs__baseline_0	baseline_0	dLN	72	SRR28740130	DELIVERY	485.1386740780553	1.361946968697064	1
GSE264344	external	SRR28740191	GSE264344_design__T=dLN__H=72__B=NA__G=delivery_ad5__VS=baseline_0	delivery_ad5__vs__baseline_0	baseline_0	dLN	72	SRR28740191	DELIVERY	430.5310029217945	1.2086449209058596	1
GSE264344	external	SRR28740192	GSE264344_design__T=dLN__H=72__B=NA__G=delivery_ad5__VS=baseline_0	delivery_ad5__vs__baseline_0	baseline_0	dLN	72	SRR28740192	DELIVERY	451.8001112278798	1.2683544413628949	1
GSE264344	external	SRR28740193	GSE264344_design__T=dLN__H=72__B=NA__G=delivery_ad5__VS=baseline_0	delivery_ad5__vs__baseline_0	baseline_0	dLN	72	SRR28740193	DELIVERY	414.87082125712294	1.164681538708024	1
GSE264344	anchor	SRR28740119	GSE264344_design__T=Muscle__H=1__B=NA__G=delivery_ad26__VS=baseline_0	delivery_ad26__vs__baseline_0	baseline_0	Muscle	1	SRR28740119	CONTROL	-361.96601419970256	-1.016160001565504	1
GSE264344	anchor	SRR28740120	GSE264344_design__T=Muscle__H=1__B=NA__G=delivery_ad26__VS=baseline_0	delivery_ad26__vs__baseline_0	baseline_0	Muscle	1	SRR28740120	CONTROL	-432.9624856761506	-1.2154709084918374	1
GSE264344	anchor	SRR28740121	GSE264344_design__T=Muscle__H=1__B=NA__G=delivery_ad26__VS=baseline_0	delivery_ad26__vs__baseline_0	baseline_0	Muscle	1	SRR28740121	CONTROL	-566.4108900255293	-1.5901053367333884	1
GSE264344	anchor	SRR28740122	GSE264344_design__T=Muscle__H=1__B=NA__G=delivery_ad26__VS=baseline_0	delivery_ad26__vs__baseline_0	baseline_0	Muscle	1	SRR28740122	CONTROL	-418.339166366735	-1.1744183466782572	1
GSE264344	anchor	SRR28740123	GSE264344_design__T=Muscle__H=1__B=NA__G=delivery_ad26__VS=baseline_0	delivery_ad26__vs__baseline_0	baseline_0	Muscle	1	SRR28740123	CONTROL	-554.5521778782648	-1.5568139544449928	1
GSE264344	anchor	SRR28740296	GSE264344_design__T=Muscle__H=1__B=NA__G=delivery_ad26__VS=baseline_0	delivery_ad26__vs__baseline_0	baseline_0	Muscle	1	SRR28740296	DELIVERY	-309.0773181554555	-0.8676836934404313	1
GSE264344	anchor	SRR28740297	GSE264344_design__T=Muscle__H=1__B=NA__G=delivery_ad26__VS=baseline_0	delivery_ad26__vs__baseline_0	baseline_0	Muscle	1	SRR28740297	DELIVERY	-193.08739001503807	-0.5420610633121739	1
GSE264344	anchor	SRR28740298	GSE264344_design__T=Muscle__H=1__B=NA__G=delivery_ad26__VS=baseline_0	delivery_ad26__vs__baseline_0	baseline_0	Muscle	1	SRR28740298	DELIVERY	-280.8684069901289	-0.7884918188184546	1
GSE264344	anchor	SRR28740299	GSE264344_design__T=Muscle__H=1__B=NA__G=delivery_ad26__VS=baseline_0	delivery_ad26__vs__baseline_0	baseline_0	Muscle	1	SRR28740299	DELIVERY	-299.916520338734	-0.8419662615308013	1
GSE264344	anchor	SRR28740300	GSE264344_design__T=Muscle__H=1__B=NA__G=delivery_ad26__VS=baseline_0	delivery_ad26__vs__baseline_0	baseline_0	Muscle	1	SRR28740300	DELIVERY	-226.7976179555879	-0.6366969792077021	1
GSE264344	anchor	SRR28740119	GSE264344_design__T=Muscle__H=1__B=NA__G=delivery_ad5__VS=baseline_0	delivery_ad5__vs__baseline_0	baseline_0	Muscle	1	SRR28740119	CONTROL	-361.96601419970256	-1.016160001565504	1
GSE264344	anchor	SRR28740120	GSE264344_design__T=Muscle__H=1__B=NA__G=delivery_ad5__VS=baseline_0	delivery_ad5__vs__baseline_0	baseline_0	Muscle	1	SRR28740120	CONTROL	-432.9624856761506	-1.2154709084918374	1
GSE264344	anchor	SRR28740121	GSE264344_design__T=Muscle__H=1__B=NA__G=delivery_ad5__VS=baseline_0	delivery_ad5__vs__baseline_0	baseline_0	Muscle	1	SRR28740121	CONTROL	-566.4108900255293	-1.5901053367333884	1
GSE264344	anchor	SRR28740122	GSE264344_design__T=Muscle__H=1__B=NA__G=delivery_ad5__VS=baseline_0	delivery_ad5__vs__baseline_0	baseline_0	Muscle	1	SRR28740122	CONTROL	-418.339166366735	-1.1744183466782572	1
GSE264344	anchor	SRR28740123	GSE264344_design__T=Muscle__H=1__B=NA__G=delivery_ad5__VS=baseline_0	delivery_ad5__vs__baseline_0	baseline_0	Muscle	1	SRR28740123	CONTROL	-554.5521778782648	-1.5568139544449928	1
GSE264344	anchor	SRR28740291	GSE264344_design__T=Muscle__H=1__B=NA__G=delivery_ad5__VS=baseline_0	delivery_ad5__vs__baseline_0	baseline_0	Muscle	1	SRR28740291	DELIVERY	-246.0638616769724	-0.6907837870351413	1
GSE264344	anchor	SRR28740292	GSE264344_design__T=Muscle__H=1__B=NA__G=delivery_ad5__VS=baseline_0	delivery_ad5__vs__baseline_0	baseline_0	Muscle	1	SRR28740292	DELIVERY	-193.35182775596945	-0.5428034287406878	1
GSE264344	anchor	SRR28740293	GSE264344_design__T=Muscle__H=1__B=NA__G=delivery_ad5__VS=baseline_0	delivery_ad5__vs__baseline_0	baseline_0	Muscle	1	SRR28740293	DELIVERY	-269.611845345531	-0.7568908749461771	1
GSE264344	anchor	SRR28740294	GSE264344_design__T=Muscle__H=1__B=NA__G=delivery_ad5__VS=baseline_0	delivery_ad5__vs__baseline_0	baseline_0	Muscle	1	SRR28740294	DELIVERY	-319.3244737718293	-0.8964508960470038	1
GSE264344	anchor	SRR28740295	GSE264344_design__T=Muscle__H=1__B=NA__G=delivery_ad5__VS=baseline_0	delivery_ad5__vs__baseline_0	baseline_0	Muscle	1	SRR28740295	DELIVERY	-377.9231650056956	-1.0609570757434483	1
GSE264344	anchor	SRR28740119	GSE264344_design__T=Muscle__H=12__B=NA__G=delivery_ad26__VS=baseline_0	delivery_ad26__vs__baseline_0	baseline_0	Muscle	12	SRR28740119	CONTROL	-361.96601419970256	-1.016160001565504	1
GSE264344	anchor	SRR28740120	GSE264344_design__T=Muscle__H=12__B=NA__G=delivery_ad26__VS=baseline_0	delivery_ad26__vs__baseline_0	baseline_0	Muscle	12	SRR28740120	CONTROL	-432.9624856761506	-1.2154709084918374	1
GSE264344	anchor	SRR28740121	GSE264344_design__T=Muscle__H=12__B=NA__G=delivery_ad26__VS=baseline_0	delivery_ad26__vs__baseline_0	baseline_0	Muscle	12	SRR28740121	CONTROL	-566.4108900255293	-1.5901053367333884	1
GSE264344	anchor	SRR28740122	GSE264344_design__T=Muscle__H=12__B=NA__G=delivery_ad26__VS=baseline_0	delivery_ad26__vs__baseline_0	baseline_0	Muscle	12	SRR28740122	CONTROL	-418.339166366735	-1.1744183466782572	1
GSE264344	anchor	SRR28740123	GSE264344_design__T=Muscle__H=12__B=NA__G=delivery_ad26__VS=baseline_0	delivery_ad26__vs__baseline_0	baseline_0	Muscle	12	SRR28740123	CONTROL	-554.5521778782648	-1.5568139544449928	1
GSE264344	anchor	SRR28740135	GSE264344_design__T=Muscle__H=12__B=NA__G=delivery_ad26__VS=baseline_0	delivery_ad26__vs__baseline_0	baseline_0	Muscle	12	SRR28740135	DELIVERY	1103.6829011995992	3.0984080676481547	1
GSE264344	anchor	SRR28740137	GSE264344_design__T=Muscle__H=12__B=NA__G=delivery_ad26__VS=baseline_0	delivery_ad26__vs__baseline_0	baseline_0	Muscle	12	SRR28740137	DELIVERY	1206.187367688559	3.3861724840345655	1
GSE264344	anchor	SRR28740139	GSE264344_design__T=Muscle__H=12__B=NA__G=delivery_ad26__VS=baseline_0	delivery_ad26__vs__baseline_0	baseline_0	Muscle	12	SRR28740139	DELIVERY	1291.446144063592	3.625522464242729	1
GSE264344	anchor	SRR28740140	GSE264344_design__T=Muscle__H=12__B=NA__G=delivery_ad26__VS=baseline_0	delivery_ad26__vs__baseline_0	baseline_0	Muscle	12	SRR28740140	DELIVERY	741.6403461757485	2.0820331903182554	1
GSE264344	anchor	SRR28740142	GSE264344_design__T=Muscle__H=12__B=NA__G=delivery_ad26__VS=baseline_0	delivery_ad26__vs__baseline_0	baseline_0	Muscle	12	SRR28740142	DELIVERY	1122.1165552419072	3.1501575170043457	1
GSE264344	anchor	SRR28740119	GSE264344_design__T=Muscle__H=12__B=NA__G=delivery_ad5__VS=baseline_0	delivery_ad5__vs__baseline_0	baseline_0	Muscle	12	SRR28740119	CONTROL	-361.96601419970256	-1.016160001565504	1
GSE264344	anchor	SRR28740120	GSE264344_design__T=Muscle__H=12__B=NA__G=delivery_ad5__VS=baseline_0	delivery_ad5__vs__baseline_0	baseline_0	Muscle	12	SRR28740120	CONTROL	-432.9624856761506	-1.2154709084918374	1
GSE264344	anchor	SRR28740121	GSE264344_design__T=Muscle__H=12__B=NA__G=delivery_ad5__VS=baseline_0	delivery_ad5__vs__baseline_0	baseline_0	Muscle	12	SRR28740121	CONTROL	-566.4108900255293	-1.5901053367333884	1
GSE264344	anchor	SRR28740122	GSE264344_design__T=Muscle__H=12__B=NA__G=delivery_ad5__VS=baseline_0	delivery_ad5__vs__baseline_0	baseline_0	Muscle	12	SRR28740122	CONTROL	-418.339166366735	-1.1744183466782572	1
GSE264344	anchor	SRR28740123	GSE264344_design__T=Muscle__H=12__B=NA__G=delivery_ad5__VS=baseline_0	delivery_ad5__vs__baseline_0	baseline_0	Muscle	12	SRR28740123	CONTROL	-554.5521778782648	-1.5568139544449928	1
GSE264344	anchor	SRR28740131	GSE264344_design__T=Muscle__H=12__B=NA__G=delivery_ad5__VS=baseline_0	delivery_ad5__vs__baseline_0	baseline_0	Muscle	12	SRR28740131	DELIVERY	1227.777374069385	3.446782873013336	1
GSE264344	anchor	SRR28740133	GSE264344_design__T=Muscle__H=12__B=NA__G=delivery_ad5__VS=baseline_0	delivery_ad5__vs__baseline_0	baseline_0	Muscle	12	SRR28740133	DELIVERY	1274.3231110597185	3.5774523677103436	1
GSE264344	anchor	SRR28740165	GSE264344_design__T=Muscle__H=12__B=NA__G=delivery_ad5__VS=baseline_0	delivery_ad5__vs__baseline_0	baseline_0	Muscle	12	SRR28740165	DELIVERY	1093.72733598956	3.07045945710861	1
GSE264344	anchor	SRR28740167	GSE264344_design__T=Muscle__H=12__B=NA__G=delivery_ad5__VS=baseline_0	delivery_ad5__vs__baseline_0	baseline_0	Muscle	12	SRR28740167	DELIVERY	1440.346894614109	4.0435368108300835	1
GSE264344	anchor	SRR28740169	GSE264344_design__T=Muscle__H=12__B=NA__G=delivery_ad5__VS=baseline_0	delivery_ad5__vs__baseline_0	baseline_0	Muscle	12	SRR28740169	DELIVERY	753.5566169209445	2.115486158895611	1
GSE264344	anchor	SRR28740119	GSE264344_design__T=Muscle__H=24__B=NA__G=delivery_ad26__VS=baseline_0	delivery_ad26__vs__baseline_0	baseline_0	Muscle	24	SRR28740119	CONTROL	-361.96601419970256	-1.016160001565504	1
GSE264344	anchor	SRR28740120	GSE264344_design__T=Muscle__H=24__B=NA__G=delivery_ad26__VS=baseline_0	delivery_ad26__vs__baseline_0	baseline_0	Muscle	24	SRR28740120	CONTROL	-432.9624856761506	-1.2154709084918374	1
GSE264344	anchor	SRR28740121	GSE264344_design__T=Muscle__H=24__B=NA__G=delivery_ad26__VS=baseline_0	delivery_ad26__vs__baseline_0	baseline_0	Muscle	24	SRR28740121	CONTROL	-566.4108900255293	-1.5901053367333884	1
GSE264344	anchor	SRR28740122	GSE264344_design__T=Muscle__H=24__B=NA__G=delivery_ad26__VS=baseline_0	delivery_ad26__vs__baseline_0	baseline_0	Muscle	24	SRR28740122	CONTROL	-418.339166366735	-1.1744183466782572	1
GSE264344	anchor	SRR28740123	GSE264344_design__T=Muscle__H=24__B=NA__G=delivery_ad26__VS=baseline_0	delivery_ad26__vs__baseline_0	baseline_0	Muscle	24	SRR28740123	CONTROL	-554.5521778782648	-1.5568139544449928	1
GSE264344	anchor	SRR28740116	GSE264344_design__T=Muscle__H=24__B=NA__G=delivery_ad26__VS=baseline_0	delivery_ad26__vs__baseline_0	baseline_0	Muscle	24	SRR28740116	DELIVERY	358.01212608009286	1.005060111520038	1
GSE264344	anchor	SRR28740134	GSE264344_design__T=Muscle__H=24__B=NA__G=delivery_ad26__VS=baseline_0	delivery_ad26__vs__baseline_0	baseline_0	Muscle	24	SRR28740134	DELIVERY	880.2409803568664	2.4711316557028	1
GSE264344	anchor	SRR28740136	GSE264344_design__T=Muscle__H=24__B=NA__G=delivery_ad26__VS=baseline_0	delivery_ad26__vs__baseline_0	baseline_0	Muscle	24	SRR28740136	DELIVERY	945.0240030795017	2.6529993280498836	1
GSE264344	anchor	SRR28740138	GSE264344_design__T=Muscle__H=24__B=NA__G=delivery_ad26__VS=baseline_0	delivery_ad26__vs__baseline_0	baseline_0	Muscle	24	SRR28740138	DELIVERY	875.5672721803223	2.4580109893372186	1
GSE264344	anchor	SRR28740141	GSE264344_design__T=Muscle__H=24__B=NA__G=delivery_ad26__VS=baseline_0	delivery_ad26__vs__baseline_0	baseline_0	Muscle	24	SRR28740141	DELIVERY	956.1964889691808	2.6843642430799535	1
GSE264344	anchor	SRR28740119	GSE264344_design__T=Muscle__H=24__B=NA__G=delivery_ad5__VS=baseline_0	delivery_ad5__vs__baseline_0	baseline_0	Muscle	24	SRR28740119	CONTROL	-361.96601419970256	-1.016160001565504	1
GSE264344	anchor	SRR28740120	GSE264344_design__T=Muscle__H=24__B=NA__G=delivery_ad5__VS=baseline_0	delivery_ad5__vs__baseline_0	baseline_0	Muscle	24	SRR28740120	CONTROL	-432.9624856761506	-1.2154709084918374	1
GSE264344	anchor	SRR28740121	GSE264344_design__T=Muscle__H=24__B=NA__G=delivery_ad5__VS=baseline_0	delivery_ad5__vs__baseline_0	baseline_0	Muscle	24	SRR28740121	CONTROL	-566.4108900255293	-1.5901053367333884	1
GSE264344	anchor	SRR28740122	GSE264344_design__T=Muscle__H=24__B=NA__G=delivery_ad5__VS=baseline_0	delivery_ad5__vs__baseline_0	baseline_0	Muscle	24	SRR28740122	CONTROL	-418.339166366735	-1.1744183466782572	1
GSE264344	anchor	SRR28740123	GSE264344_design__T=Muscle__H=24__B=NA__G=delivery_ad5__VS=baseline_0	delivery_ad5__vs__baseline_0	baseline_0	Muscle	24	SRR28740123	CONTROL	-554.5521778782648	-1.5568139544449928	1
GSE264344	anchor	SRR28740132	GSE264344_design__T=Muscle__H=24__B=NA__G=delivery_ad5__VS=baseline_0	delivery_ad5__vs__baseline_0	baseline_0	Muscle	24	SRR28740132	DELIVERY	1139.5713148334569	3.1991588813260483	1
GSE264344	anchor	SRR28740164	GSE264344_design__T=Muscle__H=24__B=NA__G=delivery_ad5__VS=baseline_0	delivery_ad5__vs__baseline_0	baseline_0	Muscle	24	SRR28740164	DELIVERY	1040.8853971917254	2.9221144122561196	1
GSE264344	anchor	SRR28740166	GSE264344_design__T=Muscle__H=24__B=NA__G=delivery_ad5__VS=baseline_0	delivery_ad5__vs__baseline_0	baseline_0	Muscle	24	SRR28740166	DELIVERY	820.0815815949127	2.302244046529638	1
GSE264344	anchor	SRR28740168	GSE264344_design__T=Muscle__H=24__B=NA__G=delivery_ad5__VS=baseline_0	delivery_ad5__vs__baseline_0	baseline_0	Muscle	24	SRR28740168	DELIVERY	968.1575387554486	2.7179429214440316	1
GSE264344	anchor	SRR28740170	GSE264344_design__T=Muscle__H=24__B=NA__G=delivery_ad5__VS=baseline_0	delivery_ad5__vs__baseline_0	baseline_0	Muscle	24	SRR28740170	DELIVERY	-25.557203587992053	-0.07174764209674038	1
GSE264344	anchor	SRR28740119	GSE264344_design__T=Muscle__H=3__B=NA__G=delivery_ad26__VS=baseline_0	delivery_ad26__vs__baseline_0	baseline_0	Muscle	3	SRR28740119	CONTROL	-361.96601419970256	-1.016160001565504	1
GSE264344	anchor	SRR28740120	GSE264344_design__T=Muscle__H=3__B=NA__G=delivery_ad26__VS=baseline_0	delivery_ad26__vs__baseline_0	baseline_0	Muscle	3	SRR28740120	CONTROL	-432.9624856761506	-1.2154709084918374	1
GSE264344	anchor	SRR28740121	GSE264344_design__T=Muscle__H=3__B=NA__G=delivery_ad26__VS=baseline_0	delivery_ad26__vs__baseline_0	baseline_0	Muscle	3	SRR28740121	CONTROL	-566.4108900255293	-1.5901053367333884	1
GSE264344	anchor	SRR28740122	GSE264344_design__T=Muscle__H=3__B=NA__G=delivery_ad26__VS=baseline_0	delivery_ad26__vs__baseline_0	baseline_0	Muscle	3	SRR28740122	CONTROL	-418.339166366735	-1.1744183466782572	1
GSE264344	anchor	SRR28740123	GSE264344_design__T=Muscle__H=3__B=NA__G=delivery_ad26__VS=baseline_0	delivery_ad26__vs__baseline_0	baseline_0	Muscle	3	SRR28740123	CONTROL	-554.5521778782648	-1.5568139544449928	1
GSE264344	anchor	SRR28740236	GSE264344_design__T=Muscle__H=3__B=NA__G=delivery_ad26__VS=baseline_0	delivery_ad26__vs__baseline_0	baseline_0	Muscle	3	SRR28740236	DELIVERY	407.6531546423792	1.1444191277887192	1
GSE264344	anchor	SRR28740237	GSE264344_design__T=Muscle__H=3__B=NA__G=delivery_ad26__VS=baseline_0	delivery_ad26__vs__baseline_0	baseline_0	Muscle	3	SRR28740237	DELIVERY	838.0925312930702	2.3528068230210755	1
GSE264344	anchor	SRR28740238	GSE264344_design__T=Muscle__H=3__B=NA__G=delivery_ad26__VS=baseline_0	delivery_ad26__vs__baseline_0	baseline_0	Muscle	3	SRR28740238	DELIVERY	832.673892021439	2.337594885229297	1
GSE264344	anchor	SRR28740239	GSE264344_design__T=Muscle__H=3__B=NA__G=delivery_ad26__VS=baseline_0	delivery_ad26__vs__baseline_0	baseline_0	Muscle	3	SRR28740239	DELIVERY	794.8248643411684	2.231339970353181	1
GSE264344	anchor	SRR28740240	GSE264344_design__T=Muscle__H=3__B=NA__G=delivery_ad26__VS=baseline_0	delivery_ad26__vs__baseline_0	baseline_0	Muscle	3	SRR28740240	DELIVERY	432.8710921433836	1.2152143361929022	1
GSE264344	anchor	SRR28740119	GSE264344_design__T=Muscle__H=3__B=NA__G=delivery_ad5__VS=baseline_0	delivery_ad5__vs__baseline_0	baseline_0	Muscle	3	SRR28740119	CONTROL	-361.96601419970256	-1.016160001565504	1
GSE264344	anchor	SRR28740120	GSE264344_design__T=Muscle__H=3__B=NA__G=delivery_ad5__VS=baseline_0	delivery_ad5__vs__baseline_0	baseline_0	Muscle	3	SRR28740120	CONTROL	-432.9624856761506	-1.2154709084918374	1
GSE264344	anchor	SRR28740121	GSE264344_design__T=Muscle__H=3__B=NA__G=delivery_ad5__VS=baseline_0	delivery_ad5__vs__baseline_0	baseline_0	Muscle	3	SRR28740121	CONTROL	-566.4108900255293	-1.5901053367333884	1
GSE264344	anchor	SRR28740122	GSE264344_design__T=Muscle__H=3__B=NA__G=delivery_ad5__VS=baseline_0	delivery_ad5__vs__baseline_0	baseline_0	Muscle	3	SRR28740122	CONTROL	-418.339166366735	-1.1744183466782572	1
GSE264344	anchor	SRR28740123	GSE264344_design__T=Muscle__H=3__B=NA__G=delivery_ad5__VS=baseline_0	delivery_ad5__vs__baseline_0	baseline_0	Muscle	3	SRR28740123	CONTROL	-554.5521778782648	-1.5568139544449928	1
GSE264344	anchor	SRR28740231	GSE264344_design__T=Muscle__H=3__B=NA__G=delivery_ad5__VS=baseline_0	delivery_ad5__vs__baseline_0	baseline_0	Muscle	3	SRR28740231	DELIVERY	288.29751983757376	0.8093478302298599	1
GSE264344	anchor	SRR28740232	GSE264344_design__T=Muscle__H=3__B=NA__G=delivery_ad5__VS=baseline_0	delivery_ad5__vs__baseline_0	baseline_0	Muscle	3	SRR28740232	DELIVERY	217.2697427940651	0.60994903807722	1
GSE264344	anchor	SRR28740233	GSE264344_design__T=Muscle__H=3__B=NA__G=delivery_ad5__VS=baseline_0	delivery_ad5__vs__baseline_0	baseline_0	Muscle	3	SRR28740233	DELIVERY	-117.73500035464691	-0.3305216331130099	1
GSE264344	anchor	SRR28740234	GSE264344_design__T=Muscle__H=3__B=NA__G=delivery_ad5__VS=baseline_0	delivery_ad5__vs__baseline_0	baseline_0	Muscle	3	SRR28740234	DELIVERY	99.74259247986596	0.2800109097385291	1
GSE264344	anchor	SRR28740235	GSE264344_design__T=Muscle__H=3__B=NA__G=delivery_ad5__VS=baseline_0	delivery_ad5__vs__baseline_0	baseline_0	Muscle	3	SRR28740235	DELIVERY	434.8573373282953	1.2207903925933128	1
GSE264344	anchor	SRR28740119	GSE264344_design__T=Muscle__H=6__B=NA__G=delivery_ad26__VS=baseline_0	delivery_ad26__vs__baseline_0	baseline_0	Muscle	6	SRR28740119	CONTROL	-361.96601419970256	-1.016160001565504	1
GSE264344	anchor	SRR28740120	GSE264344_design__T=Muscle__H=6__B=NA__G=delivery_ad26__VS=baseline_0	delivery_ad26__vs__baseline_0	baseline_0	Muscle	6	SRR28740120	CONTROL	-432.9624856761506	-1.2154709084918374	1
GSE264344	anchor	SRR28740121	GSE264344_design__T=Muscle__H=6__B=NA__G=delivery_ad26__VS=baseline_0	delivery_ad26__vs__baseline_0	baseline_0	Muscle	6	SRR28740121	CONTROL	-566.4108900255293	-1.5901053367333884	1
GSE264344	anchor	SRR28740122	GSE264344_design__T=Muscle__H=6__B=NA__G=delivery_ad26__VS=baseline_0	delivery_ad26__vs__baseline_0	baseline_0	Muscle	6	SRR28740122	CONTROL	-418.339166366735	-1.1744183466782572	1
GSE264344	anchor	SRR28740123	GSE264344_design__T=Muscle__H=6__B=NA__G=delivery_ad26__VS=baseline_0	delivery_ad26__vs__baseline_0	baseline_0	Muscle	6	SRR28740123	CONTROL	-554.5521778782648	-1.5568139544449928	1
GSE264344	anchor	SRR28740117	GSE264344_design__T=Muscle__H=6__B=NA__G=delivery_ad26__VS=baseline_0	delivery_ad26__vs__baseline_0	baseline_0	Muscle	6	SRR28740117	DELIVERY	1040.50048020413	2.9210338211747104	1
GSE264344	anchor	SRR28740257	GSE264344_design__T=Muscle__H=6__B=NA__G=delivery_ad26__VS=baseline_0	delivery_ad26__vs__baseline_0	baseline_0	Muscle	6	SRR28740257	DELIVERY	1368.053520596117	3.8405850635017607	1
GSE264344	anchor	SRR28740258	GSE264344_design__T=Muscle__H=6__B=NA__G=delivery_ad26__VS=baseline_0	delivery_ad26__vs__baseline_0	baseline_0	Muscle	6	SRR28740258	DELIVERY	972.0180687648664	2.728780723962832	1
GSE264344	anchor	SRR28740259	GSE264344_design__T=Muscle__H=6__B=NA__G=delivery_ad26__VS=baseline_0	delivery_ad26__vs__baseline_0	baseline_0	Muscle	6	SRR28740259	DELIVERY	1249.086734392725	3.506605394382921	1
GSE264344	anchor	SRR28740260	GSE264344_design__T=Muscle__H=6__B=NA__G=delivery_ad26__VS=baseline_0	delivery_ad26__vs__baseline_0	baseline_0	Muscle	6	SRR28740260	DELIVERY	889.3482652131705	2.4966988587848378	1
GSE264344	anchor	SRR28740119	GSE264344_design__T=Muscle__H=6__B=NA__G=delivery_ad5__VS=baseline_0	delivery_ad5__vs__baseline_0	baseline_0	Muscle	6	SRR28740119	CONTROL	-361.96601419970256	-1.016160001565504	1
GSE264344	anchor	SRR28740120	GSE264344_design__T=Muscle__H=6__B=NA__G=delivery_ad5__VS=baseline_0	delivery_ad5__vs__baseline_0	baseline_0	Muscle	6	SRR28740120	CONTROL	-432.9624856761506	-1.2154709084918374	1
GSE264344	anchor	SRR28740121	GSE264344_design__T=Muscle__H=6__B=NA__G=delivery_ad5__VS=baseline_0	delivery_ad5__vs__baseline_0	baseline_0	Muscle	6	SRR28740121	CONTROL	-566.4108900255293	-1.5901053367333884	1
GSE264344	anchor	SRR28740122	GSE264344_design__T=Muscle__H=6__B=NA__G=delivery_ad5__VS=baseline_0	delivery_ad5__vs__baseline_0	baseline_0	Muscle	6	SRR28740122	CONTROL	-418.339166366735	-1.1744183466782572	1
GSE264344	anchor	SRR28740123	GSE264344_design__T=Muscle__H=6__B=NA__G=delivery_ad5__VS=baseline_0	delivery_ad5__vs__baseline_0	baseline_0	Muscle	6	SRR28740123	CONTROL	-554.5521778782648	-1.5568139544449928	1
GSE264344	anchor	SRR28740252	GSE264344_design__T=Muscle__H=6__B=NA__G=delivery_ad5__VS=baseline_0	delivery_ad5__vs__baseline_0	baseline_0	Muscle	6	SRR28740252	DELIVERY	427.82758297967894	1.201055514428884	1
GSE264344	anchor	SRR28740253	GSE264344_design__T=Muscle__H=6__B=NA__G=delivery_ad5__VS=baseline_0	delivery_ad5__vs__baseline_0	baseline_0	Muscle	6	SRR28740253	DELIVERY	1380.016214014689	3.8741683560929734	1
GSE264344	anchor	SRR28740254	GSE264344_design__T=Muscle__H=6__B=NA__G=delivery_ad5__VS=baseline_0	delivery_ad5__vs__baseline_0	baseline_0	Muscle	6	SRR28740254	DELIVERY	1140.6079894290351	3.202069174605916	1
GSE264344	anchor	SRR28740255	GSE264344_design__T=Muscle__H=6__B=NA__G=delivery_ad5__VS=baseline_0	delivery_ad5__vs__baseline_0	baseline_0	Muscle	6	SRR28740255	DELIVERY	1167.9881096689714	3.2789343551323045	1
GSE264344	anchor	SRR28740256	GSE264344_design__T=Muscle__H=6__B=NA__G=delivery_ad5__VS=baseline_0	delivery_ad5__vs__baseline_0	baseline_0	Muscle	6	SRR28740256	DELIVERY	878.5308056077838	2.4663306216069687	1
GSE264344	external	SRR28740119	GSE264344_design__T=Muscle__H=72__B=NA__G=delivery_ad26__VS=baseline_0	delivery_ad26__vs__baseline_0	baseline_0	Muscle	72	SRR28740119	CONTROL	-361.96601419970256	-1.016160001565504	1
GSE264344	external	SRR28740120	GSE264344_design__T=Muscle__H=72__B=NA__G=delivery_ad26__VS=baseline_0	delivery_ad26__vs__baseline_0	baseline_0	Muscle	72	SRR28740120	CONTROL	-432.9624856761506	-1.2154709084918374	1
GSE264344	external	SRR28740121	GSE264344_design__T=Muscle__H=72__B=NA__G=delivery_ad26__VS=baseline_0	delivery_ad26__vs__baseline_0	baseline_0	Muscle	72	SRR28740121	CONTROL	-566.4108900255293	-1.5901053367333884	1
GSE264344	external	SRR28740122	GSE264344_design__T=Muscle__H=72__B=NA__G=delivery_ad26__VS=baseline_0	delivery_ad26__vs__baseline_0	baseline_0	Muscle	72	SRR28740122	CONTROL	-418.339166366735	-1.1744183466782572	1
GSE264344	external	SRR28740123	GSE264344_design__T=Muscle__H=72__B=NA__G=delivery_ad26__VS=baseline_0	delivery_ad26__vs__baseline_0	baseline_0	Muscle	72	SRR28740123	CONTROL	-554.5521778782648	-1.5568139544449928	1
GSE264344	external	SRR28740159	GSE264344_design__T=Muscle__H=72__B=NA__G=delivery_ad26__VS=baseline_0	delivery_ad26__vs__baseline_0	baseline_0	Muscle	72	SRR28740159	DELIVERY	-77.9950627204711	-0.21895829980438153	1
GSE264344	external	SRR28740160	GSE264344_design__T=Muscle__H=72__B=NA__G=delivery_ad26__VS=baseline_0	delivery_ad26__vs__baseline_0	baseline_0	Muscle	72	SRR28740160	DELIVERY	149.80269568347853	0.4205464090787709	1
GSE264344	external	SRR28740161	GSE264344_design__T=Muscle__H=72__B=NA__G=delivery_ad26__VS=baseline_0	delivery_ad26__vs__baseline_0	baseline_0	Muscle	72	SRR28740161	DELIVERY	-43.73260313278051	-0.12277208446247088	1
GSE264344	external	SRR28740162	GSE264344_design__T=Muscle__H=72__B=NA__G=delivery_ad26__VS=baseline_0	delivery_ad26__vs__baseline_0	baseline_0	Muscle	72	SRR28740162	DELIVERY	-385.89270497949514	-1.083330247352274	1
GSE264344	external	SRR28740163	GSE264344_design__T=Muscle__H=72__B=NA__G=delivery_ad26__VS=baseline_0	delivery_ad26__vs__baseline_0	baseline_0	Muscle	72	SRR28740163	DELIVERY	-97.3653792977128	-0.27333727504318567	1
GSE264344	external	SRR28740119	GSE264344_design__T=Muscle__H=72__B=NA__G=delivery_ad5__VS=baseline_0	delivery_ad5__vs__baseline_0	baseline_0	Muscle	72	SRR28740119	CONTROL	-361.96601419970256	-1.016160001565504	1
GSE264344	external	SRR28740120	GSE264344_design__T=Muscle__H=72__B=NA__G=delivery_ad5__VS=baseline_0	delivery_ad5__vs__baseline_0	baseline_0	Muscle	72	SRR28740120	CONTROL	-432.9624856761506	-1.2154709084918374	1
GSE264344	external	SRR28740121	GSE264344_design__T=Muscle__H=72__B=NA__G=delivery_ad5__VS=baseline_0	delivery_ad5__vs__baseline_0	baseline_0	Muscle	72	SRR28740121	CONTROL	-566.4108900255293	-1.5901053367333884	1
GSE264344	external	SRR28740122	GSE264344_design__T=Muscle__H=72__B=NA__G=delivery_ad5__VS=baseline_0	delivery_ad5__vs__baseline_0	baseline_0	Muscle	72	SRR28740122	CONTROL	-418.339166366735	-1.1744183466782572	1
GSE264344	external	SRR28740123	GSE264344_design__T=Muscle__H=72__B=NA__G=delivery_ad5__VS=baseline_0	delivery_ad5__vs__baseline_0	baseline_0	Muscle	72	SRR28740123	CONTROL	-554.5521778782648	-1.5568139544449928	1
GSE264344	external	SRR28740154	GSE264344_design__T=Muscle__H=72__B=NA__G=delivery_ad5__VS=baseline_0	delivery_ad5__vs__baseline_0	baseline_0	Muscle	72	SRR28740154	DELIVERY	-5.085890213412156	-0.0142777995847189	1
GSE264344	external	SRR28740155	GSE264344_design__T=Muscle__H=72__B=NA__G=delivery_ad5__VS=baseline_0	delivery_ad5__vs__baseline_0	baseline_0	Muscle	72	SRR28740155	DELIVERY	-148.89617774054474	-0.4180015091760896	1
GSE264344	external	SRR28740156	GSE264344_design__T=Muscle__H=72__B=NA__G=delivery_ad5__VS=baseline_0	delivery_ad5__vs__baseline_0	baseline_0	Muscle	72	SRR28740156	DELIVERY	48.14730953506758	0.13516564598116157	1
GSE264344	external	SRR28740157	GSE264344_design__T=Muscle__H=72__B=NA__G=delivery_ad5__VS=baseline_0	delivery_ad5__vs__baseline_0	baseline_0	Muscle	72	SRR28740157	DELIVERY	-96.5627706710757	-0.27108408344147333	1
GSE264344	external	SRR28740158	GSE264344_design__T=Muscle__H=72__B=NA__G=delivery_ad5__VS=baseline_0	delivery_ad5__vs__baseline_0	baseline_0	Muscle	72	SRR28740158	DELIVERY	435.05486696539464	1.221344924534075	1
GSE279744	anchor	SRR31032510	GSE279744_design__T=lymph_node__H=6__B=NA__G=delivery_vaccination_with_sm102__VS=baseline_0	delivery_vaccination_with_sm102__vs__baseline_0	baseline_0	lymph node	6	SRR31032510	CONTROL	76.86500279310452	0.6273377288244765	1
GSE279744	anchor	SRR31032511	GSE279744_design__T=lymph_node__H=6__B=NA__G=delivery_vaccination_with_sm102__VS=baseline_0	delivery_vaccination_with_sm102__vs__baseline_0	baseline_0	lymph node	6	SRR31032511	CONTROL	64.43332851603648	0.5258759708973544	1
GSE279744	anchor	SRR31032512	GSE279744_design__T=lymph_node__H=6__B=NA__G=delivery_vaccination_with_sm102__VS=baseline_0	delivery_vaccination_with_sm102__vs__baseline_0	baseline_0	lymph node	6	SRR31032512	CONTROL	-141.298331309141	-1.1532136997218307	1
GSE279744	anchor	SRR31032507	GSE279744_design__T=lymph_node__H=6__B=NA__G=delivery_vaccination_with_sm102__VS=baseline_0	delivery_vaccination_with_sm102__vs__baseline_0	baseline_0	lymph node	6	SRR31032507	DELIVERY	6625.039598223132	54.0706061783213	1
GSE279744	anchor	SRR31032508	GSE279744_design__T=lymph_node__H=6__B=NA__G=delivery_vaccination_with_sm102__VS=baseline_0	delivery_vaccination_with_sm102__vs__baseline_0	baseline_0	lymph node	6	SRR31032508	DELIVERY	6937.234391690537	56.61860026623979	1
GSE279744	anchor	SRR31032509	GSE279744_design__T=lymph_node__H=6__B=NA__G=delivery_vaccination_with_sm102__VS=baseline_0	delivery_vaccination_with_sm102__vs__baseline_0	baseline_0	lymph node	6	SRR31032509	DELIVERY	7248.205224223527	59.156604933162185	1
GSE279744	anchor	SRR31032510	GSE279744_design__T=lymph_node__H=6__B=NA__G=delivery_vaccination_with_ssop__VS=baseline_0	delivery_vaccination_with_ssop__vs__baseline_0	baseline_0	lymph node	6	SRR31032510	CONTROL	76.86500279310452	0.6273377288244765	1
GSE279744	anchor	SRR31032511	GSE279744_design__T=lymph_node__H=6__B=NA__G=delivery_vaccination_with_ssop__VS=baseline_0	delivery_vaccination_with_ssop__vs__baseline_0	baseline_0	lymph node	6	SRR31032511	CONTROL	64.43332851603648	0.5258759708973544	1
GSE279744	anchor	SRR31032512	GSE279744_design__T=lymph_node__H=6__B=NA__G=delivery_vaccination_with_ssop__VS=baseline_0	delivery_vaccination_with_ssop__vs__baseline_0	baseline_0	lymph node	6	SRR31032512	CONTROL	-141.298331309141	-1.1532136997218307	1
GSE279744	anchor	SRR31032504	GSE279744_design__T=lymph_node__H=6__B=NA__G=delivery_vaccination_with_ssop__VS=baseline_0	delivery_vaccination_with_ssop__vs__baseline_0	baseline_0	lymph node	6	SRR31032504	DELIVERY	1494.557338206489	12.197907657300236	1
GSE279744	anchor	SRR31032505	GSE279744_design__T=lymph_node__H=6__B=NA__G=delivery_vaccination_with_ssop__VS=baseline_0	delivery_vaccination_with_ssop__vs__baseline_0	baseline_0	lymph node	6	SRR31032505	DELIVERY	1678.508564822198	13.699235186425463	1
GSE279744	anchor	SRR31032506	GSE279744_design__T=lymph_node__H=6__B=NA__G=delivery_vaccination_with_ssop__VS=baseline_0	delivery_vaccination_with_ssop__vs__baseline_0	baseline_0	lymph node	6	SRR31032506	DELIVERY	1855.49502226769	15.143719388753563	1
GSE262515_tissue	external	SRR28462972	GSE262515_tissue__T=tissue__H=72__B=NA__G=delivery_tlnp_sihbv_1mg_kg__VS=baseline_0	delivery_tlnp_sihbv_1mg_kg__vs__baseline_0	baseline_0	tissue	72	SRR28462972	CONTROL	-220.97654455268315	-0.8568396298503969	1
GSE262515_tissue	external	SRR28462973	GSE262515_tissue__T=tissue__H=72__B=NA__G=delivery_tlnp_sihbv_1mg_kg__VS=baseline_0	delivery_tlnp_sihbv_1mg_kg__vs__baseline_0	baseline_0	tissue	72	SRR28462973	CONTROL	-62.39316901042568	-0.2419303820154575	1
GSE262515_tissue	external	SRR28462974	GSE262515_tissue__T=tissue__H=72__B=NA__G=delivery_tlnp_sihbv_1mg_kg__VS=baseline_0	delivery_tlnp_sihbv_1mg_kg__vs__baseline_0	baseline_0	tissue	72	SRR28462974	CONTROL	283.36971356310886	1.0987700118658543	1
GSE262515_tissue	external	SRR28462966	GSE262515_tissue__T=tissue__H=72__B=NA__G=delivery_tlnp_sihbv_1mg_kg__VS=baseline_0	delivery_tlnp_sihbv_1mg_kg__vs__baseline_0	baseline_0	tissue	72	SRR28462966	DELIVERY	423.5417457605807	1.6422890193993684	1
GSE262515_tissue	external	SRR28462967	GSE262515_tissue__T=tissue__H=72__B=NA__G=delivery_tlnp_sihbv_1mg_kg__VS=baseline_0	delivery_tlnp_sihbv_1mg_kg__vs__baseline_0	baseline_0	tissue	72	SRR28462967	DELIVERY	324.50178045916766	1.2582601742518371	1
GSE262515_tissue	external	SRR28462968	GSE262515_tissue__T=tissue__H=72__B=NA__G=delivery_tlnp_sihbv_1mg_kg__VS=baseline_0	delivery_tlnp_sihbv_1mg_kg__vs__baseline_0	baseline_0	tissue	72	SRR28462968	DELIVERY	57.64806610728527	0.2235311794061527	1
GSE262515_tissue	external	SRR28462972	GSE262515_tissue__T=tissue__H=72__B=NA__G=delivery_tlnp_sihbv_2_5mg_kg__VS=baseline_0	delivery_tlnp_sihbv_2_5mg_kg__vs__baseline_0	baseline_0	tissue	72	SRR28462972	CONTROL	-220.97654455268315	-0.8568396298503969	1
GSE262515_tissue	external	SRR28462973	GSE262515_tissue__T=tissue__H=72__B=NA__G=delivery_tlnp_sihbv_2_5mg_kg__VS=baseline_0	delivery_tlnp_sihbv_2_5mg_kg__vs__baseline_0	baseline_0	tissue	72	SRR28462973	CONTROL	-62.39316901042568	-0.2419303820154575	1
GSE262515_tissue	external	SRR28462974	GSE262515_tissue__T=tissue__H=72__B=NA__G=delivery_tlnp_sihbv_2_5mg_kg__VS=baseline_0	delivery_tlnp_sihbv_2_5mg_kg__vs__baseline_0	baseline_0	tissue	72	SRR28462974	CONTROL	283.36971356310886	1.0987700118658543	1
GSE262515_tissue	external	SRR28462963	GSE262515_tissue__T=tissue__H=72__B=NA__G=delivery_tlnp_sihbv_2_5mg_kg__VS=baseline_0	delivery_tlnp_sihbv_2_5mg_kg__vs__baseline_0	baseline_0	tissue	72	SRR28462963	DELIVERY	13.702104074632404	0.05313009942863223	1
GSE262515_tissue	external	SRR28462964	GSE262515_tissue__T=tissue__H=72__B=NA__G=delivery_tlnp_sihbv_2_5mg_kg__VS=baseline_0	delivery_tlnp_sihbv_2_5mg_kg__vs__baseline_0	baseline_0	tissue	72	SRR28462964	DELIVERY	253.74920665785217	0.9839160837077444	1
GSE262515_tissue	external	SRR28462965	GSE262515_tissue__T=tissue__H=72__B=NA__G=delivery_tlnp_sihbv_2_5mg_kg__VS=baseline_0	delivery_tlnp_sihbv_2_5mg_kg__vs__baseline_0	baseline_0	tissue	72	SRR28462965	DELIVERY	167.47094833700018	0.649370935156239	1
GSE262515_tissue	external	SRR28462972	GSE262515_tissue__T=tissue__H=72__B=NA__G=delivery_tlnp_sinc_1mg_kg__VS=baseline_0	delivery_tlnp_sinc_1mg_kg__vs__baseline_0	baseline_0	tissue	72	SRR28462972	CONTROL	-220.97654455268315	-0.8568396298503969	1
GSE262515_tissue	external	SRR28462973	GSE262515_tissue__T=tissue__H=72__B=NA__G=delivery_tlnp_sinc_1mg_kg__VS=baseline_0	delivery_tlnp_sinc_1mg_kg__vs__baseline_0	baseline_0	tissue	72	SRR28462973	CONTROL	-62.39316901042568	-0.2419303820154575	1
GSE262515_tissue	external	SRR28462974	GSE262515_tissue__T=tissue__H=72__B=NA__G=delivery_tlnp_sinc_1mg_kg__VS=baseline_0	delivery_tlnp_sinc_1mg_kg__vs__baseline_0	baseline_0	tissue	72	SRR28462974	CONTROL	283.36971356310886	1.0987700118658543	1
GSE262515_tissue	external	SRR28462969	GSE262515_tissue__T=tissue__H=72__B=NA__G=delivery_tlnp_sinc_1mg_kg__VS=baseline_0	delivery_tlnp_sinc_1mg_kg__vs__baseline_0	baseline_0	tissue	72	SRR28462969	DELIVERY	50.6457828556874	0.19637972855170996	1
GSE262515_tissue	external	SRR28462970	GSE262515_tissue__T=tissue__H=72__B=NA__G=delivery_tlnp_sinc_1mg_kg__VS=baseline_0	delivery_tlnp_sinc_1mg_kg__vs__baseline_0	baseline_0	tissue	72	SRR28462970	DELIVERY	378.1082514070211	1.4661200121252371	1
GSE262515_tissue	external	SRR28462971	GSE262515_tissue__T=tissue__H=72__B=NA__G=delivery_tlnp_sinc_1mg_kg__VS=baseline_0	delivery_tlnp_sinc_1mg_kg__vs__baseline_0	baseline_0	tissue	72	SRR28462971	DELIVERY	157.0112914507863	0.6088134698701033	1
GSE262515_cell_line	external	SRR28462981	GSE262515_cell_line__T=cell_line__H=72__B=NA__G=delivery_tlnp_sihbv_50nm__VS=baseline_0	delivery_tlnp_sihbv_50nm__vs__baseline_0	baseline_0	cell line	72	SRR28462981	CONTROL	15.48690416621906	0.8301314772316422	1
GSE262515_cell_line	external	SRR28462982	GSE262515_cell_line__T=cell_line__H=72__B=NA__G=delivery_tlnp_sihbv_50nm__VS=baseline_0	delivery_tlnp_sihbv_50nm__vs__baseline_0	baseline_0	cell line	72	SRR28462982	CONTROL	-20.711177278462475	-1.1101637877296917	1
GSE262515_cell_line	external	SRR28462983	GSE262515_cell_line__T=cell_line__H=72__B=NA__G=delivery_tlnp_sihbv_50nm__VS=baseline_0	delivery_tlnp_sihbv_50nm__vs__baseline_0	baseline_0	cell line	72	SRR28462983	CONTROL	5.224273112243441	0.2800323104980495	1
GSE262515_cell_line	external	SRR28462975	GSE262515_cell_line__T=cell_line__H=72__B=NA__G=delivery_tlnp_sihbv_50nm__VS=baseline_0	delivery_tlnp_sihbv_50nm__vs__baseline_0	baseline_0	cell line	72	SRR28462975	DELIVERY	114.66637242612958	6.146364961599402	1
GSE262515_cell_line	external	SRR28462976	GSE262515_cell_line__T=cell_line__H=72__B=NA__G=delivery_tlnp_sihbv_50nm__VS=baseline_0	delivery_tlnp_sihbv_50nm__vs__baseline_0	baseline_0	cell line	72	SRR28462976	DELIVERY	20.263504177807228	1.086167543653071	1
GSE262515_cell_line	external	SRR28462977	GSE262515_cell_line__T=cell_line__H=72__B=NA__G=delivery_tlnp_sihbv_50nm__VS=baseline_0	delivery_tlnp_sihbv_50nm__vs__baseline_0	baseline_0	cell line	72	SRR28462977	DELIVERY	37.240892534170406	1.9961921892852523	1
GSE262515_cell_line	external	SRR28462981	GSE262515_cell_line__T=cell_line__H=72__B=NA__G=delivery_tlnp_sinc_50nm__VS=baseline_0	delivery_tlnp_sinc_50nm__vs__baseline_0	baseline_0	cell line	72	SRR28462981	CONTROL	15.48690416621906	0.8301314772316422	1
GSE262515_cell_line	external	SRR28462982	GSE262515_cell_line__T=cell_line__H=72__B=NA__G=delivery_tlnp_sinc_50nm__VS=baseline_0	delivery_tlnp_sinc_50nm__vs__baseline_0	baseline_0	cell line	72	SRR28462982	CONTROL	-20.711177278462475	-1.1101637877296917	1
GSE262515_cell_line	external	SRR28462983	GSE262515_cell_line__T=cell_line__H=72__B=NA__G=delivery_tlnp_sinc_50nm__VS=baseline_0	delivery_tlnp_sinc_50nm__vs__baseline_0	baseline_0	cell line	72	SRR28462983	CONTROL	5.224273112243441	0.2800323104980495	1
GSE262515_cell_line	external	SRR28462978	GSE262515_cell_line__T=cell_line__H=72__B=NA__G=delivery_tlnp_sinc_50nm__VS=baseline_0	delivery_tlnp_sinc_50nm__vs__baseline_0	baseline_0	cell line	72	SRR28462978	DELIVERY	25.150838464817436	1.3481392061529456	1
GSE262515_cell_line	external	SRR28462979	GSE262515_cell_line__T=cell_line__H=72__B=NA__G=delivery_tlnp_sinc_50nm__VS=baseline_0	delivery_tlnp_sinc_50nm__vs__baseline_0	baseline_0	cell line	72	SRR28462979	DELIVERY	6.4756521560671185	0.3471089271721541	1
GSE262515_cell_line	external	SRR28462980	GSE262515_cell_line__T=cell_line__H=72__B=NA__G=delivery_tlnp_sinc_50nm__VS=baseline_0	delivery_tlnp_sinc_50nm__vs__baseline_0	baseline_0	cell line	72	SRR28462980	DELIVERY	-58.564665061222335	-3.139192404050239	1
GSE178313	external	SRR14828048	GSE178313_design__T=Liver__H=48__B=NA__G=mouse_repopulated_lnp__VS=mouse_repopulated_pbs	mouse_repopulated_lnp__vs__mouse_repopulated_pbs	mouse_repopulated_pbs	Liver	48	SRR14828048	CONTROL	292.1329068734433	1.497643762141284	1
GSE178313	external	SRR14828059	GSE178313_design__T=Liver__H=48__B=NA__G=mouse_repopulated_lnp__VS=mouse_repopulated_pbs	mouse_repopulated_lnp__vs__mouse_repopulated_pbs	mouse_repopulated_pbs	Liver	48	SRR14828059	CONTROL	-82.32875474963794	-0.4220652418629103	1
GSE178313	external	SRR14828060	GSE178313_design__T=Liver__H=48__B=NA__G=mouse_repopulated_lnp__VS=mouse_repopulated_pbs	mouse_repopulated_lnp__vs__mouse_repopulated_pbs	mouse_repopulated_pbs	Liver	48	SRR14828060	CONTROL	-107.95376814830912	-0.5534340146658056	1
GSE178313	external	SRR14828061	GSE178313_design__T=Liver__H=48__B=NA__G=mouse_repopulated_lnp__VS=mouse_repopulated_pbs	mouse_repopulated_lnp__vs__mouse_repopulated_pbs	mouse_repopulated_pbs	Liver	48	SRR14828061	CONTROL	-101.85038397549616	-0.5221445056125681	1
GSE178313	external	SRR14828049	GSE178313_design__T=Liver__H=48__B=NA__G=mouse_repopulated_lnp__VS=mouse_repopulated_pbs	mouse_repopulated_lnp__vs__mouse_repopulated_pbs	mouse_repopulated_pbs	Liver	48	SRR14828049	DELIVERY	2618.937857534984	13.42620380480486	1
GSE178313	external	SRR14828062	GSE178313_design__T=Liver__H=48__B=NA__G=mouse_repopulated_lnp__VS=mouse_repopulated_pbs	mouse_repopulated_lnp__vs__mouse_repopulated_pbs	mouse_repopulated_pbs	Liver	48	SRR14828062	DELIVERY	385.82487364723727	1.977963460128299	1
GSE178313	external	SRR14828063	GSE178313_design__T=Liver__H=48__B=NA__G=mouse_repopulated_lnp__VS=mouse_repopulated_pbs	mouse_repopulated_lnp__vs__mouse_repopulated_pbs	mouse_repopulated_pbs	Liver	48	SRR14828063	DELIVERY	1049.974361637755	5.382781316711738	1
GSE178313	external	SRR14828064	GSE178313_design__T=Liver__H=48__B=NA__G=mouse_repopulated_lnp__VS=mouse_repopulated_pbs	mouse_repopulated_lnp__vs__mouse_repopulated_pbs	mouse_repopulated_pbs	Liver	48	SRR14828064	DELIVERY	1206.6815517744624	6.186153823776134	1
GSE279743	external	SRR31032963	GSE279743_design__T=Lymph_Node__H=6__B=NA__G=delivery_vaccination_with_sm102__VS=baseline_0	delivery_vaccination_with_sm102__vs__baseline_0	baseline_0	Lymph Node	6	SRR31032963	CONTROL	-178.22196011695786	-0.4563388267054418	1
GSE279743	external	SRR31032964	GSE279743_design__T=Lymph_Node__H=6__B=NA__G=delivery_vaccination_with_sm102__VS=baseline_0	delivery_vaccination_with_sm102__vs__baseline_0	baseline_0	Lymph Node	6	SRR31032964	CONTROL	-269.64381344450896	-0.6904252504848314	1
GSE279743	external	SRR31032965	GSE279743_design__T=Lymph_Node__H=6__B=NA__G=delivery_vaccination_with_sm102__VS=baseline_0	delivery_vaccination_with_sm102__vs__baseline_0	baseline_0	Lymph Node	6	SRR31032965	CONTROL	447.8657735614668	1.1467640771902732	1
GSE279743	external	SRR31032960	GSE279743_design__T=Lymph_Node__H=6__B=NA__G=delivery_vaccination_with_sm102__VS=baseline_0	delivery_vaccination_with_sm102__vs__baseline_0	baseline_0	Lymph Node	6	SRR31032960	DELIVERY	6240.481364453948	15.978804980392106	1
GSE279743	external	SRR31032961	GSE279743_design__T=Lymph_Node__H=6__B=NA__G=delivery_vaccination_with_sm102__VS=baseline_0	delivery_vaccination_with_sm102__vs__baseline_0	baseline_0	Lymph Node	6	SRR31032961	DELIVERY	5722.4412969822115	14.652359033880677	1
GSE279743	external	SRR31032962	GSE279743_design__T=Lymph_Node__H=6__B=NA__G=delivery_vaccination_with_sm102__VS=baseline_0	delivery_vaccination_with_sm102__vs__baseline_0	baseline_0	Lymph Node	6	SRR31032962	DELIVERY	4377.901393164485	11.20965331027525	1
GSE279743	external	SRR31032963	GSE279743_design__T=Lymph_Node__H=6__B=NA__G=delivery_vaccination_with_ssop__VS=baseline_0	delivery_vaccination_with_ssop__vs__baseline_0	baseline_0	Lymph Node	6	SRR31032963	CONTROL	-178.22196011695786	-0.4563388267054418	1
GSE279743	external	SRR31032964	GSE279743_design__T=Lymph_Node__H=6__B=NA__G=delivery_vaccination_with_ssop__VS=baseline_0	delivery_vaccination_with_ssop__vs__baseline_0	baseline_0	Lymph Node	6	SRR31032964	CONTROL	-269.64381344450896	-0.6904252504848314	1
GSE279743	external	SRR31032965	GSE279743_design__T=Lymph_Node__H=6__B=NA__G=delivery_vaccination_with_ssop__VS=baseline_0	delivery_vaccination_with_ssop__vs__baseline_0	baseline_0	Lymph Node	6	SRR31032965	CONTROL	447.8657735614668	1.1467640771902732	1
GSE279743	external	SRR31032957	GSE279743_design__T=Lymph_Node__H=6__B=NA__G=delivery_vaccination_with_ssop__VS=baseline_0	delivery_vaccination_with_ssop__vs__baseline_0	baseline_0	Lymph Node	6	SRR31032957	DELIVERY	1315.190065519092	3.367555215977726	1
GSE279743	external	SRR31032958	GSE279743_design__T=Lymph_Node__H=6__B=NA__G=delivery_vaccination_with_ssop__VS=baseline_0	delivery_vaccination_with_ssop__vs__baseline_0	baseline_0	Lymph Node	6	SRR31032958	DELIVERY	434.370511739704	1.1122093458777875	1
GSE279743	external	SRR31032959	GSE279743_design__T=Lymph_Node__H=6__B=NA__G=delivery_vaccination_with_ssop__VS=baseline_0	delivery_vaccination_with_ssop__vs__baseline_0	baseline_0	Lymph Node	6	SRR31032959	DELIVERY	1003.222924470986	2.568760729467093	1
GSE166655	external	SRR13694568	GSE166655_design__T=Tibialis_anterior__H=672__B=NA__G=delivery_aav9_ar45__VS=delivery_untreated	delivery_aav9_ar45__vs__delivery_untreated	delivery_untreated	Tibialis anterior	672	SRR13694568	CONTROL	-61.07816144872496	-0.476698810135448	1
GSE166655	external	SRR13694569	GSE166655_design__T=Tibialis_anterior__H=672__B=NA__G=delivery_aav9_ar45__VS=delivery_untreated	delivery_aav9_ar45__vs__delivery_untreated	delivery_untreated	Tibialis anterior	672	SRR13694569	CONTROL	147.23832996706935	1.149156016435684	1
GSE166655	external	SRR13694570	GSE166655_design__T=Tibialis_anterior__H=672__B=NA__G=delivery_aav9_ar45__VS=delivery_untreated	delivery_aav9_ar45__vs__delivery_untreated	delivery_untreated	Tibialis anterior	672	SRR13694570	CONTROL	-86.16016851834424	-0.672457206300236	1
GSE166655	external	SRR13694562	GSE166655_design__T=Tibialis_anterior__H=672__B=NA__G=delivery_aav9_ar45__VS=delivery_untreated	delivery_aav9_ar45__vs__delivery_untreated	delivery_untreated	Tibialis anterior	672	SRR13694562	DELIVERY	288.28250436778086	2.249968295629777	1
GSE166655	external	SRR13694563	GSE166655_design__T=Tibialis_anterior__H=672__B=NA__G=delivery_aav9_ar45__VS=delivery_untreated	delivery_aav9_ar45__vs__delivery_untreated	delivery_untreated	Tibialis anterior	672	SRR13694563	DELIVERY	222.2377866797982	1.73450683459639	1
GSE166655	external	SRR13694564	GSE166655_design__T=Tibialis_anterior__H=672__B=NA__G=delivery_aav9_ar45__VS=delivery_untreated	delivery_aav9_ar45__vs__delivery_untreated	delivery_untreated	Tibialis anterior	672	SRR13694564	DELIVERY	315.7063552827832	2.4640041603387735	1
GSE166655	external	SRR13694568	GSE166655_design__T=Tibialis_anterior__H=672__B=NA__G=delivery_aav9_gfp__VS=delivery_untreated	delivery_aav9_gfp__vs__delivery_untreated	delivery_untreated	Tibialis anterior	672	SRR13694568	CONTROL	-61.07816144872496	-0.476698810135448	1
GSE166655	external	SRR13694569	GSE166655_design__T=Tibialis_anterior__H=672__B=NA__G=delivery_aav9_gfp__VS=delivery_untreated	delivery_aav9_gfp__vs__delivery_untreated	delivery_untreated	Tibialis anterior	672	SRR13694569	CONTROL	147.23832996706935	1.149156016435684	1
GSE166655	external	SRR13694570	GSE166655_design__T=Tibialis_anterior__H=672__B=NA__G=delivery_aav9_gfp__VS=delivery_untreated	delivery_aav9_gfp__vs__delivery_untreated	delivery_untreated	Tibialis anterior	672	SRR13694570	CONTROL	-86.16016851834424	-0.672457206300236	1
GSE166655	external	SRR13694565	GSE166655_design__T=Tibialis_anterior__H=672__B=NA__G=delivery_aav9_gfp__VS=delivery_untreated	delivery_aav9_gfp__vs__delivery_untreated	delivery_untreated	Tibialis anterior	672	SRR13694565	DELIVERY	-164.02849910229915	-1.2801988222257084	1
GSE166655	external	SRR13694566	GSE166655_design__T=Tibialis_anterior__H=672__B=NA__G=delivery_aav9_gfp__VS=delivery_untreated	delivery_aav9_gfp__vs__delivery_untreated	delivery_untreated	Tibialis anterior	672	SRR13694566	DELIVERY	71.57300715394926	0.5586082904074663	1
GSE166655	external	SRR13694567	GSE166655_design__T=Tibialis_anterior__H=672__B=NA__G=delivery_aav9_gfp__VS=delivery_untreated	delivery_aav9_gfp__vs__delivery_untreated	delivery_untreated	Tibialis anterior	672	SRR13694567	DELIVERY	70.15219966328385	0.5475192657189886	1
GSE139529	external	SRR10358645	GSE139529_design__T=blood__H=24__B=NA__G=ad.mva__VS=none	ad.mva__vs__none	none	blood	24	SRR10358645	CONTROL	-259.6954720389187	-1.8730312175240071	1
GSE139529	external	SRR10358646	GSE139529_design__T=blood__H=24__B=NA__G=ad.mva__VS=none	ad.mva__vs__none	none	blood	24	SRR10358646	CONTROL	143.22603614515555	1.0330054457857274	1
GSE139529	external	SRR10358647	GSE139529_design__T=blood__H=24__B=NA__G=ad.mva__VS=none	ad.mva__vs__none	none	blood	24	SRR10358647	CONTROL	3.2161531339145863	0.02319622738457636	1
GSE139529	external	SRR10358648	GSE139529_design__T=blood__H=24__B=NA__G=ad.mva__VS=none	ad.mva__vs__none	none	blood	24	SRR10358648	CONTROL	88.48859037184718	0.6382163341543572	1
GSE139529	external	SRR10358649	GSE139529_design__T=blood__H=24__B=NA__G=ad.mva__VS=none	ad.mva__vs__none	none	blood	24	SRR10358649	CONTROL	15.231108746300263	0.10985305956758448	1
GSE139529	external	SRR10358650	GSE139529_design__T=blood__H=24__B=NA__G=ad.mva__VS=none	ad.mva__vs__none	none	blood	24	SRR10358650	CONTROL	9.53358364170124	0.06876015063176204	1
GSE139529	external	SRR10358651	GSE139529_design__T=blood__H=24__B=NA__G=ad.mva__VS=none	ad.mva__vs__none	none	blood	24	SRR10358651	DELIVERY	1486.0643492226002	10.718111084071168	1
GSE139529	external	SRR10358652	GSE139529_design__T=blood__H=24__B=NA__G=ad.mva__VS=none	ad.mva__vs__none	none	blood	24	SRR10358652	DELIVERY	1573.428558580897	11.348217917038475	1
GSE139529	external	SRR10358653	GSE139529_design__T=blood__H=24__B=NA__G=ad.mva__VS=none	ad.mva__vs__none	none	blood	24	SRR10358653	DELIVERY	2158.316193031605	15.566669588409049	1
GSE139529	external	SRR10358654	GSE139529_design__T=blood__H=24__B=NA__G=ad.mva__VS=none	ad.mva__vs__none	none	blood	24	SRR10358654	DELIVERY	1843.0634158124003	13.29293609391739	1
GSE139529	external	SRR10358655	GSE139529_design__T=blood__H=24__B=NA__G=ad.mva__VS=none	ad.mva__vs__none	none	blood	24	SRR10358655	DELIVERY	2073.288500499002	14.953414681740012	1
GSE139529	external	SRR10358656	GSE139529_design__T=blood__H=24__B=NA__G=ad.mva__VS=none	ad.mva__vs__none	none	blood	24	SRR10358656	DELIVERY	1421.6237261120823	10.253338641890853	1
GSE139529	external	SRR10358645	GSE139529_design__T=blood__H=24__B=NA__G=ad_empty__VS=none	ad_empty__vs__none	none	blood	24	SRR10358645	CONTROL	-259.6954720389187	-1.8730312175240071	1
GSE139529	external	SRR10358646	GSE139529_design__T=blood__H=24__B=NA__G=ad_empty__VS=none	ad_empty__vs__none	none	blood	24	SRR10358646	CONTROL	143.22603614515555	1.0330054457857274	1
GSE139529	external	SRR10358647	GSE139529_design__T=blood__H=24__B=NA__G=ad_empty__VS=none	ad_empty__vs__none	none	blood	24	SRR10358647	CONTROL	3.2161531339145863	0.02319622738457636	1
GSE139529	external	SRR10358648	GSE139529_design__T=blood__H=24__B=NA__G=ad_empty__VS=none	ad_empty__vs__none	none	blood	24	SRR10358648	CONTROL	88.48859037184718	0.6382163341543572	1
GSE139529	external	SRR10358649	GSE139529_design__T=blood__H=24__B=NA__G=ad_empty__VS=none	ad_empty__vs__none	none	blood	24	SRR10358649	CONTROL	15.231108746300263	0.10985305956758448	1
GSE139529	external	SRR10358650	GSE139529_design__T=blood__H=24__B=NA__G=ad_empty__VS=none	ad_empty__vs__none	none	blood	24	SRR10358650	CONTROL	9.53358364170124	0.06876015063176204	1
GSE139529	external	SRR10358657	GSE139529_design__T=blood__H=24__B=NA__G=ad_empty__VS=none	ad_empty__vs__none	none	blood	24	SRR10358657	DELIVERY	1848.2228930867948	13.330148379234393	1
GSE139529	external	SRR10358658	GSE139529_design__T=blood__H=24__B=NA__G=ad_empty__VS=none	ad_empty__vs__none	none	blood	24	SRR10358658	DELIVERY	2185.280312293793	15.761145975442664	1
GSE139529	external	SRR10358659	GSE139529_design__T=blood__H=24__B=NA__G=ad_empty__VS=none	ad_empty__vs__none	none	blood	24	SRR10358659	DELIVERY	1486.021383325986	10.717801196243643	1
GSE139529	external	SRR10358660	GSE139529_design__T=blood__H=24__B=NA__G=ad_empty__VS=none	ad_empty__vs__none	none	blood	24	SRR10358660	DELIVERY	1559.668972963677	11.248978091257516	1
GSE139529	external	SRR10358661	GSE139529_design__T=blood__H=24__B=NA__G=ad_empty__VS=none	ad_empty__vs__none	none	blood	24	SRR10358661	DELIVERY	1935.4476756562713	13.959249608499912	1
GSE139529	external	SRR10358662	GSE139529_design__T=blood__H=24__B=NA__G=ad_empty__VS=none	ad_empty__vs__none	none	blood	24	SRR10358662	DELIVERY	1948.8878185270944	14.056185480994689	1
GSE139529	external	SRR10358645	GSE139529_design__T=blood__H=24__B=NA__G=ad_fhbp__VS=none	ad_fhbp__vs__none	none	blood	24	SRR10358645	CONTROL	-259.6954720389187	-1.8730312175240071	1
GSE139529	external	SRR10358646	GSE139529_design__T=blood__H=24__B=NA__G=ad_fhbp__VS=none	ad_fhbp__vs__none	none	blood	24	SRR10358646	CONTROL	143.22603614515555	1.0330054457857274	1
GSE139529	external	SRR10358647	GSE139529_design__T=blood__H=24__B=NA__G=ad_fhbp__VS=none	ad_fhbp__vs__none	none	blood	24	SRR10358647	CONTROL	3.2161531339145863	0.02319622738457636	1
GSE139529	external	SRR10358648	GSE139529_design__T=blood__H=24__B=NA__G=ad_fhbp__VS=none	ad_fhbp__vs__none	none	blood	24	SRR10358648	CONTROL	88.48859037184718	0.6382163341543572	1
GSE139529	external	SRR10358649	GSE139529_design__T=blood__H=24__B=NA__G=ad_fhbp__VS=none	ad_fhbp__vs__none	none	blood	24	SRR10358649	CONTROL	15.231108746300263	0.10985305956758448	1
GSE139529	external	SRR10358650	GSE139529_design__T=blood__H=24__B=NA__G=ad_fhbp__VS=none	ad_fhbp__vs__none	none	blood	24	SRR10358650	CONTROL	9.53358364170124	0.06876015063176204	1
GSE139529	external	SRR10358615	GSE139529_design__T=blood__H=24__B=NA__G=ad_fhbp__VS=none	ad_fhbp__vs__none	none	blood	24	SRR10358615	DELIVERY	1860.4463870292984	13.41830927615636	1
GSE139529	external	SRR10358616	GSE139529_design__T=blood__H=24__B=NA__G=ad_fhbp__VS=none	ad_fhbp__vs__none	none	blood	24	SRR10358616	DELIVERY	1779.319518263235	12.83318872482061	1
GSE139529	external	SRR10358617	GSE139529_design__T=blood__H=24__B=NA__G=ad_fhbp__VS=none	ad_fhbp__vs__none	none	blood	24	SRR10358617	DELIVERY	2012.2190403353393	14.512956461864938	1
GSE139529	external	SRR10358618	GSE139529_design__T=blood__H=24__B=NA__G=ad_fhbp__VS=none	ad_fhbp__vs__none	none	blood	24	SRR10358618	DELIVERY	2004.9495312797935	14.460525754120177	1
GSE139529	external	SRR10358619	GSE139529_design__T=blood__H=24__B=NA__G=ad_fhbp__VS=none	ad_fhbp__vs__none	none	blood	24	SRR10358619	DELIVERY	2054.3064196161295	14.816508058809529	1
GSE139529	external	SRR10358620	GSE139529_design__T=blood__H=24__B=NA__G=ad_fhbp__VS=none	ad_fhbp__vs__none	none	blood	24	SRR10358620	DELIVERY	2208.4578439411257	15.928311925544786	1
GSE139529	external	SRR10358645	GSE139529_design__T=blood__H=24__B=NA__G=ad_pref__VS=none	ad_pref__vs__none	none	blood	24	SRR10358645	CONTROL	-259.6954720389187	-1.8730312175240071	1
GSE139529	external	SRR10358646	GSE139529_design__T=blood__H=24__B=NA__G=ad_pref__VS=none	ad_pref__vs__none	none	blood	24	SRR10358646	CONTROL	143.22603614515555	1.0330054457857274	1
GSE139529	external	SRR10358647	GSE139529_design__T=blood__H=24__B=NA__G=ad_pref__VS=none	ad_pref__vs__none	none	blood	24	SRR10358647	CONTROL	3.2161531339145863	0.02319622738457636	1
GSE139529	external	SRR10358648	GSE139529_design__T=blood__H=24__B=NA__G=ad_pref__VS=none	ad_pref__vs__none	none	blood	24	SRR10358648	CONTROL	88.48859037184718	0.6382163341543572	1
GSE139529	external	SRR10358649	GSE139529_design__T=blood__H=24__B=NA__G=ad_pref__VS=none	ad_pref__vs__none	none	blood	24	SRR10358649	CONTROL	15.231108746300263	0.10985305956758448	1
GSE139529	external	SRR10358650	GSE139529_design__T=blood__H=24__B=NA__G=ad_pref__VS=none	ad_pref__vs__none	none	blood	24	SRR10358650	CONTROL	9.53358364170124	0.06876015063176204	1
GSE139529	external	SRR10358674	GSE139529_design__T=blood__H=24__B=NA__G=ad_pref__VS=none	ad_pref__vs__none	none	blood	24	SRR10358674	DELIVERY	-154.57537639392922	-1.1148615845060403	1
GSE139529	external	SRR10358675	GSE139529_design__T=blood__H=24__B=NA__G=ad_pref__VS=none	ad_pref__vs__none	none	blood	24	SRR10358675	DELIVERY	256.40987609030805	1.8493341398214131	1
GSE139529	external	SRR10358676	GSE139529_design__T=blood__H=24__B=NA__G=ad_pref__VS=none	ad_pref__vs__none	none	blood	24	SRR10358676	DELIVERY	-75.53051174591408	-0.5447573084926932	1
GSE139529	external	SRR10358677	GSE139529_design__T=blood__H=24__B=NA__G=ad_pref__VS=none	ad_pref__vs__none	none	blood	24	SRR10358677	DELIVERY	253.58959761963257	1.8289931243381148	1
GSE139529	external	SRR10358678	GSE139529_design__T=blood__H=24__B=NA__G=ad_pref__VS=none	ad_pref__vs__none	none	blood	24	SRR10358678	DELIVERY	970.4233817336318	6.999095032084015	1
GSE139529	external	SRR10358679	GSE139529_design__T=blood__H=24__B=NA__G=ad_pref__VS=none	ad_pref__vs__none	none	blood	24	SRR10358679	DELIVERY	139.03259133589555	1.0027605863931428	1
GSE139529	external	SRR10358645	GSE139529_design__T=blood__H=24__B=NA__G=mva.ad__VS=none	mva.ad__vs__none	none	blood	24	SRR10358645	CONTROL	-259.6954720389187	-1.8730312175240071	1
GSE139529	external	SRR10358646	GSE139529_design__T=blood__H=24__B=NA__G=mva.ad__VS=none	mva.ad__vs__none	none	blood	24	SRR10358646	CONTROL	143.22603614515555	1.0330054457857274	1
GSE139529	external	SRR10358647	GSE139529_design__T=blood__H=24__B=NA__G=mva.ad__VS=none	mva.ad__vs__none	none	blood	24	SRR10358647	CONTROL	3.2161531339145863	0.02319622738457636	1
GSE139529	external	SRR10358648	GSE139529_design__T=blood__H=24__B=NA__G=mva.ad__VS=none	mva.ad__vs__none	none	blood	24	SRR10358648	CONTROL	88.48859037184718	0.6382163341543572	1
GSE139529	external	SRR10358649	GSE139529_design__T=blood__H=24__B=NA__G=mva.ad__VS=none	mva.ad__vs__none	none	blood	24	SRR10358649	CONTROL	15.231108746300263	0.10985305956758448	1
GSE139529	external	SRR10358650	GSE139529_design__T=blood__H=24__B=NA__G=mva.ad__VS=none	mva.ad__vs__none	none	blood	24	SRR10358650	CONTROL	9.53358364170124	0.06876015063176204	1
GSE139529	external	SRR10358639	GSE139529_design__T=blood__H=24__B=NA__G=mva.ad__VS=none	mva.ad__vs__none	none	blood	24	SRR10358639	DELIVERY	2018.9186080910456	14.561276517088984	1
GSE139529	external	SRR10358640	GSE139529_design__T=blood__H=24__B=NA__G=mva.ad__VS=none	mva.ad__vs__none	none	blood	24	SRR10358640	DELIVERY	2147.6430321903604	15.489690335408016	1
GSE139529	external	SRR10358641	GSE139529_design__T=blood__H=24__B=NA__G=mva.ad__VS=none	mva.ad__vs__none	none	blood	24	SRR10358641	DELIVERY	2186.0435532190018	15.76665078485726	1
GSE139529	external	SRR10358642	GSE139529_design__T=blood__H=24__B=NA__G=mva.ad__VS=none	mva.ad__vs__none	none	blood	24	SRR10358642	DELIVERY	2075.1762378370536	14.967029824649112	1
GSE139529	external	SRR10358643	GSE139529_design__T=blood__H=24__B=NA__G=mva.ad__VS=none	mva.ad__vs__none	none	blood	24	SRR10358643	DELIVERY	2126.5711380441035	15.337711114367206	1
GSE139529	external	SRR10358644	GSE139529_design__T=blood__H=24__B=NA__G=mva.ad__VS=none	mva.ad__vs__none	none	blood	24	SRR10358644	DELIVERY	2188.058447802741	15.781183038445407	1
GSE139529	external	SRR10358645	GSE139529_design__T=blood__H=24__B=NA__G=mva_fhbp__VS=none	mva_fhbp__vs__none	none	blood	24	SRR10358645	CONTROL	-259.6954720389187	-1.8730312175240071	1
GSE139529	external	SRR10358646	GSE139529_design__T=blood__H=24__B=NA__G=mva_fhbp__VS=none	mva_fhbp__vs__none	none	blood	24	SRR10358646	CONTROL	143.22603614515555	1.0330054457857274	1
GSE139529	external	SRR10358647	GSE139529_design__T=blood__H=24__B=NA__G=mva_fhbp__VS=none	mva_fhbp__vs__none	none	blood	24	SRR10358647	CONTROL	3.2161531339145863	0.02319622738457636	1
GSE139529	external	SRR10358648	GSE139529_design__T=blood__H=24__B=NA__G=mva_fhbp__VS=none	mva_fhbp__vs__none	none	blood	24	SRR10358648	CONTROL	88.48859037184718	0.6382163341543572	1
GSE139529	external	SRR10358649	GSE139529_design__T=blood__H=24__B=NA__G=mva_fhbp__VS=none	mva_fhbp__vs__none	none	blood	24	SRR10358649	CONTROL	15.231108746300263	0.10985305956758448	1
GSE139529	external	SRR10358650	GSE139529_design__T=blood__H=24__B=NA__G=mva_fhbp__VS=none	mva_fhbp__vs__none	none	blood	24	SRR10358650	CONTROL	9.53358364170124	0.06876015063176204	1
GSE139529	external	SRR10358621	GSE139529_design__T=blood__H=24__B=NA__G=mva_fhbp__VS=none	mva_fhbp__vs__none	none	blood	24	SRR10358621	DELIVERY	1898.3086043885396	13.69138725676863	1
GSE139529	external	SRR10358622	GSE139529_design__T=blood__H=24__B=NA__G=mva_fhbp__VS=none	mva_fhbp__vs__none	none	blood	24	SRR10358622	DELIVERY	2019.7131439395637	14.567007038441677	1
GSE139529	external	SRR10358623	GSE139529_design__T=blood__H=24__B=NA__G=mva_fhbp__VS=none	mva_fhbp__vs__none	none	blood	24	SRR10358623	DELIVERY	2432.0332609358125	17.540830358054222	1
GSE139529	external	SRR10358624	GSE139529_design__T=blood__H=24__B=NA__G=mva_fhbp__VS=none	mva_fhbp__vs__none	none	blood	24	SRR10358624	DELIVERY	1694.541364044723	12.221733591742508	1
GSE139529	external	SRR10358625	GSE139529_design__T=blood__H=24__B=NA__G=mva_fhbp__VS=none	mva_fhbp__vs__none	none	blood	24	SRR10358625	DELIVERY	1977.996040523472	14.266126024269402	1
GSE139529	external	SRR10358626	GSE139529_design__T=blood__H=24__B=NA__G=mva_fhbp__VS=none	mva_fhbp__vs__none	none	blood	24	SRR10358626	DELIVERY	1903.771233143207	13.730785996018511	1
GSE119119	external	SRR7761109	GSE119119_design__T=whole_liver__H=4__B=NA__G=GID00069418__VS=WT_uninfected_whole_liver	WT_virus_plus_rh9C12_H433A_whole_liver__vs__WT_uninfected_whole_liver	WT_uninfected_whole_liver	whole liver	4	SRR7761109	CONTROL	59.68676086660566	0.23624806968806045	1
GSE119119	external	SRR7761110	GSE119119_design__T=whole_liver__H=4__B=NA__G=GID00069418__VS=WT_uninfected_whole_liver	WT_virus_plus_rh9C12_H433A_whole_liver__vs__WT_uninfected_whole_liver	WT_uninfected_whole_liver	whole liver	4	SRR7761110	CONTROL	150.2850007019621	0.5948478490608111	1
GSE119119	external	SRR7761111	GSE119119_design__T=whole_liver__H=4__B=NA__G=GID00069418__VS=WT_uninfected_whole_liver	WT_virus_plus_rh9C12_H433A_whole_liver__vs__WT_uninfected_whole_liver	WT_uninfected_whole_liver	whole liver	4	SRR7761111	CONTROL	-225.3702333028964	-0.8920451002853199	1
GSE119119	external	SRR7761112	GSE119119_design__T=whole_liver__H=4__B=NA__G=GID00069418__VS=WT_uninfected_whole_liver	WT_virus_plus_rh9C12_H433A_whole_liver__vs__WT_uninfected_whole_liver	WT_uninfected_whole_liver	whole liver	4	SRR7761112	CONTROL	-266.6931460453444	-1.0556066376773336	1
GSE119119	external	SRR7761121	GSE119119_design__T=whole_liver__H=4__B=NA__G=GID00069418__VS=WT_uninfected_whole_liver	WT_virus_plus_rh9C12_H433A_whole_liver__vs__WT_uninfected_whole_liver	WT_uninfected_whole_liver	whole liver	4	SRR7761121	DELIVERY	2867.7685326756664	11.351005990607332	1
GSE119119	external	SRR7761122	GSE119119_design__T=whole_liver__H=4__B=NA__G=GID00069418__VS=WT_uninfected_whole_liver	WT_virus_plus_rh9C12_H433A_whole_liver__vs__WT_uninfected_whole_liver	WT_uninfected_whole_liver	whole liver	4	SRR7761122	DELIVERY	3087.4782549556535	12.220646041880208	1
GSE119119	external	SRR7761123	GSE119119_design__T=whole_liver__H=4__B=NA__G=GID00069418__VS=WT_uninfected_whole_liver	WT_virus_plus_rh9C12_H433A_whole_liver__vs__WT_uninfected_whole_liver	WT_uninfected_whole_liver	whole liver	4	SRR7761123	DELIVERY	2375.695429328158	9.403315763773389	1
GSE119119	external	SRR7761124	GSE119119_design__T=whole_liver__H=4__B=NA__G=GID00069418__VS=WT_uninfected_whole_liver	WT_virus_plus_rh9C12_H433A_whole_liver__vs__WT_uninfected_whole_liver	WT_uninfected_whole_liver	whole liver	4	SRR7761124	DELIVERY	2665.7013542777704	10.551197454330657	1
GSE119119	external	SRR7761125	GSE119119_design__T=whole_liver__H=4__B=NA__G=GID00088542__VS=TRIM21_KO_uninfected_whole_liver	TRIM21_KO_virus_plus_rh9C12_WT_whole_liver__vs__TRIM21_KO_uninfected_whole_liver	TRIM21_KO_uninfected_whole_liver	whole liver	4	SRR7761125	CONTROL	355.61707365011677	1.4075792684699384	1
GSE119119	external	SRR7761126	GSE119119_design__T=whole_liver__H=4__B=NA__G=GID00088542__VS=TRIM21_KO_uninfected_whole_liver	TRIM21_KO_virus_plus_rh9C12_WT_whole_liver__vs__TRIM21_KO_uninfected_whole_liver	TRIM21_KO_uninfected_whole_liver	whole liver	4	SRR7761126	CONTROL	226.83287162273865	0.8978344156158461	1
GSE119119	external	SRR7761127	GSE119119_design__T=whole_liver__H=4__B=NA__G=GID00088542__VS=TRIM21_KO_uninfected_whole_liver	TRIM21_KO_virus_plus_rh9C12_WT_whole_liver__vs__TRIM21_KO_uninfected_whole_liver	TRIM21_KO_uninfected_whole_liver	whole liver	4	SRR7761127	CONTROL	44.39113358433138	0.17570596005370936	1
GSE119119	external	SRR7761128	GSE119119_design__T=whole_liver__H=4__B=NA__G=GID00088542__VS=TRIM21_KO_uninfected_whole_liver	TRIM21_KO_virus_plus_rh9C12_WT_whole_liver__vs__TRIM21_KO_uninfected_whole_liver	TRIM21_KO_uninfected_whole_liver	whole liver	4	SRR7761128	CONTROL	-344.74946107751344	-1.3645638249257122	1
GSE119119	external	SRR7761133	GSE119119_design__T=whole_liver__H=4__B=NA__G=GID00088542__VS=TRIM21_KO_uninfected_whole_liver	TRIM21_KO_virus_plus_rh9C12_WT_whole_liver__vs__TRIM21_KO_uninfected_whole_liver	TRIM21_KO_uninfected_whole_liver	whole liver	4	SRR7761133	DELIVERY	2871.1577710744955	11.364421043088155	1
GSE119119	external	SRR7761134	GSE119119_design__T=whole_liver__H=4__B=NA__G=GID00088542__VS=TRIM21_KO_uninfected_whole_liver	TRIM21_KO_virus_plus_rh9C12_WT_whole_liver__vs__TRIM21_KO_uninfected_whole_liver	TRIM21_KO_uninfected_whole_liver	whole liver	4	SRR7761134	DELIVERY	2985.4905228707985	11.81696515038806	1
GSE119119	external	SRR7761135	GSE119119_design__T=whole_liver__H=4__B=NA__G=GID00088542__VS=TRIM21_KO_uninfected_whole_liver	TRIM21_KO_virus_plus_rh9C12_WT_whole_liver__vs__TRIM21_KO_uninfected_whole_liver	TRIM21_KO_uninfected_whole_liver	whole liver	4	SRR7761135	DELIVERY	2753.0221512115536	10.896824682541853	1
GSE119119	external	SRR7761136	GSE119119_design__T=whole_liver__H=4__B=NA__G=GID00088542__VS=TRIM21_KO_uninfected_whole_liver	TRIM21_KO_virus_plus_rh9C12_WT_whole_liver__vs__TRIM21_KO_uninfected_whole_liver	TRIM21_KO_uninfected_whole_liver	whole liver	4	SRR7761136	DELIVERY	1924.458104108654	7.617258931294889	1
GSE119119	external	SRR7761125	GSE119119_design__T=whole_liver__H=4__B=NA__G=GID00096342__VS=TRIM21_KO_uninfected_whole_liver	TRIM21_KO_virus_plus_rh9C12_H433A_whole_liver__vs__TRIM21_KO_uninfected_whole_liver	TRIM21_KO_uninfected_whole_liver	whole liver	4	SRR7761125	CONTROL	355.61707365011677	1.4075792684699384	1
GSE119119	external	SRR7761126	GSE119119_design__T=whole_liver__H=4__B=NA__G=GID00096342__VS=TRIM21_KO_uninfected_whole_liver	TRIM21_KO_virus_plus_rh9C12_H433A_whole_liver__vs__TRIM21_KO_uninfected_whole_liver	TRIM21_KO_uninfected_whole_liver	whole liver	4	SRR7761126	CONTROL	226.83287162273865	0.8978344156158461	1
GSE119119	external	SRR7761127	GSE119119_design__T=whole_liver__H=4__B=NA__G=GID00096342__VS=TRIM21_KO_uninfected_whole_liver	TRIM21_KO_virus_plus_rh9C12_H433A_whole_liver__vs__TRIM21_KO_uninfected_whole_liver	TRIM21_KO_uninfected_whole_liver	whole liver	4	SRR7761127	CONTROL	44.39113358433138	0.17570596005370936	1
GSE119119	external	SRR7761128	GSE119119_design__T=whole_liver__H=4__B=NA__G=GID00096342__VS=TRIM21_KO_uninfected_whole_liver	TRIM21_KO_virus_plus_rh9C12_H433A_whole_liver__vs__TRIM21_KO_uninfected_whole_liver	TRIM21_KO_uninfected_whole_liver	whole liver	4	SRR7761128	CONTROL	-344.74946107751344	-1.3645638249257122	1
GSE119119	external	SRR7761137	GSE119119_design__T=whole_liver__H=4__B=NA__G=GID00096342__VS=TRIM21_KO_uninfected_whole_liver	TRIM21_KO_virus_plus_rh9C12_H433A_whole_liver__vs__TRIM21_KO_uninfected_whole_liver	TRIM21_KO_uninfected_whole_liver	whole liver	4	SRR7761137	DELIVERY	2838.2979009068185	11.234357344127114	1
GSE119119	external	SRR7761138	GSE119119_design__T=whole_liver__H=4__B=NA__G=GID00096342__VS=TRIM21_KO_uninfected_whole_liver	TRIM21_KO_virus_plus_rh9C12_H433A_whole_liver__vs__TRIM21_KO_uninfected_whole_liver	TRIM21_KO_uninfected_whole_liver	whole liver	4	SRR7761138	DELIVERY	2130.683438621622	8.433525997761247	1
GSE119119	external	SRR7761139	GSE119119_design__T=whole_liver__H=4__B=NA__G=GID00096342__VS=TRIM21_KO_uninfected_whole_liver	TRIM21_KO_virus_plus_rh9C12_H433A_whole_liver__vs__TRIM21_KO_uninfected_whole_liver	TRIM21_KO_uninfected_whole_liver	whole liver	4	SRR7761139	DELIVERY	2366.1847703779245	9.36567132159172	1
GSE119119	external	SRR7761140	GSE119119_design__T=whole_liver__H=4__B=NA__G=GID00096342__VS=TRIM21_KO_uninfected_whole_liver	TRIM21_KO_virus_plus_rh9C12_H433A_whole_liver__vs__TRIM21_KO_uninfected_whole_liver	TRIM21_KO_uninfected_whole_liver	whole liver	4	SRR7761140	DELIVERY	2854.8838047678373	11.300006538593449	1
GSE119119	external	SRR7761125	GSE119119_design__T=whole_liver__H=4__B=NA__G=TRIM21_KO_virus_only_whole_liver__VS=TRIM21_KO_uninfected_whole_liver	TRIM21_KO_virus_only_whole_liver__vs__TRIM21_KO_uninfected_whole_liver	TRIM21_KO_uninfected_whole_liver	whole liver	4	SRR7761125	CONTROL	355.61707365011677	1.4075792684699384	1
GSE119119	external	SRR7761126	GSE119119_design__T=whole_liver__H=4__B=NA__G=TRIM21_KO_virus_only_whole_liver__VS=TRIM21_KO_uninfected_whole_liver	TRIM21_KO_virus_only_whole_liver__vs__TRIM21_KO_uninfected_whole_liver	TRIM21_KO_uninfected_whole_liver	whole liver	4	SRR7761126	CONTROL	226.83287162273865	0.8978344156158461	1
GSE119119	external	SRR7761127	GSE119119_design__T=whole_liver__H=4__B=NA__G=TRIM21_KO_virus_only_whole_liver__VS=TRIM21_KO_uninfected_whole_liver	TRIM21_KO_virus_only_whole_liver__vs__TRIM21_KO_uninfected_whole_liver	TRIM21_KO_uninfected_whole_liver	whole liver	4	SRR7761127	CONTROL	44.39113358433138	0.17570596005370936	1
GSE119119	external	SRR7761128	GSE119119_design__T=whole_liver__H=4__B=NA__G=TRIM21_KO_virus_only_whole_liver__VS=TRIM21_KO_uninfected_whole_liver	TRIM21_KO_virus_only_whole_liver__vs__TRIM21_KO_uninfected_whole_liver	TRIM21_KO_uninfected_whole_liver	whole liver	4	SRR7761128	CONTROL	-344.74946107751344	-1.3645638249257122	1
GSE119119	external	SRR7761129	GSE119119_design__T=whole_liver__H=4__B=NA__G=TRIM21_KO_virus_only_whole_liver__VS=TRIM21_KO_uninfected_whole_liver	TRIM21_KO_virus_only_whole_liver__vs__TRIM21_KO_uninfected_whole_liver	TRIM21_KO_uninfected_whole_liver	whole liver	4	SRR7761129	DELIVERY	3060.146399578774	12.112462954374218	1
GSE119119	external	SRR7761130	GSE119119_design__T=whole_liver__H=4__B=NA__G=TRIM21_KO_virus_only_whole_liver__VS=TRIM21_KO_uninfected_whole_liver	TRIM21_KO_virus_only_whole_liver__vs__TRIM21_KO_uninfected_whole_liver	TRIM21_KO_uninfected_whole_liver	whole liver	4	SRR7761130	DELIVERY	2424.597751674311	9.596877603782804	1
GSE119119	external	SRR7761131	GSE119119_design__T=whole_liver__H=4__B=NA__G=TRIM21_KO_virus_only_whole_liver__VS=TRIM21_KO_uninfected_whole_liver	TRIM21_KO_virus_only_whole_liver__vs__TRIM21_KO_uninfected_whole_liver	TRIM21_KO_uninfected_whole_liver	whole liver	4	SRR7761131	DELIVERY	1192.103142117306	4.7185014248588	1
GSE119119	external	SRR7761132	GSE119119_design__T=whole_liver__H=4__B=NA__G=TRIM21_KO_virus_only_whole_liver__VS=TRIM21_KO_uninfected_whole_liver	TRIM21_KO_virus_only_whole_liver__vs__TRIM21_KO_uninfected_whole_liver	TRIM21_KO_uninfected_whole_liver	whole liver	4	SRR7761132	DELIVERY	2391.831630484197	9.467184975636506	1
GSE119119	external	SRR7761109	GSE119119_design__T=whole_liver__H=4__B=NA__G=WT_virus_only_whole_liver__VS=WT_uninfected_whole_liver	WT_virus_only_whole_liver__vs__WT_uninfected_whole_liver	WT_uninfected_whole_liver	whole liver	4	SRR7761109	CONTROL	59.68676086660566	0.23624806968806045	1
GSE119119	external	SRR7761110	GSE119119_design__T=whole_liver__H=4__B=NA__G=WT_virus_only_whole_liver__VS=WT_uninfected_whole_liver	WT_virus_only_whole_liver__vs__WT_uninfected_whole_liver	WT_uninfected_whole_liver	whole liver	4	SRR7761110	CONTROL	150.2850007019621	0.5948478490608111	1
GSE119119	external	SRR7761111	GSE119119_design__T=whole_liver__H=4__B=NA__G=WT_virus_only_whole_liver__VS=WT_uninfected_whole_liver	WT_virus_only_whole_liver__vs__WT_uninfected_whole_liver	WT_uninfected_whole_liver	whole liver	4	SRR7761111	CONTROL	-225.3702333028964	-0.8920451002853199	1
GSE119119	external	SRR7761112	GSE119119_design__T=whole_liver__H=4__B=NA__G=WT_virus_only_whole_liver__VS=WT_uninfected_whole_liver	WT_virus_only_whole_liver__vs__WT_uninfected_whole_liver	WT_uninfected_whole_liver	whole liver	4	SRR7761112	CONTROL	-266.6931460453444	-1.0556066376773336	1
GSE119119	external	SRR7761113	GSE119119_design__T=whole_liver__H=4__B=NA__G=WT_virus_only_whole_liver__VS=WT_uninfected_whole_liver	WT_virus_only_whole_liver__vs__WT_uninfected_whole_liver	WT_uninfected_whole_liver	whole liver	4	SRR7761113	DELIVERY	2644.713010676359	10.468122822874864	1
GSE119119	external	SRR7761114	GSE119119_design__T=whole_liver__H=4__B=NA__G=WT_virus_only_whole_liver__VS=WT_uninfected_whole_liver	WT_virus_only_whole_liver__vs__WT_uninfected_whole_liver	WT_uninfected_whole_liver	whole liver	4	SRR7761114	DELIVERY	2629.4261484441886	10.407615406464563	1
GSE119119	external	SRR7761115	GSE119119_design__T=whole_liver__H=4__B=NA__G=WT_virus_only_whole_liver__VS=WT_uninfected_whole_liver	WT_virus_only_whole_liver__vs__WT_uninfected_whole_liver	WT_uninfected_whole_liver	whole liver	4	SRR7761115	DELIVERY	2146.4816972419335	8.496057588507522	1
GSE119119	external	SRR7761116	GSE119119_design__T=whole_liver__H=4__B=NA__G=WT_virus_only_whole_liver__VS=WT_uninfected_whole_liver	WT_virus_only_whole_liver__vs__WT_uninfected_whole_liver	WT_uninfected_whole_liver	whole liver	4	SRR7761116	DELIVERY	2005.5864451570296	7.938375602586676	1
GSE119119	external	SRR7761109	GSE119119_design__T=whole_liver__H=4__B=NA__G=WT_virus_plus_rh9C12_WT_whole_liver__VS=WT_uninfected_whole_liver	WT_virus_plus_rh9C12_WT_whole_liver__vs__WT_uninfected_whole_liver	WT_uninfected_whole_liver	whole liver	4	SRR7761109	CONTROL	59.68676086660566	0.23624806968806045	1
GSE119119	external	SRR7761110	GSE119119_design__T=whole_liver__H=4__B=NA__G=WT_virus_plus_rh9C12_WT_whole_liver__VS=WT_uninfected_whole_liver	WT_virus_plus_rh9C12_WT_whole_liver__vs__WT_uninfected_whole_liver	WT_uninfected_whole_liver	whole liver	4	SRR7761110	CONTROL	150.2850007019621	0.5948478490608111	1
GSE119119	external	SRR7761111	GSE119119_design__T=whole_liver__H=4__B=NA__G=WT_virus_plus_rh9C12_WT_whole_liver__VS=WT_uninfected_whole_liver	WT_virus_plus_rh9C12_WT_whole_liver__vs__WT_uninfected_whole_liver	WT_uninfected_whole_liver	whole liver	4	SRR7761111	CONTROL	-225.3702333028964	-0.8920451002853199	1
GSE119119	external	SRR7761112	GSE119119_design__T=whole_liver__H=4__B=NA__G=WT_virus_plus_rh9C12_WT_whole_liver__VS=WT_uninfected_whole_liver	WT_virus_plus_rh9C12_WT_whole_liver__vs__WT_uninfected_whole_liver	WT_uninfected_whole_liver	whole liver	4	SRR7761112	CONTROL	-266.6931460453444	-1.0556066376773336	1
GSE119119	external	SRR7761117	GSE119119_design__T=whole_liver__H=4__B=NA__G=WT_virus_plus_rh9C12_WT_whole_liver__VS=WT_uninfected_whole_liver	WT_virus_plus_rh9C12_WT_whole_liver__vs__WT_uninfected_whole_liver	WT_uninfected_whole_liver	whole liver	4	SRR7761117	DELIVERY	4031.9401697926846	15.958950835682082	1
GSE119119	external	SRR7761118	GSE119119_design__T=whole_liver__H=4__B=NA__G=WT_virus_plus_rh9C12_WT_whole_liver__VS=WT_uninfected_whole_liver	WT_virus_plus_rh9C12_WT_whole_liver__vs__WT_uninfected_whole_liver	WT_uninfected_whole_liver	whole liver	4	SRR7761118	DELIVERY	3787.039544161036	14.989601867320722	1
GSE119119	external	SRR7761119	GSE119119_design__T=whole_liver__H=4__B=NA__G=WT_virus_plus_rh9C12_WT_whole_liver__VS=WT_uninfected_whole_liver	WT_virus_plus_rh9C12_WT_whole_liver__vs__WT_uninfected_whole_liver	WT_uninfected_whole_liver	whole liver	4	SRR7761119	DELIVERY	3443.3631037407094	13.629285199642537	1
GSE119119	external	SRR7761120	GSE119119_design__T=whole_liver__H=4__B=NA__G=WT_virus_plus_rh9C12_WT_whole_liver__VS=WT_uninfected_whole_liver	WT_virus_plus_rh9C12_WT_whole_liver__vs__WT_uninfected_whole_liver	WT_uninfected_whole_liver	whole liver	4	SRR7761120	DELIVERY	3635.537029575009	14.389934937767814	1
GSE314070	external	SRR36481710	GSE314070_design__T=small_intestine__H=336__B=NA__G=delivery_am80_lnp__VS=baseline_0	delivery_am80_lnp__vs__baseline_0	baseline_0	small intestine	336	SRR36481710	CONTROL	108.76301775415244	0.6538633279123031	1
GSE314070	external	SRR36481711	GSE314070_design__T=small_intestine__H=336__B=NA__G=delivery_am80_lnp__VS=baseline_0	delivery_am80_lnp__vs__baseline_0	baseline_0	small intestine	336	SRR36481711	CONTROL	82.7193322043838	0.4972934638509215	1
GSE314070	external	SRR36481712	GSE314070_design__T=small_intestine__H=336__B=NA__G=delivery_am80_lnp__VS=baseline_0	delivery_am80_lnp__vs__baseline_0	baseline_0	small intestine	336	SRR36481712	CONTROL	-191.48234995853625	-1.1511567917632246	1
GSE314070	external	SRR36481704	GSE314070_design__T=small_intestine__H=336__B=NA__G=delivery_am80_lnp__VS=baseline_0	delivery_am80_lnp__vs__baseline_0	baseline_0	small intestine	336	SRR36481704	DELIVERY	1800.81536416626	10.826171903679104	1
GSE314070	external	SRR36481705	GSE314070_design__T=small_intestine__H=336__B=NA__G=delivery_am80_lnp__VS=baseline_0	delivery_am80_lnp__vs__baseline_0	baseline_0	small intestine	336	SRR36481705	DELIVERY	637.9896520838797	3.835476853245472	1
GSE314070	external	SRR36481706	GSE314070_design__T=small_intestine__H=336__B=NA__G=delivery_am80_lnp__VS=baseline_0	delivery_am80_lnp__vs__baseline_0	baseline_0	small intestine	336	SRR36481706	DELIVERY	-554.9844630512183	-3.3364648705367292	1
GSE314070	external	SRR36481710	GSE314070_design__T=small_intestine__H=336__B=NA__G=delivery_sm102_lnp__VS=baseline_0	delivery_sm102_lnp__vs__baseline_0	baseline_0	small intestine	336	SRR36481710	CONTROL	108.76301775415244	0.6538633279123031	1
GSE314070	external	SRR36481711	GSE314070_design__T=small_intestine__H=336__B=NA__G=delivery_sm102_lnp__VS=baseline_0	delivery_sm102_lnp__vs__baseline_0	baseline_0	small intestine	336	SRR36481711	CONTROL	82.7193322043838	0.4972934638509215	1
GSE314070	external	SRR36481712	GSE314070_design__T=small_intestine__H=336__B=NA__G=delivery_sm102_lnp__VS=baseline_0	delivery_sm102_lnp__vs__baseline_0	baseline_0	small intestine	336	SRR36481712	CONTROL	-191.48234995853625	-1.1511567917632246	1
GSE314070	external	SRR36481707	GSE314070_design__T=small_intestine__H=336__B=NA__G=delivery_sm102_lnp__VS=baseline_0	delivery_sm102_lnp__vs__baseline_0	baseline_0	small intestine	336	SRR36481707	DELIVERY	-244.60259166099388	-1.4705059486391956	1
GSE314070	external	SRR36481708	GSE314070_design__T=small_intestine__H=336__B=NA__G=delivery_sm102_lnp__VS=baseline_0	delivery_sm102_lnp__vs__baseline_0	baseline_0	small intestine	336	SRR36481708	DELIVERY	-583.4080918363713	-3.507342517117058	1
GSE314070	external	SRR36481709	GSE314070_design__T=small_intestine__H=336__B=NA__G=delivery_sm102_lnp__VS=baseline_0	delivery_sm102_lnp__vs__baseline_0	baseline_0	small intestine	336	SRR36481709	DELIVERY	145.1338265494388	0.8725179641003473	1
