gse_id	split_id	split_path	pass	fail_reason	contrast_label	control_label	tissue	time_h	n_split_samples	n_scored_samples	n_controls	n_delivery	mean_coverage	control_mean_imrs_z	delivery_mean_imrs_z	delta_mean_imrs_z	control_median_imrs_z	delivery_median_imrs_z	delta_median_imrs_z	auc_imrs_z	grid_id	min_abs_log2FC	min_up_anchor_count	fdr_support	audit_role	time_group	sensitivity_scope	holdout_anchor	training_anchors	n_training_genes
GSE119119	GSE119119_design__T=whole_liver__H=4__B=NA__G=GID00069418__VS=WT_uninfected_whole_liver	<upstream_project_root>/00_metadata/verified_metadata/splited/GSE119119_design/GSE119119_design__T=whole_liver__H=4__B=NA__G=GID00069418__VS=WT_uninfected_whole_liver.tsv	TRUE	NA	WT_virus_plus_rh9C12_H433A_whole_liver__vs__WT_uninfected_whole_liver	WT_uninfected_whole_liver	whole liver	4	8	8	4	4	1	-0.3010567341323311	12.16395256949377	12.4650093036261	-0.3346475322884504	12.19609823848098	12.53074577076943	1	lfc0.25_k2_fdr0.05	0.25	2	0.05	external	acute_main	external_full_3_anchor_weights	NA	NA	NA
GSE119119	GSE119119_design__T=whole_liver__H=4__B=NA__G=GID00088542__VS=TRIM21_KO_uninfected_whole_liver	<upstream_project_root>/00_metadata/verified_metadata/splited/GSE119119_design/GSE119119_design__T=whole_liver__H=4__B=NA__G=GID00088542__VS=TRIM21_KO_uninfected_whole_liver.tsv	TRUE	NA	TRIM21_KO_virus_plus_rh9C12_WT_whole_liver__vs__TRIM21_KO_uninfected_whole_liver	TRIM21_KO_uninfected_whole_liver	whole liver	4	8	8	4	4	1	0.301056734132331	11.622535668881724	11.321478934749393	0.40910191033814564	12.20774441084004	11.798642500501893	1	lfc0.25_k2_fdr0.05	0.25	2	0.05	external	acute_main	external_full_3_anchor_weights	NA	NA	NA
GSE119119	GSE119119_design__T=whole_liver__H=4__B=NA__G=GID00096342__VS=TRIM21_KO_uninfected_whole_liver	<upstream_project_root>/00_metadata/verified_metadata/splited/GSE119119_design/GSE119119_design__T=whole_liver__H=4__B=NA__G=GID00096342__VS=TRIM21_KO_uninfected_whole_liver.tsv	TRUE	NA	TRIM21_KO_virus_plus_rh9C12_H433A_whole_liver__vs__TRIM21_KO_uninfected_whole_liver	TRIM21_KO_uninfected_whole_liver	whole liver	4	8	8	4	4	1	0.301056734132331	11.70352917565074	11.402472441518409	0.40910191033814564	11.686918161165156	11.27781625082701	1	lfc0.25_k2_fdr0.05	0.25	2	0.05	external	acute_main	external_full_3_anchor_weights	NA	NA	NA
GSE119119	GSE119119_design__T=whole_liver__H=4__B=NA__G=TRIM21_KO_virus_only_whole_liver__VS=TRIM21_KO_uninfected_whole_liver	<upstream_project_root>/00_metadata/verified_metadata/splited/GSE119119_design/GSE119119_design__T=whole_liver__H=4__B=NA__G=TRIM21_KO_virus_only_whole_liver__VS=TRIM21_KO_uninfected_whole_liver.tsv	TRUE	NA	TRIM21_KO_virus_only_whole_liver__vs__TRIM21_KO_uninfected_whole_liver	TRIM21_KO_uninfected_whole_liver	whole liver	4	8	8	4	4	1	0.301056734132331	10.25437758795388	9.953320853821548	0.40910191033814564	10.962383566249768	10.553281655911622	1	lfc0.25_k2_fdr0.05	0.25	2	0.05	external	acute_main	external_full_3_anchor_weights	NA	NA	NA
GSE119119	GSE119119_design__T=whole_liver__H=4__B=NA__G=WT_virus_only_whole_liver__VS=WT_uninfected_whole_liver	<upstream_project_root>/00_metadata/verified_metadata/splited/GSE119119_design/GSE119119_design__T=whole_liver__H=4__B=NA__G=WT_virus_only_whole_liver__VS=WT_uninfected_whole_liver.tsv	TRUE	NA	WT_virus_only_whole_liver__vs__WT_uninfected_whole_liver	WT_uninfected_whole_liver	whole liver	4	8	8	4	4	1	-0.3010567341323311	9.509155785252606	9.810212519384937	-0.3346475322884504	8.948097306231784	9.282744838520234	1	lfc0.25_k2_fdr0.05	0.25	2	0.05	external	acute_main	external_full_3_anchor_weights	NA	NA	NA
GSE119119	GSE119119_design__T=whole_liver__H=4__B=NA__G=WT_virus_plus_rh9C12_WT_whole_liver__VS=WT_uninfected_whole_liver	<upstream_project_root>/00_metadata/verified_metadata/splited/GSE119119_design/GSE119119_design__T=whole_liver__H=4__B=NA__G=WT_virus_plus_rh9C12_WT_whole_liver__VS=WT_uninfected_whole_liver.tsv	TRUE	NA	WT_virus_plus_rh9C12_WT_whole_liver__vs__WT_uninfected_whole_liver	WT_uninfected_whole_liver	whole liver	4	8	8	4	4	1	-0.3010567341323311	19.23556050937368	19.53661724350601	-0.3346475322884504	19.16502578410481	19.49967331639326	1	lfc0.25_k2_fdr0.05	0.25	2	0.05	external	acute_main	external_full_3_anchor_weights	NA	NA	NA
GSE139529	GSE139529_design__T=blood__H=24__B=NA__G=ad.mva__VS=none	<upstream_project_root>/00_metadata/verified_metadata/splited/GSE139529_design/GSE139529_design__T=blood__H=24__B=NA__G=ad.mva__VS=none.tsv	TRUE	NA	ad.mva__vs__none	none	blood	24	12	12	6	6	1	1.8490164549929873e-17	22.080352284346077	22.080352284346077	0.03310226060365179	20.983406603405523	20.95030434280187	1	lfc0.25_k2_fdr0.05	0.25	2	0.05	external	acute_main	external_full_3_anchor_weights	NA	NA	NA
GSE139529	GSE139529_design__T=blood__H=24__B=NA__G=ad_empty__VS=none	<upstream_project_root>/00_metadata/verified_metadata/splited/GSE139529_design/GSE139529_design__T=blood__H=24__B=NA__G=ad_empty__VS=none.tsv	TRUE	NA	ad_empty__vs__none	none	blood	24	12	12	6	6	1	1.8490164549929873e-17	22.443365352793087	22.443365352793087	0.03310226060365179	22.883245074777115	22.850142814173463	1	lfc0.25_k2_fdr0.05	0.25	2	0.05	external	acute_main	external_full_3_anchor_weights	NA	NA	NA
GSE139529	GSE139529_design__T=blood__H=24__B=NA__G=ad_fhbp__VS=none	<upstream_project_root>/00_metadata/verified_metadata/splited/GSE139529_design/GSE139529_design__T=blood__H=24__B=NA__G=ad_fhbp__VS=none.tsv	TRUE	NA	ad_fhbp__vs__none	none	blood	24	12	12	6	6	1	1.8490164549929873e-17	27.58184048176578	27.58184048176578	0.03310226060365179	27.37159641161452	27.338494151010867	1	lfc0.25_k2_fdr0.05	0.25	2	0.05	external	acute_main	external_full_3_anchor_weights	NA	NA	NA
GSE139529	GSE139529_design__T=blood__H=24__B=NA__G=ad_pref__VS=none	<upstream_project_root>/00_metadata/verified_metadata/splited/GSE139529_design/GSE139529_design__T=blood__H=24__B=NA__G=ad_pref__VS=none.tsv	TRUE	NA	ad_pref__vs__none	none	blood	24	12	12	6	6	1	1.8490164549929873e-17	1.8584718115257912	1.8584718115257912	0.03310226060365179	2.157536020101869	2.124433759498217	0.6388888888888888	lfc0.25_k2_fdr0.05	0.25	2	0.05	external	acute_main	external_full_3_anchor_weights	NA	NA	NA
GSE139529	GSE139529_design__T=blood__H=24__B=NA__G=mva.ad__VS=none	<upstream_project_root>/00_metadata/verified_metadata/splited/GSE139529_design/GSE139529_design__T=blood__H=24__B=NA__G=mva.ad__VS=none.tsv	TRUE	NA	mva.ad__vs__none	none	blood	24	12	12	6	6	1	1.8490164549929873e-17	32.55454329052921	32.55454329052921	0.03310226060365179	32.541822311933714	32.508720051330066	1	lfc0.25_k2_fdr0.05	0.25	2	0.05	external	acute_main	external_full_3_anchor_weights	NA	NA	NA
GSE139529	GSE139529_design__T=blood__H=24__B=NA__G=mva_fhbp__VS=none	<upstream_project_root>/00_metadata/verified_metadata/splited/GSE139529_design/GSE139529_design__T=blood__H=24__B=NA__G=mva_fhbp__VS=none.tsv	TRUE	NA	mva_fhbp__vs__none	none	blood	24	12	12	6	6	1	1.8490164549929873e-17	27.187395293038207	27.187395293038207	0.03310226060365179	26.681987448296162	26.64888518769251	1	lfc0.25_k2_fdr0.05	0.25	2	0.05	external	acute_main	external_full_3_anchor_weights	NA	NA	NA
GSE166655	GSE166655_design__T=Tibialis_anterior__H=672__B=NA__G=delivery_aav9_ar45__VS=delivery_untreated	<upstream_project_root>/00_metadata/verified_metadata/splited/GSE166655_design/GSE166655_design__T=Tibialis_anterior__H=672__B=NA__G=delivery_aav9_ar45__VS=delivery_untreated.tsv	TRUE	NA	delivery_aav9_ar45__vs__delivery_untreated	delivery_untreated	Tibialis anterior	672	6	6	3	3	1	3.701195166322391e-17	8.282959607171454	8.282959607171454	-0.2388411019710639	7.617299460320787	7.85614056229185	1	lfc0.25_k2_fdr0.05	0.25	2	0.05	external	extended_transfer	external_full_3_anchor_weights	NA	NA	NA
GSE166655	GSE166655_design__T=Tibialis_anterior__H=672__B=NA__G=delivery_aav9_gfp__VS=delivery_untreated	<upstream_project_root>/00_metadata/verified_metadata/splited/GSE166655_design/GSE166655_design__T=Tibialis_anterior__H=672__B=NA__G=delivery_aav9_gfp__VS=delivery_untreated.tsv	TRUE	NA	delivery_aav9_gfp__vs__delivery_untreated	delivery_untreated	Tibialis anterior	672	6	6	3	3	1	3.701195166322391e-17	5.755394488289506	5.755394488289506	-0.2388411019710639	6.0479418691335916	6.286782971104655	1	lfc0.25_k2_fdr0.05	0.25	2	0.05	external	extended_transfer	external_full_3_anchor_weights	NA	NA	NA
GSE178313	GSE178313_design__T=Liver__H=48__B=NA__G=mouse_repopulated_lnp__VS=mouse_repopulated_pbs	<upstream_project_root>/00_metadata/verified_metadata/splited/GSE178313_design/GSE178313_design__T=Liver__H=48__B=NA__G=mouse_repopulated_lnp__VS=mouse_repopulated_pbs.tsv	TRUE	NA	mouse_repopulated_lnp__vs__mouse_repopulated_pbs	mouse_repopulated_pbs	Liver	48	8	8	4	4	1	1.3877787807814457e-17	5.560561395627681	5.560561395627681	-0.45249426653378877	4.531195869658459	4.983690136192248	1	lfc0.25_k2_fdr0.05	0.25	2	0.05	external	extended_transfer	external_full_3_anchor_weights	NA	NA	NA
GSE262515_cell_line	GSE262515_cell_line__T=cell_line__H=72__B=NA__G=delivery_tlnp_sihbv_50nm__VS=baseline_0	<upstream_project_root>/00_metadata/verified_metadata/splited/GSE262515_cell_line_design/GSE262515_cell_line__T=cell_line__H=72__B=NA__G=delivery_tlnp_sihbv_50nm__VS=baseline_0.tsv	TRUE	NA	delivery_tlnp_sihbv_50nm__vs__baseline_0	baseline_0	cell line	72	6	6	3	3	1	-6.476752727885282e-17	2.0583583827183562	2.0583583827183562	-0.138121626723232	1.5747293469684838	1.7128509736917157	1	lfc0.25_k2_fdr0.05	0.25	2	0.05	calibration	extended_transfer	external_full_3_anchor_weights	NA	NA	NA
GSE262515_cell_line	GSE262515_cell_line__T=cell_line__H=72__B=NA__G=delivery_tlnp_sinc_50nm__VS=baseline_0	<upstream_project_root>/00_metadata/verified_metadata/splited/GSE262515_cell_line_design/GSE262515_cell_line__T=cell_line__H=72__B=NA__G=delivery_tlnp_sinc_50nm__VS=baseline_0.tsv	TRUE	NA	delivery_tlnp_sinc_50nm__vs__baseline_0	baseline_0	cell line	72	6	6	3	3	1	-6.476752727885282e-17	-3.290997122753536	-3.290997122753536	-0.138121626723232	-3.523865865512718	-3.3857442387894863	0	lfc0.25_k2_fdr0.05	0.25	2	0.05	calibration	extended_transfer	external_full_3_anchor_weights	NA	NA	NA
GSE262515_tissue	GSE262515_tissue__T=tissue__H=72__B=NA__G=delivery_tlnp_sihbv_1mg_kg__VS=baseline_0	<upstream_project_root>/00_metadata/verified_metadata/splited/GSE262515_tissue_design/GSE262515_tissue__T=tissue__H=72__B=NA__G=delivery_tlnp_sihbv_1mg_kg__VS=baseline_0.tsv	TRUE	NA	delivery_tlnp_sihbv_1mg_kg__vs__baseline_0	baseline_0	tissue	72	6	6	3	3	1	9.25185853854297e-18	3.265000760341562	3.265000760341562	-0.14682564448771815	3.703291654515144	3.850117299002862	1	lfc0.25_k2_fdr0.05	0.25	2	0.05	calibration	extended_transfer	external_full_3_anchor_weights	NA	NA	NA
GSE262515_tissue	GSE262515_tissue__T=tissue__H=72__B=NA__G=delivery_tlnp_sihbv_2_5mg_kg__VS=baseline_0	<upstream_project_root>/00_metadata/verified_metadata/splited/GSE262515_tissue_design/GSE262515_tissue__T=tissue__H=72__B=NA__G=delivery_tlnp_sihbv_2_5mg_kg__VS=baseline_0.tsv	TRUE	NA	delivery_tlnp_sihbv_2_5mg_kg__vs__baseline_0	baseline_0	tissue	72	6	6	3	3	1	9.25185853854297e-18	1.9017529807853135	1.9017529807853135	-0.14682564448771815	2.3006221149078994	2.4474477593956174	1	lfc0.25_k2_fdr0.05	0.25	2	0.05	calibration	extended_transfer	external_full_3_anchor_weights	NA	NA	NA
GSE262515_tissue	GSE262515_tissue__T=tissue__H=72__B=NA__G=delivery_tlnp_sinc_1mg_kg__VS=baseline_0	<upstream_project_root>/00_metadata/verified_metadata/splited/GSE262515_tissue_design/GSE262515_tissue__T=tissue__H=72__B=NA__G=delivery_tlnp_sinc_1mg_kg__VS=baseline_0.tsv	TRUE	NA	delivery_tlnp_sinc_1mg_kg__vs__baseline_0	baseline_0	tissue	72	6	6	3	3	1	9.25185853854297e-18	2.9746609681546525	2.9746609681546525	-0.14682564448771815	2.9704398095691045	3.1172654540568225	1	lfc0.25_k2_fdr0.05	0.25	2	0.05	calibration	extended_transfer	external_full_3_anchor_weights	NA	NA	NA
GSE264344	GSE264344_design__T=Blood__H=72__B=NA__G=delivery_ad26__VS=baseline_0	<upstream_project_root>/00_metadata/verified_metadata/splited/GSE264344_design/GSE264344_design__T=Blood__H=72__B=NA__G=delivery_ad26__VS=baseline_0.tsv	TRUE	NA	delivery_ad26__vs__baseline_0	baseline_0	Blood	72	10	10	5	5	1	0.36592740959081305	0.7600188021492297	0.39409139255841663	0.4025796020888673	0.8292790254390179	0.4266994233501506	0.92	lfc0.25_k2_fdr0.05	0.25	2	0.05	external	extended_transfer	external_full_3_anchor_weights	NA	NA	NA
GSE264344	GSE264344_design__T=Blood__H=72__B=NA__G=delivery_ad5__VS=baseline_0	<upstream_project_root>/00_metadata/verified_metadata/splited/GSE264344_design/GSE264344_design__T=Blood__H=72__B=NA__G=delivery_ad5__VS=baseline_0.tsv	TRUE	NA	delivery_ad5__vs__baseline_0	baseline_0	Blood	72	10	10	5	5	1	0.36592740959081305	0.9089175430726241	0.542990133481811	0.4025796020888673	0.8865996874093722	0.48402008532050494	1	lfc0.25_k2_fdr0.05	0.25	2	0.05	external	extended_transfer	external_full_3_anchor_weights	NA	NA	NA
GSE264344	GSE264344_design__T=dLN__H=72__B=NA__G=delivery_ad26__VS=baseline_0	<upstream_project_root>/00_metadata/verified_metadata/splited/GSE264344_design/GSE264344_design__T=dLN__H=72__B=NA__G=delivery_ad26__VS=baseline_0.tsv	TRUE	NA	delivery_ad26__vs__baseline_0	baseline_0	dLN	72	10	10	5	5	1	0.9253014840408997	1.3345782789141574	0.40927679487325763	0.8417066413818608	1.3832010723337576	0.5414944309518968	0.92	lfc0.25_k2_fdr0.05	0.25	2	0.05	external	extended_transfer	external_full_3_anchor_weights	NA	NA	NA
GSE264344	GSE264344_design__T=dLN__H=72__B=NA__G=delivery_ad5__VS=baseline_0	<upstream_project_root>/00_metadata/verified_metadata/splited/GSE264344_design/GSE264344_design__T=dLN__H=72__B=NA__G=delivery_ad5__VS=baseline_0.tsv	TRUE	NA	delivery_ad5__vs__baseline_0	baseline_0	dLN	72	10	10	5	5	1	0.9253014840408997	1.4652524378518816	0.5399509538109819	0.8417066413818608	1.4628662488029711	0.6211596074211103	0.96	lfc0.25_k2_fdr0.05	0.25	2	0.05	external	extended_transfer	external_full_3_anchor_weights	NA	NA	NA
GSE264344	GSE264344_design__T=Muscle__H=72__B=NA__G=delivery_ad26__VS=baseline_0	<upstream_project_root>/00_metadata/verified_metadata/splited/GSE264344_design/GSE264344_design__T=Muscle__H=72__B=NA__G=delivery_ad26__VS=baseline_0.tsv	TRUE	NA	delivery_ad26__vs__baseline_0	baseline_0	Muscle	72	10	10	5	5	1	-1.2912288936317127	0.19262795585450354	1.4838568494862163	-1.2978109274910363	0.5558176808998457	1.8536286083908822	1	lfc0.25_k2_fdr0.05	0.25	2	0.05	external	extended_transfer	external_full_3_anchor_weights	NA	NA	NA
GSE264344	GSE264344_design__T=Muscle__H=72__B=NA__G=delivery_ad5__VS=baseline_0	<upstream_project_root>/00_metadata/verified_metadata/splited/GSE264344_design/GSE264344_design__T=Muscle__H=72__B=NA__G=delivery_ad5__VS=baseline_0.tsv	TRUE	NA	delivery_ad5__vs__baseline_0	baseline_0	Muscle	72	10	10	5	5	1	-1.2912288936317127	0.507277913751073	1.7985068073827857	-1.2978109274910363	0.26110382981036523	1.5589147573014015	1	lfc0.25_k2_fdr0.05	0.25	2	0.05	external	extended_transfer	external_full_3_anchor_weights	NA	NA	NA
GSE279372	GSE279372_design__T=draining_lymph_nodes__H=24__B=NA__G=delivery_1000_g_lnps_injected__VS=baseline_0	<upstream_project_root>/00_metadata/verified_metadata/splited/GSE279372_design/GSE279372_design__T=draining_lymph_nodes__H=24__B=NA__G=delivery_1000_g_lnps_injected__VS=baseline_0.tsv	TRUE	NA	delivery_1000_g_lnps_injected__vs__baseline_0	baseline_0	draining lymph nodes	24	8	8	4	4	1	2.7755575615628914e-17	41.13280970148005	41.13280970148005	-0.038476807288523374	41.54597291885511	41.58444972614363	1	lfc0.25_k2_fdr0.05	0.25	2	0.05	calibration	acute_main	external_full_3_anchor_weights	NA	NA	NA
GSE279372	GSE279372_design__T=draining_lymph_nodes__H=24__B=NA__G=delivery_250_g_alum_injected__VS=baseline_0	<upstream_project_root>/00_metadata/verified_metadata/splited/GSE279372_design/GSE279372_design__T=draining_lymph_nodes__H=24__B=NA__G=delivery_250_g_alum_injected__VS=baseline_0.tsv	TRUE	NA	delivery_250_g_alum_injected__vs__baseline_0	baseline_0	draining lymph nodes	24	8	8	4	4	1	2.7755575615628914e-17	1.5141298086615935	1.5141298086615935	-0.038476807288523374	1.7138505118000231	1.7523273190885464	0.8125	lfc0.25_k2_fdr0.05	0.25	2	0.05	calibration	acute_main	external_full_3_anchor_weights	NA	NA	NA
GSE279372	GSE279372_design__T=draining_lymph_nodes__H=24__B=NA__G=delivery_5_g_gi_1_gii_4_vlp__VS=baseline_0	<upstream_project_root>/00_metadata/verified_metadata/splited/GSE279372_design/GSE279372_design__T=draining_lymph_nodes__H=24__B=NA__G=delivery_5_g_gi_1_gii_4_vlp__VS=baseline_0.tsv	TRUE	NA	delivery_5_g_gi_1_gii_4_vlp__vs__baseline_0	baseline_0	draining lymph nodes	24	8	8	4	4	1	2.7755575615628914e-17	5.239492435865074	5.239492435865074	-0.038476807288523374	4.991546198993012	5.030023006281535	1	lfc0.25_k2_fdr0.05	0.25	2	0.05	calibration	acute_main	external_full_3_anchor_weights	NA	NA	NA
GSE279372	GSE279372_design__T=draining_lymph_nodes__H=24__B=NA__G=GID00110503__VS=baseline_0	<upstream_project_root>/00_metadata/verified_metadata/splited/GSE279372_design/GSE279372_design__T=draining_lymph_nodes__H=24__B=NA__G=GID00110503__VS=baseline_0.tsv	TRUE	NA	delivery_250_g_alum_5_g_gi_1_gii_4_vlp_injected__vs__baseline_0	baseline_0	draining lymph nodes	24	8	8	4	4	1	2.7755575615628914e-17	2.5842422068498023	2.5842422068498023	-0.038476807288523374	2.4299674904311432	2.4684442977196666	1	lfc0.25_k2_fdr0.05	0.25	2	0.05	calibration	acute_main	external_full_3_anchor_weights	NA	NA	NA
GSE279372	GSE279372_design__T=draining_lymph_nodes__H=24__B=NA__G=GID00110754__VS=baseline_0	<upstream_project_root>/00_metadata/verified_metadata/splited/GSE279372_design/GSE279372_design__T=draining_lymph_nodes__H=24__B=NA__G=GID00110754__VS=baseline_0.tsv	TRUE	NA	delivery_125_g_lnps_5_g_gi_1_gii_4_vlp_injected__vs__baseline_0	baseline_0	draining lymph nodes	24	8	8	4	4	1	2.7755575615628914e-17	30.194491075061233	30.194491075061233	-0.038476807288523374	31.58327416239503	31.621750969683553	1	lfc0.25_k2_fdr0.05	0.25	2	0.05	calibration	acute_main	external_full_3_anchor_weights	NA	NA	NA
GSE279372	GSE279372_design__T=draining_lymph_nodes__H=24__B=NA__G=GID00114748__VS=baseline_0	<upstream_project_root>/00_metadata/verified_metadata/splited/GSE279372_design/GSE279372_design__T=draining_lymph_nodes__H=24__B=NA__G=GID00114748__VS=baseline_0.tsv	TRUE	NA	delivery_1000_g_lnps_5_g_gi_1_gii_4_vlp_injected__vs__baseline_0	baseline_0	draining lymph nodes	24	8	8	4	4	1	2.7755575615628914e-17	46.38833717474048	46.38833717474048	-0.038476807288523374	47.090697379724716	47.12917418701324	1	lfc0.25_k2_fdr0.05	0.25	2	0.05	calibration	acute_main	external_full_3_anchor_weights	NA	NA	NA
GSE279743	GSE279743_design__T=Lymph_Node__H=6__B=NA__G=delivery_vaccination_with_sm102__VS=baseline_0	<upstream_project_root>/00_metadata/verified_metadata/splited/GSE279743_design/GSE279743_design__T=Lymph_Node__H=6__B=NA__G=delivery_vaccination_with_sm102__VS=baseline_0.tsv	TRUE	NA	delivery_vaccination_with_sm102__vs__baseline_0	baseline_0	Lymph Node	6	6	6	3	3	1	0	17.90582268559397	17.90582268559397	-0.41478806564505855	19.34801225035666	19.76280031600172	1	lfc0.25_k2_fdr0.05	0.25	2	0.05	external	acute_main	external_full_3_anchor_weights	NA	NA	NA
GSE279743	GSE279743_design__T=Lymph_Node__H=6__B=NA__G=delivery_vaccination_with_ssop__VS=baseline_0	<upstream_project_root>/00_metadata/verified_metadata/splited/GSE279743_design/GSE279743_design__T=Lymph_Node__H=6__B=NA__G=delivery_vaccination_with_ssop__VS=baseline_0.tsv	TRUE	NA	delivery_vaccination_with_ssop__vs__baseline_0	baseline_0	Lymph Node	6	6	6	3	3	1	0	2.902595689926909	2.902595689926909	-0.41478806564505855	2.9650287733770093	3.3798168390220678	1	lfc0.25_k2_fdr0.05	0.25	2	0.05	external	acute_main	external_full_3_anchor_weights	NA	NA	NA
GSE279744	GSE279744_design__T=lymph_node__H=6__B=NA__G=delivery_vaccination_with_sm102__VS=baseline_0	<upstream_project_root>/00_metadata/verified_metadata/splited/GSE279744_design/GSE279744_design__T=lymph_node__H=6__B=NA__G=delivery_vaccination_with_sm102__VS=baseline_0.tsv	TRUE	NA	delivery_vaccination_with_sm102__vs__baseline_0	baseline_0	lymph node	6	6	6	3	3	1	-9.25185853854297e-18	72.73287981502024	72.73287981502024	0.1544169261318585	71.2474464725513	71.09302954641944	1	lfc0.25_k2_fdr0.05	0.25	2	0.05	calibration	acute_main	external_full_3_anchor_weights	NA	NA	NA
GSE279744	GSE279744_design__T=lymph_node__H=6__B=NA__G=delivery_vaccination_with_ssop__VS=baseline_0	<upstream_project_root>/00_metadata/verified_metadata/splited/GSE279744_design/GSE279744_design__T=lymph_node__H=6__B=NA__G=delivery_vaccination_with_ssop__VS=baseline_0.tsv	TRUE	NA	delivery_vaccination_with_ssop__vs__baseline_0	baseline_0	lymph node	6	6	6	3	3	1	-9.25185853854297e-18	14.666926019380957	14.666926019380957	0.1544169261318585	13.623397174750176	13.468980248618317	1	lfc0.25_k2_fdr0.05	0.25	2	0.05	calibration	acute_main	external_full_3_anchor_weights	NA	NA	NA
GSE314070	GSE314070_design__T=small_intestine__H=336__B=NA__G=delivery_am80_lnp__VS=baseline_0	<upstream_project_root>/00_metadata/verified_metadata/splited/GSE314070_design/GSE314070_design__T=small_intestine__H=336__B=NA__G=delivery_am80_lnp__VS=baseline_0.tsv	TRUE	NA	delivery_am80_lnp__vs__baseline_0	baseline_0	small intestine	336	6	6	3	3	1	-3.700743415417188e-17	6.495930879932667	6.495930879932667	0.3173612711573449	6.083533744515034	5.766172473357689	0.6666666666666666	lfc0.25_k2_fdr0.05	0.25	2	0.05	external	extended_transfer	external_full_3_anchor_weights	NA	NA	NA
GSE314070	GSE314070_design__T=small_intestine__H=336__B=NA__G=delivery_sm102_lnp__VS=baseline_0	<upstream_project_root>/00_metadata/verified_metadata/splited/GSE314070_design/GSE314070_design__T=small_intestine__H=336__B=NA__G=delivery_sm102_lnp__VS=baseline_0.tsv	TRUE	NA	delivery_sm102_lnp__vs__baseline_0	baseline_0	small intestine	336	6	6	3	3	1	-3.700743415417188e-17	-0.239143552653899	-0.23914355265389897	0.3173612711573449	-0.8823664458761554	-1.1997277170335003	0.4444444444444444	lfc0.25_k2_fdr0.05	0.25	2	0.05	external	extended_transfer	external_full_3_anchor_weights	NA	NA	NA
GSE264344	GSE264344_design__T=Blood__H=1__B=NA__G=delivery_ad26__VS=baseline_0	<upstream_project_root>/00_metadata/verified_metadata/splited/GSE264344_design/GSE264344_design__T=Blood__H=1__B=NA__G=delivery_ad26__VS=baseline_0.tsv	TRUE	NA	delivery_ad26__vs__baseline_0	baseline_0	Blood	1	10	10	5	5	1	0.511683765308292	0.6266607919774744	0.11497702666918241	0.5259589783962638	0.6369551384609073	0.11099616006464352	0.7200000000000001	lfc0.25_k2_fdr0.05	0.25	2	0.05	anchor	acute_main	loao_2_anchor_weights	GSE264344	GSE39129;GSE167521	750
GSE264344	GSE264344_design__T=Blood__H=1__B=NA__G=delivery_ad5__VS=baseline_0	<upstream_project_root>/00_metadata/verified_metadata/splited/GSE264344_design/GSE264344_design__T=Blood__H=1__B=NA__G=delivery_ad5__VS=baseline_0.tsv	TRUE	NA	delivery_ad5__vs__baseline_0	baseline_0	Blood	1	10	10	5	5	1	0.511683765308292	0.7341551890874126	0.22247142377912066	0.5259589783962638	0.7342184870040054	0.20825950860774156	0.96	lfc0.25_k2_fdr0.05	0.25	2	0.05	anchor	acute_main	loao_2_anchor_weights	GSE264344	GSE39129;GSE167521	750
GSE264344	GSE264344_design__T=Blood__H=12__B=NA__G=delivery_ad26__VS=baseline_0	<upstream_project_root>/00_metadata/verified_metadata/splited/GSE264344_design/GSE264344_design__T=Blood__H=12__B=NA__G=delivery_ad26__VS=baseline_0.tsv	TRUE	NA	delivery_ad26__vs__baseline_0	baseline_0	Blood	12	10	10	5	5	1	0.511683765308292	3.235624957323413	2.723941192015121	0.5259589783962638	3.1436772044366803	2.6177182260404166	1	lfc0.25_k2_fdr0.05	0.25	2	0.05	anchor	acute_main	loao_2_anchor_weights	GSE264344	GSE39129;GSE167521	750
GSE264344	GSE264344_design__T=Blood__H=12__B=NA__G=delivery_ad5__VS=baseline_0	<upstream_project_root>/00_metadata/verified_metadata/splited/GSE264344_design/GSE264344_design__T=Blood__H=12__B=NA__G=delivery_ad5__VS=baseline_0.tsv	TRUE	NA	delivery_ad5__vs__baseline_0	baseline_0	Blood	12	10	10	5	5	1	0.511683765308292	2.0837806863785593	1.5720969210702673	0.5259589783962638	2.155144082116178	1.629185103719914	1	lfc0.25_k2_fdr0.05	0.25	2	0.05	anchor	acute_main	loao_2_anchor_weights	GSE264344	GSE39129;GSE167521	750
GSE264344	GSE264344_design__T=Blood__H=24__B=NA__G=delivery_ad26__VS=baseline_0	<upstream_project_root>/00_metadata/verified_metadata/splited/GSE264344_design/GSE264344_design__T=Blood__H=24__B=NA__G=delivery_ad26__VS=baseline_0.tsv	TRUE	NA	delivery_ad26__vs__baseline_0	baseline_0	Blood	24	10	10	5	5	1	0.511683765308292	2.1250823762088107	1.6133986109005187	0.5259589783962638	2.181130265436366	1.655171287040102	1	lfc0.25_k2_fdr0.05	0.25	2	0.05	anchor	acute_main	loao_2_anchor_weights	GSE264344	GSE39129;GSE167521	750
GSE264344	GSE264344_design__T=Blood__H=24__B=NA__G=delivery_ad5__VS=baseline_0	<upstream_project_root>/00_metadata/verified_metadata/splited/GSE264344_design/GSE264344_design__T=Blood__H=24__B=NA__G=delivery_ad5__VS=baseline_0.tsv	TRUE	NA	delivery_ad5__vs__baseline_0	baseline_0	Blood	24	10	10	5	5	1	0.511683765308292	1.293388421931473	0.7817046566231811	0.5259589783962638	1.2768320083693847	0.7508730299731209	1	lfc0.25_k2_fdr0.05	0.25	2	0.05	anchor	acute_main	loao_2_anchor_weights	GSE264344	GSE39129;GSE167521	750
GSE264344	GSE264344_design__T=Blood__H=3__B=NA__G=delivery_ad26__VS=baseline_0	<upstream_project_root>/00_metadata/verified_metadata/splited/GSE264344_design/GSE264344_design__T=Blood__H=3__B=NA__G=delivery_ad26__VS=baseline_0.tsv	TRUE	NA	delivery_ad26__vs__baseline_0	baseline_0	Blood	3	10	10	5	5	1	0.511683765308292	2.675067758824803	2.163383993516511	0.5259589783962638	2.6903425605943627	2.164383582198099	1	lfc0.25_k2_fdr0.05	0.25	2	0.05	anchor	acute_main	loao_2_anchor_weights	GSE264344	GSE39129;GSE167521	750
GSE264344	GSE264344_design__T=Blood__H=3__B=NA__G=delivery_ad5__VS=baseline_0	<upstream_project_root>/00_metadata/verified_metadata/splited/GSE264344_design/GSE264344_design__T=Blood__H=3__B=NA__G=delivery_ad5__VS=baseline_0.tsv	TRUE	NA	delivery_ad5__vs__baseline_0	baseline_0	Blood	3	10	10	5	5	1	0.511683765308292	1.1624469157811177	0.6507631504728257	0.5259589783962638	1.1462846015659527	0.6203256231696889	1	lfc0.25_k2_fdr0.05	0.25	2	0.05	anchor	acute_main	loao_2_anchor_weights	GSE264344	GSE39129;GSE167521	750
GSE264344	GSE264344_design__T=Blood__H=6__B=NA__G=delivery_ad26__VS=baseline_0	<upstream_project_root>/00_metadata/verified_metadata/splited/GSE264344_design/GSE264344_design__T=Blood__H=6__B=NA__G=delivery_ad26__VS=baseline_0.tsv	TRUE	NA	delivery_ad26__vs__baseline_0	baseline_0	Blood	6	10	10	5	5	1	0.511683765308292	2.5833382251190042	2.0716544598107123	0.5259589783962638	2.62239966856273	2.0964406901664665	1	lfc0.25_k2_fdr0.05	0.25	2	0.05	anchor	acute_main	loao_2_anchor_weights	GSE264344	GSE39129;GSE167521	750
GSE264344	GSE264344_design__T=Blood__H=6__B=NA__G=delivery_ad5__VS=baseline_0	<upstream_project_root>/00_metadata/verified_metadata/splited/GSE264344_design/GSE264344_design__T=Blood__H=6__B=NA__G=delivery_ad5__VS=baseline_0.tsv	TRUE	NA	delivery_ad5__vs__baseline_0	baseline_0	Blood	6	10	10	5	5	1	0.511683765308292	3.3331117372413046	2.8214279719330126	0.5259589783962638	3.518313667955116	2.9923546895588524	1	lfc0.25_k2_fdr0.05	0.25	2	0.05	anchor	acute_main	loao_2_anchor_weights	GSE264344	GSE39129;GSE167521	750
GSE264344	GSE264344_design__T=dLN__H=1__B=NA__G=delivery_ad26__VS=baseline_0	<upstream_project_root>/00_metadata/verified_metadata/splited/GSE264344_design/GSE264344_design__T=dLN__H=1__B=NA__G=delivery_ad26__VS=baseline_0.tsv	TRUE	NA	delivery_ad26__vs__baseline_0	baseline_0	dLN	1	10	10	5	5	1	0.824472772113675	1.1266735327846642	0.3022007606709892	0.7287811390763843	1.0081794197524534	0.2793982806760691	0.8400000000000001	lfc0.25_k2_fdr0.05	0.25	2	0.05	anchor	acute_main	loao_2_anchor_weights	GSE264344	GSE39129;GSE167521	750
GSE264344	GSE264344_design__T=dLN__H=1__B=NA__G=delivery_ad5__VS=baseline_0	<upstream_project_root>/00_metadata/verified_metadata/splited/GSE264344_design/GSE264344_design__T=dLN__H=1__B=NA__G=delivery_ad5__VS=baseline_0.tsv	TRUE	NA	delivery_ad5__vs__baseline_0	baseline_0	dLN	1	10	10	5	5	1	0.824472772113675	1.3531589254982095	0.5286861533845345	0.7287811390763843	1.3301412836265978	0.6013601445502135	0.96	lfc0.25_k2_fdr0.05	0.25	2	0.05	anchor	acute_main	loao_2_anchor_weights	GSE264344	GSE39129;GSE167521	750
GSE264344	GSE264344_design__T=dLN__H=12__B=NA__G=delivery_ad26__VS=baseline_0	<upstream_project_root>/00_metadata/verified_metadata/splited/GSE264344_design/GSE264344_design__T=dLN__H=12__B=NA__G=delivery_ad26__VS=baseline_0.tsv	TRUE	NA	delivery_ad26__vs__baseline_0	baseline_0	dLN	12	10	10	5	5	1	0.824472772113675	4.279242152952872	3.454769380839197	0.7287811390763843	4.279468566612122	3.550687427535738	1	lfc0.25_k2_fdr0.05	0.25	2	0.05	anchor	acute_main	loao_2_anchor_weights	GSE264344	GSE39129;GSE167521	750
GSE264344	GSE264344_design__T=dLN__H=12__B=NA__G=delivery_ad5__VS=baseline_0	<upstream_project_root>/00_metadata/verified_metadata/splited/GSE264344_design/GSE264344_design__T=dLN__H=12__B=NA__G=delivery_ad5__VS=baseline_0.tsv	TRUE	NA	delivery_ad5__vs__baseline_0	baseline_0	dLN	12	10	10	5	5	1	0.824472772113675	3.6308068111257423	2.8063340390120675	0.7287811390763843	3.6232287103791965	2.894447571302812	1	lfc0.25_k2_fdr0.05	0.25	2	0.05	anchor	acute_main	loao_2_anchor_weights	GSE264344	GSE39129;GSE167521	750
GSE264344	GSE264344_design__T=dLN__H=24__B=NA__G=delivery_ad26__VS=baseline_0	<upstream_project_root>/00_metadata/verified_metadata/splited/GSE264344_design/GSE264344_design__T=dLN__H=24__B=NA__G=delivery_ad26__VS=baseline_0.tsv	TRUE	NA	delivery_ad26__vs__baseline_0	baseline_0	dLN	24	10	10	5	5	1	0.824472772113675	2.84922457585886	2.0247518037451853	0.7287811390763843	2.6861294255594075	1.9573482864830232	1	lfc0.25_k2_fdr0.05	0.25	2	0.05	anchor	acute_main	loao_2_anchor_weights	GSE264344	GSE39129;GSE167521	750
GSE264344	GSE264344_design__T=dLN__H=24__B=NA__G=delivery_ad5__VS=baseline_0	<upstream_project_root>/00_metadata/verified_metadata/splited/GSE264344_design/GSE264344_design__T=dLN__H=24__B=NA__G=delivery_ad5__VS=baseline_0.tsv	TRUE	NA	delivery_ad5__vs__baseline_0	baseline_0	dLN	24	10	10	5	5	1	0.824472772113675	2.37113153167984	1.546658759566165	0.7287811390763843	2.3657035702688343	1.63692243119245	1	lfc0.25_k2_fdr0.05	0.25	2	0.05	anchor	acute_main	loao_2_anchor_weights	GSE264344	GSE39129;GSE167521	750
GSE264344	GSE264344_design__T=dLN__H=3__B=NA__G=delivery_ad26__VS=baseline_0	<upstream_project_root>/00_metadata/verified_metadata/splited/GSE264344_design/GSE264344_design__T=dLN__H=3__B=NA__G=delivery_ad26__VS=baseline_0.tsv	TRUE	NA	delivery_ad26__vs__baseline_0	baseline_0	dLN	3	10	10	5	5	1	0.824472772113675	3.58477821517594	2.7603054430622653	0.7287811390763843	3.4978470662145233	2.769065927138139	1	lfc0.25_k2_fdr0.05	0.25	2	0.05	anchor	acute_main	loao_2_anchor_weights	GSE264344	GSE39129;GSE167521	750
GSE264344	GSE264344_design__T=dLN__H=3__B=NA__G=delivery_ad5__VS=baseline_0	<upstream_project_root>/00_metadata/verified_metadata/splited/GSE264344_design/GSE264344_design__T=dLN__H=3__B=NA__G=delivery_ad5__VS=baseline_0.tsv	TRUE	NA	delivery_ad5__vs__baseline_0	baseline_0	dLN	3	10	10	5	5	1	0.824472772113675	2.554873558154158	1.7304007860404833	0.7287811390763843	2.5680060267396723	1.839224887663288	1	lfc0.25_k2_fdr0.05	0.25	2	0.05	anchor	acute_main	loao_2_anchor_weights	GSE264344	GSE39129;GSE167521	750
GSE264344	GSE264344_design__T=dLN__H=6__B=NA__G=delivery_ad26__VS=baseline_0	<upstream_project_root>/00_metadata/verified_metadata/splited/GSE264344_design/GSE264344_design__T=dLN__H=6__B=NA__G=delivery_ad26__VS=baseline_0.tsv	TRUE	NA	delivery_ad26__vs__baseline_0	baseline_0	dLN	6	10	10	5	5	1	0.824472772113675	4.346036118500174	3.521563346386499	0.7287811390763843	4.3705468663761335	3.6417657272997492	1	lfc0.25_k2_fdr0.05	0.25	2	0.05	anchor	acute_main	loao_2_anchor_weights	GSE264344	GSE39129;GSE167521	750
GSE264344	GSE264344_design__T=dLN__H=6__B=NA__G=delivery_ad5__VS=baseline_0	<upstream_project_root>/00_metadata/verified_metadata/splited/GSE264344_design/GSE264344_design__T=dLN__H=6__B=NA__G=delivery_ad5__VS=baseline_0.tsv	TRUE	NA	delivery_ad5__vs__baseline_0	baseline_0	dLN	6	10	10	5	5	1	0.824472772113675	3.9695854391954337	3.145112667081759	0.7287811390763843	4.176591390184502	3.4478102511081175	1	lfc0.25_k2_fdr0.05	0.25	2	0.05	anchor	acute_main	loao_2_anchor_weights	GSE264344	GSE39129;GSE167521	750
GSE264344	GSE264344_design__T=Muscle__H=1__B=NA__G=delivery_ad26__VS=baseline_0	<upstream_project_root>/00_metadata/verified_metadata/splited/GSE264344_design/GSE264344_design__T=Muscle__H=1__B=NA__G=delivery_ad26__VS=baseline_0.tsv	TRUE	NA	delivery_ad26__vs__baseline_0	baseline_0	Muscle	1	10	10	5	5	1	-1.3361565374219668	-0.5744853279844657	0.7616712094375011	-1.3012784606596783	-0.5572104740926535	0.7440679865670249	1	lfc0.25_k2_fdr0.05	0.25	2	0.05	anchor	acute_main	loao_2_anchor_weights	GSE264344	GSE39129;GSE167521	750
GSE264344	GSE264344_design__T=Muscle__H=1__B=NA__G=delivery_ad5__VS=baseline_0	<upstream_project_root>/00_metadata/verified_metadata/splited/GSE264344_design/GSE264344_design__T=Muscle__H=1__B=NA__G=delivery_ad5__VS=baseline_0.tsv	TRUE	NA	delivery_ad5__vs__baseline_0	baseline_0	Muscle	1	10	10	5	5	1	-1.3361565374219668	-0.5876902748909901	0.7484662625309767	-1.3012784606596783	-0.5533072057462232	0.7479712549134552	1	lfc0.25_k2_fdr0.05	0.25	2	0.05	anchor	acute_main	loao_2_anchor_weights	GSE264344	GSE39129;GSE167521	750
GSE264344	GSE264344_design__T=Muscle__H=12__B=NA__G=delivery_ad26__VS=baseline_0	<upstream_project_root>/00_metadata/verified_metadata/splited/GSE264344_design/GSE264344_design__T=Muscle__H=12__B=NA__G=delivery_ad26__VS=baseline_0.tsv	TRUE	NA	delivery_ad26__vs__baseline_0	baseline_0	Muscle	12	10	10	5	5	1	-1.3361565374219668	1.4324610273022955	2.7686175647242623	-1.3012784606596783	1.5238188431246376	2.825097303784316	1	lfc0.25_k2_fdr0.05	0.25	2	0.05	anchor	acute_main	loao_2_anchor_weights	GSE264344	GSE39129;GSE167521	750
GSE264344	GSE264344_design__T=Muscle__H=12__B=NA__G=delivery_ad5__VS=baseline_0	<upstream_project_root>/00_metadata/verified_metadata/splited/GSE264344_design/GSE264344_design__T=Muscle__H=12__B=NA__G=delivery_ad5__VS=baseline_0.tsv	TRUE	NA	delivery_ad5__vs__baseline_0	baseline_0	Muscle	12	10	10	5	5	1	-1.3361565374219668	1.66941524198953	3.005571779411497	-1.3012784606596783	1.7375104862034167	3.038788946863095	1	lfc0.25_k2_fdr0.05	0.25	2	0.05	anchor	acute_main	loao_2_anchor_weights	GSE264344	GSE39129;GSE167521	750
GSE264344	GSE264344_design__T=Muscle__H=24__B=NA__G=delivery_ad26__VS=baseline_0	<upstream_project_root>/00_metadata/verified_metadata/splited/GSE264344_design/GSE264344_design__T=Muscle__H=24__B=NA__G=delivery_ad26__VS=baseline_0.tsv	TRUE	NA	delivery_ad26__vs__baseline_0	baseline_0	Muscle	24	10	10	5	5	1	-1.3361565374219668	0.9583675569675736	2.2945240943895406	-1.3012784606596783	1.1898080558172224	2.4910865164769005	1	lfc0.25_k2_fdr0.05	0.25	2	0.05	anchor	acute_main	loao_2_anchor_weights	GSE264344	GSE39129;GSE167521	750
GSE264344	GSE264344_design__T=Muscle__H=24__B=NA__G=delivery_ad5__VS=baseline_0	<upstream_project_root>/00_metadata/verified_metadata/splited/GSE264344_design/GSE264344_design__T=Muscle__H=24__B=NA__G=delivery_ad5__VS=baseline_0.tsv	TRUE	NA	delivery_ad5__vs__baseline_0	baseline_0	Muscle	24	10	10	5	5	1	-1.3361565374219668	0.9656163940011404	2.3017729314231072	-1.3012784606596783	1.318189596778817	2.619468057438495	1	lfc0.25_k2_fdr0.05	0.25	2	0.05	anchor	acute_main	loao_2_anchor_weights	GSE264344	GSE39129;GSE167521	750
GSE264344	GSE264344_design__T=Muscle__H=3__B=NA__G=delivery_ad26__VS=baseline_0	<upstream_project_root>/00_metadata/verified_metadata/splited/GSE264344_design/GSE264344_design__T=Muscle__H=3__B=NA__G=delivery_ad26__VS=baseline_0.tsv	TRUE	NA	delivery_ad26__vs__baseline_0	baseline_0	Muscle	3	10	10	5	5	1	-1.3361565374219668	1.041206964963777	2.3773635023857436	-1.3012784606596783	1.2707939392439425	2.572072399903621	1	lfc0.25_k2_fdr0.05	0.25	2	0.05	anchor	acute_main	loao_2_anchor_weights	GSE264344	GSE39129;GSE167521	750
GSE264344	GSE264344_design__T=Muscle__H=3__B=NA__G=delivery_ad5__VS=baseline_0	<upstream_project_root>/00_metadata/verified_metadata/splited/GSE264344_design/GSE264344_design__T=Muscle__H=3__B=NA__G=delivery_ad5__VS=baseline_0.tsv	TRUE	NA	delivery_ad5__vs__baseline_0	baseline_0	Muscle	3	10	10	5	5	1	-1.3361565374219668	0.43428296285879414	1.770439500280761	-1.3012784606596783	0.6089179405290808	1.910196401188759	1	lfc0.25_k2_fdr0.05	0.25	2	0.05	anchor	acute_main	loao_2_anchor_weights	GSE264344	GSE39129;GSE167521	750
GSE264344	GSE264344_design__T=Muscle__H=6__B=NA__G=delivery_ad26__VS=baseline_0	<upstream_project_root>/00_metadata/verified_metadata/splited/GSE264344_design/GSE264344_design__T=Muscle__H=6__B=NA__G=delivery_ad26__VS=baseline_0.tsv	TRUE	NA	delivery_ad26__vs__baseline_0	baseline_0	Muscle	6	10	10	5	5	1	-1.3361565374219668	1.494573847931772	2.830730385353739	-1.3012784606596783	1.2037931681579865	2.5050716288176647	1	lfc0.25_k2_fdr0.05	0.25	2	0.05	anchor	acute_main	loao_2_anchor_weights	GSE264344	GSE39129;GSE167521	750
GSE264344	GSE264344_design__T=Muscle__H=6__B=NA__G=delivery_ad5__VS=baseline_0	<upstream_project_root>/00_metadata/verified_metadata/splited/GSE264344_design/GSE264344_design__T=Muscle__H=6__B=NA__G=delivery_ad5__VS=baseline_0.tsv	TRUE	NA	delivery_ad5__vs__baseline_0	baseline_0	Muscle	6	10	10	5	5	1	-1.3361565374219668	1.5817464782214072	2.917903015643374	-1.3012784606596783	1.8111534382956984	3.1124318989553768	1	lfc0.25_k2_fdr0.05	0.25	2	0.05	anchor	acute_main	loao_2_anchor_weights	GSE264344	GSE39129;GSE167521	750
GSE39129	GSE39129_design__T=liver__H=4__B=NA__G=delivery_lentiviral_vector_lv__VS=delivery_none	<upstream_project_root>/00_metadata/verified_metadata/splited/GSE39129_design/GSE39129_design__T=liver__H=4__B=NA__G=delivery_lentiviral_vector_lv__VS=delivery_none.tsv	TRUE	NA	delivery_lentiviral_vector_lv___vs__delivery_none	delivery_none	liver	4	6	6	3	3	1	-5.551115123125783e-17	53.828546546378014	53.828546546378014	0.37135485710246946	56.312673102698994	55.94131824559653	1	lfc0.25_k2_fdr0.05	0.25	2	0.05	anchor	acute_main	loao_2_anchor_weights	GSE39129	GSE264344;GSE167521	965
GSE167521	GSE167521_design__T=skin__H=24__B=NA__G=delivery_lnp__VS=baseline_0	<upstream_project_root>/00_metadata/verified_metadata/splited/GSE167521_design/GSE167521_design__T=skin__H=24__B=NA__G=delivery_lnp__VS=baseline_0.tsv	TRUE	NA	delivery_lnp__vs__baseline_0	baseline_0	skin	24	8	8	4	4	1	-6.938893903907228e-18	10.28425541530595	10.28425541530595	0.03452495779231933	10.082690970741421	10.048166012949101	1	lfc0.25_k2_fdr0.05	0.25	2	0.05	anchor	acute_main	loao_2_anchor_weights	GSE167521	GSE264344;GSE39129	631
GSE119119	GSE119119_design__T=whole_liver__H=4__B=NA__G=GID00069418__VS=WT_uninfected_whole_liver	<upstream_project_root>/00_metadata/verified_metadata/splited/GSE119119_design/GSE119119_design__T=whole_liver__H=4__B=NA__G=GID00069418__VS=WT_uninfected_whole_liver.tsv	TRUE	NA	WT_virus_plus_rh9C12_H433A_whole_liver__vs__WT_uninfected_whole_liver	WT_uninfected_whole_liver	whole liver	4	8	8	4	4	1	-0.2954193701785418	11.709774471557179	12.00519384173572	-0.31471120768544325	11.688037807851929	12.002749015537372	1	lfc0.25_k2_fdr0.1	0.25	2	0.1	external	acute_main	external_full_3_anchor_weights	NA	NA	NA
GSE119119	GSE119119_design__T=whole_liver__H=4__B=NA__G=GID00088542__VS=TRIM21_KO_uninfected_whole_liver	<upstream_project_root>/00_metadata/verified_metadata/splited/GSE119119_design/GSE119119_design__T=whole_liver__H=4__B=NA__G=GID00088542__VS=TRIM21_KO_uninfected_whole_liver.tsv	TRUE	NA	TRIM21_KO_virus_plus_rh9C12_WT_whole_liver__vs__TRIM21_KO_uninfected_whole_liver	TRIM21_KO_uninfected_whole_liver	whole liver	4	8	8	4	4	1	0.2954193701785418	11.294394403325065	10.998975033146523	0.3849156980774953	11.78685828931405	11.401942591236555	1	lfc0.25_k2_fdr0.1	0.25	2	0.1	external	acute_main	external_full_3_anchor_weights	NA	NA	NA
GSE119119	GSE119119_design__T=whole_liver__H=4__B=NA__G=GID00096342__VS=TRIM21_KO_uninfected_whole_liver	<upstream_project_root>/00_metadata/verified_metadata/splited/GSE119119_design/GSE119119_design__T=whole_liver__H=4__B=NA__G=GID00096342__VS=TRIM21_KO_uninfected_whole_liver.tsv	TRUE	NA	TRIM21_KO_virus_plus_rh9C12_H433A_whole_liver__vs__TRIM21_KO_uninfected_whole_liver	TRIM21_KO_uninfected_whole_liver	whole liver	4	8	8	4	4	1	0.2954193701785418	11.008639100993637	10.713219730815096	0.3849156980774953	10.970868665966236	10.58595296788874	1	lfc0.25_k2_fdr0.1	0.25	2	0.1	external	acute_main	external_full_3_anchor_weights	NA	NA	NA
GSE119119	GSE119119_design__T=whole_liver__H=4__B=NA__G=TRIM21_KO_virus_only_whole_liver__VS=TRIM21_KO_uninfected_whole_liver	<upstream_project_root>/00_metadata/verified_metadata/splited/GSE119119_design/GSE119119_design__T=whole_liver__H=4__B=NA__G=TRIM21_KO_virus_only_whole_liver__VS=TRIM21_KO_uninfected_whole_liver.tsv	TRUE	NA	TRIM21_KO_virus_only_whole_liver__vs__TRIM21_KO_uninfected_whole_liver	TRIM21_KO_uninfected_whole_liver	whole liver	4	8	8	4	4	1	0.2954193701785418	9.943966507588302	9.64854713740976	0.3849156980774953	10.765105377140479	10.380189679062983	1	lfc0.25_k2_fdr0.1	0.25	2	0.1	external	acute_main	external_full_3_anchor_weights	NA	NA	NA
GSE119119	GSE119119_design__T=whole_liver__H=4__B=NA__G=WT_virus_only_whole_liver__VS=WT_uninfected_whole_liver	<upstream_project_root>/00_metadata/verified_metadata/splited/GSE119119_design/GSE119119_design__T=whole_liver__H=4__B=NA__G=WT_virus_only_whole_liver__VS=WT_uninfected_whole_liver.tsv	TRUE	NA	WT_virus_only_whole_liver__vs__WT_uninfected_whole_liver	WT_uninfected_whole_liver	whole liver	4	8	8	4	4	1	-0.2954193701785418	9.437998616109128	9.73341798628767	-0.31471120768544325	8.817336332237595	9.132047539923038	1	lfc0.25_k2_fdr0.1	0.25	2	0.1	external	acute_main	external_full_3_anchor_weights	NA	NA	NA
GSE119119	GSE119119_design__T=whole_liver__H=4__B=NA__G=WT_virus_plus_rh9C12_WT_whole_liver__VS=WT_uninfected_whole_liver	<upstream_project_root>/00_metadata/verified_metadata/splited/GSE119119_design/GSE119119_design__T=whole_liver__H=4__B=NA__G=WT_virus_plus_rh9C12_WT_whole_liver__VS=WT_uninfected_whole_liver.tsv	TRUE	NA	WT_virus_plus_rh9C12_WT_whole_liver__vs__WT_uninfected_whole_liver	WT_uninfected_whole_liver	whole liver	4	8	8	4	4	1	-0.2954193701785418	18.552986178464526	18.84840554864307	-0.31471120768544325	18.437731636032048	18.752442843717493	1	lfc0.25_k2_fdr0.1	0.25	2	0.1	external	acute_main	external_full_3_anchor_weights	NA	NA	NA
GSE139529	GSE139529_design__T=blood__H=24__B=NA__G=ad.mva__VS=none	<upstream_project_root>/00_metadata/verified_metadata/splited/GSE139529_design/GSE139529_design__T=blood__H=24__B=NA__G=ad.mva__VS=none.tsv	TRUE	NA	ad.mva__vs__none	none	blood	24	12	12	6	6	1	-2.314771638256552e-17	21.75570121091765	21.75570121091765	-0.06624374512771007	20.530145953101492	20.596389698229203	1	lfc0.25_k2_fdr0.1	0.25	2	0.1	external	acute_main	external_full_3_anchor_weights	NA	NA	NA
GSE139529	GSE139529_design__T=blood__H=24__B=NA__G=ad_empty__VS=none	<upstream_project_root>/00_metadata/verified_metadata/splited/GSE139529_design/GSE139529_design__T=blood__H=24__B=NA__G=ad_empty__VS=none.tsv	TRUE	NA	ad_empty__vs__none	none	blood	24	12	12	6	6	1	-2.314771638256552e-17	21.912154816418262	21.912154816418262	-0.06624374512771007	22.16456316093973	22.23080690606744	1	lfc0.25_k2_fdr0.1	0.25	2	0.1	external	acute_main	external_full_3_anchor_weights	NA	NA	NA
GSE139529	GSE139529_design__T=blood__H=24__B=NA__G=ad_fhbp__VS=none	<upstream_project_root>/00_metadata/verified_metadata/splited/GSE139529_design/GSE139529_design__T=blood__H=24__B=NA__G=ad_fhbp__VS=none.tsv	TRUE	NA	ad_fhbp__vs__none	none	blood	24	12	12	6	6	1	-2.314771638256552e-17	27.345421568226758	27.345421568226758	-0.06624374512771007	27.26380240181681	27.33004614694452	1	lfc0.25_k2_fdr0.1	0.25	2	0.1	external	acute_main	external_full_3_anchor_weights	NA	NA	NA
GSE139529	GSE139529_design__T=blood__H=24__B=NA__G=ad_pref__VS=none	<upstream_project_root>/00_metadata/verified_metadata/splited/GSE139529_design/GSE139529_design__T=blood__H=24__B=NA__G=ad_pref__VS=none.tsv	TRUE	NA	ad_pref__vs__none	none	blood	24	12	12	6	6	1	-2.314771638256552e-17	1.618001159794367	1.618001159794367	-0.06624374512771007	1.931257960100921	1.997501705228631	0.6388888888888888	lfc0.25_k2_fdr0.1	0.25	2	0.1	external	acute_main	external_full_3_anchor_weights	NA	NA	NA
GSE139529	GSE139529_design__T=blood__H=24__B=NA__G=mva.ad__VS=none	<upstream_project_root>/00_metadata/verified_metadata/splited/GSE139529_design/GSE139529_design__T=blood__H=24__B=NA__G=mva.ad__VS=none.tsv	TRUE	NA	mva.ad__vs__none	none	blood	24	12	12	6	6	1	-2.314771638256552e-17	32.73102940534731	32.73102940534731	-0.06624374512771007	32.820195535718156	32.88643928084586	1	lfc0.25_k2_fdr0.1	0.25	2	0.1	external	acute_main	external_full_3_anchor_weights	NA	NA	NA
GSE139529	GSE139529_design__T=blood__H=24__B=NA__G=mva_fhbp__VS=none	<upstream_project_root>/00_metadata/verified_metadata/splited/GSE139529_design/GSE139529_design__T=blood__H=24__B=NA__G=mva_fhbp__VS=none.tsv	TRUE	NA	mva_fhbp__vs__none	none	blood	24	12	12	6	6	1	-2.314771638256552e-17	27.354354679469964	27.354354679469964	-0.06624374512771007	27.07318197297337	27.13942571810108	1	lfc0.25_k2_fdr0.1	0.25	2	0.1	external	acute_main	external_full_3_anchor_weights	NA	NA	NA
GSE166655	GSE166655_design__T=Tibialis_anterior__H=672__B=NA__G=delivery_aav9_ar45__VS=delivery_untreated	<upstream_project_root>/00_metadata/verified_metadata/splited/GSE166655_design/GSE166655_design__T=Tibialis_anterior__H=672__B=NA__G=delivery_aav9_ar45__VS=delivery_untreated.tsv	TRUE	NA	delivery_aav9_ar45__vs__delivery_untreated	delivery_untreated	Tibialis anterior	672	6	6	3	3	1	1.849919956803392e-17	8.501703619505951	8.501703619505951	-0.24015109653866468	7.975907254561294	8.216058351099958	1	lfc0.25_k2_fdr0.1	0.25	2	0.1	external	extended_transfer	external_full_3_anchor_weights	NA	NA	NA
GSE166655	GSE166655_design__T=Tibialis_anterior__H=672__B=NA__G=delivery_aav9_gfp__VS=delivery_untreated	<upstream_project_root>/00_metadata/verified_metadata/splited/GSE166655_design/GSE166655_design__T=Tibialis_anterior__H=672__B=NA__G=delivery_aav9_gfp__VS=delivery_untreated.tsv	TRUE	NA	delivery_aav9_gfp__vs__delivery_untreated	delivery_untreated	Tibialis anterior	672	6	6	3	3	1	1.849919956803392e-17	6.062604803209825	6.062604803209825	-0.24015109653866468	6.416901348492421	6.657052445031086	1	lfc0.25_k2_fdr0.1	0.25	2	0.1	external	extended_transfer	external_full_3_anchor_weights	NA	NA	NA
GSE178313	GSE178313_design__T=Liver__H=48__B=NA__G=mouse_repopulated_lnp__VS=mouse_repopulated_pbs	<upstream_project_root>/00_metadata/verified_metadata/splited/GSE178313_design/GSE178313_design__T=Liver__H=48__B=NA__G=mouse_repopulated_lnp__VS=mouse_repopulated_pbs.tsv	TRUE	NA	mouse_repopulated_lnp__vs__mouse_repopulated_pbs	mouse_repopulated_pbs	Liver	48	8	8	4	4	1	0	5.344304372980035	5.344304372980035	-0.44308748750729365	4.301612380722506	4.7446998682298	0.9375	lfc0.25_k2_fdr0.1	0.25	2	0.1	external	extended_transfer	external_full_3_anchor_weights	NA	NA	NA
GSE262515_cell_line	GSE262515_cell_line__T=cell_line__H=72__B=NA__G=delivery_tlnp_sihbv_50nm__VS=baseline_0	<upstream_project_root>/00_metadata/verified_metadata/splited/GSE262515_cell_line_design/GSE262515_cell_line__T=cell_line__H=72__B=NA__G=delivery_tlnp_sihbv_50nm__VS=baseline_0.tsv	TRUE	NA	delivery_tlnp_sihbv_50nm__vs__baseline_0	baseline_0	cell line	72	6	6	3	3	1	-3.411029913024643e-17	2.0778314674868215	2.0778314674868215	0.014494887123959197	1.6795814204167878	1.6650865332928286	1	lfc0.25_k2_fdr0.1	0.25	2	0.1	calibration	extended_transfer	external_full_3_anchor_weights	NA	NA	NA
GSE262515_cell_line	GSE262515_cell_line__T=cell_line__H=72__B=NA__G=delivery_tlnp_sinc_50nm__VS=baseline_0	<upstream_project_root>/00_metadata/verified_metadata/splited/GSE262515_cell_line_design/GSE262515_cell_line__T=cell_line__H=72__B=NA__G=delivery_tlnp_sinc_50nm__VS=baseline_0.tsv	TRUE	NA	delivery_tlnp_sinc_50nm__vs__baseline_0	baseline_0	cell line	72	6	6	3	3	1	-3.411029913024643e-17	-3.4270175776502447	-3.4270175776502447	0.014494887123959197	-3.9284665515622783	-3.9429614386862375	0	lfc0.25_k2_fdr0.1	0.25	2	0.1	calibration	extended_transfer	external_full_3_anchor_weights	NA	NA	NA
GSE262515_tissue	GSE262515_tissue__T=tissue__H=72__B=NA__G=delivery_tlnp_sihbv_1mg_kg__VS=baseline_0	<upstream_project_root>/00_metadata/verified_metadata/splited/GSE262515_tissue_design/GSE262515_tissue__T=tissue__H=72__B=NA__G=delivery_tlnp_sihbv_1mg_kg__VS=baseline_0.tsv	TRUE	NA	delivery_tlnp_sihbv_1mg_kg__vs__baseline_0	baseline_0	tissue	72	6	6	3	3	1	-3.700743415417188e-17	3.710251459185522	3.710251459185522	-0.14509229610206953	4.215779141025351	4.36087143712742	1	lfc0.25_k2_fdr0.1	0.25	2	0.1	calibration	extended_transfer	external_full_3_anchor_weights	NA	NA	NA
GSE262515_tissue	GSE262515_tissue__T=tissue__H=72__B=NA__G=delivery_tlnp_sihbv_2_5mg_kg__VS=baseline_0	<upstream_project_root>/00_metadata/verified_metadata/splited/GSE262515_tissue_design/GSE262515_tissue__T=tissue__H=72__B=NA__G=delivery_tlnp_sihbv_2_5mg_kg__VS=baseline_0.tsv	TRUE	NA	delivery_tlnp_sihbv_2_5mg_kg__vs__baseline_0	baseline_0	tissue	72	6	6	3	3	1	-3.700743415417188e-17	2.109638345651038	2.109638345651038	-0.14509229610206953	2.4607740683507915	2.605866364452861	1	lfc0.25_k2_fdr0.1	0.25	2	0.1	calibration	extended_transfer	external_full_3_anchor_weights	NA	NA	NA
GSE262515_tissue	GSE262515_tissue__T=tissue__H=72__B=NA__G=delivery_tlnp_sinc_1mg_kg__VS=baseline_0	<upstream_project_root>/00_metadata/verified_metadata/splited/GSE262515_tissue_design/GSE262515_tissue__T=tissue__H=72__B=NA__G=delivery_tlnp_sinc_1mg_kg__VS=baseline_0.tsv	TRUE	NA	delivery_tlnp_sinc_1mg_kg__vs__baseline_0	baseline_0	tissue	72	6	6	3	3	1	-3.700743415417188e-17	3.349946120702481	3.349946120702481	-0.14509229610206953	3.3639675863349883	3.509059882437058	1	lfc0.25_k2_fdr0.1	0.25	2	0.1	calibration	extended_transfer	external_full_3_anchor_weights	NA	NA	NA
GSE264344	GSE264344_design__T=Blood__H=72__B=NA__G=delivery_ad26__VS=baseline_0	<upstream_project_root>/00_metadata/verified_metadata/splited/GSE264344_design/GSE264344_design__T=Blood__H=72__B=NA__G=delivery_ad26__VS=baseline_0.tsv	TRUE	NA	delivery_ad26__vs__baseline_0	baseline_0	Blood	72	10	10	5	5	1	0.3538235703462867	0.7805462170907345	0.42672264674444776	0.381096754031813	0.8658168315649312	0.4847200775331182	0.92	lfc0.25_k2_fdr0.1	0.25	2	0.1	external	extended_transfer	external_full_3_anchor_weights	NA	NA	NA
GSE264344	GSE264344_design__T=Blood__H=72__B=NA__G=delivery_ad5__VS=baseline_0	<upstream_project_root>/00_metadata/verified_metadata/splited/GSE264344_design/GSE264344_design__T=Blood__H=72__B=NA__G=delivery_ad5__VS=baseline_0.tsv	TRUE	NA	delivery_ad5__vs__baseline_0	baseline_0	Blood	72	10	10	5	5	1	0.3538235703462867	0.935317004661288	0.5814934343150013	0.381096754031813	0.8860925340986527	0.5049957800668398	1	lfc0.25_k2_fdr0.1	0.25	2	0.1	external	extended_transfer	external_full_3_anchor_weights	NA	NA	NA
GSE264344	GSE264344_design__T=dLN__H=72__B=NA__G=delivery_ad26__VS=baseline_0	<upstream_project_root>/00_metadata/verified_metadata/splited/GSE264344_design/GSE264344_design__T=dLN__H=72__B=NA__G=delivery_ad26__VS=baseline_0.tsv	TRUE	NA	delivery_ad26__vs__baseline_0	baseline_0	dLN	72	10	10	5	5	1	0.9328339124214471	1.3136980369884428	0.3808641245669957	0.8509699994793604	1.3692916019914703	0.5183216025121099	0.92	lfc0.25_k2_fdr0.1	0.25	2	0.1	external	extended_transfer	external_full_3_anchor_weights	NA	NA	NA
GSE264344	GSE264344_design__T=dLN__H=72__B=NA__G=delivery_ad5__VS=baseline_0	<upstream_project_root>/00_metadata/verified_metadata/splited/GSE264344_design/GSE264344_design__T=dLN__H=72__B=NA__G=delivery_ad5__VS=baseline_0.tsv	TRUE	NA	delivery_ad5__vs__baseline_0	baseline_0	dLN	72	10	10	5	5	1	0.9328339124214471	1.463408359097633	0.5305744466761859	0.8509699994793604	1.4585842239800262	0.6076142245006658	0.96	lfc0.25_k2_fdr0.1	0.25	2	0.1	external	extended_transfer	external_full_3_anchor_weights	NA	NA	NA
GSE264344	GSE264344_design__T=Muscle__H=72__B=NA__G=delivery_ad26__VS=baseline_0	<upstream_project_root>/00_metadata/verified_metadata/splited/GSE264344_design/GSE264344_design__T=Muscle__H=72__B=NA__G=delivery_ad26__VS=baseline_0.tsv	TRUE	NA	delivery_ad26__vs__baseline_0	baseline_0	Muscle	72	10	10	5	5	1	-1.2866574827677337	0.2104613297789833	1.497118812546717	-1.2666628687525205	0.5108376202413736	1.7775004889938941	1	lfc0.25_k2_fdr0.1	0.25	2	0.1	external	extended_transfer	external_full_3_anchor_weights	NA	NA	NA
GSE264344	GSE264344_design__T=Muscle__H=72__B=NA__G=delivery_ad5__VS=baseline_0	<upstream_project_root>/00_metadata/verified_metadata/splited/GSE264344_design/GSE264344_design__T=Muscle__H=72__B=NA__G=delivery_ad5__VS=baseline_0.tsv	TRUE	NA	delivery_ad5__vs__baseline_0	baseline_0	Muscle	72	10	10	5	5	1	-1.2866574827677337	0.4953660301418657	1.7820235129095994	-1.2666628687525205	0.20993882833375893	1.4766016970862794	1	lfc0.25_k2_fdr0.1	0.25	2	0.1	external	extended_transfer	external_full_3_anchor_weights	NA	NA	NA
GSE279372	GSE279372_design__T=draining_lymph_nodes__H=24__B=NA__G=delivery_1000_g_lnps_injected__VS=baseline_0	<upstream_project_root>/00_metadata/verified_metadata/splited/GSE279372_design/GSE279372_design__T=draining_lymph_nodes__H=24__B=NA__G=delivery_1000_g_lnps_injected__VS=baseline_0.tsv	TRUE	NA	delivery_1000_g_lnps_injected__vs__baseline_0	baseline_0	draining lymph nodes	24	8	8	4	4	1	5.551115123125783e-17	40.37485909616478	40.37485909616478	-0.05719226213963535	40.595695115736305	40.65288737787594	1	lfc0.25_k2_fdr0.1	0.25	2	0.1	calibration	acute_main	external_full_3_anchor_weights	NA	NA	NA
GSE279372	GSE279372_design__T=draining_lymph_nodes__H=24__B=NA__G=delivery_250_g_alum_injected__VS=baseline_0	<upstream_project_root>/00_metadata/verified_metadata/splited/GSE279372_design/GSE279372_design__T=draining_lymph_nodes__H=24__B=NA__G=delivery_250_g_alum_injected__VS=baseline_0.tsv	TRUE	NA	delivery_250_g_alum_injected__vs__baseline_0	baseline_0	draining lymph nodes	24	8	8	4	4	1	5.551115123125783e-17	1.499634183274002	1.499634183274002	-0.05719226213963535	1.6062511614713513	1.6634434236109867	0.8125	lfc0.25_k2_fdr0.1	0.25	2	0.1	calibration	acute_main	external_full_3_anchor_weights	NA	NA	NA
GSE279372	GSE279372_design__T=draining_lymph_nodes__H=24__B=NA__G=delivery_5_g_gi_1_gii_4_vlp__VS=baseline_0	<upstream_project_root>/00_metadata/verified_metadata/splited/GSE279372_design/GSE279372_design__T=draining_lymph_nodes__H=24__B=NA__G=delivery_5_g_gi_1_gii_4_vlp__VS=baseline_0.tsv	TRUE	NA	delivery_5_g_gi_1_gii_4_vlp__vs__baseline_0	baseline_0	draining lymph nodes	24	8	8	4	4	1	5.551115123125783e-17	5.288701294414284	5.288701294414284	-0.05719226213963535	5.041880198417038	5.099072460556673	1	lfc0.25_k2_fdr0.1	0.25	2	0.1	calibration	acute_main	external_full_3_anchor_weights	NA	NA	NA
GSE279372	GSE279372_design__T=draining_lymph_nodes__H=24__B=NA__G=GID00110503__VS=baseline_0	<upstream_project_root>/00_metadata/verified_metadata/splited/GSE279372_design/GSE279372_design__T=draining_lymph_nodes__H=24__B=NA__G=GID00110503__VS=baseline_0.tsv	TRUE	NA	delivery_250_g_alum_5_g_gi_1_gii_4_vlp_injected__vs__baseline_0	baseline_0	draining lymph nodes	24	8	8	4	4	1	5.551115123125783e-17	2.5737259121075837	2.5737259121075837	-0.05719226213963535	2.518001534064566	2.5751937962042013	1	lfc0.25_k2_fdr0.1	0.25	2	0.1	calibration	acute_main	external_full_3_anchor_weights	NA	NA	NA
GSE279372	GSE279372_design__T=draining_lymph_nodes__H=24__B=NA__G=GID00110754__VS=baseline_0	<upstream_project_root>/00_metadata/verified_metadata/splited/GSE279372_design/GSE279372_design__T=draining_lymph_nodes__H=24__B=NA__G=GID00110754__VS=baseline_0.tsv	TRUE	NA	delivery_125_g_lnps_5_g_gi_1_gii_4_vlp_injected__vs__baseline_0	baseline_0	draining lymph nodes	24	8	8	4	4	1	5.551115123125783e-17	29.399647212486204	29.399647212486204	-0.05719226213963535	30.655383974652672	30.71257623679231	1	lfc0.25_k2_fdr0.1	0.25	2	0.1	calibration	acute_main	external_full_3_anchor_weights	NA	NA	NA
GSE279372	GSE279372_design__T=draining_lymph_nodes__H=24__B=NA__G=GID00114748__VS=baseline_0	<upstream_project_root>/00_metadata/verified_metadata/splited/GSE279372_design/GSE279372_design__T=draining_lymph_nodes__H=24__B=NA__G=GID00114748__VS=baseline_0.tsv	TRUE	NA	delivery_1000_g_lnps_5_g_gi_1_gii_4_vlp_injected__vs__baseline_0	baseline_0	draining lymph nodes	24	8	8	4	4	1	5.551115123125783e-17	45.40667384637806	45.40667384637806	-0.05719226213963535	46.06347816980154	46.12067043194118	1	lfc0.25_k2_fdr0.1	0.25	2	0.1	calibration	acute_main	external_full_3_anchor_weights	NA	NA	NA
GSE279743	GSE279743_design__T=Lymph_Node__H=6__B=NA__G=delivery_vaccination_with_sm102__VS=baseline_0	<upstream_project_root>/00_metadata/verified_metadata/splited/GSE279743_design/GSE279743_design__T=Lymph_Node__H=6__B=NA__G=delivery_vaccination_with_sm102__VS=baseline_0.tsv	TRUE	NA	delivery_vaccination_with_sm102__vs__baseline_0	baseline_0	Lymph Node	6	6	6	3	3	1	3.700743415417188e-17	18.32593065337401	18.32593065337401	-0.3960866434968807	19.817125497580676	20.213212141077555	1	lfc0.25_k2_fdr0.1	0.25	2	0.1	external	acute_main	external_full_3_anchor_weights	NA	NA	NA
GSE279743	GSE279743_design__T=Lymph_Node__H=6__B=NA__G=delivery_vaccination_with_ssop__VS=baseline_0	<upstream_project_root>/00_metadata/verified_metadata/splited/GSE279743_design/GSE279743_design__T=Lymph_Node__H=6__B=NA__G=delivery_vaccination_with_ssop__VS=baseline_0.tsv	TRUE	NA	delivery_vaccination_with_ssop__vs__baseline_0	baseline_0	Lymph Node	6	6	6	3	3	1	3.700743415417188e-17	2.9130529819892677	2.9130529819892677	-0.3960866434968807	3.022574375835375	3.4186610193322555	1	lfc0.25_k2_fdr0.1	0.25	2	0.1	external	acute_main	external_full_3_anchor_weights	NA	NA	NA
GSE279744	GSE279744_design__T=lymph_node__H=6__B=NA__G=delivery_vaccination_with_sm102__VS=baseline_0	<upstream_project_root>/00_metadata/verified_metadata/splited/GSE279744_design/GSE279744_design__T=lymph_node__H=6__B=NA__G=delivery_vaccination_with_sm102__VS=baseline_0.tsv	TRUE	NA	delivery_vaccination_with_sm102__vs__baseline_0	baseline_0	lymph node	6	6	6	3	3	1	1.850371707708594e-17	76.67354043422735	76.67354043422735	0.23010324627299555	75.89307151622025	75.66296826994726	1	lfc0.25_k2_fdr0.1	0.25	2	0.1	calibration	acute_main	external_full_3_anchor_weights	NA	NA	NA
GSE279744	GSE279744_design__T=lymph_node__H=6__B=NA__G=delivery_vaccination_with_ssop__VS=baseline_0	<upstream_project_root>/00_metadata/verified_metadata/splited/GSE279744_design/GSE279744_design__T=lymph_node__H=6__B=NA__G=delivery_vaccination_with_ssop__VS=baseline_0.tsv	TRUE	NA	delivery_vaccination_with_ssop__vs__baseline_0	baseline_0	lymph node	6	6	6	3	3	1	1.850371707708594e-17	15.235404414641271	15.235404414641271	0.23010324627299555	14.089413598676343	13.859310352403346	1	lfc0.25_k2_fdr0.1	0.25	2	0.1	calibration	acute_main	external_full_3_anchor_weights	NA	NA	NA
GSE314070	GSE314070_design__T=small_intestine__H=336__B=NA__G=delivery_am80_lnp__VS=baseline_0	<upstream_project_root>/00_metadata/verified_metadata/splited/GSE314070_design/GSE314070_design__T=small_intestine__H=336__B=NA__G=delivery_am80_lnp__VS=baseline_0.tsv	TRUE	NA	delivery_am80_lnp__vs__baseline_0	baseline_0	small intestine	336	6	6	3	3	1	-9.25185853854297e-18	6.74586207394441	6.74586207394441	0.21036847703102232	7.014719617209427	6.8043511401784045	0.6666666666666666	lfc0.25_k2_fdr0.1	0.25	2	0.1	external	extended_transfer	external_full_3_anchor_weights	NA	NA	NA
GSE314070	GSE314070_design__T=small_intestine__H=336__B=NA__G=delivery_sm102_lnp__VS=baseline_0	<upstream_project_root>/00_metadata/verified_metadata/splited/GSE314070_design/GSE314070_design__T=small_intestine__H=336__B=NA__G=delivery_sm102_lnp__VS=baseline_0.tsv	TRUE	NA	delivery_sm102_lnp__vs__baseline_0	baseline_0	small intestine	336	6	6	3	3	1	-9.25185853854297e-18	-0.15295561790680537	-0.15295561790680537	0.21036847703102232	-1.0090008855264123	-1.2193693625574347	0.4444444444444444	lfc0.25_k2_fdr0.1	0.25	2	0.1	external	extended_transfer	external_full_3_anchor_weights	NA	NA	NA
GSE264344	GSE264344_design__T=Blood__H=1__B=NA__G=delivery_ad26__VS=baseline_0	<upstream_project_root>/00_metadata/verified_metadata/splited/GSE264344_design/GSE264344_design__T=Blood__H=1__B=NA__G=delivery_ad26__VS=baseline_0.tsv	TRUE	NA	delivery_ad26__vs__baseline_0	baseline_0	Blood	1	10	10	5	5	1	0.4970573923720483	0.6188002348906844	0.12174284251863604	0.53177814078126	0.6265669357192111	0.09478879493795112	0.7200000000000001	lfc0.25_k2_fdr0.1	0.25	2	0.1	anchor	acute_main	loao_2_anchor_weights	GSE264344	GSE39129;GSE167521	886
GSE264344	GSE264344_design__T=Blood__H=1__B=NA__G=delivery_ad5__VS=baseline_0	<upstream_project_root>/00_metadata/verified_metadata/splited/GSE264344_design/GSE264344_design__T=Blood__H=1__B=NA__G=delivery_ad5__VS=baseline_0.tsv	TRUE	NA	delivery_ad5__vs__baseline_0	baseline_0	Blood	1	10	10	5	5	1	0.4970573923720483	0.7289509740430354	0.23189358167098711	0.53177814078126	0.7235337047923177	0.19175556401105776	0.96	lfc0.25_k2_fdr0.1	0.25	2	0.1	anchor	acute_main	loao_2_anchor_weights	GSE264344	GSE39129;GSE167521	886
GSE264344	GSE264344_design__T=Blood__H=12__B=NA__G=delivery_ad26__VS=baseline_0	<upstream_project_root>/00_metadata/verified_metadata/splited/GSE264344_design/GSE264344_design__T=Blood__H=12__B=NA__G=delivery_ad26__VS=baseline_0.tsv	TRUE	NA	delivery_ad26__vs__baseline_0	baseline_0	Blood	12	10	10	5	5	1	0.4970573923720483	3.1252587623293664	2.628201369957318	0.53177814078126	3.0421523437571025	2.5103742029758425	1	lfc0.25_k2_fdr0.1	0.25	2	0.1	anchor	acute_main	loao_2_anchor_weights	GSE264344	GSE39129;GSE167521	886
GSE264344	GSE264344_design__T=Blood__H=12__B=NA__G=delivery_ad5__VS=baseline_0	<upstream_project_root>/00_metadata/verified_metadata/splited/GSE264344_design/GSE264344_design__T=Blood__H=12__B=NA__G=delivery_ad5__VS=baseline_0.tsv	TRUE	NA	delivery_ad5__vs__baseline_0	baseline_0	Blood	12	10	10	5	5	1	0.4970573923720483	1.9939563165315795	1.4968989241595312	0.53177814078126	2.0708334597815727	1.5390553190003127	1	lfc0.25_k2_fdr0.1	0.25	2	0.1	anchor	acute_main	loao_2_anchor_weights	GSE264344	GSE39129;GSE167521	886
GSE264344	GSE264344_design__T=Blood__H=24__B=NA__G=delivery_ad26__VS=baseline_0	<upstream_project_root>/00_metadata/verified_metadata/splited/GSE264344_design/GSE264344_design__T=Blood__H=24__B=NA__G=delivery_ad26__VS=baseline_0.tsv	TRUE	NA	delivery_ad26__vs__baseline_0	baseline_0	Blood	24	10	10	5	5	1	0.4970573923720483	2.0382297349084144	1.5411723425363661	0.53177814078126	2.0850465958009026	1.5532684550196425	1	lfc0.25_k2_fdr0.1	0.25	2	0.1	anchor	acute_main	loao_2_anchor_weights	GSE264344	GSE39129;GSE167521	886
GSE264344	GSE264344_design__T=Blood__H=24__B=NA__G=delivery_ad5__VS=baseline_0	<upstream_project_root>/00_metadata/verified_metadata/splited/GSE264344_design/GSE264344_design__T=Blood__H=24__B=NA__G=delivery_ad5__VS=baseline_0.tsv	TRUE	NA	delivery_ad5__vs__baseline_0	baseline_0	Blood	24	10	10	5	5	1	0.4970573923720483	1.2360282981321191	0.7389709057600709	0.53177814078126	1.177921231944754	0.6461430911634941	1	lfc0.25_k2_fdr0.1	0.25	2	0.1	anchor	acute_main	loao_2_anchor_weights	GSE264344	GSE39129;GSE167521	886
GSE264344	GSE264344_design__T=Blood__H=3__B=NA__G=delivery_ad26__VS=baseline_0	<upstream_project_root>/00_metadata/verified_metadata/splited/GSE264344_design/GSE264344_design__T=Blood__H=3__B=NA__G=delivery_ad26__VS=baseline_0.tsv	TRUE	NA	delivery_ad26__vs__baseline_0	baseline_0	Blood	3	10	10	5	5	1	0.4970573923720483	2.6267125208727093	2.129655128500661	0.53177814078126	2.668427601927664	2.136649461146404	1	lfc0.25_k2_fdr0.1	0.25	2	0.1	anchor	acute_main	loao_2_anchor_weights	GSE264344	GSE39129;GSE167521	886
GSE264344	GSE264344_design__T=Blood__H=3__B=NA__G=delivery_ad5__VS=baseline_0	<upstream_project_root>/00_metadata/verified_metadata/splited/GSE264344_design/GSE264344_design__T=Blood__H=3__B=NA__G=delivery_ad5__VS=baseline_0.tsv	TRUE	NA	delivery_ad5__vs__baseline_0	baseline_0	Blood	3	10	10	5	5	1	0.4970573923720483	1.1334278334245134	0.6363704410524651	0.53177814078126	1.1230391418418064	0.5912610010605465	1	lfc0.25_k2_fdr0.1	0.25	2	0.1	anchor	acute_main	loao_2_anchor_weights	GSE264344	GSE39129;GSE167521	886
GSE264344	GSE264344_design__T=Blood__H=6__B=NA__G=delivery_ad26__VS=baseline_0	<upstream_project_root>/00_metadata/verified_metadata/splited/GSE264344_design/GSE264344_design__T=Blood__H=6__B=NA__G=delivery_ad26__VS=baseline_0.tsv	TRUE	NA	delivery_ad26__vs__baseline_0	baseline_0	Blood	6	10	10	5	5	1	0.4970573923720483	2.504804169281693	2.0077467769096446	0.53177814078126	2.548796443175231	2.017018302393971	1	lfc0.25_k2_fdr0.1	0.25	2	0.1	anchor	acute_main	loao_2_anchor_weights	GSE264344	GSE39129;GSE167521	886
GSE264344	GSE264344_design__T=Blood__H=6__B=NA__G=delivery_ad5__VS=baseline_0	<upstream_project_root>/00_metadata/verified_metadata/splited/GSE264344_design/GSE264344_design__T=Blood__H=6__B=NA__G=delivery_ad5__VS=baseline_0.tsv	TRUE	NA	delivery_ad5__vs__baseline_0	baseline_0	Blood	6	10	10	5	5	1	0.4970573923720483	3.242430343480262	2.7453729511082137	0.53177814078126	3.451179168774857	2.919401027993597	1	lfc0.25_k2_fdr0.1	0.25	2	0.1	anchor	acute_main	loao_2_anchor_weights	GSE264344	GSE39129;GSE167521	886
GSE264344	GSE264344_design__T=dLN__H=1__B=NA__G=delivery_ad26__VS=baseline_0	<upstream_project_root>/00_metadata/verified_metadata/splited/GSE264344_design/GSE264344_design__T=dLN__H=1__B=NA__G=delivery_ad26__VS=baseline_0.tsv	TRUE	NA	delivery_ad26__vs__baseline_0	baseline_0	dLN	1	10	10	5	5	1	0.8362870929873758	1.1131624886304488	0.27687539564307295	0.7473356546530799	0.9891047744369343	0.2417691197838544	0.8400000000000001	lfc0.25_k2_fdr0.1	0.25	2	0.1	anchor	acute_main	loao_2_anchor_weights	GSE264344	GSE39129;GSE167521	886
GSE264344	GSE264344_design__T=dLN__H=1__B=NA__G=delivery_ad5__VS=baseline_0	<upstream_project_root>/00_metadata/verified_metadata/splited/GSE264344_design/GSE264344_design__T=dLN__H=1__B=NA__G=delivery_ad5__VS=baseline_0.tsv	TRUE	NA	delivery_ad5__vs__baseline_0	baseline_0	dLN	1	10	10	5	5	1	0.8362870929873758	1.3353174283712972	0.4990303353839214	0.7473356546530799	1.3065642977036642	0.5592286430505843	0.96	lfc0.25_k2_fdr0.1	0.25	2	0.1	anchor	acute_main	loao_2_anchor_weights	GSE264344	GSE39129;GSE167521	886
GSE264344	GSE264344_design__T=dLN__H=12__B=NA__G=delivery_ad26__VS=baseline_0	<upstream_project_root>/00_metadata/verified_metadata/splited/GSE264344_design/GSE264344_design__T=dLN__H=12__B=NA__G=delivery_ad26__VS=baseline_0.tsv	TRUE	NA	delivery_ad26__vs__baseline_0	baseline_0	dLN	12	10	10	5	5	1	0.8362870929873758	4.171468999524633	3.335181906537257	0.7473356546530799	4.152943298657259	3.4056076440041796	1	lfc0.25_k2_fdr0.1	0.25	2	0.1	anchor	acute_main	loao_2_anchor_weights	GSE264344	GSE39129;GSE167521	886
GSE264344	GSE264344_design__T=dLN__H=12__B=NA__G=delivery_ad5__VS=baseline_0	<upstream_project_root>/00_metadata/verified_metadata/splited/GSE264344_design/GSE264344_design__T=dLN__H=12__B=NA__G=delivery_ad5__VS=baseline_0.tsv	TRUE	NA	delivery_ad5__vs__baseline_0	baseline_0	dLN	12	10	10	5	5	1	0.8362870929873758	3.5335723154249155	2.6972852224375394	0.7473356546530799	3.5339483998619303	2.7866127452088505	1	lfc0.25_k2_fdr0.1	0.25	2	0.1	anchor	acute_main	loao_2_anchor_weights	GSE264344	GSE39129;GSE167521	886
GSE264344	GSE264344_design__T=dLN__H=24__B=NA__G=delivery_ad26__VS=baseline_0	<upstream_project_root>/00_metadata/verified_metadata/splited/GSE264344_design/GSE264344_design__T=dLN__H=24__B=NA__G=delivery_ad26__VS=baseline_0.tsv	TRUE	NA	delivery_ad26__vs__baseline_0	baseline_0	dLN	24	10	10	5	5	1	0.8362870929873758	2.7769938339704527	1.940706740983077	0.7473356546530799	2.612603088088879	1.865267433435799	1	lfc0.25_k2_fdr0.1	0.25	2	0.1	anchor	acute_main	loao_2_anchor_weights	GSE264344	GSE39129;GSE167521	886
GSE264344	GSE264344_design__T=dLN__H=24__B=NA__G=delivery_ad5__VS=baseline_0	<upstream_project_root>/00_metadata/verified_metadata/splited/GSE264344_design/GSE264344_design__T=dLN__H=24__B=NA__G=delivery_ad5__VS=baseline_0.tsv	TRUE	NA	delivery_ad5__vs__baseline_0	baseline_0	dLN	24	10	10	5	5	1	0.8362870929873758	2.32370778498367	1.487420691996294	0.7473356546530799	2.3226887117950237	1.5753530571419438	1	lfc0.25_k2_fdr0.1	0.25	2	0.1	anchor	acute_main	loao_2_anchor_weights	GSE264344	GSE39129;GSE167521	886
GSE264344	GSE264344_design__T=dLN__H=3__B=NA__G=delivery_ad26__VS=baseline_0	<upstream_project_root>/00_metadata/verified_metadata/splited/GSE264344_design/GSE264344_design__T=dLN__H=3__B=NA__G=delivery_ad26__VS=baseline_0.tsv	TRUE	NA	delivery_ad26__vs__baseline_0	baseline_0	dLN	3	10	10	5	5	1	0.8362870929873758	3.504605031911409	2.668317938924033	0.7473356546530799	3.4216389125517805	2.6743032578987007	1	lfc0.25_k2_fdr0.1	0.25	2	0.1	anchor	acute_main	loao_2_anchor_weights	GSE264344	GSE39129;GSE167521	886
GSE264344	GSE264344_design__T=dLN__H=3__B=NA__G=delivery_ad5__VS=baseline_0	<upstream_project_root>/00_metadata/verified_metadata/splited/GSE264344_design/GSE264344_design__T=dLN__H=3__B=NA__G=delivery_ad5__VS=baseline_0.tsv	TRUE	NA	delivery_ad5__vs__baseline_0	baseline_0	dLN	3	10	10	5	5	1	0.8362870929873758	2.4858024542060524	1.6495153612186766	0.7473356546530799	2.5131316645338067	1.7657960098807268	1	lfc0.25_k2_fdr0.1	0.25	2	0.1	anchor	acute_main	loao_2_anchor_weights	GSE264344	GSE39129;GSE167521	886
GSE264344	GSE264344_design__T=dLN__H=6__B=NA__G=delivery_ad26__VS=baseline_0	<upstream_project_root>/00_metadata/verified_metadata/splited/GSE264344_design/GSE264344_design__T=dLN__H=6__B=NA__G=delivery_ad26__VS=baseline_0.tsv	TRUE	NA	delivery_ad26__vs__baseline_0	baseline_0	dLN	6	10	10	5	5	1	0.8362870929873758	4.224297856619616	3.3880107636322405	0.7473356546530799	4.240909170336758	3.4935735156836785	1	lfc0.25_k2_fdr0.1	0.25	2	0.1	anchor	acute_main	loao_2_anchor_weights	GSE264344	GSE39129;GSE167521	886
GSE264344	GSE264344_design__T=dLN__H=6__B=NA__G=delivery_ad5__VS=baseline_0	<upstream_project_root>/00_metadata/verified_metadata/splited/GSE264344_design/GSE264344_design__T=dLN__H=6__B=NA__G=delivery_ad5__VS=baseline_0.tsv	TRUE	NA	delivery_ad5__vs__baseline_0	baseline_0	dLN	6	10	10	5	5	1	0.8362870929873758	3.844183168490469	3.0078960755030932	0.7473356546530799	4.062750849311202	3.3154151946581223	1	lfc0.25_k2_fdr0.1	0.25	2	0.1	anchor	acute_main	loao_2_anchor_weights	GSE264344	GSE39129;GSE167521	886
GSE264344	GSE264344_design__T=Muscle__H=1__B=NA__G=delivery_ad26__VS=baseline_0	<upstream_project_root>/00_metadata/verified_metadata/splited/GSE264344_design/GSE264344_design__T=Muscle__H=1__B=NA__G=delivery_ad26__VS=baseline_0.tsv	TRUE	NA	delivery_ad26__vs__baseline_0	baseline_0	Muscle	1	10	10	5	5	1	-1.333344485359424	-0.6205151481957297	0.7128293371636943	-1.285197421953637	-0.6307430643312807	0.6544543576223564	1	lfc0.25_k2_fdr0.1	0.25	2	0.1	anchor	acute_main	loao_2_anchor_weights	GSE264344	GSE39129;GSE167521	886
GSE264344	GSE264344_design__T=Muscle__H=1__B=NA__G=delivery_ad5__VS=baseline_0	<upstream_project_root>/00_metadata/verified_metadata/splited/GSE264344_design/GSE264344_design__T=Muscle__H=1__B=NA__G=delivery_ad5__VS=baseline_0.tsv	TRUE	NA	delivery_ad5__vs__baseline_0	baseline_0	Muscle	1	10	10	5	5	1	-1.333344485359424	-0.6200703246874335	0.7132741606719906	-1.285197421953637	-0.5831176024440436	0.7020798195095934	1	lfc0.25_k2_fdr0.1	0.25	2	0.1	anchor	acute_main	loao_2_anchor_weights	GSE264344	GSE39129;GSE167521	886
GSE264344	GSE264344_design__T=Muscle__H=12__B=NA__G=delivery_ad26__VS=baseline_0	<upstream_project_root>/00_metadata/verified_metadata/splited/GSE264344_design/GSE264344_design__T=Muscle__H=12__B=NA__G=delivery_ad26__VS=baseline_0.tsv	TRUE	NA	delivery_ad26__vs__baseline_0	baseline_0	Muscle	12	10	10	5	5	1	-1.333344485359424	1.3010012485034608	2.634345733862885	-1.285197421953637	1.4061216562730414	2.6913190782266785	1	lfc0.25_k2_fdr0.1	0.25	2	0.1	anchor	acute_main	loao_2_anchor_weights	GSE264344	GSE39129;GSE167521	886
GSE264344	GSE264344_design__T=Muscle__H=12__B=NA__G=delivery_ad5__VS=baseline_0	<upstream_project_root>/00_metadata/verified_metadata/splited/GSE264344_design/GSE264344_design__T=Muscle__H=12__B=NA__G=delivery_ad5__VS=baseline_0.tsv	TRUE	NA	delivery_ad5__vs__baseline_0	baseline_0	Muscle	12	10	10	5	5	1	-1.333344485359424	1.538125721572588	2.8714702069320124	-1.285197421953637	1.618729474103065	2.903926896056702	1	lfc0.25_k2_fdr0.1	0.25	2	0.1	anchor	acute_main	loao_2_anchor_weights	GSE264344	GSE39129;GSE167521	886
GSE264344	GSE264344_design__T=Muscle__H=24__B=NA__G=delivery_ad26__VS=baseline_0	<upstream_project_root>/00_metadata/verified_metadata/splited/GSE264344_design/GSE264344_design__T=Muscle__H=24__B=NA__G=delivery_ad26__VS=baseline_0.tsv	TRUE	NA	delivery_ad26__vs__baseline_0	baseline_0	Muscle	24	10	10	5	5	1	-1.333344485359424	0.8528135999491997	2.186158085308624	-1.285197421953637	1.050760070379866	2.3359574923335034	1	lfc0.25_k2_fdr0.1	0.25	2	0.1	anchor	acute_main	loao_2_anchor_weights	GSE264344	GSE39129;GSE167521	886
GSE264344	GSE264344_design__T=Muscle__H=24__B=NA__G=delivery_ad5__VS=baseline_0	<upstream_project_root>/00_metadata/verified_metadata/splited/GSE264344_design/GSE264344_design__T=Muscle__H=24__B=NA__G=delivery_ad5__VS=baseline_0.tsv	TRUE	NA	delivery_ad5__vs__baseline_0	baseline_0	Muscle	24	10	10	5	5	1	-1.333344485359424	0.8810004618973739	2.214344947256798	-1.285197421953637	1.2268439459430345	2.5120413678966713	1	lfc0.25_k2_fdr0.1	0.25	2	0.1	anchor	acute_main	loao_2_anchor_weights	GSE264344	GSE39129;GSE167521	886
GSE264344	GSE264344_design__T=Muscle__H=3__B=NA__G=delivery_ad26__VS=baseline_0	<upstream_project_root>/00_metadata/verified_metadata/splited/GSE264344_design/GSE264344_design__T=Muscle__H=3__B=NA__G=delivery_ad26__VS=baseline_0.tsv	TRUE	NA	delivery_ad26__vs__baseline_0	baseline_0	Muscle	3	10	10	5	5	1	-1.333344485359424	0.9356309486024348	2.2689754339618586	-1.285197421953637	1.1657435071603708	2.450940929114008	1	lfc0.25_k2_fdr0.1	0.25	2	0.1	anchor	acute_main	loao_2_anchor_weights	GSE264344	GSE39129;GSE167521	886
GSE264344	GSE264344_design__T=Muscle__H=3__B=NA__G=delivery_ad5__VS=baseline_0	<upstream_project_root>/00_metadata/verified_metadata/splited/GSE264344_design/GSE264344_design__T=Muscle__H=3__B=NA__G=delivery_ad5__VS=baseline_0.tsv	TRUE	NA	delivery_ad5__vs__baseline_0	baseline_0	Muscle	3	10	10	5	5	1	-1.333344485359424	0.3358227962300625	1.6691672815894867	-1.285197421953637	0.49761698256557196	1.782814404519209	1	lfc0.25_k2_fdr0.1	0.25	2	0.1	anchor	acute_main	loao_2_anchor_weights	GSE264344	GSE39129;GSE167521	886
GSE264344	GSE264344_design__T=Muscle__H=6__B=NA__G=delivery_ad26__VS=baseline_0	<upstream_project_root>/00_metadata/verified_metadata/splited/GSE264344_design/GSE264344_design__T=Muscle__H=6__B=NA__G=delivery_ad26__VS=baseline_0.tsv	TRUE	NA	delivery_ad26__vs__baseline_0	baseline_0	Muscle	6	10	10	5	5	1	-1.333344485359424	1.3728184500199092	2.706162935379333	-1.285197421953637	1.1038607604675215	2.3890581824211585	1	lfc0.25_k2_fdr0.1	0.25	2	0.1	anchor	acute_main	loao_2_anchor_weights	GSE264344	GSE39129;GSE167521	886
GSE264344	GSE264344_design__T=Muscle__H=6__B=NA__G=delivery_ad5__VS=baseline_0	<upstream_project_root>/00_metadata/verified_metadata/splited/GSE264344_design/GSE264344_design__T=Muscle__H=6__B=NA__G=delivery_ad5__VS=baseline_0.tsv	TRUE	NA	delivery_ad5__vs__baseline_0	baseline_0	Muscle	6	10	10	5	5	1	-1.333344485359424	1.460227680222306	2.79357216558173	-1.285197421953637	1.6797527727351422	2.9649501946887793	1	lfc0.25_k2_fdr0.1	0.25	2	0.1	anchor	acute_main	loao_2_anchor_weights	GSE264344	GSE39129;GSE167521	886
GSE39129	GSE39129_design__T=liver__H=4__B=NA__G=delivery_lentiviral_vector_lv__VS=delivery_none	<upstream_project_root>/00_metadata/verified_metadata/splited/GSE39129_design/GSE39129_design__T=liver__H=4__B=NA__G=delivery_lentiviral_vector_lv__VS=delivery_none.tsv	TRUE	NA	delivery_lentiviral_vector_lv___vs__delivery_none	delivery_none	liver	4	6	6	3	3	1	5.551115123125783e-17	59.1313109869229	59.1313109869229	0.48268266920296116	62.3148614555419	61.83217878633894	1	lfc0.25_k2_fdr0.1	0.25	2	0.1	anchor	acute_main	loao_2_anchor_weights	GSE39129	GSE264344;GSE167521	1150
GSE167521	GSE167521_design__T=skin__H=24__B=NA__G=delivery_lnp__VS=baseline_0	<upstream_project_root>/00_metadata/verified_metadata/splited/GSE167521_design/GSE167521_design__T=skin__H=24__B=NA__G=delivery_lnp__VS=baseline_0.tsv	TRUE	NA	delivery_lnp__vs__baseline_0	baseline_0	skin	24	8	8	4	4	1	5.204170427930421e-17	10.690112851940578	10.690112851940578	0.05557736028668136	10.485252607396468	10.429675247109786	1	lfc0.25_k2_fdr0.1	0.25	2	0.1	anchor	acute_main	loao_2_anchor_weights	GSE167521	GSE264344;GSE39129	717
GSE119119	GSE119119_design__T=whole_liver__H=4__B=NA__G=GID00069418__VS=WT_uninfected_whole_liver	<upstream_project_root>/00_metadata/verified_metadata/splited/GSE119119_design/GSE119119_design__T=whole_liver__H=4__B=NA__G=GID00069418__VS=WT_uninfected_whole_liver.tsv	TRUE	NA	WT_virus_plus_rh9C12_H433A_whole_liver__vs__WT_uninfected_whole_liver	WT_uninfected_whole_liver	whole liver	4	8	8	4	4	1	-0.28924569546256296	11.439505410952872	11.728751106415436	-0.2712458684827366	11.3273521334852	11.598598001967936	1	lfc0.25_k2_fdr0.2	0.25	2	0.2	external	acute_main	external_full_3_anchor_weights	NA	NA	NA
GSE119119	GSE119119_design__T=whole_liver__H=4__B=NA__G=GID00088542__VS=TRIM21_KO_uninfected_whole_liver	<upstream_project_root>/00_metadata/verified_metadata/splited/GSE119119_design/GSE119119_design__T=whole_liver__H=4__B=NA__G=GID00088542__VS=TRIM21_KO_uninfected_whole_liver.tsv	TRUE	NA	TRIM21_KO_virus_plus_rh9C12_WT_whole_liver__vs__TRIM21_KO_uninfected_whole_liver	TRIM21_KO_uninfected_whole_liver	whole liver	4	8	8	4	4	1	0.28924569546256296	11.135462113169204	10.846216417706641	0.3708556008087235	11.523140309025354	11.15228470821663	1	lfc0.25_k2_fdr0.2	0.25	2	0.2	external	acute_main	external_full_3_anchor_weights	NA	NA	NA
GSE119119	GSE119119_design__T=whole_liver__H=4__B=NA__G=GID00096342__VS=TRIM21_KO_uninfected_whole_liver	<upstream_project_root>/00_metadata/verified_metadata/splited/GSE119119_design/GSE119119_design__T=whole_liver__H=4__B=NA__G=GID00096342__VS=TRIM21_KO_uninfected_whole_liver.tsv	TRUE	NA	TRIM21_KO_virus_plus_rh9C12_H433A_whole_liver__vs__TRIM21_KO_uninfected_whole_liver	TRIM21_KO_uninfected_whole_liver	whole liver	4	8	8	4	4	1	0.28924569546256296	10.759070612572868	10.469824917110305	0.3708556008087235	10.801687611791547	10.430832010982822	1	lfc0.25_k2_fdr0.2	0.25	2	0.2	external	acute_main	external_full_3_anchor_weights	NA	NA	NA
GSE119119	GSE119119_design__T=whole_liver__H=4__B=NA__G=TRIM21_KO_virus_only_whole_liver__VS=TRIM21_KO_uninfected_whole_liver	<upstream_project_root>/00_metadata/verified_metadata/splited/GSE119119_design/GSE119119_design__T=whole_liver__H=4__B=NA__G=TRIM21_KO_virus_only_whole_liver__VS=TRIM21_KO_uninfected_whole_liver.tsv	TRUE	NA	TRIM21_KO_virus_only_whole_liver__vs__TRIM21_KO_uninfected_whole_liver	TRIM21_KO_uninfected_whole_liver	whole liver	4	8	8	4	4	1	0.28924569546256296	10.076149201372509	9.786903505909946	0.3708556008087235	10.732826589788619	10.361970988979895	1	lfc0.25_k2_fdr0.2	0.25	2	0.2	external	acute_main	external_full_3_anchor_weights	NA	NA	NA
GSE119119	GSE119119_design__T=whole_liver__H=4__B=NA__G=WT_virus_only_whole_liver__VS=WT_uninfected_whole_liver	<upstream_project_root>/00_metadata/verified_metadata/splited/GSE119119_design/GSE119119_design__T=whole_liver__H=4__B=NA__G=WT_virus_only_whole_liver__VS=WT_uninfected_whole_liver.tsv	TRUE	NA	WT_virus_only_whole_liver__vs__WT_uninfected_whole_liver	WT_uninfected_whole_liver	whole liver	4	8	8	4	4	1	-0.28924569546256296	9.277230490262651	9.566476185725215	-0.2712458684827366	8.8011046236629	9.072350492145636	1	lfc0.25_k2_fdr0.2	0.25	2	0.2	external	acute_main	external_full_3_anchor_weights	NA	NA	NA
GSE119119	GSE119119_design__T=whole_liver__H=4__B=NA__G=WT_virus_plus_rh9C12_WT_whole_liver__VS=WT_uninfected_whole_liver	<upstream_project_root>/00_metadata/verified_metadata/splited/GSE119119_design/GSE119119_design__T=whole_liver__H=4__B=NA__G=WT_virus_plus_rh9C12_WT_whole_liver__VS=WT_uninfected_whole_liver.tsv	TRUE	NA	WT_virus_plus_rh9C12_WT_whole_liver__vs__WT_uninfected_whole_liver	WT_uninfected_whole_liver	whole liver	4	8	8	4	4	1	-0.28924569546256296	18.52522949795222	18.814475193414783	-0.2712458684827366	18.492114212637688	18.763360081120425	1	lfc0.25_k2_fdr0.2	0.25	2	0.2	external	acute_main	external_full_3_anchor_weights	NA	NA	NA
GSE139529	GSE139529_design__T=blood__H=24__B=NA__G=ad.mva__VS=none	<upstream_project_root>/00_metadata/verified_metadata/splited/GSE139529_design/GSE139529_design__T=blood__H=24__B=NA__G=ad.mva__VS=none.tsv	TRUE	NA	ad.mva__vs__none	none	blood	24	12	12	6	6	1	0	19.241956889534915	19.241956889534915	-0.1991625420805373	18.396626009402347	18.595788551482883	1	lfc0.25_k2_fdr0.2	0.25	2	0.2	external	acute_main	external_full_3_anchor_weights	NA	NA	NA
GSE139529	GSE139529_design__T=blood__H=24__B=NA__G=ad_empty__VS=none	<upstream_project_root>/00_metadata/verified_metadata/splited/GSE139529_design/GSE139529_design__T=blood__H=24__B=NA__G=ad_empty__VS=none.tsv	TRUE	NA	ad_empty__vs__none	none	blood	24	12	12	6	6	1	0	19.22817638611648	19.22817638611648	-0.1991625420805373	19.45512542602482	19.654287968105358	1	lfc0.25_k2_fdr0.2	0.25	2	0.2	external	acute_main	external_full_3_anchor_weights	NA	NA	NA
GSE139529	GSE139529_design__T=blood__H=24__B=NA__G=ad_fhbp__VS=none	<upstream_project_root>/00_metadata/verified_metadata/splited/GSE139529_design/GSE139529_design__T=blood__H=24__B=NA__G=ad_fhbp__VS=none.tsv	TRUE	NA	ad_fhbp__vs__none	none	blood	24	12	12	6	6	1	0	24.56620353748774	24.56620353748774	-0.1991625420805373	24.437412455676878	24.636574997757414	1	lfc0.25_k2_fdr0.2	0.25	2	0.2	external	acute_main	external_full_3_anchor_weights	NA	NA	NA
GSE139529	GSE139529_design__T=blood__H=24__B=NA__G=ad_pref__VS=none	<upstream_project_root>/00_metadata/verified_metadata/splited/GSE139529_design/GSE139529_design__T=blood__H=24__B=NA__G=ad_pref__VS=none.tsv	TRUE	NA	ad_pref__vs__none	none	blood	24	12	12	6	6	1	0	1.0431356478359572	1.0431356478359572	-0.1991625420805373	1.3074145366257628	1.5065770787063002	0.611111111111111	lfc0.25_k2_fdr0.2	0.25	2	0.2	external	acute_main	external_full_3_anchor_weights	NA	NA	NA
GSE139529	GSE139529_design__T=blood__H=24__B=NA__G=mva.ad__VS=none	<upstream_project_root>/00_metadata/verified_metadata/splited/GSE139529_design/GSE139529_design__T=blood__H=24__B=NA__G=mva.ad__VS=none.tsv	TRUE	NA	mva.ad__vs__none	none	blood	24	12	12	6	6	1	0	29.626087595284066	29.626087595284066	-0.1991625420805373	29.769070431542325	29.96823297362286	1	lfc0.25_k2_fdr0.2	0.25	2	0.2	external	acute_main	external_full_3_anchor_weights	NA	NA	NA
GSE139529	GSE139529_design__T=blood__H=24__B=NA__G=mva_fhbp__VS=none	<upstream_project_root>/00_metadata/verified_metadata/splited/GSE139529_design/GSE139529_design__T=blood__H=24__B=NA__G=mva_fhbp__VS=none.tsv	TRUE	NA	mva_fhbp__vs__none	none	blood	24	12	12	6	6	1	0	24.728738987480515	24.728738987480515	-0.1991625420805373	24.735273769438145	24.93443631151868	1	lfc0.25_k2_fdr0.2	0.25	2	0.2	external	acute_main	external_full_3_anchor_weights	NA	NA	NA
GSE166655	GSE166655_design__T=Tibialis_anterior__H=672__B=NA__G=delivery_aav9_ar45__VS=delivery_untreated	<upstream_project_root>/00_metadata/verified_metadata/splited/GSE166655_design/GSE166655_design__T=Tibialis_anterior__H=672__B=NA__G=delivery_aav9_ar45__VS=delivery_untreated.tsv	TRUE	NA	delivery_aav9_ar45__vs__delivery_untreated	delivery_untreated	Tibialis anterior	672	6	6	3	3	1	-1.8494682058981897e-17	9.376839671972535	9.376839671972535	-0.2584919333304205	8.676263056458739	8.934754989789159	1	lfc0.25_k2_fdr0.2	0.25	2	0.2	external	extended_transfer	external_full_3_anchor_weights	NA	NA	NA
GSE166655	GSE166655_design__T=Tibialis_anterior__H=672__B=NA__G=delivery_aav9_gfp__VS=delivery_untreated	<upstream_project_root>/00_metadata/verified_metadata/splited/GSE166655_design/GSE166655_design__T=Tibialis_anterior__H=672__B=NA__G=delivery_aav9_gfp__VS=delivery_untreated.tsv	TRUE	NA	delivery_aav9_gfp__vs__delivery_untreated	delivery_untreated	Tibialis anterior	672	6	6	3	3	1	-1.8494682058981897e-17	7.069197408753644	7.069197408753644	-0.2584919333304205	7.446438400310851	7.704930333641271	1	lfc0.25_k2_fdr0.2	0.25	2	0.2	external	extended_transfer	external_full_3_anchor_weights	NA	NA	NA
GSE178313	GSE178313_design__T=Liver__H=48__B=NA__G=mouse_repopulated_lnp__VS=mouse_repopulated_pbs	<upstream_project_root>/00_metadata/verified_metadata/splited/GSE178313_design/GSE178313_design__T=Liver__H=48__B=NA__G=mouse_repopulated_lnp__VS=mouse_repopulated_pbs.tsv	TRUE	NA	mouse_repopulated_lnp__vs__mouse_repopulated_pbs	mouse_repopulated_pbs	Liver	48	8	8	4	4	1	-1.3877787807814457e-17	5.067613364923897	5.067613364923897	-0.4287235881279092	4.005252987635096	4.433976575763005	0.9375	lfc0.25_k2_fdr0.2	0.25	2	0.2	external	extended_transfer	external_full_3_anchor_weights	NA	NA	NA
GSE262515_cell_line	GSE262515_cell_line__T=cell_line__H=72__B=NA__G=delivery_tlnp_sihbv_50nm__VS=baseline_0	<upstream_project_root>/00_metadata/verified_metadata/splited/GSE262515_cell_line_design/GSE262515_cell_line__T=cell_line__H=72__B=NA__G=delivery_tlnp_sihbv_50nm__VS=baseline_0.tsv	TRUE	NA	delivery_tlnp_sihbv_50nm__vs__baseline_0	baseline_0	cell line	72	6	6	3	3	1	-1.849919956803392e-17	2.0509322138005914	2.0509322138005914	0.1256892095481406	1.3261462678145575	1.200457058266417	1	lfc0.25_k2_fdr0.2	0.25	2	0.2	calibration	extended_transfer	external_full_3_anchor_weights	NA	NA	NA
GSE262515_cell_line	GSE262515_cell_line__T=cell_line__H=72__B=NA__G=delivery_tlnp_sinc_50nm__VS=baseline_0	<upstream_project_root>/00_metadata/verified_metadata/splited/GSE262515_cell_line_design/GSE262515_cell_line__T=cell_line__H=72__B=NA__G=delivery_tlnp_sinc_50nm__VS=baseline_0.tsv	TRUE	NA	delivery_tlnp_sinc_50nm__vs__baseline_0	baseline_0	cell line	72	6	6	3	3	1	-1.849919956803392e-17	-4.445519863912095	-4.445519863912095	0.1256892095481406	-5.297986481609265	-5.423675691157406	0	lfc0.25_k2_fdr0.2	0.25	2	0.2	calibration	extended_transfer	external_full_3_anchor_weights	NA	NA	NA
GSE262515_tissue	GSE262515_tissue__T=tissue__H=72__B=NA__G=delivery_tlnp_sihbv_1mg_kg__VS=baseline_0	<upstream_project_root>/00_metadata/verified_metadata/splited/GSE262515_tissue_design/GSE262515_tissue__T=tissue__H=72__B=NA__G=delivery_tlnp_sihbv_1mg_kg__VS=baseline_0.tsv	TRUE	NA	delivery_tlnp_sihbv_1mg_kg__vs__baseline_0	baseline_0	tissue	72	6	6	3	3	1	-3.700743415417188e-17	4.541043753873395	4.541043753873395	-0.1510446380377204	5.046067131292862	5.197111769330582	1	lfc0.25_k2_fdr0.2	0.25	2	0.2	calibration	extended_transfer	external_full_3_anchor_weights	NA	NA	NA
GSE262515_tissue	GSE262515_tissue__T=tissue__H=72__B=NA__G=delivery_tlnp_sihbv_2_5mg_kg__VS=baseline_0	<upstream_project_root>/00_metadata/verified_metadata/splited/GSE262515_tissue_design/GSE262515_tissue__T=tissue__H=72__B=NA__G=delivery_tlnp_sihbv_2_5mg_kg__VS=baseline_0.tsv	TRUE	NA	delivery_tlnp_sihbv_2_5mg_kg__vs__baseline_0	baseline_0	tissue	72	6	6	3	3	1	-3.700743415417188e-17	2.7473304108295284	2.7473304108295284	-0.1510446380377204	3.149926715443861	3.3009713534815814	1	lfc0.25_k2_fdr0.2	0.25	2	0.2	calibration	extended_transfer	external_full_3_anchor_weights	NA	NA	NA
GSE262515_tissue	GSE262515_tissue__T=tissue__H=72__B=NA__G=delivery_tlnp_sinc_1mg_kg__VS=baseline_0	<upstream_project_root>/00_metadata/verified_metadata/splited/GSE262515_tissue_design/GSE262515_tissue__T=tissue__H=72__B=NA__G=delivery_tlnp_sinc_1mg_kg__VS=baseline_0.tsv	TRUE	NA	delivery_tlnp_sinc_1mg_kg__vs__baseline_0	baseline_0	tissue	72	6	6	3	3	1	-3.700743415417188e-17	4.012538332813174	4.012538332813174	-0.1510446380377204	4.109346183897225	4.260390821934945	1	lfc0.25_k2_fdr0.2	0.25	2	0.2	calibration	extended_transfer	external_full_3_anchor_weights	NA	NA	NA
GSE264344	GSE264344_design__T=Blood__H=72__B=NA__G=delivery_ad26__VS=baseline_0	<upstream_project_root>/00_metadata/verified_metadata/splited/GSE264344_design/GSE264344_design__T=Blood__H=72__B=NA__G=delivery_ad26__VS=baseline_0.tsv	TRUE	NA	delivery_ad26__vs__baseline_0	baseline_0	Blood	72	10	10	5	5	1	0.33247375182923566	0.8060093182518373	0.47353556642260164	0.36326104114944924	0.9076982864882773	0.5444372453388281	0.92	lfc0.25_k2_fdr0.2	0.25	2	0.2	external	extended_transfer	external_full_3_anchor_weights	NA	NA	NA
GSE264344	GSE264344_design__T=Blood__H=72__B=NA__G=delivery_ad5__VS=baseline_0	<upstream_project_root>/00_metadata/verified_metadata/splited/GSE264344_design/GSE264344_design__T=Blood__H=72__B=NA__G=delivery_ad5__VS=baseline_0.tsv	TRUE	NA	delivery_ad5__vs__baseline_0	baseline_0	Blood	72	10	10	5	5	1	0.33247375182923566	0.995620984020537	0.6631472321913013	0.36326104114944924	0.947336666699869	0.5840756255504198	1	lfc0.25_k2_fdr0.2	0.25	2	0.2	external	extended_transfer	external_full_3_anchor_weights	NA	NA	NA
GSE264344	GSE264344_design__T=dLN__H=72__B=NA__G=delivery_ad26__VS=baseline_0	<upstream_project_root>/00_metadata/verified_metadata/splited/GSE264344_design/GSE264344_design__T=dLN__H=72__B=NA__G=delivery_ad26__VS=baseline_0.tsv	TRUE	NA	delivery_ad26__vs__baseline_0	baseline_0	dLN	72	10	10	5	5	1	0.9463438767874264	1.3249422772983035	0.3785984005108771	0.9007792165135287	1.3337017526575674	0.43292253614403875	0.88	lfc0.25_k2_fdr0.2	0.25	2	0.2	external	extended_transfer	external_full_3_anchor_weights	NA	NA	NA
GSE264344	GSE264344_design__T=dLN__H=72__B=NA__G=delivery_ad5__VS=baseline_0	<upstream_project_root>/00_metadata/verified_metadata/splited/GSE264344_design/GSE264344_design__T=dLN__H=72__B=NA__G=delivery_ad5__VS=baseline_0.tsv	TRUE	NA	delivery_ad5__vs__baseline_0	baseline_0	dLN	72	10	10	5	5	1	0.9463438767874264	1.4704313117558578	0.5240874349684315	0.9007792165135287	1.4654056843814738	0.5646264678679451	0.96	lfc0.25_k2_fdr0.2	0.25	2	0.2	external	extended_transfer	external_full_3_anchor_weights	NA	NA	NA
GSE264344	GSE264344_design__T=Muscle__H=72__B=NA__G=delivery_ad26__VS=baseline_0	<upstream_project_root>/00_metadata/verified_metadata/splited/GSE264344_design/GSE264344_design__T=Muscle__H=72__B=NA__G=delivery_ad26__VS=baseline_0.tsv	TRUE	NA	delivery_ad26__vs__baseline_0	baseline_0	Muscle	72	10	10	5	5	1	-1.2788176286166621	0.2539760453976952	1.5327936740143573	-1.2719867998018874	0.586475327940464	1.8584621277423514	1	lfc0.25_k2_fdr0.2	0.25	2	0.2	external	extended_transfer	external_full_3_anchor_weights	NA	NA	NA
GSE264344	GSE264344_design__T=Muscle__H=72__B=NA__G=delivery_ad5__VS=baseline_0	<upstream_project_root>/00_metadata/verified_metadata/splited/GSE264344_design/GSE264344_design__T=Muscle__H=72__B=NA__G=delivery_ad5__VS=baseline_0.tsv	TRUE	NA	delivery_ad5__vs__baseline_0	baseline_0	Muscle	72	10	10	5	5	1	-1.2788176286166621	0.5683452666430662	1.8471628952597283	-1.2719867998018874	0.3255422037236681	1.5975290035255556	1	lfc0.25_k2_fdr0.2	0.25	2	0.2	external	extended_transfer	external_full_3_anchor_weights	NA	NA	NA
GSE279372	GSE279372_design__T=draining_lymph_nodes__H=24__B=NA__G=delivery_1000_g_lnps_injected__VS=baseline_0	<upstream_project_root>/00_metadata/verified_metadata/splited/GSE279372_design/GSE279372_design__T=draining_lymph_nodes__H=24__B=NA__G=delivery_1000_g_lnps_injected__VS=baseline_0.tsv	TRUE	NA	delivery_1000_g_lnps_injected__vs__baseline_0	baseline_0	draining lymph nodes	24	8	8	4	4	1	0	43.085140669911596	43.085140669911596	-0.06887631775179359	43.53472720486165	43.60360352261345	1	lfc0.25_k2_fdr0.2	0.25	2	0.2	calibration	acute_main	external_full_3_anchor_weights	NA	NA	NA
GSE279372	GSE279372_design__T=draining_lymph_nodes__H=24__B=NA__G=delivery_250_g_alum_injected__VS=baseline_0	<upstream_project_root>/00_metadata/verified_metadata/splited/GSE279372_design/GSE279372_design__T=draining_lymph_nodes__H=24__B=NA__G=delivery_250_g_alum_injected__VS=baseline_0.tsv	TRUE	NA	delivery_250_g_alum_injected__vs__baseline_0	baseline_0	draining lymph nodes	24	8	8	4	4	1	0	1.7422780287635524	1.7422780287635524	-0.06887631775179359	1.8685122407429184	1.9373885584947121	0.8125	lfc0.25_k2_fdr0.2	0.25	2	0.2	calibration	acute_main	external_full_3_anchor_weights	NA	NA	NA
GSE279372	GSE279372_design__T=draining_lymph_nodes__H=24__B=NA__G=delivery_5_g_gi_1_gii_4_vlp__VS=baseline_0	<upstream_project_root>/00_metadata/verified_metadata/splited/GSE279372_design/GSE279372_design__T=draining_lymph_nodes__H=24__B=NA__G=delivery_5_g_gi_1_gii_4_vlp__VS=baseline_0.tsv	TRUE	NA	delivery_5_g_gi_1_gii_4_vlp__vs__baseline_0	baseline_0	draining lymph nodes	24	8	8	4	4	1	0	5.76775259556127	5.76775259556127	-0.06887631775179359	5.420754943861011	5.4896312616128045	1	lfc0.25_k2_fdr0.2	0.25	2	0.2	calibration	acute_main	external_full_3_anchor_weights	NA	NA	NA
GSE279372	GSE279372_design__T=draining_lymph_nodes__H=24__B=NA__G=GID00110503__VS=baseline_0	<upstream_project_root>/00_metadata/verified_metadata/splited/GSE279372_design/GSE279372_design__T=draining_lymph_nodes__H=24__B=NA__G=GID00110503__VS=baseline_0.tsv	TRUE	NA	delivery_250_g_alum_5_g_gi_1_gii_4_vlp_injected__vs__baseline_0	baseline_0	draining lymph nodes	24	8	8	4	4	1	0	2.9265582281879206	2.9265582281879206	-0.06887631775179359	2.832140818344997	2.9010171360967907	1	lfc0.25_k2_fdr0.2	0.25	2	0.2	calibration	acute_main	external_full_3_anchor_weights	NA	NA	NA
GSE279372	GSE279372_design__T=draining_lymph_nodes__H=24__B=NA__G=GID00110754__VS=baseline_0	<upstream_project_root>/00_metadata/verified_metadata/splited/GSE279372_design/GSE279372_design__T=draining_lymph_nodes__H=24__B=NA__G=GID00110754__VS=baseline_0.tsv	TRUE	NA	delivery_125_g_lnps_5_g_gi_1_gii_4_vlp_injected__vs__baseline_0	baseline_0	draining lymph nodes	24	8	8	4	4	1	0	31.502117917173457	31.502117917173457	-0.06887631775179359	32.85755302237995	32.92642934013175	1	lfc0.25_k2_fdr0.2	0.25	2	0.2	calibration	acute_main	external_full_3_anchor_weights	NA	NA	NA
GSE279372	GSE279372_design__T=draining_lymph_nodes__H=24__B=NA__G=GID00114748__VS=baseline_0	<upstream_project_root>/00_metadata/verified_metadata/splited/GSE279372_design/GSE279372_design__T=draining_lymph_nodes__H=24__B=NA__G=GID00114748__VS=baseline_0.tsv	TRUE	NA	delivery_1000_g_lnps_5_g_gi_1_gii_4_vlp_injected__vs__baseline_0	baseline_0	draining lymph nodes	24	8	8	4	4	1	0	48.68770311606785	48.68770311606785	-0.06887631775179359	49.22799066578119	49.296866983532986	1	lfc0.25_k2_fdr0.2	0.25	2	0.2	calibration	acute_main	external_full_3_anchor_weights	NA	NA	NA
GSE279743	GSE279743_design__T=Lymph_Node__H=6__B=NA__G=delivery_vaccination_with_sm102__VS=baseline_0	<upstream_project_root>/00_metadata/verified_metadata/splited/GSE279743_design/GSE279743_design__T=Lymph_Node__H=6__B=NA__G=delivery_vaccination_with_sm102__VS=baseline_0.tsv	TRUE	NA	delivery_vaccination_with_sm102__vs__baseline_0	baseline_0	Lymph Node	6	6	6	3	3	1	0	19.334184631700253	19.334184631700253	-0.39691196108396753	20.91358211722079	21.31049407830476	1	lfc0.25_k2_fdr0.2	0.25	2	0.2	external	acute_main	external_full_3_anchor_weights	NA	NA	NA
GSE279743	GSE279743_design__T=Lymph_Node__H=6__B=NA__G=delivery_vaccination_with_ssop__VS=baseline_0	<upstream_project_root>/00_metadata/verified_metadata/splited/GSE279743_design/GSE279743_design__T=Lymph_Node__H=6__B=NA__G=delivery_vaccination_with_ssop__VS=baseline_0.tsv	TRUE	NA	delivery_vaccination_with_ssop__vs__baseline_0	baseline_0	Lymph Node	6	6	6	3	3	1	0	3.1098840781006443	3.1098840781006443	-0.39691196108396753	3.2363270867360985	3.633239047820066	1	lfc0.25_k2_fdr0.2	0.25	2	0.2	external	acute_main	external_full_3_anchor_weights	NA	NA	NA
GSE279744	GSE279744_design__T=lymph_node__H=6__B=NA__G=delivery_vaccination_with_sm102__VS=baseline_0	<upstream_project_root>/00_metadata/verified_metadata/splited/GSE279744_design/GSE279744_design__T=lymph_node__H=6__B=NA__G=delivery_vaccination_with_sm102__VS=baseline_0.tsv	TRUE	NA	delivery_vaccination_with_sm102__vs__baseline_0	baseline_0	lymph node	6	6	6	3	3	1	-5.551115123125783e-17	80.75598059988909	80.75598059988909	0.2264959918274832	80.96243746722763	80.73594147540015	1	lfc0.25_k2_fdr0.2	0.25	2	0.2	calibration	acute_main	external_full_3_anchor_weights	NA	NA	NA
GSE279744	GSE279744_design__T=lymph_node__H=6__B=NA__G=delivery_vaccination_with_ssop__VS=baseline_0	<upstream_project_root>/00_metadata/verified_metadata/splited/GSE279744_design/GSE279744_design__T=lymph_node__H=6__B=NA__G=delivery_vaccination_with_ssop__VS=baseline_0.tsv	TRUE	NA	delivery_vaccination_with_ssop__vs__baseline_0	baseline_0	lymph node	6	6	6	3	3	1	-5.551115123125783e-17	16.0650848095502	16.0650848095502	0.2264959918274832	14.736701379932803	14.51020538810532	1	lfc0.25_k2_fdr0.2	0.25	2	0.2	calibration	acute_main	external_full_3_anchor_weights	NA	NA	NA
GSE314070	GSE314070_design__T=small_intestine__H=336__B=NA__G=delivery_am80_lnp__VS=baseline_0	<upstream_project_root>/00_metadata/verified_metadata/splited/GSE314070_design/GSE314070_design__T=small_intestine__H=336__B=NA__G=delivery_am80_lnp__VS=baseline_0.tsv	TRUE	NA	delivery_am80_lnp__vs__baseline_0	baseline_0	small intestine	336	6	6	3	3	1	1.850371707708594e-17	8.074714367684138	8.074714367684138	0.1716622523234142	8.22208666821733	8.050424415893914	0.6666666666666666	lfc0.25_k2_fdr0.2	0.25	2	0.2	external	extended_transfer	external_full_3_anchor_weights	NA	NA	NA
GSE314070	GSE314070_design__T=small_intestine__H=336__B=NA__G=delivery_sm102_lnp__VS=baseline_0	<upstream_project_root>/00_metadata/verified_metadata/splited/GSE314070_design/GSE314070_design__T=small_intestine__H=336__B=NA__G=delivery_sm102_lnp__VS=baseline_0.tsv	TRUE	NA	delivery_sm102_lnp__vs__baseline_0	baseline_0	small intestine	336	6	6	3	3	1	1.850371707708594e-17	0.22940376418255828	0.22940376418255826	0.1716622523234142	-0.7554342966832621	-0.9270965490066763	0.4444444444444444	lfc0.25_k2_fdr0.2	0.25	2	0.2	external	extended_transfer	external_full_3_anchor_weights	NA	NA	NA
GSE264344	GSE264344_design__T=Blood__H=1__B=NA__G=delivery_ad26__VS=baseline_0	<upstream_project_root>/00_metadata/verified_metadata/splited/GSE264344_design/GSE264344_design__T=Blood__H=1__B=NA__G=delivery_ad26__VS=baseline_0.tsv	TRUE	NA	delivery_ad26__vs__baseline_0	baseline_0	Blood	1	10	10	5	5	1	0.4633819284689824	0.579876530595198	0.11649460212621554	0.4909391634096711	0.5773115234318466	0.08637236002217547	0.7200000000000001	lfc0.25_k2_fdr0.2	0.25	2	0.2	anchor	acute_main	loao_2_anchor_weights	GSE264344	GSE39129;GSE167521	1113
GSE264344	GSE264344_design__T=Blood__H=1__B=NA__G=delivery_ad5__VS=baseline_0	<upstream_project_root>/00_metadata/verified_metadata/splited/GSE264344_design/GSE264344_design__T=Blood__H=1__B=NA__G=delivery_ad5__VS=baseline_0.tsv	TRUE	NA	delivery_ad5__vs__baseline_0	baseline_0	Blood	1	10	10	5	5	1	0.4633819284689824	0.6814534079949952	0.2180714795260128	0.4909391634096711	0.68691565742093	0.19597649401125888	0.96	lfc0.25_k2_fdr0.2	0.25	2	0.2	anchor	acute_main	loao_2_anchor_weights	GSE264344	GSE39129;GSE167521	1113
GSE264344	GSE264344_design__T=Blood__H=12__B=NA__G=delivery_ad26__VS=baseline_0	<upstream_project_root>/00_metadata/verified_metadata/splited/GSE264344_design/GSE264344_design__T=Blood__H=12__B=NA__G=delivery_ad26__VS=baseline_0.tsv	TRUE	NA	delivery_ad26__vs__baseline_0	baseline_0	Blood	12	10	10	5	5	1	0.4633819284689824	2.973685446750285	2.5103035182813027	0.4909391634096711	2.897560718919775	2.406621555510104	1	lfc0.25_k2_fdr0.2	0.25	2	0.2	anchor	acute_main	loao_2_anchor_weights	GSE264344	GSE39129;GSE167521	1113
GSE264344	GSE264344_design__T=Blood__H=12__B=NA__G=delivery_ad5__VS=baseline_0	<upstream_project_root>/00_metadata/verified_metadata/splited/GSE264344_design/GSE264344_design__T=Blood__H=12__B=NA__G=delivery_ad5__VS=baseline_0.tsv	TRUE	NA	delivery_ad5__vs__baseline_0	baseline_0	Blood	12	10	10	5	5	1	0.4633819284689824	1.8808322469486853	1.417450318479703	0.4909391634096711	1.9421185367548526	1.4511793733451814	1	lfc0.25_k2_fdr0.2	0.25	2	0.2	anchor	acute_main	loao_2_anchor_weights	GSE264344	GSE39129;GSE167521	1113
GSE264344	GSE264344_design__T=Blood__H=24__B=NA__G=delivery_ad26__VS=baseline_0	<upstream_project_root>/00_metadata/verified_metadata/splited/GSE264344_design/GSE264344_design__T=Blood__H=24__B=NA__G=delivery_ad26__VS=baseline_0.tsv	TRUE	NA	delivery_ad26__vs__baseline_0	baseline_0	Blood	24	10	10	5	5	1	0.4633819284689824	1.9341832557917022	1.4708013273227198	0.4909391634096711	1.9887917360862988	1.4978525726766276	1	lfc0.25_k2_fdr0.2	0.25	2	0.2	anchor	acute_main	loao_2_anchor_weights	GSE264344	GSE39129;GSE167521	1113
GSE264344	GSE264344_design__T=Blood__H=24__B=NA__G=delivery_ad5__VS=baseline_0	<upstream_project_root>/00_metadata/verified_metadata/splited/GSE264344_design/GSE264344_design__T=Blood__H=24__B=NA__G=delivery_ad5__VS=baseline_0.tsv	TRUE	NA	delivery_ad5__vs__baseline_0	baseline_0	Blood	24	10	10	5	5	1	0.4633819284689824	1.1386256950401228	0.6752437665711404	0.4909391634096711	1.0811213513742761	0.590182187964605	1	lfc0.25_k2_fdr0.2	0.25	2	0.2	anchor	acute_main	loao_2_anchor_weights	GSE264344	GSE39129;GSE167521	1113
GSE264344	GSE264344_design__T=Blood__H=3__B=NA__G=delivery_ad26__VS=baseline_0	<upstream_project_root>/00_metadata/verified_metadata/splited/GSE264344_design/GSE264344_design__T=Blood__H=3__B=NA__G=delivery_ad26__VS=baseline_0.tsv	TRUE	NA	delivery_ad26__vs__baseline_0	baseline_0	Blood	3	10	10	5	5	1	0.4633819284689824	2.5157506693306657	2.0523687408616835	0.4909391634096711	2.5714154719245146	2.0804763085148434	1	lfc0.25_k2_fdr0.2	0.25	2	0.2	anchor	acute_main	loao_2_anchor_weights	GSE264344	GSE39129;GSE167521	1113
GSE264344	GSE264344_design__T=Blood__H=3__B=NA__G=delivery_ad5__VS=baseline_0	<upstream_project_root>/00_metadata/verified_metadata/splited/GSE264344_design/GSE264344_design__T=Blood__H=3__B=NA__G=delivery_ad5__VS=baseline_0.tsv	TRUE	NA	delivery_ad5__vs__baseline_0	baseline_0	Blood	3	10	10	5	5	1	0.4633819284689824	1.0850823780793495	0.6217004496103671	0.4909391634096711	1.0826991952953147	0.5917600318856435	1	lfc0.25_k2_fdr0.2	0.25	2	0.2	anchor	acute_main	loao_2_anchor_weights	GSE264344	GSE39129;GSE167521	1113
GSE264344	GSE264344_design__T=Blood__H=6__B=NA__G=delivery_ad26__VS=baseline_0	<upstream_project_root>/00_metadata/verified_metadata/splited/GSE264344_design/GSE264344_design__T=Blood__H=6__B=NA__G=delivery_ad26__VS=baseline_0.tsv	TRUE	NA	delivery_ad26__vs__baseline_0	baseline_0	Blood	6	10	10	5	5	1	0.4633819284689824	2.3933256991575096	1.9299437706885272	0.4909391634096711	2.443878421551373	1.952939258141702	1	lfc0.25_k2_fdr0.2	0.25	2	0.2	anchor	acute_main	loao_2_anchor_weights	GSE264344	GSE39129;GSE167521	1113
GSE264344	GSE264344_design__T=Blood__H=6__B=NA__G=delivery_ad5__VS=baseline_0	<upstream_project_root>/00_metadata/verified_metadata/splited/GSE264344_design/GSE264344_design__T=Blood__H=6__B=NA__G=delivery_ad5__VS=baseline_0.tsv	TRUE	NA	delivery_ad5__vs__baseline_0	baseline_0	Blood	6	10	10	5	5	1	0.4633819284689824	3.142902837077767	2.679520908608785	0.4909391634096711	3.344957982597078	2.8540188191874067	1	lfc0.25_k2_fdr0.2	0.25	2	0.2	anchor	acute_main	loao_2_anchor_weights	GSE264344	GSE39129;GSE167521	1113
GSE264344	GSE264344_design__T=dLN__H=1__B=NA__G=delivery_ad26__VS=baseline_0	<upstream_project_root>/00_metadata/verified_metadata/splited/GSE264344_design/GSE264344_design__T=dLN__H=1__B=NA__G=delivery_ad26__VS=baseline_0.tsv	TRUE	NA	delivery_ad26__vs__baseline_0	baseline_0	dLN	1	10	10	5	5	1	0.8655295070681578	1.1320008611434793	0.2664713540753215	0.7820745670683297	1.0146982957990216	0.23262372873069193	0.8400000000000001	lfc0.25_k2_fdr0.2	0.25	2	0.2	anchor	acute_main	loao_2_anchor_weights	GSE264344	GSE39129;GSE167521	1113
GSE264344	GSE264344_design__T=dLN__H=1__B=NA__G=delivery_ad5__VS=baseline_0	<upstream_project_root>/00_metadata/verified_metadata/splited/GSE264344_design/GSE264344_design__T=dLN__H=1__B=NA__G=delivery_ad5__VS=baseline_0.tsv	TRUE	NA	delivery_ad5__vs__baseline_0	baseline_0	dLN	1	10	10	5	5	1	0.8655295070681578	1.3490656294710903	0.48353612240293253	0.7820745670683297	1.3308298792959565	0.5487553122276269	0.96	lfc0.25_k2_fdr0.2	0.25	2	0.2	anchor	acute_main	loao_2_anchor_weights	GSE264344	GSE39129;GSE167521	1113
GSE264344	GSE264344_design__T=dLN__H=12__B=NA__G=delivery_ad26__VS=baseline_0	<upstream_project_root>/00_metadata/verified_metadata/splited/GSE264344_design/GSE264344_design__T=dLN__H=12__B=NA__G=delivery_ad26__VS=baseline_0.tsv	TRUE	NA	delivery_ad26__vs__baseline_0	baseline_0	dLN	12	10	10	5	5	1	0.8655295070681578	4.068101920811074	3.2025724137429163	0.7820745670683297	4.054512993924872	3.2724384268565423	1	lfc0.25_k2_fdr0.2	0.25	2	0.2	anchor	acute_main	loao_2_anchor_weights	GSE264344	GSE39129;GSE167521	1113
GSE264344	GSE264344_design__T=dLN__H=12__B=NA__G=delivery_ad5__VS=baseline_0	<upstream_project_root>/00_metadata/verified_metadata/splited/GSE264344_design/GSE264344_design__T=dLN__H=12__B=NA__G=delivery_ad5__VS=baseline_0.tsv	TRUE	NA	delivery_ad5__vs__baseline_0	baseline_0	dLN	12	10	10	5	5	1	0.8655295070681578	3.451161171517693	2.585631664449535	0.7820745670683297	3.4555269426057462	2.6734523755374164	1	lfc0.25_k2_fdr0.2	0.25	2	0.2	anchor	acute_main	loao_2_anchor_weights	GSE264344	GSE39129;GSE167521	1113
GSE264344	GSE264344_design__T=dLN__H=24__B=NA__G=delivery_ad26__VS=baseline_0	<upstream_project_root>/00_metadata/verified_metadata/splited/GSE264344_design/GSE264344_design__T=dLN__H=24__B=NA__G=delivery_ad26__VS=baseline_0.tsv	TRUE	NA	delivery_ad26__vs__baseline_0	baseline_0	dLN	24	10	10	5	5	1	0.8655295070681578	2.7088503993795627	1.843320892311405	0.7820745670683297	2.5432541294822872	1.7611795624139575	1	lfc0.25_k2_fdr0.2	0.25	2	0.2	anchor	acute_main	loao_2_anchor_weights	GSE264344	GSE39129;GSE167521	1113
GSE264344	GSE264344_design__T=dLN__H=24__B=NA__G=delivery_ad5__VS=baseline_0	<upstream_project_root>/00_metadata/verified_metadata/splited/GSE264344_design/GSE264344_design__T=dLN__H=24__B=NA__G=delivery_ad5__VS=baseline_0.tsv	TRUE	NA	delivery_ad5__vs__baseline_0	baseline_0	dLN	24	10	10	5	5	1	0.8655295070681578	2.2635646162026504	1.3980351091344927	0.7820745670683297	2.2597832617562337	1.477708694687904	1	lfc0.25_k2_fdr0.2	0.25	2	0.2	anchor	acute_main	loao_2_anchor_weights	GSE264344	GSE39129;GSE167521	1113
GSE264344	GSE264344_design__T=dLN__H=3__B=NA__G=delivery_ad26__VS=baseline_0	<upstream_project_root>/00_metadata/verified_metadata/splited/GSE264344_design/GSE264344_design__T=dLN__H=3__B=NA__G=delivery_ad26__VS=baseline_0.tsv	TRUE	NA	delivery_ad26__vs__baseline_0	baseline_0	dLN	3	10	10	5	5	1	0.8655295070681578	3.4300565390798217	2.564527032011664	0.7820745670683297	3.349295881988193	2.567221314919863	1	lfc0.25_k2_fdr0.2	0.25	2	0.2	anchor	acute_main	loao_2_anchor_weights	GSE264344	GSE39129;GSE167521	1113
GSE264344	GSE264344_design__T=dLN__H=3__B=NA__G=delivery_ad5__VS=baseline_0	<upstream_project_root>/00_metadata/verified_metadata/splited/GSE264344_design/GSE264344_design__T=dLN__H=3__B=NA__G=delivery_ad5__VS=baseline_0.tsv	TRUE	NA	delivery_ad5__vs__baseline_0	baseline_0	dLN	3	10	10	5	5	1	0.8655295070681578	2.439024529507313	1.5734950224391553	0.7820745670683297	2.4755679872458933	1.6934934201775635	1	lfc0.25_k2_fdr0.2	0.25	2	0.2	anchor	acute_main	loao_2_anchor_weights	GSE264344	GSE39129;GSE167521	1113
GSE264344	GSE264344_design__T=dLN__H=6__B=NA__G=delivery_ad26__VS=baseline_0	<upstream_project_root>/00_metadata/verified_metadata/splited/GSE264344_design/GSE264344_design__T=dLN__H=6__B=NA__G=delivery_ad26__VS=baseline_0.tsv	TRUE	NA	delivery_ad26__vs__baseline_0	baseline_0	dLN	6	10	10	5	5	1	0.8655295070681578	4.141190998943099	3.275661491874941	0.7820745670683297	4.147653403967689	3.365578836899359	1	lfc0.25_k2_fdr0.2	0.25	2	0.2	anchor	acute_main	loao_2_anchor_weights	GSE264344	GSE39129;GSE167521	1113
GSE264344	GSE264344_design__T=dLN__H=6__B=NA__G=delivery_ad5__VS=baseline_0	<upstream_project_root>/00_metadata/verified_metadata/splited/GSE264344_design/GSE264344_design__T=dLN__H=6__B=NA__G=delivery_ad5__VS=baseline_0.tsv	TRUE	NA	delivery_ad5__vs__baseline_0	baseline_0	dLN	6	10	10	5	5	1	0.8655295070681578	3.7641621384295294	2.8986326313613717	0.7820745670683297	3.9844593069274077	3.202384739859078	1	lfc0.25_k2_fdr0.2	0.25	2	0.2	anchor	acute_main	loao_2_anchor_weights	GSE264344	GSE39129;GSE167521	1113
GSE264344	GSE264344_design__T=Muscle__H=1__B=NA__G=delivery_ad26__VS=baseline_0	<upstream_project_root>/00_metadata/verified_metadata/splited/GSE264344_design/GSE264344_design__T=Muscle__H=1__B=NA__G=delivery_ad26__VS=baseline_0.tsv	TRUE	NA	delivery_ad26__vs__baseline_0	baseline_0	Muscle	1	10	10	5	5	1	-1.3289114355371403	-0.6531836721737962	0.6757277633633441	-1.2805410809889746	-0.6584145906326734	0.6221264903563012	1	lfc0.25_k2_fdr0.2	0.25	2	0.2	anchor	acute_main	loao_2_anchor_weights	GSE264344	GSE39129;GSE167521	1113
GSE264344	GSE264344_design__T=Muscle__H=1__B=NA__G=delivery_ad5__VS=baseline_0	<upstream_project_root>/00_metadata/verified_metadata/splited/GSE264344_design/GSE264344_design__T=Muscle__H=1__B=NA__G=delivery_ad5__VS=baseline_0.tsv	TRUE	NA	delivery_ad5__vs__baseline_0	baseline_0	Muscle	1	10	10	5	5	1	-1.3289114355371403	-0.650905405840431	0.6780060296967093	-1.2805410809889746	-0.6223688544546283	0.6581722265343463	1	lfc0.25_k2_fdr0.2	0.25	2	0.2	anchor	acute_main	loao_2_anchor_weights	GSE264344	GSE39129;GSE167521	1113
GSE264344	GSE264344_design__T=Muscle__H=12__B=NA__G=delivery_ad26__VS=baseline_0	<upstream_project_root>/00_metadata/verified_metadata/splited/GSE264344_design/GSE264344_design__T=Muscle__H=12__B=NA__G=delivery_ad26__VS=baseline_0.tsv	TRUE	NA	delivery_ad26__vs__baseline_0	baseline_0	Muscle	12	10	10	5	5	1	-1.3289114355371403	1.1680669874496292	2.4969784229867695	-1.2805410809889746	1.265629956430596	2.5461710374195707	1	lfc0.25_k2_fdr0.2	0.25	2	0.2	anchor	acute_main	loao_2_anchor_weights	GSE264344	GSE39129;GSE167521	1113
GSE264344	GSE264344_design__T=Muscle__H=12__B=NA__G=delivery_ad5__VS=baseline_0	<upstream_project_root>/00_metadata/verified_metadata/splited/GSE264344_design/GSE264344_design__T=Muscle__H=12__B=NA__G=delivery_ad5__VS=baseline_0.tsv	TRUE	NA	delivery_ad5__vs__baseline_0	baseline_0	Muscle	12	10	10	5	5	1	-1.3289114355371403	1.4136169795284403	2.7425284150655806	-1.2805410809889746	1.5003051547643882	2.780846235753363	1	lfc0.25_k2_fdr0.2	0.25	2	0.2	anchor	acute_main	loao_2_anchor_weights	GSE264344	GSE39129;GSE167521	1113
GSE264344	GSE264344_design__T=Muscle__H=24__B=NA__G=delivery_ad26__VS=baseline_0	<upstream_project_root>/00_metadata/verified_metadata/splited/GSE264344_design/GSE264344_design__T=Muscle__H=24__B=NA__G=delivery_ad26__VS=baseline_0.tsv	TRUE	NA	delivery_ad26__vs__baseline_0	baseline_0	Muscle	24	10	10	5	5	1	-1.3289114355371403	0.76007164503869	2.0889830805758303	-1.2805410809889746	0.959206206657023	2.2397472876459976	1	lfc0.25_k2_fdr0.2	0.25	2	0.2	anchor	acute_main	loao_2_anchor_weights	GSE264344	GSE39129;GSE167521	1113
GSE264344	GSE264344_design__T=Muscle__H=24__B=NA__G=delivery_ad5__VS=baseline_0	<upstream_project_root>/00_metadata/verified_metadata/splited/GSE264344_design/GSE264344_design__T=Muscle__H=24__B=NA__G=delivery_ad5__VS=baseline_0.tsv	TRUE	NA	delivery_ad5__vs__baseline_0	baseline_0	Muscle	24	10	10	5	5	1	-1.3289114355371403	0.7618141006677501	2.09072553620489	-1.2805410809889746	1.0824339478695824	2.362975028858557	1	lfc0.25_k2_fdr0.2	0.25	2	0.2	anchor	acute_main	loao_2_anchor_weights	GSE264344	GSE39129;GSE167521	1113
GSE264344	GSE264344_design__T=Muscle__H=3__B=NA__G=delivery_ad26__VS=baseline_0	<upstream_project_root>/00_metadata/verified_metadata/splited/GSE264344_design/GSE264344_design__T=Muscle__H=3__B=NA__G=delivery_ad26__VS=baseline_0.tsv	TRUE	NA	delivery_ad26__vs__baseline_0	baseline_0	Muscle	3	10	10	5	5	1	-1.3289114355371403	0.8397210171321375	2.1686324526692777	-1.2805410809889746	1.069056127258361	2.3495972082473355	1	lfc0.25_k2_fdr0.2	0.25	2	0.2	anchor	acute_main	loao_2_anchor_weights	GSE264344	GSE39129;GSE167521	1113
GSE264344	GSE264344_design__T=Muscle__H=3__B=NA__G=delivery_ad5__VS=baseline_0	<upstream_project_root>/00_metadata/verified_metadata/splited/GSE264344_design/GSE264344_design__T=Muscle__H=3__B=NA__G=delivery_ad5__VS=baseline_0.tsv	TRUE	NA	delivery_ad5__vs__baseline_0	baseline_0	Muscle	3	10	10	5	5	1	-1.3289114355371403	0.2723586495744094	1.6012700851115498	-1.2805410809889746	0.44668351226198083	1.7272245932509553	1	lfc0.25_k2_fdr0.2	0.25	2	0.2	anchor	acute_main	loao_2_anchor_weights	GSE264344	GSE39129;GSE167521	1113
GSE264344	GSE264344_design__T=Muscle__H=6__B=NA__G=delivery_ad26__VS=baseline_0	<upstream_project_root>/00_metadata/verified_metadata/splited/GSE264344_design/GSE264344_design__T=Muscle__H=6__B=NA__G=delivery_ad26__VS=baseline_0.tsv	TRUE	NA	delivery_ad26__vs__baseline_0	baseline_0	Muscle	6	10	10	5	5	1	-1.3289114355371403	1.2412067308048043	2.5701181663419446	-1.2805410809889746	0.9872669610188382	2.267808042007813	1	lfc0.25_k2_fdr0.2	0.25	2	0.2	anchor	acute_main	loao_2_anchor_weights	GSE264344	GSE39129;GSE167521	1113
GSE264344	GSE264344_design__T=Muscle__H=6__B=NA__G=delivery_ad5__VS=baseline_0	<upstream_project_root>/00_metadata/verified_metadata/splited/GSE264344_design/GSE264344_design__T=Muscle__H=6__B=NA__G=delivery_ad5__VS=baseline_0.tsv	TRUE	NA	delivery_ad5__vs__baseline_0	baseline_0	Muscle	6	10	10	5	5	1	-1.3289114355371403	1.3659046475329366	2.694816083070077	-1.2805410809889746	1.5788916178680206	2.8594326988569954	1	lfc0.25_k2_fdr0.2	0.25	2	0.2	anchor	acute_main	loao_2_anchor_weights	GSE264344	GSE39129;GSE167521	1113
GSE39129	GSE39129_design__T=liver__H=4__B=NA__G=delivery_lentiviral_vector_lv__VS=delivery_none	<upstream_project_root>/00_metadata/verified_metadata/splited/GSE39129_design/GSE39129_design__T=liver__H=4__B=NA__G=delivery_lentiviral_vector_lv__VS=delivery_none.tsv	TRUE	NA	delivery_lentiviral_vector_lv___vs__delivery_none	delivery_none	liver	4	6	6	3	3	1	-3.700743415417188e-17	59.28483688164171	59.28483688164171	0.4551586794708735	62.54743837734188	62.092279697871	1	lfc0.25_k2_fdr0.2	0.25	2	0.2	anchor	acute_main	loao_2_anchor_weights	GSE39129	GSE264344;GSE167521	1371
GSE167521	GSE167521_design__T=skin__H=24__B=NA__G=delivery_lnp__VS=baseline_0	<upstream_project_root>/00_metadata/verified_metadata/splited/GSE167521_design/GSE167521_design__T=skin__H=24__B=NA__G=delivery_lnp__VS=baseline_0.tsv	TRUE	NA	delivery_lnp__vs__baseline_0	baseline_0	skin	24	8	8	4	4	1	5.898059818321144e-17	10.925975251468476	10.925975251468476	0.08181673001517908	10.782439824724698	10.700623094709519	1	lfc0.25_k2_fdr0.2	0.25	2	0.2	anchor	acute_main	loao_2_anchor_weights	GSE167521	GSE264344;GSE39129	868
GSE119119	GSE119119_design__T=whole_liver__H=4__B=NA__G=GID00069418__VS=WT_uninfected_whole_liver	<upstream_project_root>/00_metadata/verified_metadata/splited/GSE119119_design/GSE119119_design__T=whole_liver__H=4__B=NA__G=GID00069418__VS=WT_uninfected_whole_liver.tsv	TRUE	NA	WT_virus_plus_rh9C12_H433A_whole_liver__vs__WT_uninfected_whole_liver	WT_uninfected_whole_liver	whole liver	4	8	8	4	4	1	-0.251477397076345	11.590940838692665	11.84241823576901	-0.3468683607890837	11.540428635928418	11.887296996717502	1	lfc0.25_k3_fdr0.05	0.25	3	0.05	external	acute_main	external_full_3_anchor_weights	NA	NA	NA
GSE119119	GSE119119_design__T=whole_liver__H=4__B=NA__G=GID00088542__VS=TRIM21_KO_uninfected_whole_liver	<upstream_project_root>/00_metadata/verified_metadata/splited/GSE119119_design/GSE119119_design__T=whole_liver__H=4__B=NA__G=GID00088542__VS=TRIM21_KO_uninfected_whole_liver.tsv	TRUE	NA	TRIM21_KO_virus_plus_rh9C12_WT_whole_liver__vs__TRIM21_KO_uninfected_whole_liver	TRIM21_KO_uninfected_whole_liver	whole liver	4	8	8	4	4	1	0.25147739707634503	11.316102832736046	11.064625435659702	0.49177003487773424	12.172495524962956	11.680725490085223	1	lfc0.25_k3_fdr0.05	0.25	3	0.05	external	acute_main	external_full_3_anchor_weights	NA	NA	NA
GSE119119	GSE119119_design__T=whole_liver__H=4__B=NA__G=GID00096342__VS=TRIM21_KO_uninfected_whole_liver	<upstream_project_root>/00_metadata/verified_metadata/splited/GSE119119_design/GSE119119_design__T=whole_liver__H=4__B=NA__G=GID00096342__VS=TRIM21_KO_uninfected_whole_liver.tsv	TRUE	NA	TRIM21_KO_virus_plus_rh9C12_H433A_whole_liver__vs__TRIM21_KO_uninfected_whole_liver	TRIM21_KO_uninfected_whole_liver	whole liver	4	8	8	4	4	1	0.25147739707634503	10.817884719875366	10.566407322799021	0.49177003487773424	10.856573217089608	10.364803182211874	1	lfc0.25_k3_fdr0.05	0.25	3	0.05	external	acute_main	external_full_3_anchor_weights	NA	NA	NA
GSE119119	GSE119119_design__T=whole_liver__H=4__B=NA__G=TRIM21_KO_virus_only_whole_liver__VS=TRIM21_KO_uninfected_whole_liver	<upstream_project_root>/00_metadata/verified_metadata/splited/GSE119119_design/GSE119119_design__T=whole_liver__H=4__B=NA__G=TRIM21_KO_virus_only_whole_liver__VS=TRIM21_KO_uninfected_whole_liver.tsv	TRUE	NA	TRIM21_KO_virus_only_whole_liver__vs__TRIM21_KO_uninfected_whole_liver	TRIM21_KO_uninfected_whole_liver	whole liver	4	8	8	4	4	1	0.25147739707634503	9.180108301887056	8.928630904810712	0.49177003487773424	9.600191444307502	9.108421409429768	1	lfc0.25_k3_fdr0.05	0.25	3	0.05	external	acute_main	external_full_3_anchor_weights	NA	NA	NA
GSE119119	GSE119119_design__T=whole_liver__H=4__B=NA__G=WT_virus_only_whole_liver__VS=WT_uninfected_whole_liver	<upstream_project_root>/00_metadata/verified_metadata/splited/GSE119119_design/GSE119119_design__T=whole_liver__H=4__B=NA__G=WT_virus_only_whole_liver__VS=WT_uninfected_whole_liver.tsv	TRUE	NA	WT_virus_only_whole_liver__vs__WT_uninfected_whole_liver	WT_uninfected_whole_liver	whole liver	4	8	8	4	4	1	-0.251477397076345	9.506889217830203	9.758366614906548	-0.3468683607890837	9.510765137844157	9.857633498633241	1	lfc0.25_k3_fdr0.05	0.25	3	0.05	external	acute_main	external_full_3_anchor_weights	NA	NA	NA
GSE119119	GSE119119_design__T=whole_liver__H=4__B=NA__G=WT_virus_plus_rh9C12_WT_whole_liver__VS=WT_uninfected_whole_liver	<upstream_project_root>/00_metadata/verified_metadata/splited/GSE119119_design/GSE119119_design__T=whole_liver__H=4__B=NA__G=WT_virus_plus_rh9C12_WT_whole_liver__VS=WT_uninfected_whole_liver.tsv	TRUE	NA	WT_virus_plus_rh9C12_WT_whole_liver__vs__WT_uninfected_whole_liver	WT_uninfected_whole_liver	whole liver	4	8	8	4	4	1	-0.251477397076345	16.16097767669017	16.412455073766516	-0.3468683607890837	16.428376674152986	16.77524503494207	1	lfc0.25_k3_fdr0.05	0.25	3	0.05	external	acute_main	external_full_3_anchor_weights	NA	NA	NA
GSE139529	GSE139529_design__T=blood__H=24__B=NA__G=ad.mva__VS=none	<upstream_project_root>/00_metadata/verified_metadata/splited/GSE139529_design/GSE139529_design__T=blood__H=24__B=NA__G=ad.mva__VS=none.tsv	TRUE	NA	ad.mva__vs__none	none	blood	24	12	12	6	6	1	-2.7755575615628914e-17	13.517087835254667	13.517087835254667	0.12806536195348048	13.094994785267176	12.966929423313696	1	lfc0.25_k3_fdr0.05	0.25	3	0.05	external	acute_main	external_full_3_anchor_weights	NA	NA	NA
GSE139529	GSE139529_design__T=blood__H=24__B=NA__G=ad_empty__VS=none	<upstream_project_root>/00_metadata/verified_metadata/splited/GSE139529_design/GSE139529_design__T=blood__H=24__B=NA__G=ad_empty__VS=none.tsv	TRUE	NA	ad_empty__vs__none	none	blood	24	12	12	6	6	1	-2.7755575615628914e-17	13.913501781888776	13.913501781888776	0.12806536195348048	14.473547233767572	14.345481871814092	1	lfc0.25_k3_fdr0.05	0.25	3	0.05	external	acute_main	external_full_3_anchor_weights	NA	NA	NA
GSE139529	GSE139529_design__T=blood__H=24__B=NA__G=ad_fhbp__VS=none	<upstream_project_root>/00_metadata/verified_metadata/splited/GSE139529_design/GSE139529_design__T=blood__H=24__B=NA__G=ad_fhbp__VS=none.tsv	TRUE	NA	ad_fhbp__vs__none	none	blood	24	12	12	6	6	1	-2.7755575615628914e-17	15.279728818875057	15.279728818875057	0.12806536195348048	15.402081129327701	15.274015767374221	1	lfc0.25_k3_fdr0.05	0.25	3	0.05	external	acute_main	external_full_3_anchor_weights	NA	NA	NA
GSE139529	GSE139529_design__T=blood__H=24__B=NA__G=ad_pref__VS=none	<upstream_project_root>/00_metadata/verified_metadata/splited/GSE139529_design/GSE139529_design__T=blood__H=24__B=NA__G=ad_pref__VS=none.tsv	TRUE	NA	ad_pref__vs__none	none	blood	24	12	12	6	6	1	-2.7755575615628914e-17	1.9830242364889865	1.9830242364889865	0.12806536195348048	1.813040509901283	1.6849751479478026	0.7222222222222222	lfc0.25_k3_fdr0.05	0.25	3	0.05	external	acute_main	external_full_3_anchor_weights	NA	NA	NA
GSE139529	GSE139529_design__T=blood__H=24__B=NA__G=mva.ad__VS=none	<upstream_project_root>/00_metadata/verified_metadata/splited/GSE139529_design/GSE139529_design__T=blood__H=24__B=NA__G=mva.ad__VS=none.tsv	TRUE	NA	mva.ad__vs__none	none	blood	24	12	12	6	6	1	-2.7755575615628914e-17	16.904705397718416	16.904705397718416	0.12806536195348048	16.880273593422114	16.752208231468632	1	lfc0.25_k3_fdr0.05	0.25	3	0.05	external	acute_main	external_full_3_anchor_weights	NA	NA	NA
GSE139529	GSE139529_design__T=blood__H=24__B=NA__G=mva_fhbp__VS=none	<upstream_project_root>/00_metadata/verified_metadata/splited/GSE139529_design/GSE139529_design__T=blood__H=24__B=NA__G=mva_fhbp__VS=none.tsv	TRUE	NA	mva_fhbp__vs__none	none	blood	24	12	12	6	6	1	-2.7755575615628914e-17	15.154465767621954	15.154465767621954	0.12806536195348048	14.941955991283582	14.813890629330102	1	lfc0.25_k3_fdr0.05	0.25	3	0.05	external	acute_main	external_full_3_anchor_weights	NA	NA	NA
GSE166655	GSE166655_design__T=Tibialis_anterior__H=672__B=NA__G=delivery_aav9_ar45__VS=delivery_untreated	<upstream_project_root>/00_metadata/verified_metadata/splited/GSE166655_design/GSE166655_design__T=Tibialis_anterior__H=672__B=NA__G=delivery_aav9_ar45__VS=delivery_untreated.tsv	TRUE	NA	delivery_aav9_ar45__vs__delivery_untreated	delivery_untreated	Tibialis anterior	672	6	6	3	3	1	3.701646917227593e-17	3.7527347092931462	3.7527347092931462	-0.4099772979469082	3.468823970490658	3.878801268437566	1	lfc0.25_k3_fdr0.05	0.25	3	0.05	external	extended_transfer	external_full_3_anchor_weights	NA	NA	NA
GSE166655	GSE166655_design__T=Tibialis_anterior__H=672__B=NA__G=delivery_aav9_gfp__VS=delivery_untreated	<upstream_project_root>/00_metadata/verified_metadata/splited/GSE166655_design/GSE166655_design__T=Tibialis_anterior__H=672__B=NA__G=delivery_aav9_gfp__VS=delivery_untreated.tsv	TRUE	NA	delivery_aav9_gfp__vs__delivery_untreated	delivery_untreated	Tibialis anterior	672	6	6	3	3	1	3.701646917227593e-17	1.4968518079095157	1.4968518079095157	-0.4099772979469082	1.9735134350224113	2.3834907329693196	0.8888888888888888	lfc0.25_k3_fdr0.05	0.25	3	0.05	external	extended_transfer	external_full_3_anchor_weights	NA	NA	NA
GSE178313	GSE178313_design__T=Liver__H=48__B=NA__G=mouse_repopulated_lnp__VS=mouse_repopulated_pbs	<upstream_project_root>/00_metadata/verified_metadata/splited/GSE178313_design/GSE178313_design__T=Liver__H=48__B=NA__G=mouse_repopulated_lnp__VS=mouse_repopulated_pbs.tsv	TRUE	NA	mouse_repopulated_lnp__vs__mouse_repopulated_pbs	mouse_repopulated_pbs	Liver	48	8	8	4	4	1	2.7755575615628914e-17	6.177938826936928	6.177938826936928	-0.45512287428970954	5.087931994206961	5.543054868496671	1	lfc0.25_k3_fdr0.05	0.25	3	0.05	external	extended_transfer	external_full_3_anchor_weights	NA	NA	NA
GSE262515_cell_line	GSE262515_cell_line__T=cell_line__H=72__B=NA__G=delivery_tlnp_sihbv_50nm__VS=baseline_0	<upstream_project_root>/00_metadata/verified_metadata/splited/GSE262515_cell_line_design/GSE262515_cell_line__T=cell_line__H=72__B=NA__G=delivery_tlnp_sihbv_50nm__VS=baseline_0.tsv	TRUE	NA	delivery_tlnp_sihbv_50nm__vs__baseline_0	baseline_0	cell line	72	6	6	3	3	1	0	3.267922191170623	3.267922191170623	-0.5757712491419097	3.914321295067257	4.490092544209166	1	lfc0.25_k3_fdr0.05	0.25	3	0.05	calibration	extended_transfer	external_full_3_anchor_weights	NA	NA	NA
GSE262515_cell_line	GSE262515_cell_line__T=cell_line__H=72__B=NA__G=delivery_tlnp_sinc_50nm__VS=baseline_0	<upstream_project_root>/00_metadata/verified_metadata/splited/GSE262515_cell_line_design/GSE262515_cell_line__T=cell_line__H=72__B=NA__G=delivery_tlnp_sinc_50nm__VS=baseline_0.tsv	TRUE	NA	delivery_tlnp_sinc_50nm__vs__baseline_0	baseline_0	cell line	72	6	6	3	3	1	0	-3.2589935612670757	-3.2589935612670757	-0.5757712491419097	-3.7189257129238276	-3.1431544637819178	0.2222222222222222	lfc0.25_k3_fdr0.05	0.25	3	0.05	calibration	extended_transfer	external_full_3_anchor_weights	NA	NA	NA
GSE262515_tissue	GSE262515_tissue__T=tissue__H=72__B=NA__G=delivery_tlnp_sihbv_1mg_kg__VS=baseline_0	<upstream_project_root>/00_metadata/verified_metadata/splited/GSE262515_tissue_design/GSE262515_tissue__T=tissue__H=72__B=NA__G=delivery_tlnp_sihbv_1mg_kg__VS=baseline_0.tsv	TRUE	NA	delivery_tlnp_sihbv_1mg_kg__vs__baseline_0	baseline_0	tissue	72	6	6	3	3	1	-3.700743415417188e-17	1.432817006813977	1.432817006813977	-0.2804901923186831	1.1273313227240762	1.4078215150427593	0.8888888888888888	lfc0.25_k3_fdr0.05	0.25	3	0.05	calibration	extended_transfer	external_full_3_anchor_weights	NA	NA	NA
GSE262515_tissue	GSE262515_tissue__T=tissue__H=72__B=NA__G=delivery_tlnp_sihbv_2_5mg_kg__VS=baseline_0	<upstream_project_root>/00_metadata/verified_metadata/splited/GSE262515_tissue_design/GSE262515_tissue__T=tissue__H=72__B=NA__G=delivery_tlnp_sihbv_2_5mg_kg__VS=baseline_0.tsv	TRUE	NA	delivery_tlnp_sihbv_2_5mg_kg__vs__baseline_0	baseline_0	tissue	72	6	6	3	3	1	-3.700743415417188e-17	1.0512151973610937	1.0512151973610937	-0.2804901923186831	1.207301418094039	1.487791610412722	0.8888888888888888	lfc0.25_k3_fdr0.05	0.25	3	0.05	calibration	extended_transfer	external_full_3_anchor_weights	NA	NA	NA
GSE262515_tissue	GSE262515_tissue__T=tissue__H=72__B=NA__G=delivery_tlnp_sinc_1mg_kg__VS=baseline_0	<upstream_project_root>/00_metadata/verified_metadata/splited/GSE262515_tissue_design/GSE262515_tissue__T=tissue__H=72__B=NA__G=delivery_tlnp_sinc_1mg_kg__VS=baseline_0.tsv	TRUE	NA	delivery_tlnp_sinc_1mg_kg__vs__baseline_0	baseline_0	tissue	72	6	6	3	3	1	-3.700743415417188e-17	1.2428945995126426	1.2428945995126426	-0.2804901923186831	1.1849089653996514	1.4653991577183345	0.8888888888888888	lfc0.25_k3_fdr0.05	0.25	3	0.05	calibration	extended_transfer	external_full_3_anchor_weights	NA	NA	NA
GSE264344	GSE264344_design__T=Blood__H=72__B=NA__G=delivery_ad26__VS=baseline_0	<upstream_project_root>/00_metadata/verified_metadata/splited/GSE264344_design/GSE264344_design__T=Blood__H=72__B=NA__G=delivery_ad26__VS=baseline_0.tsv	TRUE	NA	delivery_ad26__vs__baseline_0	baseline_0	Blood	72	10	10	5	5	1	0.5081999207044634	0.6311075625291904	0.12290764182472702	0.4447265642468002	0.6281392871702928	0.1834127229234926	0.7200000000000001	lfc0.25_k3_fdr0.05	0.25	3	0.05	external	extended_transfer	external_full_3_anchor_weights	NA	NA	NA
GSE264344	GSE264344_design__T=Blood__H=72__B=NA__G=delivery_ad5__VS=baseline_0	<upstream_project_root>/00_metadata/verified_metadata/splited/GSE264344_design/GSE264344_design__T=Blood__H=72__B=NA__G=delivery_ad5__VS=baseline_0.tsv	TRUE	NA	delivery_ad5__vs__baseline_0	baseline_0	Blood	72	10	10	5	5	1	0.5081999207044634	0.8283868327643896	0.3201869120599262	0.4447265642468002	0.8028907892873157	0.35816422504051554	0.96	lfc0.25_k3_fdr0.05	0.25	3	0.05	external	extended_transfer	external_full_3_anchor_weights	NA	NA	NA
GSE264344	GSE264344_design__T=dLN__H=72__B=NA__G=delivery_ad26__VS=baseline_0	<upstream_project_root>/00_metadata/verified_metadata/splited/GSE264344_design/GSE264344_design__T=dLN__H=72__B=NA__G=delivery_ad26__VS=baseline_0.tsv	TRUE	NA	delivery_ad26__vs__baseline_0	baseline_0	dLN	72	10	10	5	5	1	0.8100730538830307	1.1402135925767785	0.3301405386937477	0.678917978250267	1.097036819885238	0.41811884163497104	0.8	lfc0.25_k3_fdr0.05	0.25	3	0.05	external	extended_transfer	external_full_3_anchor_weights	NA	NA	NA
GSE264344	GSE264344_design__T=dLN__H=72__B=NA__G=delivery_ad5__VS=baseline_0	<upstream_project_root>/00_metadata/verified_metadata/splited/GSE264344_design/GSE264344_design__T=dLN__H=72__B=NA__G=delivery_ad5__VS=baseline_0.tsv	TRUE	NA	delivery_ad5__vs__baseline_0	baseline_0	dLN	72	10	10	5	5	1	0.8100730538830307	1.1945816068276434	0.3845085529446126	0.678917978250267	1.2219132895249818	0.5429953112747148	0.8	lfc0.25_k3_fdr0.05	0.25	3	0.05	external	extended_transfer	external_full_3_anchor_weights	NA	NA	NA
GSE264344	GSE264344_design__T=Muscle__H=72__B=NA__G=delivery_ad26__VS=baseline_0	<upstream_project_root>/00_metadata/verified_metadata/splited/GSE264344_design/GSE264344_design__T=Muscle__H=72__B=NA__G=delivery_ad26__VS=baseline_0.tsv	TRUE	NA	delivery_ad26__vs__baseline_0	baseline_0	Muscle	72	10	10	5	5	1	-1.3182729745874942	-0.2945972780845253	1.023675696502969	-1.2686742206499113	-0.16199092135048068	1.1066832992994307	0.96	lfc0.25_k3_fdr0.05	0.25	3	0.05	external	extended_transfer	external_full_3_anchor_weights	NA	NA	NA
GSE264344	GSE264344_design__T=Muscle__H=72__B=NA__G=delivery_ad5__VS=baseline_0	<upstream_project_root>/00_metadata/verified_metadata/splited/GSE264344_design/GSE264344_design__T=Muscle__H=72__B=NA__G=delivery_ad5__VS=baseline_0.tsv	TRUE	NA	delivery_ad5__vs__baseline_0	baseline_0	Muscle	72	10	10	5	5	1	-1.3182729745874942	0.12152361518763512	1.4397965897751293	-1.2686742206499113	-0.07779094900234128	1.1908832716475701	1	lfc0.25_k3_fdr0.05	0.25	3	0.05	external	extended_transfer	external_full_3_anchor_weights	NA	NA	NA
GSE279372	GSE279372_design__T=draining_lymph_nodes__H=24__B=NA__G=delivery_1000_g_lnps_injected__VS=baseline_0	<upstream_project_root>/00_metadata/verified_metadata/splited/GSE279372_design/GSE279372_design__T=draining_lymph_nodes__H=24__B=NA__G=delivery_1000_g_lnps_injected__VS=baseline_0.tsv	TRUE	NA	delivery_1000_g_lnps_injected__vs__baseline_0	baseline_0	draining lymph nodes	24	8	8	4	4	1	2.7755575615628914e-17	31.52014437598556	31.52014437598556	0.12775500502614284	31.49438819131138	31.366633186285238	1	lfc0.25_k3_fdr0.05	0.25	3	0.05	calibration	acute_main	external_full_3_anchor_weights	NA	NA	NA
GSE279372	GSE279372_design__T=draining_lymph_nodes__H=24__B=NA__G=delivery_250_g_alum_injected__VS=baseline_0	<upstream_project_root>/00_metadata/verified_metadata/splited/GSE279372_design/GSE279372_design__T=draining_lymph_nodes__H=24__B=NA__G=delivery_250_g_alum_injected__VS=baseline_0.tsv	TRUE	NA	delivery_250_g_alum_injected__vs__baseline_0	baseline_0	draining lymph nodes	24	8	8	4	4	1	2.7755575615628914e-17	-0.6121903600885831	-0.6121903600885831	0.12775500502614284	-0.44052190672262714	-0.56827691174877	0.375	lfc0.25_k3_fdr0.05	0.25	3	0.05	calibration	acute_main	external_full_3_anchor_weights	NA	NA	NA
GSE279372	GSE279372_design__T=draining_lymph_nodes__H=24__B=NA__G=delivery_5_g_gi_1_gii_4_vlp__VS=baseline_0	<upstream_project_root>/00_metadata/verified_metadata/splited/GSE279372_design/GSE279372_design__T=draining_lymph_nodes__H=24__B=NA__G=delivery_5_g_gi_1_gii_4_vlp__VS=baseline_0.tsv	TRUE	NA	delivery_5_g_gi_1_gii_4_vlp__vs__baseline_0	baseline_0	draining lymph nodes	24	8	8	4	4	1	2.7755575615628914e-17	2.8142468519835697	2.8142468519835697	0.12775500502614284	2.6403830478307118	2.512628042804569	1	lfc0.25_k3_fdr0.05	0.25	3	0.05	calibration	acute_main	external_full_3_anchor_weights	NA	NA	NA
GSE279372	GSE279372_design__T=draining_lymph_nodes__H=24__B=NA__G=GID00110503__VS=baseline_0	<upstream_project_root>/00_metadata/verified_metadata/splited/GSE279372_design/GSE279372_design__T=draining_lymph_nodes__H=24__B=NA__G=GID00110503__VS=baseline_0.tsv	TRUE	NA	delivery_250_g_alum_5_g_gi_1_gii_4_vlp_injected__vs__baseline_0	baseline_0	draining lymph nodes	24	8	8	4	4	1	2.7755575615628914e-17	0.2795272739116661	0.2795272739116661	0.12775500502614284	0.017011219626686835	-0.11074378539945601	0.5	lfc0.25_k3_fdr0.05	0.25	3	0.05	calibration	acute_main	external_full_3_anchor_weights	NA	NA	NA
GSE279372	GSE279372_design__T=draining_lymph_nodes__H=24__B=NA__G=GID00110754__VS=baseline_0	<upstream_project_root>/00_metadata/verified_metadata/splited/GSE279372_design/GSE279372_design__T=draining_lymph_nodes__H=24__B=NA__G=GID00110754__VS=baseline_0.tsv	TRUE	NA	delivery_125_g_lnps_5_g_gi_1_gii_4_vlp_injected__vs__baseline_0	baseline_0	draining lymph nodes	24	8	8	4	4	1	2.7755575615628914e-17	24.162848240677132	24.162848240677132	0.12775500502614284	25.145192906491516	25.017437901465374	1	lfc0.25_k3_fdr0.05	0.25	3	0.05	calibration	acute_main	external_full_3_anchor_weights	NA	NA	NA
GSE279372	GSE279372_design__T=draining_lymph_nodes__H=24__B=NA__G=GID00114748__VS=baseline_0	<upstream_project_root>/00_metadata/verified_metadata/splited/GSE279372_design/GSE279372_design__T=draining_lymph_nodes__H=24__B=NA__G=GID00114748__VS=baseline_0.tsv	TRUE	NA	delivery_1000_g_lnps_5_g_gi_1_gii_4_vlp_injected__vs__baseline_0	baseline_0	draining lymph nodes	24	8	8	4	4	1	2.7755575615628914e-17	32.73217751897287	32.73217751897287	0.12775500502614284	32.66395576280823	32.53620075778208	1	lfc0.25_k3_fdr0.05	0.25	3	0.05	calibration	acute_main	external_full_3_anchor_weights	NA	NA	NA
GSE279743	GSE279743_design__T=Lymph_Node__H=6__B=NA__G=delivery_vaccination_with_sm102__VS=baseline_0	<upstream_project_root>/00_metadata/verified_metadata/splited/GSE279743_design/GSE279743_design__T=Lymph_Node__H=6__B=NA__G=delivery_vaccination_with_sm102__VS=baseline_0.tsv	TRUE	NA	delivery_vaccination_with_sm102__vs__baseline_0	baseline_0	Lymph Node	6	6	6	3	3	1	-1.850371707708594e-17	14.523349373958009	14.523349373958009	-0.3557734649988476	15.525004823801567	15.880778288800414	1	lfc0.25_k3_fdr0.05	0.25	3	0.05	external	acute_main	external_full_3_anchor_weights	NA	NA	NA
GSE279743	GSE279743_design__T=Lymph_Node__H=6__B=NA__G=delivery_vaccination_with_ssop__VS=baseline_0	<upstream_project_root>/00_metadata/verified_metadata/splited/GSE279743_design/GSE279743_design__T=Lymph_Node__H=6__B=NA__G=delivery_vaccination_with_ssop__VS=baseline_0.tsv	TRUE	NA	delivery_vaccination_with_ssop__vs__baseline_0	baseline_0	Lymph Node	6	6	6	3	3	1	-1.850371707708594e-17	2.1941786965147267	2.1941786965147267	-0.3557734649988476	2.38102761557167	2.7368010805705176	0.8888888888888888	lfc0.25_k3_fdr0.05	0.25	3	0.05	external	acute_main	external_full_3_anchor_weights	NA	NA	NA
GSE279744	GSE279744_design__T=lymph_node__H=6__B=NA__G=delivery_vaccination_with_sm102__VS=baseline_0	<upstream_project_root>/00_metadata/verified_metadata/splited/GSE279744_design/GSE279744_design__T=lymph_node__H=6__B=NA__G=delivery_vaccination_with_sm102__VS=baseline_0.tsv	TRUE	NA	delivery_vaccination_with_sm102__vs__baseline_0	baseline_0	lymph node	6	6	6	3	3	1	3.23815048849004e-17	55.81014824521018	55.81014824521018	0.12219137381455024	55.555473725832734	55.43328235201818	1	lfc0.25_k3_fdr0.05	0.25	3	0.05	calibration	acute_main	external_full_3_anchor_weights	NA	NA	NA
GSE279744	GSE279744_design__T=lymph_node__H=6__B=NA__G=delivery_vaccination_with_ssop__VS=baseline_0	<upstream_project_root>/00_metadata/verified_metadata/splited/GSE279744_design/GSE279744_design__T=lymph_node__H=6__B=NA__G=delivery_vaccination_with_ssop__VS=baseline_0.tsv	TRUE	NA	delivery_vaccination_with_ssop__vs__baseline_0	baseline_0	lymph node	6	6	6	3	3	1	3.23815048849004e-17	12.633688972154044	12.633688972154044	0.12219137381455024	12.809416751766934	12.687225377952384	1	lfc0.25_k3_fdr0.05	0.25	3	0.05	calibration	acute_main	external_full_3_anchor_weights	NA	NA	NA
GSE314070	GSE314070_design__T=small_intestine__H=336__B=NA__G=delivery_am80_lnp__VS=baseline_0	<upstream_project_root>/00_metadata/verified_metadata/splited/GSE314070_design/GSE314070_design__T=small_intestine__H=336__B=NA__G=delivery_am80_lnp__VS=baseline_0.tsv	TRUE	NA	delivery_am80_lnp__vs__baseline_0	baseline_0	small intestine	336	6	6	3	3	1	3.700743415417188e-17	5.1064842557223	5.1064842557223	0.32693715662551925	6.3172938079733525	5.990356651347833	0.6666666666666666	lfc0.25_k3_fdr0.05	0.25	3	0.05	external	extended_transfer	external_full_3_anchor_weights	NA	NA	NA
GSE314070	GSE314070_design__T=small_intestine__H=336__B=NA__G=delivery_sm102_lnp__VS=baseline_0	<upstream_project_root>/00_metadata/verified_metadata/splited/GSE314070_design/GSE314070_design__T=small_intestine__H=336__B=NA__G=delivery_sm102_lnp__VS=baseline_0.tsv	TRUE	NA	delivery_sm102_lnp__vs__baseline_0	baseline_0	small intestine	336	6	6	3	3	1	3.700743415417188e-17	-1.4255858612076389	-1.4255858612076389	0.32693715662551925	-1.8712567295563982	-2.1981938861819175	0.2222222222222222	lfc0.25_k3_fdr0.05	0.25	3	0.05	external	extended_transfer	external_full_3_anchor_weights	NA	NA	NA
GSE264344	GSE264344_design__T=Blood__H=1__B=NA__G=delivery_ad26__VS=baseline_0	<upstream_project_root>/00_metadata/verified_metadata/splited/GSE264344_design/GSE264344_design__T=Blood__H=1__B=NA__G=delivery_ad26__VS=baseline_0.tsv	TRUE	NA	delivery_ad26__vs__baseline_0	baseline_0	Blood	1	10	10	5	5	1	0.511683765308292	0.6266607919774744	0.11497702666918241	0.5259589783962638	0.6369551384609073	0.11099616006464352	0.7200000000000001	lfc0.25_k3_fdr0.05	0.25	3	0.05	anchor	acute_main	loao_2_anchor_weights	GSE264344	GSE39129;GSE167521	750
GSE264344	GSE264344_design__T=Blood__H=1__B=NA__G=delivery_ad5__VS=baseline_0	<upstream_project_root>/00_metadata/verified_metadata/splited/GSE264344_design/GSE264344_design__T=Blood__H=1__B=NA__G=delivery_ad5__VS=baseline_0.tsv	TRUE	NA	delivery_ad5__vs__baseline_0	baseline_0	Blood	1	10	10	5	5	1	0.511683765308292	0.7341551890874126	0.22247142377912066	0.5259589783962638	0.7342184870040054	0.20825950860774156	0.96	lfc0.25_k3_fdr0.05	0.25	3	0.05	anchor	acute_main	loao_2_anchor_weights	GSE264344	GSE39129;GSE167521	750
GSE264344	GSE264344_design__T=Blood__H=12__B=NA__G=delivery_ad26__VS=baseline_0	<upstream_project_root>/00_metadata/verified_metadata/splited/GSE264344_design/GSE264344_design__T=Blood__H=12__B=NA__G=delivery_ad26__VS=baseline_0.tsv	TRUE	NA	delivery_ad26__vs__baseline_0	baseline_0	Blood	12	10	10	5	5	1	0.511683765308292	3.235624957323413	2.723941192015121	0.5259589783962638	3.1436772044366803	2.6177182260404166	1	lfc0.25_k3_fdr0.05	0.25	3	0.05	anchor	acute_main	loao_2_anchor_weights	GSE264344	GSE39129;GSE167521	750
GSE264344	GSE264344_design__T=Blood__H=12__B=NA__G=delivery_ad5__VS=baseline_0	<upstream_project_root>/00_metadata/verified_metadata/splited/GSE264344_design/GSE264344_design__T=Blood__H=12__B=NA__G=delivery_ad5__VS=baseline_0.tsv	TRUE	NA	delivery_ad5__vs__baseline_0	baseline_0	Blood	12	10	10	5	5	1	0.511683765308292	2.0837806863785593	1.5720969210702673	0.5259589783962638	2.155144082116178	1.629185103719914	1	lfc0.25_k3_fdr0.05	0.25	3	0.05	anchor	acute_main	loao_2_anchor_weights	GSE264344	GSE39129;GSE167521	750
GSE264344	GSE264344_design__T=Blood__H=24__B=NA__G=delivery_ad26__VS=baseline_0	<upstream_project_root>/00_metadata/verified_metadata/splited/GSE264344_design/GSE264344_design__T=Blood__H=24__B=NA__G=delivery_ad26__VS=baseline_0.tsv	TRUE	NA	delivery_ad26__vs__baseline_0	baseline_0	Blood	24	10	10	5	5	1	0.511683765308292	2.1250823762088107	1.6133986109005187	0.5259589783962638	2.181130265436366	1.655171287040102	1	lfc0.25_k3_fdr0.05	0.25	3	0.05	anchor	acute_main	loao_2_anchor_weights	GSE264344	GSE39129;GSE167521	750
GSE264344	GSE264344_design__T=Blood__H=24__B=NA__G=delivery_ad5__VS=baseline_0	<upstream_project_root>/00_metadata/verified_metadata/splited/GSE264344_design/GSE264344_design__T=Blood__H=24__B=NA__G=delivery_ad5__VS=baseline_0.tsv	TRUE	NA	delivery_ad5__vs__baseline_0	baseline_0	Blood	24	10	10	5	5	1	0.511683765308292	1.293388421931473	0.7817046566231811	0.5259589783962638	1.2768320083693847	0.7508730299731209	1	lfc0.25_k3_fdr0.05	0.25	3	0.05	anchor	acute_main	loao_2_anchor_weights	GSE264344	GSE39129;GSE167521	750
GSE264344	GSE264344_design__T=Blood__H=3__B=NA__G=delivery_ad26__VS=baseline_0	<upstream_project_root>/00_metadata/verified_metadata/splited/GSE264344_design/GSE264344_design__T=Blood__H=3__B=NA__G=delivery_ad26__VS=baseline_0.tsv	TRUE	NA	delivery_ad26__vs__baseline_0	baseline_0	Blood	3	10	10	5	5	1	0.511683765308292	2.675067758824803	2.163383993516511	0.5259589783962638	2.6903425605943627	2.164383582198099	1	lfc0.25_k3_fdr0.05	0.25	3	0.05	anchor	acute_main	loao_2_anchor_weights	GSE264344	GSE39129;GSE167521	750
GSE264344	GSE264344_design__T=Blood__H=3__B=NA__G=delivery_ad5__VS=baseline_0	<upstream_project_root>/00_metadata/verified_metadata/splited/GSE264344_design/GSE264344_design__T=Blood__H=3__B=NA__G=delivery_ad5__VS=baseline_0.tsv	TRUE	NA	delivery_ad5__vs__baseline_0	baseline_0	Blood	3	10	10	5	5	1	0.511683765308292	1.1624469157811177	0.6507631504728257	0.5259589783962638	1.1462846015659527	0.6203256231696889	1	lfc0.25_k3_fdr0.05	0.25	3	0.05	anchor	acute_main	loao_2_anchor_weights	GSE264344	GSE39129;GSE167521	750
GSE264344	GSE264344_design__T=Blood__H=6__B=NA__G=delivery_ad26__VS=baseline_0	<upstream_project_root>/00_metadata/verified_metadata/splited/GSE264344_design/GSE264344_design__T=Blood__H=6__B=NA__G=delivery_ad26__VS=baseline_0.tsv	TRUE	NA	delivery_ad26__vs__baseline_0	baseline_0	Blood	6	10	10	5	5	1	0.511683765308292	2.5833382251190042	2.0716544598107123	0.5259589783962638	2.62239966856273	2.0964406901664665	1	lfc0.25_k3_fdr0.05	0.25	3	0.05	anchor	acute_main	loao_2_anchor_weights	GSE264344	GSE39129;GSE167521	750
GSE264344	GSE264344_design__T=Blood__H=6__B=NA__G=delivery_ad5__VS=baseline_0	<upstream_project_root>/00_metadata/verified_metadata/splited/GSE264344_design/GSE264344_design__T=Blood__H=6__B=NA__G=delivery_ad5__VS=baseline_0.tsv	TRUE	NA	delivery_ad5__vs__baseline_0	baseline_0	Blood	6	10	10	5	5	1	0.511683765308292	3.3331117372413046	2.8214279719330126	0.5259589783962638	3.518313667955116	2.9923546895588524	1	lfc0.25_k3_fdr0.05	0.25	3	0.05	anchor	acute_main	loao_2_anchor_weights	GSE264344	GSE39129;GSE167521	750
GSE264344	GSE264344_design__T=dLN__H=1__B=NA__G=delivery_ad26__VS=baseline_0	<upstream_project_root>/00_metadata/verified_metadata/splited/GSE264344_design/GSE264344_design__T=dLN__H=1__B=NA__G=delivery_ad26__VS=baseline_0.tsv	TRUE	NA	delivery_ad26__vs__baseline_0	baseline_0	dLN	1	10	10	5	5	1	0.824472772113675	1.1266735327846642	0.3022007606709892	0.7287811390763843	1.0081794197524534	0.2793982806760691	0.8400000000000001	lfc0.25_k3_fdr0.05	0.25	3	0.05	anchor	acute_main	loao_2_anchor_weights	GSE264344	GSE39129;GSE167521	750
GSE264344	GSE264344_design__T=dLN__H=1__B=NA__G=delivery_ad5__VS=baseline_0	<upstream_project_root>/00_metadata/verified_metadata/splited/GSE264344_design/GSE264344_design__T=dLN__H=1__B=NA__G=delivery_ad5__VS=baseline_0.tsv	TRUE	NA	delivery_ad5__vs__baseline_0	baseline_0	dLN	1	10	10	5	5	1	0.824472772113675	1.3531589254982095	0.5286861533845345	0.7287811390763843	1.3301412836265978	0.6013601445502135	0.96	lfc0.25_k3_fdr0.05	0.25	3	0.05	anchor	acute_main	loao_2_anchor_weights	GSE264344	GSE39129;GSE167521	750
GSE264344	GSE264344_design__T=dLN__H=12__B=NA__G=delivery_ad26__VS=baseline_0	<upstream_project_root>/00_metadata/verified_metadata/splited/GSE264344_design/GSE264344_design__T=dLN__H=12__B=NA__G=delivery_ad26__VS=baseline_0.tsv	TRUE	NA	delivery_ad26__vs__baseline_0	baseline_0	dLN	12	10	10	5	5	1	0.824472772113675	4.279242152952872	3.454769380839197	0.7287811390763843	4.279468566612122	3.550687427535738	1	lfc0.25_k3_fdr0.05	0.25	3	0.05	anchor	acute_main	loao_2_anchor_weights	GSE264344	GSE39129;GSE167521	750
GSE264344	GSE264344_design__T=dLN__H=12__B=NA__G=delivery_ad5__VS=baseline_0	<upstream_project_root>/00_metadata/verified_metadata/splited/GSE264344_design/GSE264344_design__T=dLN__H=12__B=NA__G=delivery_ad5__VS=baseline_0.tsv	TRUE	NA	delivery_ad5__vs__baseline_0	baseline_0	dLN	12	10	10	5	5	1	0.824472772113675	3.6308068111257423	2.8063340390120675	0.7287811390763843	3.6232287103791965	2.894447571302812	1	lfc0.25_k3_fdr0.05	0.25	3	0.05	anchor	acute_main	loao_2_anchor_weights	GSE264344	GSE39129;GSE167521	750
GSE264344	GSE264344_design__T=dLN__H=24__B=NA__G=delivery_ad26__VS=baseline_0	<upstream_project_root>/00_metadata/verified_metadata/splited/GSE264344_design/GSE264344_design__T=dLN__H=24__B=NA__G=delivery_ad26__VS=baseline_0.tsv	TRUE	NA	delivery_ad26__vs__baseline_0	baseline_0	dLN	24	10	10	5	5	1	0.824472772113675	2.84922457585886	2.0247518037451853	0.7287811390763843	2.6861294255594075	1.9573482864830232	1	lfc0.25_k3_fdr0.05	0.25	3	0.05	anchor	acute_main	loao_2_anchor_weights	GSE264344	GSE39129;GSE167521	750
GSE264344	GSE264344_design__T=dLN__H=24__B=NA__G=delivery_ad5__VS=baseline_0	<upstream_project_root>/00_metadata/verified_metadata/splited/GSE264344_design/GSE264344_design__T=dLN__H=24__B=NA__G=delivery_ad5__VS=baseline_0.tsv	TRUE	NA	delivery_ad5__vs__baseline_0	baseline_0	dLN	24	10	10	5	5	1	0.824472772113675	2.37113153167984	1.546658759566165	0.7287811390763843	2.3657035702688343	1.63692243119245	1	lfc0.25_k3_fdr0.05	0.25	3	0.05	anchor	acute_main	loao_2_anchor_weights	GSE264344	GSE39129;GSE167521	750
GSE264344	GSE264344_design__T=dLN__H=3__B=NA__G=delivery_ad26__VS=baseline_0	<upstream_project_root>/00_metadata/verified_metadata/splited/GSE264344_design/GSE264344_design__T=dLN__H=3__B=NA__G=delivery_ad26__VS=baseline_0.tsv	TRUE	NA	delivery_ad26__vs__baseline_0	baseline_0	dLN	3	10	10	5	5	1	0.824472772113675	3.58477821517594	2.7603054430622653	0.7287811390763843	3.4978470662145233	2.769065927138139	1	lfc0.25_k3_fdr0.05	0.25	3	0.05	anchor	acute_main	loao_2_anchor_weights	GSE264344	GSE39129;GSE167521	750
GSE264344	GSE264344_design__T=dLN__H=3__B=NA__G=delivery_ad5__VS=baseline_0	<upstream_project_root>/00_metadata/verified_metadata/splited/GSE264344_design/GSE264344_design__T=dLN__H=3__B=NA__G=delivery_ad5__VS=baseline_0.tsv	TRUE	NA	delivery_ad5__vs__baseline_0	baseline_0	dLN	3	10	10	5	5	1	0.824472772113675	2.554873558154158	1.7304007860404833	0.7287811390763843	2.5680060267396723	1.839224887663288	1	lfc0.25_k3_fdr0.05	0.25	3	0.05	anchor	acute_main	loao_2_anchor_weights	GSE264344	GSE39129;GSE167521	750
GSE264344	GSE264344_design__T=dLN__H=6__B=NA__G=delivery_ad26__VS=baseline_0	<upstream_project_root>/00_metadata/verified_metadata/splited/GSE264344_design/GSE264344_design__T=dLN__H=6__B=NA__G=delivery_ad26__VS=baseline_0.tsv	TRUE	NA	delivery_ad26__vs__baseline_0	baseline_0	dLN	6	10	10	5	5	1	0.824472772113675	4.346036118500174	3.521563346386499	0.7287811390763843	4.3705468663761335	3.6417657272997492	1	lfc0.25_k3_fdr0.05	0.25	3	0.05	anchor	acute_main	loao_2_anchor_weights	GSE264344	GSE39129;GSE167521	750
GSE264344	GSE264344_design__T=dLN__H=6__B=NA__G=delivery_ad5__VS=baseline_0	<upstream_project_root>/00_metadata/verified_metadata/splited/GSE264344_design/GSE264344_design__T=dLN__H=6__B=NA__G=delivery_ad5__VS=baseline_0.tsv	TRUE	NA	delivery_ad5__vs__baseline_0	baseline_0	dLN	6	10	10	5	5	1	0.824472772113675	3.9695854391954337	3.145112667081759	0.7287811390763843	4.176591390184502	3.4478102511081175	1	lfc0.25_k3_fdr0.05	0.25	3	0.05	anchor	acute_main	loao_2_anchor_weights	GSE264344	GSE39129;GSE167521	750
GSE264344	GSE264344_design__T=Muscle__H=1__B=NA__G=delivery_ad26__VS=baseline_0	<upstream_project_root>/00_metadata/verified_metadata/splited/GSE264344_design/GSE264344_design__T=Muscle__H=1__B=NA__G=delivery_ad26__VS=baseline_0.tsv	TRUE	NA	delivery_ad26__vs__baseline_0	baseline_0	Muscle	1	10	10	5	5	1	-1.3361565374219668	-0.5744853279844657	0.7616712094375011	-1.3012784606596783	-0.5572104740926535	0.7440679865670249	1	lfc0.25_k3_fdr0.05	0.25	3	0.05	anchor	acute_main	loao_2_anchor_weights	GSE264344	GSE39129;GSE167521	750
GSE264344	GSE264344_design__T=Muscle__H=1__B=NA__G=delivery_ad5__VS=baseline_0	<upstream_project_root>/00_metadata/verified_metadata/splited/GSE264344_design/GSE264344_design__T=Muscle__H=1__B=NA__G=delivery_ad5__VS=baseline_0.tsv	TRUE	NA	delivery_ad5__vs__baseline_0	baseline_0	Muscle	1	10	10	5	5	1	-1.3361565374219668	-0.5876902748909901	0.7484662625309767	-1.3012784606596783	-0.5533072057462232	0.7479712549134552	1	lfc0.25_k3_fdr0.05	0.25	3	0.05	anchor	acute_main	loao_2_anchor_weights	GSE264344	GSE39129;GSE167521	750
GSE264344	GSE264344_design__T=Muscle__H=12__B=NA__G=delivery_ad26__VS=baseline_0	<upstream_project_root>/00_metadata/verified_metadata/splited/GSE264344_design/GSE264344_design__T=Muscle__H=12__B=NA__G=delivery_ad26__VS=baseline_0.tsv	TRUE	NA	delivery_ad26__vs__baseline_0	baseline_0	Muscle	12	10	10	5	5	1	-1.3361565374219668	1.4324610273022955	2.7686175647242623	-1.3012784606596783	1.5238188431246376	2.825097303784316	1	lfc0.25_k3_fdr0.05	0.25	3	0.05	anchor	acute_main	loao_2_anchor_weights	GSE264344	GSE39129;GSE167521	750
GSE264344	GSE264344_design__T=Muscle__H=12__B=NA__G=delivery_ad5__VS=baseline_0	<upstream_project_root>/00_metadata/verified_metadata/splited/GSE264344_design/GSE264344_design__T=Muscle__H=12__B=NA__G=delivery_ad5__VS=baseline_0.tsv	TRUE	NA	delivery_ad5__vs__baseline_0	baseline_0	Muscle	12	10	10	5	5	1	-1.3361565374219668	1.66941524198953	3.005571779411497	-1.3012784606596783	1.7375104862034167	3.038788946863095	1	lfc0.25_k3_fdr0.05	0.25	3	0.05	anchor	acute_main	loao_2_anchor_weights	GSE264344	GSE39129;GSE167521	750
GSE264344	GSE264344_design__T=Muscle__H=24__B=NA__G=delivery_ad26__VS=baseline_0	<upstream_project_root>/00_metadata/verified_metadata/splited/GSE264344_design/GSE264344_design__T=Muscle__H=24__B=NA__G=delivery_ad26__VS=baseline_0.tsv	TRUE	NA	delivery_ad26__vs__baseline_0	baseline_0	Muscle	24	10	10	5	5	1	-1.3361565374219668	0.9583675569675736	2.2945240943895406	-1.3012784606596783	1.1898080558172224	2.4910865164769005	1	lfc0.25_k3_fdr0.05	0.25	3	0.05	anchor	acute_main	loao_2_anchor_weights	GSE264344	GSE39129;GSE167521	750
GSE264344	GSE264344_design__T=Muscle__H=24__B=NA__G=delivery_ad5__VS=baseline_0	<upstream_project_root>/00_metadata/verified_metadata/splited/GSE264344_design/GSE264344_design__T=Muscle__H=24__B=NA__G=delivery_ad5__VS=baseline_0.tsv	TRUE	NA	delivery_ad5__vs__baseline_0	baseline_0	Muscle	24	10	10	5	5	1	-1.3361565374219668	0.9656163940011404	2.3017729314231072	-1.3012784606596783	1.318189596778817	2.619468057438495	1	lfc0.25_k3_fdr0.05	0.25	3	0.05	anchor	acute_main	loao_2_anchor_weights	GSE264344	GSE39129;GSE167521	750
GSE264344	GSE264344_design__T=Muscle__H=3__B=NA__G=delivery_ad26__VS=baseline_0	<upstream_project_root>/00_metadata/verified_metadata/splited/GSE264344_design/GSE264344_design__T=Muscle__H=3__B=NA__G=delivery_ad26__VS=baseline_0.tsv	TRUE	NA	delivery_ad26__vs__baseline_0	baseline_0	Muscle	3	10	10	5	5	1	-1.3361565374219668	1.041206964963777	2.3773635023857436	-1.3012784606596783	1.2707939392439425	2.572072399903621	1	lfc0.25_k3_fdr0.05	0.25	3	0.05	anchor	acute_main	loao_2_anchor_weights	GSE264344	GSE39129;GSE167521	750
GSE264344	GSE264344_design__T=Muscle__H=3__B=NA__G=delivery_ad5__VS=baseline_0	<upstream_project_root>/00_metadata/verified_metadata/splited/GSE264344_design/GSE264344_design__T=Muscle__H=3__B=NA__G=delivery_ad5__VS=baseline_0.tsv	TRUE	NA	delivery_ad5__vs__baseline_0	baseline_0	Muscle	3	10	10	5	5	1	-1.3361565374219668	0.43428296285879414	1.770439500280761	-1.3012784606596783	0.6089179405290808	1.910196401188759	1	lfc0.25_k3_fdr0.05	0.25	3	0.05	anchor	acute_main	loao_2_anchor_weights	GSE264344	GSE39129;GSE167521	750
GSE264344	GSE264344_design__T=Muscle__H=6__B=NA__G=delivery_ad26__VS=baseline_0	<upstream_project_root>/00_metadata/verified_metadata/splited/GSE264344_design/GSE264344_design__T=Muscle__H=6__B=NA__G=delivery_ad26__VS=baseline_0.tsv	TRUE	NA	delivery_ad26__vs__baseline_0	baseline_0	Muscle	6	10	10	5	5	1	-1.3361565374219668	1.494573847931772	2.830730385353739	-1.3012784606596783	1.2037931681579865	2.5050716288176647	1	lfc0.25_k3_fdr0.05	0.25	3	0.05	anchor	acute_main	loao_2_anchor_weights	GSE264344	GSE39129;GSE167521	750
GSE264344	GSE264344_design__T=Muscle__H=6__B=NA__G=delivery_ad5__VS=baseline_0	<upstream_project_root>/00_metadata/verified_metadata/splited/GSE264344_design/GSE264344_design__T=Muscle__H=6__B=NA__G=delivery_ad5__VS=baseline_0.tsv	TRUE	NA	delivery_ad5__vs__baseline_0	baseline_0	Muscle	6	10	10	5	5	1	-1.3361565374219668	1.5817464782214072	2.917903015643374	-1.3012784606596783	1.8111534382956984	3.1124318989553768	1	lfc0.25_k3_fdr0.05	0.25	3	0.05	anchor	acute_main	loao_2_anchor_weights	GSE264344	GSE39129;GSE167521	750
GSE39129	GSE39129_design__T=liver__H=4__B=NA__G=delivery_lentiviral_vector_lv__VS=delivery_none	<upstream_project_root>/00_metadata/verified_metadata/splited/GSE39129_design/GSE39129_design__T=liver__H=4__B=NA__G=delivery_lentiviral_vector_lv__VS=delivery_none.tsv	TRUE	NA	delivery_lentiviral_vector_lv___vs__delivery_none	delivery_none	liver	4	6	6	3	3	1	-5.551115123125783e-17	53.828546546378014	53.828546546378014	0.37135485710246946	56.312673102698994	55.94131824559653	1	lfc0.25_k3_fdr0.05	0.25	3	0.05	anchor	acute_main	loao_2_anchor_weights	GSE39129	GSE264344;GSE167521	965
GSE167521	GSE167521_design__T=skin__H=24__B=NA__G=delivery_lnp__VS=baseline_0	<upstream_project_root>/00_metadata/verified_metadata/splited/GSE167521_design/GSE167521_design__T=skin__H=24__B=NA__G=delivery_lnp__VS=baseline_0.tsv	TRUE	NA	delivery_lnp__vs__baseline_0	baseline_0	skin	24	8	8	4	4	1	-6.938893903907228e-18	10.28425541530595	10.28425541530595	0.03452495779231933	10.082690970741421	10.048166012949101	1	lfc0.25_k3_fdr0.05	0.25	3	0.05	anchor	acute_main	loao_2_anchor_weights	GSE167521	GSE264344;GSE39129	631
GSE119119	GSE119119_design__T=whole_liver__H=4__B=NA__G=GID00069418__VS=WT_uninfected_whole_liver	<upstream_project_root>/00_metadata/verified_metadata/splited/GSE119119_design/GSE119119_design__T=whole_liver__H=4__B=NA__G=GID00069418__VS=WT_uninfected_whole_liver.tsv	TRUE	NA	WT_virus_plus_rh9C12_H433A_whole_liver__vs__WT_uninfected_whole_liver	WT_uninfected_whole_liver	whole liver	4	8	8	4	4	1	-0.2762131909277322	11.535703498713042	11.811916689640775	-0.37516325098342107	11.52453819340727	11.899701444390692	1	lfc0.25_k3_fdr0.1	0.25	3	0.1	external	acute_main	external_full_3_anchor_weights	NA	NA	NA
GSE119119	GSE119119_design__T=whole_liver__H=4__B=NA__G=GID00088542__VS=TRIM21_KO_uninfected_whole_liver	<upstream_project_root>/00_metadata/verified_metadata/splited/GSE119119_design/GSE119119_design__T=whole_liver__H=4__B=NA__G=GID00088542__VS=TRIM21_KO_uninfected_whole_liver.tsv	TRUE	NA	TRIM21_KO_virus_plus_rh9C12_WT_whole_liver__vs__TRIM21_KO_uninfected_whole_liver	TRIM21_KO_uninfected_whole_liver	whole liver	4	8	8	4	4	1	0.2762131909277322	11.37208748337596	11.095874292448228	0.5141503149533357	12.267679287304846	11.75352897235151	1	lfc0.25_k3_fdr0.1	0.25	3	0.1	external	acute_main	external_full_3_anchor_weights	NA	NA	NA
GSE119119	GSE119119_design__T=whole_liver__H=4__B=NA__G=GID00096342__VS=TRIM21_KO_uninfected_whole_liver	<upstream_project_root>/00_metadata/verified_metadata/splited/GSE119119_design/GSE119119_design__T=whole_liver__H=4__B=NA__G=GID00096342__VS=TRIM21_KO_uninfected_whole_liver.tsv	TRUE	NA	TRIM21_KO_virus_plus_rh9C12_H433A_whole_liver__vs__TRIM21_KO_uninfected_whole_liver	TRIM21_KO_uninfected_whole_liver	whole liver	4	8	8	4	4	1	0.2762131909277322	10.852102423488507	10.575889232560774	0.5141503149533357	11.077145758900304	10.562995443946969	1	lfc0.25_k3_fdr0.1	0.25	3	0.1	external	acute_main	external_full_3_anchor_weights	NA	NA	NA
GSE119119	GSE119119_design__T=whole_liver__H=4__B=NA__G=TRIM21_KO_virus_only_whole_liver__VS=TRIM21_KO_uninfected_whole_liver	<upstream_project_root>/00_metadata/verified_metadata/splited/GSE119119_design/GSE119119_design__T=whole_liver__H=4__B=NA__G=TRIM21_KO_virus_only_whole_liver__VS=TRIM21_KO_uninfected_whole_liver.tsv	TRUE	NA	TRIM21_KO_virus_only_whole_liver__vs__TRIM21_KO_uninfected_whole_liver	TRIM21_KO_uninfected_whole_liver	whole liver	4	8	8	4	4	1	0.2762131909277322	9.322930031545113	9.04671684061738	0.5141503149533357	9.961235495046154	9.447085180092818	1	lfc0.25_k3_fdr0.1	0.25	3	0.1	external	acute_main	external_full_3_anchor_weights	NA	NA	NA
GSE119119	GSE119119_design__T=whole_liver__H=4__B=NA__G=WT_virus_only_whole_liver__VS=WT_uninfected_whole_liver	<upstream_project_root>/00_metadata/verified_metadata/splited/GSE119119_design/GSE119119_design__T=whole_liver__H=4__B=NA__G=WT_virus_only_whole_liver__VS=WT_uninfected_whole_liver.tsv	TRUE	NA	WT_virus_only_whole_liver__vs__WT_uninfected_whole_liver	WT_uninfected_whole_liver	whole liver	4	8	8	4	4	1	-0.2762131909277322	9.410438757628231	9.686651948555964	-0.37516325098342107	9.3829317307326	9.758094981716022	1	lfc0.25_k3_fdr0.1	0.25	3	0.1	external	acute_main	external_full_3_anchor_weights	NA	NA	NA
GSE119119	GSE119119_design__T=whole_liver__H=4__B=NA__G=WT_virus_plus_rh9C12_WT_whole_liver__VS=WT_uninfected_whole_liver	<upstream_project_root>/00_metadata/verified_metadata/splited/GSE119119_design/GSE119119_design__T=whole_liver__H=4__B=NA__G=WT_virus_plus_rh9C12_WT_whole_liver__VS=WT_uninfected_whole_liver.tsv	TRUE	NA	WT_virus_plus_rh9C12_WT_whole_liver__vs__WT_uninfected_whole_liver	WT_uninfected_whole_liver	whole liver	4	8	8	4	4	1	-0.2762131909277322	16.653076358031353	16.929289548959083	-0.37516325098342107	16.81305945438335	17.18822270536677	1	lfc0.25_k3_fdr0.1	0.25	3	0.1	external	acute_main	external_full_3_anchor_weights	NA	NA	NA
GSE139529	GSE139529_design__T=blood__H=24__B=NA__G=ad.mva__VS=none	<upstream_project_root>/00_metadata/verified_metadata/splited/GSE139529_design/GSE139529_design__T=blood__H=24__B=NA__G=ad.mva__VS=none.tsv	TRUE	NA	ad.mva__vs__none	none	blood	24	12	12	6	6	1	-3.7030021699432e-17	14.360306301865355	14.360306301865355	0.1261767007919102	14.020021973460764	13.893845272668853	1	lfc0.25_k3_fdr0.1	0.25	3	0.1	external	acute_main	external_full_3_anchor_weights	NA	NA	NA
GSE139529	GSE139529_design__T=blood__H=24__B=NA__G=ad_empty__VS=none	<upstream_project_root>/00_metadata/verified_metadata/splited/GSE139529_design/GSE139529_design__T=blood__H=24__B=NA__G=ad_empty__VS=none.tsv	TRUE	NA	ad_empty__vs__none	none	blood	24	12	12	6	6	1	-3.7030021699432e-17	14.54161675401221	14.54161675401221	0.1261767007919102	15.173113997566436	15.046937296774525	1	lfc0.25_k3_fdr0.1	0.25	3	0.1	external	acute_main	external_full_3_anchor_weights	NA	NA	NA
GSE139529	GSE139529_design__T=blood__H=24__B=NA__G=ad_fhbp__VS=none	<upstream_project_root>/00_metadata/verified_metadata/splited/GSE139529_design/GSE139529_design__T=blood__H=24__B=NA__G=ad_fhbp__VS=none.tsv	TRUE	NA	ad_fhbp__vs__none	none	blood	24	12	12	6	6	1	-3.7030021699432e-17	16.150860668685432	16.150860668685432	0.1261767007919102	16.308198195552535	16.182021494760626	1	lfc0.25_k3_fdr0.1	0.25	3	0.1	external	acute_main	external_full_3_anchor_weights	NA	NA	NA
GSE139529	GSE139529_design__T=blood__H=24__B=NA__G=ad_pref__VS=none	<upstream_project_root>/00_metadata/verified_metadata/splited/GSE139529_design/GSE139529_design__T=blood__H=24__B=NA__G=ad_pref__VS=none.tsv	TRUE	NA	ad_pref__vs__none	none	blood	24	12	12	6	6	1	-3.7030021699432e-17	2.00598152593377	2.00598152593377	0.1261767007919102	1.7302567170024532	1.604080016210543	0.6944444444444444	lfc0.25_k3_fdr0.1	0.25	3	0.1	external	acute_main	external_full_3_anchor_weights	NA	NA	NA
GSE139529	GSE139529_design__T=blood__H=24__B=NA__G=mva.ad__VS=none	<upstream_project_root>/00_metadata/verified_metadata/splited/GSE139529_design/GSE139529_design__T=blood__H=24__B=NA__G=mva.ad__VS=none.tsv	TRUE	NA	mva.ad__vs__none	none	blood	24	12	12	6	6	1	-3.7030021699432e-17	17.94082311906336	17.94082311906336	0.1261767007919102	17.869357060743543	17.743180359951634	1	lfc0.25_k3_fdr0.1	0.25	3	0.1	external	acute_main	external_full_3_anchor_weights	NA	NA	NA
GSE139529	GSE139529_design__T=blood__H=24__B=NA__G=mva_fhbp__VS=none	<upstream_project_root>/00_metadata/verified_metadata/splited/GSE139529_design/GSE139529_design__T=blood__H=24__B=NA__G=mva_fhbp__VS=none.tsv	TRUE	NA	mva_fhbp__vs__none	none	blood	24	12	12	6	6	1	-3.7030021699432e-17	16.150730007938336	16.150730007938336	0.1261767007919102	15.960540533417987	15.834363832626076	1	lfc0.25_k3_fdr0.1	0.25	3	0.1	external	acute_main	external_full_3_anchor_weights	NA	NA	NA
GSE166655	GSE166655_design__T=Tibialis_anterior__H=672__B=NA__G=delivery_aav9_ar45__VS=delivery_untreated	<upstream_project_root>/00_metadata/verified_metadata/splited/GSE166655_design/GSE166655_design__T=Tibialis_anterior__H=672__B=NA__G=delivery_aav9_ar45__VS=delivery_untreated.tsv	TRUE	NA	delivery_aav9_ar45__vs__delivery_untreated	delivery_untreated	Tibialis anterior	672	6	6	3	3	1	-5.551115123125783e-17	3.4674002663725076	3.4674002663725076	-0.3809619761488346	3.2852013588809585	3.6661633350297933	1	lfc0.25_k3_fdr0.1	0.25	3	0.1	external	extended_transfer	external_full_3_anchor_weights	NA	NA	NA
GSE166655	GSE166655_design__T=Tibialis_anterior__H=672__B=NA__G=delivery_aav9_gfp__VS=delivery_untreated	<upstream_project_root>/00_metadata/verified_metadata/splited/GSE166655_design/GSE166655_design__T=Tibialis_anterior__H=672__B=NA__G=delivery_aav9_gfp__VS=delivery_untreated.tsv	TRUE	NA	delivery_aav9_gfp__vs__delivery_untreated	delivery_untreated	Tibialis anterior	672	6	6	3	3	1	-5.551115123125783e-17	1.1902791641600432	1.1902791641600432	-0.3809619761488346	1.6313834967163414	2.012345472865176	0.8888888888888888	lfc0.25_k3_fdr0.1	0.25	3	0.1	external	extended_transfer	external_full_3_anchor_weights	NA	NA	NA
GSE178313	GSE178313_design__T=Liver__H=48__B=NA__G=mouse_repopulated_lnp__VS=mouse_repopulated_pbs	<upstream_project_root>/00_metadata/verified_metadata/splited/GSE178313_design/GSE178313_design__T=Liver__H=48__B=NA__G=mouse_repopulated_lnp__VS=mouse_repopulated_pbs.tsv	TRUE	NA	mouse_repopulated_lnp__vs__mouse_repopulated_pbs	mouse_repopulated_pbs	Liver	48	8	8	4	4	1	0	5.928893015779754	5.928893015779754	-0.4421191371093065	4.972711187875053	5.41483032498436	1	lfc0.25_k3_fdr0.1	0.25	3	0.1	external	extended_transfer	external_full_3_anchor_weights	NA	NA	NA
GSE262515_cell_line	GSE262515_cell_line__T=cell_line__H=72__B=NA__G=delivery_tlnp_sihbv_50nm__VS=baseline_0	<upstream_project_root>/00_metadata/verified_metadata/splited/GSE262515_cell_line_design/GSE262515_cell_line__T=cell_line__H=72__B=NA__G=delivery_tlnp_sihbv_50nm__VS=baseline_0.tsv	TRUE	NA	delivery_tlnp_sihbv_50nm__vs__baseline_0	baseline_0	cell line	72	6	6	3	3	1	-5.551115123125783e-17	3.015654882074592	3.015654882074592	-0.3095645222585452	3.2131295408925022	3.5226940631510475	1	lfc0.25_k3_fdr0.1	0.25	3	0.1	calibration	extended_transfer	external_full_3_anchor_weights	NA	NA	NA
GSE262515_cell_line	GSE262515_cell_line__T=cell_line__H=72__B=NA__G=delivery_tlnp_sinc_50nm__VS=baseline_0	<upstream_project_root>/00_metadata/verified_metadata/splited/GSE262515_cell_line_design/GSE262515_cell_line__T=cell_line__H=72__B=NA__G=delivery_tlnp_sinc_50nm__VS=baseline_0.tsv	TRUE	NA	delivery_tlnp_sinc_50nm__vs__baseline_0	baseline_0	cell line	72	6	6	3	3	1	-5.551115123125783e-17	-3.3314120155646565	-3.3314120155646565	-0.3095645222585452	-3.89874789127537	-3.589183369016825	0.2222222222222222	lfc0.25_k3_fdr0.1	0.25	3	0.1	calibration	extended_transfer	external_full_3_anchor_weights	NA	NA	NA
GSE262515_tissue	GSE262515_tissue__T=tissue__H=72__B=NA__G=delivery_tlnp_sihbv_1mg_kg__VS=baseline_0	<upstream_project_root>/00_metadata/verified_metadata/splited/GSE262515_tissue_design/GSE262515_tissue__T=tissue__H=72__B=NA__G=delivery_tlnp_sihbv_1mg_kg__VS=baseline_0.tsv	TRUE	NA	delivery_tlnp_sihbv_1mg_kg__vs__baseline_0	baseline_0	tissue	72	6	6	3	3	1	0	1.4290250400674507	1.4290250400674507	-0.26382195846004275	1.1900197347192825	1.4538416931793252	0.8888888888888888	lfc0.25_k3_fdr0.1	0.25	3	0.1	calibration	extended_transfer	external_full_3_anchor_weights	NA	NA	NA
GSE262515_tissue	GSE262515_tissue__T=tissue__H=72__B=NA__G=delivery_tlnp_sihbv_2_5mg_kg__VS=baseline_0	<upstream_project_root>/00_metadata/verified_metadata/splited/GSE262515_tissue_design/GSE262515_tissue__T=tissue__H=72__B=NA__G=delivery_tlnp_sihbv_2_5mg_kg__VS=baseline_0.tsv	TRUE	NA	delivery_tlnp_sihbv_2_5mg_kg__vs__baseline_0	baseline_0	tissue	72	6	6	3	3	1	0	1.0382422330655774	1.0382422330655774	-0.26382195846004275	1.2239602606192663	1.487782219079309	0.8888888888888888	lfc0.25_k3_fdr0.1	0.25	3	0.1	calibration	extended_transfer	external_full_3_anchor_weights	NA	NA	NA
GSE262515_tissue	GSE262515_tissue__T=tissue__H=72__B=NA__G=delivery_tlnp_sinc_1mg_kg__VS=baseline_0	<upstream_project_root>/00_metadata/verified_metadata/splited/GSE262515_tissue_design/GSE262515_tissue__T=tissue__H=72__B=NA__G=delivery_tlnp_sinc_1mg_kg__VS=baseline_0.tsv	TRUE	NA	delivery_tlnp_sinc_1mg_kg__vs__baseline_0	baseline_0	tissue	72	6	6	3	3	1	0	1.2566552628650283	1.2566552628650283	-0.26382195846004275	1.1969931512221217	1.4608151096821644	1	lfc0.25_k3_fdr0.1	0.25	3	0.1	calibration	extended_transfer	external_full_3_anchor_weights	NA	NA	NA
GSE264344	GSE264344_design__T=Blood__H=72__B=NA__G=delivery_ad26__VS=baseline_0	<upstream_project_root>/00_metadata/verified_metadata/splited/GSE264344_design/GSE264344_design__T=Blood__H=72__B=NA__G=delivery_ad26__VS=baseline_0.tsv	TRUE	NA	delivery_ad26__vs__baseline_0	baseline_0	Blood	72	10	10	5	5	1	0.4879304470684598	0.619811426867455	0.13188097979899527	0.46231508745202166	0.6020899914621847	0.13977490401016301	0.76	lfc0.25_k3_fdr0.1	0.25	3	0.1	external	extended_transfer	external_full_3_anchor_weights	NA	NA	NA
GSE264344	GSE264344_design__T=Blood__H=72__B=NA__G=delivery_ad5__VS=baseline_0	<upstream_project_root>/00_metadata/verified_metadata/splited/GSE264344_design/GSE264344_design__T=Blood__H=72__B=NA__G=delivery_ad5__VS=baseline_0.tsv	TRUE	NA	delivery_ad5__vs__baseline_0	baseline_0	Blood	72	10	10	5	5	1	0.4879304470684598	0.8225006137998601	0.3345701667314003	0.46231508745202166	0.8001488773834151	0.33783378993139346	0.96	lfc0.25_k3_fdr0.1	0.25	3	0.1	external	extended_transfer	external_full_3_anchor_weights	NA	NA	NA
GSE264344	GSE264344_design__T=dLN__H=72__B=NA__G=delivery_ad26__VS=baseline_0	<upstream_project_root>/00_metadata/verified_metadata/splited/GSE264344_design/GSE264344_design__T=dLN__H=72__B=NA__G=delivery_ad26__VS=baseline_0.tsv	TRUE	NA	delivery_ad26__vs__baseline_0	baseline_0	dLN	72	10	10	5	5	1	0.8264864783382151	1.1340781125965622	0.3075916342583471	0.7005434904133422	1.1073351523608779	0.4067916619475357	0.8	lfc0.25_k3_fdr0.1	0.25	3	0.1	external	extended_transfer	external_full_3_anchor_weights	NA	NA	NA
GSE264344	GSE264344_design__T=dLN__H=72__B=NA__G=delivery_ad5__VS=baseline_0	<upstream_project_root>/00_metadata/verified_metadata/splited/GSE264344_design/GSE264344_design__T=dLN__H=72__B=NA__G=delivery_ad5__VS=baseline_0.tsv	TRUE	NA	delivery_ad5__vs__baseline_0	baseline_0	dLN	72	10	10	5	5	1	0.8264864783382151	1.1999560714529014	0.3734695931146863	0.7005434904133422	1.227819601646054	0.5272761112327119	0.8	lfc0.25_k3_fdr0.1	0.25	3	0.1	external	extended_transfer	external_full_3_anchor_weights	NA	NA	NA
GSE264344	GSE264344_design__T=Muscle__H=72__B=NA__G=delivery_ad26__VS=baseline_0	<upstream_project_root>/00_metadata/verified_metadata/splited/GSE264344_design/GSE264344_design__T=Muscle__H=72__B=NA__G=delivery_ad26__VS=baseline_0.tsv	TRUE	NA	delivery_ad26__vs__baseline_0	baseline_0	Muscle	72	10	10	5	5	1	-1.3144169254066747	-0.28849939051421647	1.025917534892458	-1.244887131785932	-0.12676053999419007	1.118126591791742	0.96	lfc0.25_k3_fdr0.1	0.25	3	0.1	external	extended_transfer	external_full_3_anchor_weights	NA	NA	NA
GSE264344	GSE264344_design__T=Muscle__H=72__B=NA__G=delivery_ad5__VS=baseline_0	<upstream_project_root>/00_metadata/verified_metadata/splited/GSE264344_design/GSE264344_design__T=Muscle__H=72__B=NA__G=delivery_ad5__VS=baseline_0.tsv	TRUE	NA	delivery_ad5__vs__baseline_0	baseline_0	Muscle	72	10	10	5	5	1	-1.3144169254066747	0.13165753727842697	1.4460744626851016	-1.244887131785932	-0.09871610602069936	1.1461710257652327	1	lfc0.25_k3_fdr0.1	0.25	3	0.1	external	extended_transfer	external_full_3_anchor_weights	NA	NA	NA
GSE279372	GSE279372_design__T=draining_lymph_nodes__H=24__B=NA__G=delivery_1000_g_lnps_injected__VS=baseline_0	<upstream_project_root>/00_metadata/verified_metadata/splited/GSE279372_design/GSE279372_design__T=draining_lymph_nodes__H=24__B=NA__G=delivery_1000_g_lnps_injected__VS=baseline_0.tsv	TRUE	NA	delivery_1000_g_lnps_injected__vs__baseline_0	baseline_0	draining lymph nodes	24	8	8	4	4	1	0	32.24138501285195	32.24138501285195	0.13234216303634705	32.280073479498334	32.147731316461986	1	lfc0.25_k3_fdr0.1	0.25	3	0.1	calibration	acute_main	external_full_3_anchor_weights	NA	NA	NA
GSE279372	GSE279372_design__T=draining_lymph_nodes__H=24__B=NA__G=delivery_250_g_alum_injected__VS=baseline_0	<upstream_project_root>/00_metadata/verified_metadata/splited/GSE279372_design/GSE279372_design__T=draining_lymph_nodes__H=24__B=NA__G=delivery_250_g_alum_injected__VS=baseline_0.tsv	TRUE	NA	delivery_250_g_alum_injected__vs__baseline_0	baseline_0	draining lymph nodes	24	8	8	4	4	1	0	-0.6575742233962334	-0.6575742233962334	0.13234216303634705	-0.48369042261104933	-0.6160325856473964	0.3125	lfc0.25_k3_fdr0.1	0.25	3	0.1	calibration	acute_main	external_full_3_anchor_weights	NA	NA	NA
GSE279372	GSE279372_design__T=draining_lymph_nodes__H=24__B=NA__G=delivery_5_g_gi_1_gii_4_vlp__VS=baseline_0	<upstream_project_root>/00_metadata/verified_metadata/splited/GSE279372_design/GSE279372_design__T=draining_lymph_nodes__H=24__B=NA__G=delivery_5_g_gi_1_gii_4_vlp__VS=baseline_0.tsv	TRUE	NA	delivery_5_g_gi_1_gii_4_vlp__vs__baseline_0	baseline_0	draining lymph nodes	24	8	8	4	4	1	0	2.7967327040763865	2.7967327040763865	0.13234216303634705	2.680385637142413	2.548043474106066	1	lfc0.25_k3_fdr0.1	0.25	3	0.1	calibration	acute_main	external_full_3_anchor_weights	NA	NA	NA
GSE279372	GSE279372_design__T=draining_lymph_nodes__H=24__B=NA__G=GID00110503__VS=baseline_0	<upstream_project_root>/00_metadata/verified_metadata/splited/GSE279372_design/GSE279372_design__T=draining_lymph_nodes__H=24__B=NA__G=GID00110503__VS=baseline_0.tsv	TRUE	NA	delivery_250_g_alum_5_g_gi_1_gii_4_vlp_injected__vs__baseline_0	baseline_0	draining lymph nodes	24	8	8	4	4	1	0	0.3704050761524418	0.3704050761524418	0.13234216303634705	0.11726406817509527	-0.015078094861251778	0.5625	lfc0.25_k3_fdr0.1	0.25	3	0.1	calibration	acute_main	external_full_3_anchor_weights	NA	NA	NA
GSE279372	GSE279372_design__T=draining_lymph_nodes__H=24__B=NA__G=GID00110754__VS=baseline_0	<upstream_project_root>/00_metadata/verified_metadata/splited/GSE279372_design/GSE279372_design__T=draining_lymph_nodes__H=24__B=NA__G=GID00110754__VS=baseline_0.tsv	TRUE	NA	delivery_125_g_lnps_5_g_gi_1_gii_4_vlp_injected__vs__baseline_0	baseline_0	draining lymph nodes	24	8	8	4	4	1	0	24.745898506372207	24.745898506372207	0.13234216303634705	25.80943098539502	25.677088822358673	1	lfc0.25_k3_fdr0.1	0.25	3	0.1	calibration	acute_main	external_full_3_anchor_weights	NA	NA	NA
GSE279372	GSE279372_design__T=draining_lymph_nodes__H=24__B=NA__G=GID00114748__VS=baseline_0	<upstream_project_root>/00_metadata/verified_metadata/splited/GSE279372_design/GSE279372_design__T=draining_lymph_nodes__H=24__B=NA__G=GID00114748__VS=baseline_0.tsv	TRUE	NA	delivery_1000_g_lnps_5_g_gi_1_gii_4_vlp_injected__vs__baseline_0	baseline_0	draining lymph nodes	24	8	8	4	4	1	0	33.557023471191755	33.557023471191755	0.13234216303634705	33.410529505331034	33.278187342294686	1	lfc0.25_k3_fdr0.1	0.25	3	0.1	calibration	acute_main	external_full_3_anchor_weights	NA	NA	NA
GSE279743	GSE279743_design__T=Lymph_Node__H=6__B=NA__G=delivery_vaccination_with_sm102__VS=baseline_0	<upstream_project_root>/00_metadata/verified_metadata/splited/GSE279743_design/GSE279743_design__T=Lymph_Node__H=6__B=NA__G=delivery_vaccination_with_sm102__VS=baseline_0.tsv	TRUE	NA	delivery_vaccination_with_sm102__vs__baseline_0	baseline_0	Lymph Node	6	6	6	3	3	1	-5.551115123125783e-17	14.685580593175422	14.685580593175422	-0.39206304252637375	15.717864846147949	16.10992788867432	1	lfc0.25_k3_fdr0.1	0.25	3	0.1	external	acute_main	external_full_3_anchor_weights	NA	NA	NA
GSE279743	GSE279743_design__T=Lymph_Node__H=6__B=NA__G=delivery_vaccination_with_ssop__VS=baseline_0	<upstream_project_root>/00_metadata/verified_metadata/splited/GSE279743_design/GSE279743_design__T=Lymph_Node__H=6__B=NA__G=delivery_vaccination_with_ssop__VS=baseline_0.tsv	TRUE	NA	delivery_vaccination_with_ssop__vs__baseline_0	baseline_0	Lymph Node	6	6	6	3	3	1	-5.551115123125783e-17	2.1990248369711076	2.1990248369711076	-0.39206304252637375	2.357864498891479	2.749927541417853	0.8888888888888888	lfc0.25_k3_fdr0.1	0.25	3	0.1	external	acute_main	external_full_3_anchor_weights	NA	NA	NA
GSE279744	GSE279744_design__T=lymph_node__H=6__B=NA__G=delivery_vaccination_with_sm102__VS=baseline_0	<upstream_project_root>/00_metadata/verified_metadata/splited/GSE279744_design/GSE279744_design__T=lymph_node__H=6__B=NA__G=delivery_vaccination_with_sm102__VS=baseline_0.tsv	TRUE	NA	delivery_vaccination_with_sm102__vs__baseline_0	baseline_0	lymph node	6	6	6	3	3	1	-2.7755575615628914e-17	60.54547478934848	60.54547478934848	0.18282226213343458	60.15381480287972	59.97099254074629	1	lfc0.25_k3_fdr0.1	0.25	3	0.1	calibration	acute_main	external_full_3_anchor_weights	NA	NA	NA
GSE279744	GSE279744_design__T=lymph_node__H=6__B=NA__G=delivery_vaccination_with_ssop__VS=baseline_0	<upstream_project_root>/00_metadata/verified_metadata/splited/GSE279744_design/GSE279744_design__T=lymph_node__H=6__B=NA__G=delivery_vaccination_with_ssop__VS=baseline_0.tsv	TRUE	NA	delivery_vaccination_with_ssop__vs__baseline_0	baseline_0	lymph node	6	6	6	3	3	1	-2.7755575615628914e-17	13.368238166113347	13.368238166113347	0.18282226213343458	13.586895758183191	13.404073496049756	1	lfc0.25_k3_fdr0.1	0.25	3	0.1	calibration	acute_main	external_full_3_anchor_weights	NA	NA	NA
GSE314070	GSE314070_design__T=small_intestine__H=336__B=NA__G=delivery_am80_lnp__VS=baseline_0	<upstream_project_root>/00_metadata/verified_metadata/splited/GSE314070_design/GSE314070_design__T=small_intestine__H=336__B=NA__G=delivery_am80_lnp__VS=baseline_0.tsv	TRUE	NA	delivery_am80_lnp__vs__baseline_0	baseline_0	small intestine	336	6	6	3	3	1	-1.850371707708594e-17	5.3533954626425775	5.3533954626425775	0.39996503532113287	6.437828795950212	6.0378637606290795	0.6666666666666666	lfc0.25_k3_fdr0.1	0.25	3	0.1	external	extended_transfer	external_full_3_anchor_weights	NA	NA	NA
GSE314070	GSE314070_design__T=small_intestine__H=336__B=NA__G=delivery_sm102_lnp__VS=baseline_0	<upstream_project_root>/00_metadata/verified_metadata/splited/GSE314070_design/GSE314070_design__T=small_intestine__H=336__B=NA__G=delivery_sm102_lnp__VS=baseline_0.tsv	TRUE	NA	delivery_sm102_lnp__vs__baseline_0	baseline_0	small intestine	336	6	6	3	3	1	-1.850371707708594e-17	-1.342018649456666	-1.342018649456666	0.39996503532113287	-1.5578477029243492	-1.957812738245482	0.3333333333333333	lfc0.25_k3_fdr0.1	0.25	3	0.1	external	extended_transfer	external_full_3_anchor_weights	NA	NA	NA
GSE264344	GSE264344_design__T=Blood__H=1__B=NA__G=delivery_ad26__VS=baseline_0	<upstream_project_root>/00_metadata/verified_metadata/splited/GSE264344_design/GSE264344_design__T=Blood__H=1__B=NA__G=delivery_ad26__VS=baseline_0.tsv	TRUE	NA	delivery_ad26__vs__baseline_0	baseline_0	Blood	1	10	10	5	5	1	0.4970573923720483	0.6188002348906844	0.12174284251863604	0.53177814078126	0.6265669357192111	0.09478879493795112	0.7200000000000001	lfc0.25_k3_fdr0.1	0.25	3	0.1	anchor	acute_main	loao_2_anchor_weights	GSE264344	GSE39129;GSE167521	886
GSE264344	GSE264344_design__T=Blood__H=1__B=NA__G=delivery_ad5__VS=baseline_0	<upstream_project_root>/00_metadata/verified_metadata/splited/GSE264344_design/GSE264344_design__T=Blood__H=1__B=NA__G=delivery_ad5__VS=baseline_0.tsv	TRUE	NA	delivery_ad5__vs__baseline_0	baseline_0	Blood	1	10	10	5	5	1	0.4970573923720483	0.7289509740430354	0.23189358167098711	0.53177814078126	0.7235337047923177	0.19175556401105776	0.96	lfc0.25_k3_fdr0.1	0.25	3	0.1	anchor	acute_main	loao_2_anchor_weights	GSE264344	GSE39129;GSE167521	886
GSE264344	GSE264344_design__T=Blood__H=12__B=NA__G=delivery_ad26__VS=baseline_0	<upstream_project_root>/00_metadata/verified_metadata/splited/GSE264344_design/GSE264344_design__T=Blood__H=12__B=NA__G=delivery_ad26__VS=baseline_0.tsv	TRUE	NA	delivery_ad26__vs__baseline_0	baseline_0	Blood	12	10	10	5	5	1	0.4970573923720483	3.1252587623293664	2.628201369957318	0.53177814078126	3.0421523437571025	2.5103742029758425	1	lfc0.25_k3_fdr0.1	0.25	3	0.1	anchor	acute_main	loao_2_anchor_weights	GSE264344	GSE39129;GSE167521	886
GSE264344	GSE264344_design__T=Blood__H=12__B=NA__G=delivery_ad5__VS=baseline_0	<upstream_project_root>/00_metadata/verified_metadata/splited/GSE264344_design/GSE264344_design__T=Blood__H=12__B=NA__G=delivery_ad5__VS=baseline_0.tsv	TRUE	NA	delivery_ad5__vs__baseline_0	baseline_0	Blood	12	10	10	5	5	1	0.4970573923720483	1.9939563165315795	1.4968989241595312	0.53177814078126	2.0708334597815727	1.5390553190003127	1	lfc0.25_k3_fdr0.1	0.25	3	0.1	anchor	acute_main	loao_2_anchor_weights	GSE264344	GSE39129;GSE167521	886
GSE264344	GSE264344_design__T=Blood__H=24__B=NA__G=delivery_ad26__VS=baseline_0	<upstream_project_root>/00_metadata/verified_metadata/splited/GSE264344_design/GSE264344_design__T=Blood__H=24__B=NA__G=delivery_ad26__VS=baseline_0.tsv	TRUE	NA	delivery_ad26__vs__baseline_0	baseline_0	Blood	24	10	10	5	5	1	0.4970573923720483	2.0382297349084144	1.5411723425363661	0.53177814078126	2.0850465958009026	1.5532684550196425	1	lfc0.25_k3_fdr0.1	0.25	3	0.1	anchor	acute_main	loao_2_anchor_weights	GSE264344	GSE39129;GSE167521	886
GSE264344	GSE264344_design__T=Blood__H=24__B=NA__G=delivery_ad5__VS=baseline_0	<upstream_project_root>/00_metadata/verified_metadata/splited/GSE264344_design/GSE264344_design__T=Blood__H=24__B=NA__G=delivery_ad5__VS=baseline_0.tsv	TRUE	NA	delivery_ad5__vs__baseline_0	baseline_0	Blood	24	10	10	5	5	1	0.4970573923720483	1.2360282981321191	0.7389709057600709	0.53177814078126	1.177921231944754	0.6461430911634941	1	lfc0.25_k3_fdr0.1	0.25	3	0.1	anchor	acute_main	loao_2_anchor_weights	GSE264344	GSE39129;GSE167521	886
GSE264344	GSE264344_design__T=Blood__H=3__B=NA__G=delivery_ad26__VS=baseline_0	<upstream_project_root>/00_metadata/verified_metadata/splited/GSE264344_design/GSE264344_design__T=Blood__H=3__B=NA__G=delivery_ad26__VS=baseline_0.tsv	TRUE	NA	delivery_ad26__vs__baseline_0	baseline_0	Blood	3	10	10	5	5	1	0.4970573923720483	2.6267125208727093	2.129655128500661	0.53177814078126	2.668427601927664	2.136649461146404	1	lfc0.25_k3_fdr0.1	0.25	3	0.1	anchor	acute_main	loao_2_anchor_weights	GSE264344	GSE39129;GSE167521	886
GSE264344	GSE264344_design__T=Blood__H=3__B=NA__G=delivery_ad5__VS=baseline_0	<upstream_project_root>/00_metadata/verified_metadata/splited/GSE264344_design/GSE264344_design__T=Blood__H=3__B=NA__G=delivery_ad5__VS=baseline_0.tsv	TRUE	NA	delivery_ad5__vs__baseline_0	baseline_0	Blood	3	10	10	5	5	1	0.4970573923720483	1.1334278334245134	0.6363704410524651	0.53177814078126	1.1230391418418064	0.5912610010605465	1	lfc0.25_k3_fdr0.1	0.25	3	0.1	anchor	acute_main	loao_2_anchor_weights	GSE264344	GSE39129;GSE167521	886
GSE264344	GSE264344_design__T=Blood__H=6__B=NA__G=delivery_ad26__VS=baseline_0	<upstream_project_root>/00_metadata/verified_metadata/splited/GSE264344_design/GSE264344_design__T=Blood__H=6__B=NA__G=delivery_ad26__VS=baseline_0.tsv	TRUE	NA	delivery_ad26__vs__baseline_0	baseline_0	Blood	6	10	10	5	5	1	0.4970573923720483	2.504804169281693	2.0077467769096446	0.53177814078126	2.548796443175231	2.017018302393971	1	lfc0.25_k3_fdr0.1	0.25	3	0.1	anchor	acute_main	loao_2_anchor_weights	GSE264344	GSE39129;GSE167521	886
GSE264344	GSE264344_design__T=Blood__H=6__B=NA__G=delivery_ad5__VS=baseline_0	<upstream_project_root>/00_metadata/verified_metadata/splited/GSE264344_design/GSE264344_design__T=Blood__H=6__B=NA__G=delivery_ad5__VS=baseline_0.tsv	TRUE	NA	delivery_ad5__vs__baseline_0	baseline_0	Blood	6	10	10	5	5	1	0.4970573923720483	3.242430343480262	2.7453729511082137	0.53177814078126	3.451179168774857	2.919401027993597	1	lfc0.25_k3_fdr0.1	0.25	3	0.1	anchor	acute_main	loao_2_anchor_weights	GSE264344	GSE39129;GSE167521	886
GSE264344	GSE264344_design__T=dLN__H=1__B=NA__G=delivery_ad26__VS=baseline_0	<upstream_project_root>/00_metadata/verified_metadata/splited/GSE264344_design/GSE264344_design__T=dLN__H=1__B=NA__G=delivery_ad26__VS=baseline_0.tsv	TRUE	NA	delivery_ad26__vs__baseline_0	baseline_0	dLN	1	10	10	5	5	1	0.8362870929873758	1.1131624886304488	0.27687539564307295	0.7473356546530799	0.9891047744369343	0.2417691197838544	0.8400000000000001	lfc0.25_k3_fdr0.1	0.25	3	0.1	anchor	acute_main	loao_2_anchor_weights	GSE264344	GSE39129;GSE167521	886
GSE264344	GSE264344_design__T=dLN__H=1__B=NA__G=delivery_ad5__VS=baseline_0	<upstream_project_root>/00_metadata/verified_metadata/splited/GSE264344_design/GSE264344_design__T=dLN__H=1__B=NA__G=delivery_ad5__VS=baseline_0.tsv	TRUE	NA	delivery_ad5__vs__baseline_0	baseline_0	dLN	1	10	10	5	5	1	0.8362870929873758	1.3353174283712972	0.4990303353839214	0.7473356546530799	1.3065642977036642	0.5592286430505843	0.96	lfc0.25_k3_fdr0.1	0.25	3	0.1	anchor	acute_main	loao_2_anchor_weights	GSE264344	GSE39129;GSE167521	886
GSE264344	GSE264344_design__T=dLN__H=12__B=NA__G=delivery_ad26__VS=baseline_0	<upstream_project_root>/00_metadata/verified_metadata/splited/GSE264344_design/GSE264344_design__T=dLN__H=12__B=NA__G=delivery_ad26__VS=baseline_0.tsv	TRUE	NA	delivery_ad26__vs__baseline_0	baseline_0	dLN	12	10	10	5	5	1	0.8362870929873758	4.171468999524633	3.335181906537257	0.7473356546530799	4.152943298657259	3.4056076440041796	1	lfc0.25_k3_fdr0.1	0.25	3	0.1	anchor	acute_main	loao_2_anchor_weights	GSE264344	GSE39129;GSE167521	886
GSE264344	GSE264344_design__T=dLN__H=12__B=NA__G=delivery_ad5__VS=baseline_0	<upstream_project_root>/00_metadata/verified_metadata/splited/GSE264344_design/GSE264344_design__T=dLN__H=12__B=NA__G=delivery_ad5__VS=baseline_0.tsv	TRUE	NA	delivery_ad5__vs__baseline_0	baseline_0	dLN	12	10	10	5	5	1	0.8362870929873758	3.5335723154249155	2.6972852224375394	0.7473356546530799	3.5339483998619303	2.7866127452088505	1	lfc0.25_k3_fdr0.1	0.25	3	0.1	anchor	acute_main	loao_2_anchor_weights	GSE264344	GSE39129;GSE167521	886
GSE264344	GSE264344_design__T=dLN__H=24__B=NA__G=delivery_ad26__VS=baseline_0	<upstream_project_root>/00_metadata/verified_metadata/splited/GSE264344_design/GSE264344_design__T=dLN__H=24__B=NA__G=delivery_ad26__VS=baseline_0.tsv	TRUE	NA	delivery_ad26__vs__baseline_0	baseline_0	dLN	24	10	10	5	5	1	0.8362870929873758	2.7769938339704527	1.940706740983077	0.7473356546530799	2.612603088088879	1.865267433435799	1	lfc0.25_k3_fdr0.1	0.25	3	0.1	anchor	acute_main	loao_2_anchor_weights	GSE264344	GSE39129;GSE167521	886
GSE264344	GSE264344_design__T=dLN__H=24__B=NA__G=delivery_ad5__VS=baseline_0	<upstream_project_root>/00_metadata/verified_metadata/splited/GSE264344_design/GSE264344_design__T=dLN__H=24__B=NA__G=delivery_ad5__VS=baseline_0.tsv	TRUE	NA	delivery_ad5__vs__baseline_0	baseline_0	dLN	24	10	10	5	5	1	0.8362870929873758	2.32370778498367	1.487420691996294	0.7473356546530799	2.3226887117950237	1.5753530571419438	1	lfc0.25_k3_fdr0.1	0.25	3	0.1	anchor	acute_main	loao_2_anchor_weights	GSE264344	GSE39129;GSE167521	886
GSE264344	GSE264344_design__T=dLN__H=3__B=NA__G=delivery_ad26__VS=baseline_0	<upstream_project_root>/00_metadata/verified_metadata/splited/GSE264344_design/GSE264344_design__T=dLN__H=3__B=NA__G=delivery_ad26__VS=baseline_0.tsv	TRUE	NA	delivery_ad26__vs__baseline_0	baseline_0	dLN	3	10	10	5	5	1	0.8362870929873758	3.504605031911409	2.668317938924033	0.7473356546530799	3.4216389125517805	2.6743032578987007	1	lfc0.25_k3_fdr0.1	0.25	3	0.1	anchor	acute_main	loao_2_anchor_weights	GSE264344	GSE39129;GSE167521	886
GSE264344	GSE264344_design__T=dLN__H=3__B=NA__G=delivery_ad5__VS=baseline_0	<upstream_project_root>/00_metadata/verified_metadata/splited/GSE264344_design/GSE264344_design__T=dLN__H=3__B=NA__G=delivery_ad5__VS=baseline_0.tsv	TRUE	NA	delivery_ad5__vs__baseline_0	baseline_0	dLN	3	10	10	5	5	1	0.8362870929873758	2.4858024542060524	1.6495153612186766	0.7473356546530799	2.5131316645338067	1.7657960098807268	1	lfc0.25_k3_fdr0.1	0.25	3	0.1	anchor	acute_main	loao_2_anchor_weights	GSE264344	GSE39129;GSE167521	886
GSE264344	GSE264344_design__T=dLN__H=6__B=NA__G=delivery_ad26__VS=baseline_0	<upstream_project_root>/00_metadata/verified_metadata/splited/GSE264344_design/GSE264344_design__T=dLN__H=6__B=NA__G=delivery_ad26__VS=baseline_0.tsv	TRUE	NA	delivery_ad26__vs__baseline_0	baseline_0	dLN	6	10	10	5	5	1	0.8362870929873758	4.224297856619616	3.3880107636322405	0.7473356546530799	4.240909170336758	3.4935735156836785	1	lfc0.25_k3_fdr0.1	0.25	3	0.1	anchor	acute_main	loao_2_anchor_weights	GSE264344	GSE39129;GSE167521	886
GSE264344	GSE264344_design__T=dLN__H=6__B=NA__G=delivery_ad5__VS=baseline_0	<upstream_project_root>/00_metadata/verified_metadata/splited/GSE264344_design/GSE264344_design__T=dLN__H=6__B=NA__G=delivery_ad5__VS=baseline_0.tsv	TRUE	NA	delivery_ad5__vs__baseline_0	baseline_0	dLN	6	10	10	5	5	1	0.8362870929873758	3.844183168490469	3.0078960755030932	0.7473356546530799	4.062750849311202	3.3154151946581223	1	lfc0.25_k3_fdr0.1	0.25	3	0.1	anchor	acute_main	loao_2_anchor_weights	GSE264344	GSE39129;GSE167521	886
GSE264344	GSE264344_design__T=Muscle__H=1__B=NA__G=delivery_ad26__VS=baseline_0	<upstream_project_root>/00_metadata/verified_metadata/splited/GSE264344_design/GSE264344_design__T=Muscle__H=1__B=NA__G=delivery_ad26__VS=baseline_0.tsv	TRUE	NA	delivery_ad26__vs__baseline_0	baseline_0	Muscle	1	10	10	5	5	1	-1.333344485359424	-0.6205151481957297	0.7128293371636943	-1.285197421953637	-0.6307430643312807	0.6544543576223564	1	lfc0.25_k3_fdr0.1	0.25	3	0.1	anchor	acute_main	loao_2_anchor_weights	GSE264344	GSE39129;GSE167521	886
GSE264344	GSE264344_design__T=Muscle__H=1__B=NA__G=delivery_ad5__VS=baseline_0	<upstream_project_root>/00_metadata/verified_metadata/splited/GSE264344_design/GSE264344_design__T=Muscle__H=1__B=NA__G=delivery_ad5__VS=baseline_0.tsv	TRUE	NA	delivery_ad5__vs__baseline_0	baseline_0	Muscle	1	10	10	5	5	1	-1.333344485359424	-0.6200703246874335	0.7132741606719906	-1.285197421953637	-0.5831176024440436	0.7020798195095934	1	lfc0.25_k3_fdr0.1	0.25	3	0.1	anchor	acute_main	loao_2_anchor_weights	GSE264344	GSE39129;GSE167521	886
GSE264344	GSE264344_design__T=Muscle__H=12__B=NA__G=delivery_ad26__VS=baseline_0	<upstream_project_root>/00_metadata/verified_metadata/splited/GSE264344_design/GSE264344_design__T=Muscle__H=12__B=NA__G=delivery_ad26__VS=baseline_0.tsv	TRUE	NA	delivery_ad26__vs__baseline_0	baseline_0	Muscle	12	10	10	5	5	1	-1.333344485359424	1.3010012485034608	2.634345733862885	-1.285197421953637	1.4061216562730414	2.6913190782266785	1	lfc0.25_k3_fdr0.1	0.25	3	0.1	anchor	acute_main	loao_2_anchor_weights	GSE264344	GSE39129;GSE167521	886
GSE264344	GSE264344_design__T=Muscle__H=12__B=NA__G=delivery_ad5__VS=baseline_0	<upstream_project_root>/00_metadata/verified_metadata/splited/GSE264344_design/GSE264344_design__T=Muscle__H=12__B=NA__G=delivery_ad5__VS=baseline_0.tsv	TRUE	NA	delivery_ad5__vs__baseline_0	baseline_0	Muscle	12	10	10	5	5	1	-1.333344485359424	1.538125721572588	2.8714702069320124	-1.285197421953637	1.618729474103065	2.903926896056702	1	lfc0.25_k3_fdr0.1	0.25	3	0.1	anchor	acute_main	loao_2_anchor_weights	GSE264344	GSE39129;GSE167521	886
GSE264344	GSE264344_design__T=Muscle__H=24__B=NA__G=delivery_ad26__VS=baseline_0	<upstream_project_root>/00_metadata/verified_metadata/splited/GSE264344_design/GSE264344_design__T=Muscle__H=24__B=NA__G=delivery_ad26__VS=baseline_0.tsv	TRUE	NA	delivery_ad26__vs__baseline_0	baseline_0	Muscle	24	10	10	5	5	1	-1.333344485359424	0.8528135999491997	2.186158085308624	-1.285197421953637	1.050760070379866	2.3359574923335034	1	lfc0.25_k3_fdr0.1	0.25	3	0.1	anchor	acute_main	loao_2_anchor_weights	GSE264344	GSE39129;GSE167521	886
GSE264344	GSE264344_design__T=Muscle__H=24__B=NA__G=delivery_ad5__VS=baseline_0	<upstream_project_root>/00_metadata/verified_metadata/splited/GSE264344_design/GSE264344_design__T=Muscle__H=24__B=NA__G=delivery_ad5__VS=baseline_0.tsv	TRUE	NA	delivery_ad5__vs__baseline_0	baseline_0	Muscle	24	10	10	5	5	1	-1.333344485359424	0.8810004618973739	2.214344947256798	-1.285197421953637	1.2268439459430345	2.5120413678966713	1	lfc0.25_k3_fdr0.1	0.25	3	0.1	anchor	acute_main	loao_2_anchor_weights	GSE264344	GSE39129;GSE167521	886
GSE264344	GSE264344_design__T=Muscle__H=3__B=NA__G=delivery_ad26__VS=baseline_0	<upstream_project_root>/00_metadata/verified_metadata/splited/GSE264344_design/GSE264344_design__T=Muscle__H=3__B=NA__G=delivery_ad26__VS=baseline_0.tsv	TRUE	NA	delivery_ad26__vs__baseline_0	baseline_0	Muscle	3	10	10	5	5	1	-1.333344485359424	0.9356309486024348	2.2689754339618586	-1.285197421953637	1.1657435071603708	2.450940929114008	1	lfc0.25_k3_fdr0.1	0.25	3	0.1	anchor	acute_main	loao_2_anchor_weights	GSE264344	GSE39129;GSE167521	886
GSE264344	GSE264344_design__T=Muscle__H=3__B=NA__G=delivery_ad5__VS=baseline_0	<upstream_project_root>/00_metadata/verified_metadata/splited/GSE264344_design/GSE264344_design__T=Muscle__H=3__B=NA__G=delivery_ad5__VS=baseline_0.tsv	TRUE	NA	delivery_ad5__vs__baseline_0	baseline_0	Muscle	3	10	10	5	5	1	-1.333344485359424	0.3358227962300625	1.6691672815894867	-1.285197421953637	0.49761698256557196	1.782814404519209	1	lfc0.25_k3_fdr0.1	0.25	3	0.1	anchor	acute_main	loao_2_anchor_weights	GSE264344	GSE39129;GSE167521	886
GSE264344	GSE264344_design__T=Muscle__H=6__B=NA__G=delivery_ad26__VS=baseline_0	<upstream_project_root>/00_metadata/verified_metadata/splited/GSE264344_design/GSE264344_design__T=Muscle__H=6__B=NA__G=delivery_ad26__VS=baseline_0.tsv	TRUE	NA	delivery_ad26__vs__baseline_0	baseline_0	Muscle	6	10	10	5	5	1	-1.333344485359424	1.3728184500199092	2.706162935379333	-1.285197421953637	1.1038607604675215	2.3890581824211585	1	lfc0.25_k3_fdr0.1	0.25	3	0.1	anchor	acute_main	loao_2_anchor_weights	GSE264344	GSE39129;GSE167521	886
GSE264344	GSE264344_design__T=Muscle__H=6__B=NA__G=delivery_ad5__VS=baseline_0	<upstream_project_root>/00_metadata/verified_metadata/splited/GSE264344_design/GSE264344_design__T=Muscle__H=6__B=NA__G=delivery_ad5__VS=baseline_0.tsv	TRUE	NA	delivery_ad5__vs__baseline_0	baseline_0	Muscle	6	10	10	5	5	1	-1.333344485359424	1.460227680222306	2.79357216558173	-1.285197421953637	1.6797527727351422	2.9649501946887793	1	lfc0.25_k3_fdr0.1	0.25	3	0.1	anchor	acute_main	loao_2_anchor_weights	GSE264344	GSE39129;GSE167521	886
GSE39129	GSE39129_design__T=liver__H=4__B=NA__G=delivery_lentiviral_vector_lv__VS=delivery_none	<upstream_project_root>/00_metadata/verified_metadata/splited/GSE39129_design/GSE39129_design__T=liver__H=4__B=NA__G=delivery_lentiviral_vector_lv__VS=delivery_none.tsv	TRUE	NA	delivery_lentiviral_vector_lv___vs__delivery_none	delivery_none	liver	4	6	6	3	3	1	5.551115123125783e-17	59.1313109869229	59.1313109869229	0.48268266920296116	62.3148614555419	61.83217878633894	1	lfc0.25_k3_fdr0.1	0.25	3	0.1	anchor	acute_main	loao_2_anchor_weights	GSE39129	GSE264344;GSE167521	1150
GSE167521	GSE167521_design__T=skin__H=24__B=NA__G=delivery_lnp__VS=baseline_0	<upstream_project_root>/00_metadata/verified_metadata/splited/GSE167521_design/GSE167521_design__T=skin__H=24__B=NA__G=delivery_lnp__VS=baseline_0.tsv	TRUE	NA	delivery_lnp__vs__baseline_0	baseline_0	skin	24	8	8	4	4	1	5.204170427930421e-17	10.690112851940578	10.690112851940578	0.05557736028668136	10.485252607396468	10.429675247109786	1	lfc0.25_k3_fdr0.1	0.25	3	0.1	anchor	acute_main	loao_2_anchor_weights	GSE167521	GSE264344;GSE39129	717
GSE119119	GSE119119_design__T=whole_liver__H=4__B=NA__G=GID00069418__VS=WT_uninfected_whole_liver	<upstream_project_root>/00_metadata/verified_metadata/splited/GSE119119_design/GSE119119_design__T=whole_liver__H=4__B=NA__G=GID00069418__VS=WT_uninfected_whole_liver.tsv	TRUE	NA	WT_virus_plus_rh9C12_H433A_whole_liver__vs__WT_uninfected_whole_liver	WT_uninfected_whole_liver	whole liver	4	8	8	4	4	1	-0.2895079341674052	11.504102115101274	11.793610049268679	-0.39019091199573863	11.539722089548471	11.92991300154421	1	lfc0.25_k3_fdr0.2	0.25	3	0.2	external	acute_main	external_full_3_anchor_weights	NA	NA	NA
GSE119119	GSE119119_design__T=whole_liver__H=4__B=NA__G=GID00088542__VS=TRIM21_KO_uninfected_whole_liver	<upstream_project_root>/00_metadata/verified_metadata/splited/GSE119119_design/GSE119119_design__T=whole_liver__H=4__B=NA__G=GID00088542__VS=TRIM21_KO_uninfected_whole_liver.tsv	TRUE	NA	TRIM21_KO_virus_plus_rh9C12_WT_whole_liver__vs__TRIM21_KO_uninfected_whole_liver	TRIM21_KO_uninfected_whole_liver	whole liver	4	8	8	4	4	1	0.2895079341674052	11.280198486637852	10.990690552470447	0.5168386684952738	12.031272998631003	11.51443433013573	1	lfc0.25_k3_fdr0.2	0.25	3	0.2	external	acute_main	external_full_3_anchor_weights	NA	NA	NA
GSE119119	GSE119119_design__T=whole_liver__H=4__B=NA__G=GID00096342__VS=TRIM21_KO_uninfected_whole_liver	<upstream_project_root>/00_metadata/verified_metadata/splited/GSE119119_design/GSE119119_design__T=whole_liver__H=4__B=NA__G=GID00096342__VS=TRIM21_KO_uninfected_whole_liver.tsv	TRUE	NA	TRIM21_KO_virus_plus_rh9C12_H433A_whole_liver__vs__TRIM21_KO_uninfected_whole_liver	TRIM21_KO_uninfected_whole_liver	whole liver	4	8	8	4	4	1	0.2895079341674052	10.391718562998122	10.102210628830717	0.5168386684952738	10.488655208641887	9.971816540146614	1	lfc0.25_k3_fdr0.2	0.25	3	0.2	external	acute_main	external_full_3_anchor_weights	NA	NA	NA
GSE119119	GSE119119_design__T=whole_liver__H=4__B=NA__G=TRIM21_KO_virus_only_whole_liver__VS=TRIM21_KO_uninfected_whole_liver	<upstream_project_root>/00_metadata/verified_metadata/splited/GSE119119_design/GSE119119_design__T=whole_liver__H=4__B=NA__G=TRIM21_KO_virus_only_whole_liver__VS=TRIM21_KO_uninfected_whole_liver.tsv	TRUE	NA	TRIM21_KO_virus_only_whole_liver__vs__TRIM21_KO_uninfected_whole_liver	TRIM21_KO_uninfected_whole_liver	whole liver	4	8	8	4	4	1	0.2895079341674052	9.26339342184439	8.973885487676984	0.5168386684952738	9.948297434411998	9.431458765916725	1	lfc0.25_k3_fdr0.2	0.25	3	0.2	external	acute_main	external_full_3_anchor_weights	NA	NA	NA
GSE119119	GSE119119_design__T=whole_liver__H=4__B=NA__G=WT_virus_only_whole_liver__VS=WT_uninfected_whole_liver	<upstream_project_root>/00_metadata/verified_metadata/splited/GSE119119_design/GSE119119_design__T=whole_liver__H=4__B=NA__G=WT_virus_only_whole_liver__VS=WT_uninfected_whole_liver.tsv	TRUE	NA	WT_virus_only_whole_liver__vs__WT_uninfected_whole_liver	WT_uninfected_whole_liver	whole liver	4	8	8	4	4	1	-0.2895079341674052	9.394060704219866	9.683568638387271	-0.39019091199573863	9.34503837317553	9.735229285171268	1	lfc0.25_k3_fdr0.2	0.25	3	0.2	external	acute_main	external_full_3_anchor_weights	NA	NA	NA
GSE119119	GSE119119_design__T=whole_liver__H=4__B=NA__G=WT_virus_plus_rh9C12_WT_whole_liver__VS=WT_uninfected_whole_liver	<upstream_project_root>/00_metadata/verified_metadata/splited/GSE119119_design/GSE119119_design__T=whole_liver__H=4__B=NA__G=WT_virus_plus_rh9C12_WT_whole_liver__VS=WT_uninfected_whole_liver.tsv	TRUE	NA	WT_virus_plus_rh9C12_WT_whole_liver__vs__WT_uninfected_whole_liver	WT_uninfected_whole_liver	whole liver	4	8	8	4	4	1	-0.2895079341674052	16.51082439784904	16.800332332016445	-0.39019091199573863	16.53139961187123	16.921590523866968	1	lfc0.25_k3_fdr0.2	0.25	3	0.2	external	acute_main	external_full_3_anchor_weights	NA	NA	NA
GSE139529	GSE139529_design__T=blood__H=24__B=NA__G=ad.mva__VS=none	<upstream_project_root>/00_metadata/verified_metadata/splited/GSE139529_design/GSE139529_design__T=blood__H=24__B=NA__G=ad.mva__VS=none.tsv	TRUE	NA	ad.mva__vs__none	none	blood	24	12	12	6	6	1	-4.5084740339188895e-18	13.852107679034907	13.852107679034907	0.2296232065469729	13.578160128851101	13.348536922304127	1	lfc0.25_k3_fdr0.2	0.25	3	0.2	external	acute_main	external_full_3_anchor_weights	NA	NA	NA
GSE139529	GSE139529_design__T=blood__H=24__B=NA__G=ad_empty__VS=none	<upstream_project_root>/00_metadata/verified_metadata/splited/GSE139529_design/GSE139529_design__T=blood__H=24__B=NA__G=ad_empty__VS=none.tsv	TRUE	NA	ad_empty__vs__none	none	blood	24	12	12	6	6	1	-4.5084740339188895e-18	13.88490186908038	13.88490186908038	0.2296232065469729	14.466529009935588	14.236905803388614	1	lfc0.25_k3_fdr0.2	0.25	3	0.2	external	acute_main	external_full_3_anchor_weights	NA	NA	NA
GSE139529	GSE139529_design__T=blood__H=24__B=NA__G=ad_fhbp__VS=none	<upstream_project_root>/00_metadata/verified_metadata/splited/GSE139529_design/GSE139529_design__T=blood__H=24__B=NA__G=ad_fhbp__VS=none.tsv	TRUE	NA	ad_fhbp__vs__none	none	blood	24	12	12	6	6	1	-4.5084740339188895e-18	15.598222681419633	15.598222681419633	0.2296232065469729	15.7854654711737	15.555842264626726	1	lfc0.25_k3_fdr0.2	0.25	3	0.2	external	acute_main	external_full_3_anchor_weights	NA	NA	NA
GSE139529	GSE139529_design__T=blood__H=24__B=NA__G=ad_pref__VS=none	<upstream_project_root>/00_metadata/verified_metadata/splited/GSE139529_design/GSE139529_design__T=blood__H=24__B=NA__G=ad_pref__VS=none.tsv	TRUE	NA	ad_pref__vs__none	none	blood	24	12	12	6	6	1	-4.5084740339188895e-18	1.8134254063251862	1.8134254063251862	0.2296232065469729	1.431539929697753	1.20191672315078	0.6944444444444444	lfc0.25_k3_fdr0.2	0.25	3	0.2	external	acute_main	external_full_3_anchor_weights	NA	NA	NA
GSE139529	GSE139529_design__T=blood__H=24__B=NA__G=mva.ad__VS=none	<upstream_project_root>/00_metadata/verified_metadata/splited/GSE139529_design/GSE139529_design__T=blood__H=24__B=NA__G=mva.ad__VS=none.tsv	TRUE	NA	mva.ad__vs__none	none	blood	24	12	12	6	6	1	-4.5084740339188895e-18	17.26381822023155	17.26381822023155	0.2296232065469729	17.221427614739873	16.991804408192902	1	lfc0.25_k3_fdr0.2	0.25	3	0.2	external	acute_main	external_full_3_anchor_weights	NA	NA	NA
GSE139529	GSE139529_design__T=blood__H=24__B=NA__G=mva_fhbp__VS=none	<upstream_project_root>/00_metadata/verified_metadata/splited/GSE139529_design/GSE139529_design__T=blood__H=24__B=NA__G=mva_fhbp__VS=none.tsv	TRUE	NA	mva_fhbp__vs__none	none	blood	24	12	12	6	6	1	-4.5084740339188895e-18	15.516008800401144	15.516008800401144	0.2296232065469729	15.352110705179815	15.122487498632841	1	lfc0.25_k3_fdr0.2	0.25	3	0.2	external	acute_main	external_full_3_anchor_weights	NA	NA	NA
GSE166655	GSE166655_design__T=Tibialis_anterior__H=672__B=NA__G=delivery_aav9_ar45__VS=delivery_untreated	<upstream_project_root>/00_metadata/verified_metadata/splited/GSE166655_design/GSE166655_design__T=Tibialis_anterior__H=672__B=NA__G=delivery_aav9_ar45__VS=delivery_untreated.tsv	TRUE	NA	delivery_aav9_ar45__vs__delivery_untreated	delivery_untreated	Tibialis anterior	672	6	6	3	3	1	5.551115123125783e-17	3.19745096443572	3.19745096443572	-0.35676211516407136	2.9723060671462638	3.329068182310335	1	lfc0.25_k3_fdr0.2	0.25	3	0.2	external	extended_transfer	external_full_3_anchor_weights	NA	NA	NA
GSE166655	GSE166655_design__T=Tibialis_anterior__H=672__B=NA__G=delivery_aav9_gfp__VS=delivery_untreated	<upstream_project_root>/00_metadata/verified_metadata/splited/GSE166655_design/GSE166655_design__T=Tibialis_anterior__H=672__B=NA__G=delivery_aav9_gfp__VS=delivery_untreated.tsv	TRUE	NA	delivery_aav9_gfp__vs__delivery_untreated	delivery_untreated	Tibialis anterior	672	6	6	3	3	1	5.551115123125783e-17	1.2461722701446583	1.2461722701446583	-0.35676211516407136	1.5211418511817876	1.877903966345859	0.8888888888888888	lfc0.25_k3_fdr0.2	0.25	3	0.2	external	extended_transfer	external_full_3_anchor_weights	NA	NA	NA
GSE178313	GSE178313_design__T=Liver__H=48__B=NA__G=mouse_repopulated_lnp__VS=mouse_repopulated_pbs	<upstream_project_root>/00_metadata/verified_metadata/splited/GSE178313_design/GSE178313_design__T=Liver__H=48__B=NA__G=mouse_repopulated_lnp__VS=mouse_repopulated_pbs.tsv	TRUE	NA	mouse_repopulated_lnp__vs__mouse_repopulated_pbs	mouse_repopulated_pbs	Liver	48	8	8	4	4	1	1.3877787807814457e-17	5.432928305848417	5.432928305848417	-0.44925713880272033	4.4835445144816335	4.932801653284354	0.9375	lfc0.25_k3_fdr0.2	0.25	3	0.2	external	extended_transfer	external_full_3_anchor_weights	NA	NA	NA
GSE262515_cell_line	GSE262515_cell_line__T=cell_line__H=72__B=NA__G=delivery_tlnp_sihbv_50nm__VS=baseline_0	<upstream_project_root>/00_metadata/verified_metadata/splited/GSE262515_cell_line_design/GSE262515_cell_line__T=cell_line__H=72__B=NA__G=delivery_tlnp_sihbv_50nm__VS=baseline_0.tsv	TRUE	NA	delivery_tlnp_sihbv_50nm__vs__baseline_0	baseline_0	cell line	72	6	6	3	3	1	-3.701646917227593e-17	3.212646577552692	3.212646577552692	-0.4350140983494093	3.0931826422929367	3.528196740642346	1	lfc0.25_k3_fdr0.2	0.25	3	0.2	calibration	extended_transfer	external_full_3_anchor_weights	NA	NA	NA
GSE262515_cell_line	GSE262515_cell_line__T=cell_line__H=72__B=NA__G=delivery_tlnp_sinc_50nm__VS=baseline_0	<upstream_project_root>/00_metadata/verified_metadata/splited/GSE262515_cell_line_design/GSE262515_cell_line__T=cell_line__H=72__B=NA__G=delivery_tlnp_sinc_50nm__VS=baseline_0.tsv	TRUE	NA	delivery_tlnp_sinc_50nm__vs__baseline_0	baseline_0	cell line	72	6	6	3	3	1	-3.701646917227593e-17	-4.09465217670392	-4.09465217670392	-0.4350140983494093	-5.2199621931520745	-4.784948094802665	0.1111111111111111	lfc0.25_k3_fdr0.2	0.25	3	0.2	calibration	extended_transfer	external_full_3_anchor_weights	NA	NA	NA
GSE262515_tissue	GSE262515_tissue__T=tissue__H=72__B=NA__G=delivery_tlnp_sihbv_1mg_kg__VS=baseline_0	<upstream_project_root>/00_metadata/verified_metadata/splited/GSE262515_tissue_design/GSE262515_tissue__T=tissue__H=72__B=NA__G=delivery_tlnp_sihbv_1mg_kg__VS=baseline_0.tsv	TRUE	NA	delivery_tlnp_sihbv_1mg_kg__vs__baseline_0	baseline_0	tissue	72	6	6	3	3	1	3.700743415417188e-17	1.4820858133660273	1.4820858133660273	-0.23045602187177927	1.2929485705577197	1.523404592429499	0.8888888888888888	lfc0.25_k3_fdr0.2	0.25	3	0.2	calibration	extended_transfer	external_full_3_anchor_weights	NA	NA	NA
GSE262515_tissue	GSE262515_tissue__T=tissue__H=72__B=NA__G=delivery_tlnp_sihbv_2_5mg_kg__VS=baseline_0	<upstream_project_root>/00_metadata/verified_metadata/splited/GSE262515_tissue_design/GSE262515_tissue__T=tissue__H=72__B=NA__G=delivery_tlnp_sihbv_2_5mg_kg__VS=baseline_0.tsv	TRUE	NA	delivery_tlnp_sihbv_2_5mg_kg__vs__baseline_0	baseline_0	tissue	72	6	6	3	3	1	3.700743415417188e-17	1.1027751744316272	1.1027751744316272	-0.23045602187177927	1.4787078888623713	1.7091639107341505	0.8888888888888888	lfc0.25_k3_fdr0.2	0.25	3	0.2	calibration	extended_transfer	external_full_3_anchor_weights	NA	NA	NA
GSE262515_tissue	GSE262515_tissue__T=tissue__H=72__B=NA__G=delivery_tlnp_sinc_1mg_kg__VS=baseline_0	<upstream_project_root>/00_metadata/verified_metadata/splited/GSE262515_tissue_design/GSE262515_tissue__T=tissue__H=72__B=NA__G=delivery_tlnp_sinc_1mg_kg__VS=baseline_0.tsv	TRUE	NA	delivery_tlnp_sinc_1mg_kg__vs__baseline_0	baseline_0	tissue	72	6	6	3	3	1	3.700743415417188e-17	1.4078549397626168	1.4078549397626168	-0.23045602187177927	1.3923007608419862	1.6227567827137654	1	lfc0.25_k3_fdr0.2	0.25	3	0.2	calibration	extended_transfer	external_full_3_anchor_weights	NA	NA	NA
GSE264344	GSE264344_design__T=Blood__H=72__B=NA__G=delivery_ad26__VS=baseline_0	<upstream_project_root>/00_metadata/verified_metadata/splited/GSE264344_design/GSE264344_design__T=Blood__H=72__B=NA__G=delivery_ad26__VS=baseline_0.tsv	TRUE	NA	delivery_ad26__vs__baseline_0	baseline_0	Blood	72	10	10	5	5	1	0.4683581676618486	0.6242257239144946	0.15586755625264598	0.44437172836047484	0.6549984510481022	0.21062672268762733	0.76	lfc0.25_k3_fdr0.2	0.25	3	0.2	external	extended_transfer	external_full_3_anchor_weights	NA	NA	NA
GSE264344	GSE264344_design__T=Blood__H=72__B=NA__G=delivery_ad5__VS=baseline_0	<upstream_project_root>/00_metadata/verified_metadata/splited/GSE264344_design/GSE264344_design__T=Blood__H=72__B=NA__G=delivery_ad5__VS=baseline_0.tsv	TRUE	NA	delivery_ad5__vs__baseline_0	baseline_0	Blood	72	10	10	5	5	1	0.4683581676618486	0.8064597497845206	0.338101582122672	0.44437172836047484	0.8036359530852847	0.35926422472480984	0.96	lfc0.25_k3_fdr0.2	0.25	3	0.2	external	extended_transfer	external_full_3_anchor_weights	NA	NA	NA
GSE264344	GSE264344_design__T=dLN__H=72__B=NA__G=delivery_ad26__VS=baseline_0	<upstream_project_root>/00_metadata/verified_metadata/splited/GSE264344_design/GSE264344_design__T=dLN__H=72__B=NA__G=delivery_ad26__VS=baseline_0.tsv	TRUE	NA	delivery_ad26__vs__baseline_0	baseline_0	dLN	72	10	10	5	5	1	0.8463191788501737	1.1353821668557729	0.28906298800559915	0.7250362079298559	1.1233359584881555	0.3982997505582996	0.8	lfc0.25_k3_fdr0.2	0.25	3	0.2	external	extended_transfer	external_full_3_anchor_weights	NA	NA	NA
GSE264344	GSE264344_design__T=dLN__H=72__B=NA__G=delivery_ad5__VS=baseline_0	<upstream_project_root>/00_metadata/verified_metadata/splited/GSE264344_design/GSE264344_design__T=dLN__H=72__B=NA__G=delivery_ad5__VS=baseline_0.tsv	TRUE	NA	delivery_ad5__vs__baseline_0	baseline_0	dLN	72	10	10	5	5	1	0.8463191788501737	1.1896496778997443	0.3433304990495706	0.7250362079298559	1.1856474008955389	0.460611192965683	0.8	lfc0.25_k3_fdr0.2	0.25	3	0.2	external	extended_transfer	external_full_3_anchor_weights	NA	NA	NA
GSE264344	GSE264344_design__T=Muscle__H=72__B=NA__G=delivery_ad26__VS=baseline_0	<upstream_project_root>/00_metadata/verified_metadata/splited/GSE264344_design/GSE264344_design__T=Muscle__H=72__B=NA__G=delivery_ad26__VS=baseline_0.tsv	TRUE	NA	delivery_ad26__vs__baseline_0	baseline_0	Muscle	72	10	10	5	5	1	-1.3146773465120223	-0.2895988308701169	1.0250785156419053	-1.2472647377923942	-0.11292610036652816	1.1343386374258662	0.96	lfc0.25_k3_fdr0.2	0.25	3	0.2	external	extended_transfer	external_full_3_anchor_weights	NA	NA	NA
GSE264344	GSE264344_design__T=Muscle__H=72__B=NA__G=delivery_ad5__VS=baseline_0	<upstream_project_root>/00_metadata/verified_metadata/splited/GSE264344_design/GSE264344_design__T=Muscle__H=72__B=NA__G=delivery_ad5__VS=baseline_0.tsv	TRUE	NA	delivery_ad5__vs__baseline_0	baseline_0	Muscle	72	10	10	5	5	1	-1.3146773465120223	0.10189838516887818	1.4165757316809005	-1.2472647377923942	-0.11841939295141908	1.1288453448409752	1	lfc0.25_k3_fdr0.2	0.25	3	0.2	external	extended_transfer	external_full_3_anchor_weights	NA	NA	NA
GSE279372	GSE279372_design__T=draining_lymph_nodes__H=24__B=NA__G=delivery_1000_g_lnps_injected__VS=baseline_0	<upstream_project_root>/00_metadata/verified_metadata/splited/GSE279372_design/GSE279372_design__T=draining_lymph_nodes__H=24__B=NA__G=delivery_1000_g_lnps_injected__VS=baseline_0.tsv	TRUE	NA	delivery_1000_g_lnps_injected__vs__baseline_0	baseline_0	draining lymph nodes	24	8	8	4	4	1	2.7755575615628914e-17	33.4590321896383	33.4590321896383	0.08557248318950977	33.40081620426037	33.315243721070864	1	lfc0.25_k3_fdr0.2	0.25	3	0.2	calibration	acute_main	external_full_3_anchor_weights	NA	NA	NA
GSE279372	GSE279372_design__T=draining_lymph_nodes__H=24__B=NA__G=delivery_250_g_alum_injected__VS=baseline_0	<upstream_project_root>/00_metadata/verified_metadata/splited/GSE279372_design/GSE279372_design__T=draining_lymph_nodes__H=24__B=NA__G=delivery_250_g_alum_injected__VS=baseline_0.tsv	TRUE	NA	delivery_250_g_alum_injected__vs__baseline_0	baseline_0	draining lymph nodes	24	8	8	4	4	1	2.7755575615628914e-17	-0.5680663631727134	-0.5680663631727134	0.08557248318950977	-0.3954570273113746	-0.4810295105008844	0.375	lfc0.25_k3_fdr0.2	0.25	3	0.2	calibration	acute_main	external_full_3_anchor_weights	NA	NA	NA
GSE279372	GSE279372_design__T=draining_lymph_nodes__H=24__B=NA__G=delivery_5_g_gi_1_gii_4_vlp__VS=baseline_0	<upstream_project_root>/00_metadata/verified_metadata/splited/GSE279372_design/GSE279372_design__T=draining_lymph_nodes__H=24__B=NA__G=delivery_5_g_gi_1_gii_4_vlp__VS=baseline_0.tsv	TRUE	NA	delivery_5_g_gi_1_gii_4_vlp__vs__baseline_0	baseline_0	draining lymph nodes	24	8	8	4	4	1	2.7755575615628914e-17	2.975936611513794	2.975936611513794	0.08557248318950977	2.91223889940969	2.8266664162201804	1	lfc0.25_k3_fdr0.2	0.25	3	0.2	calibration	acute_main	external_full_3_anchor_weights	NA	NA	NA
GSE279372	GSE279372_design__T=draining_lymph_nodes__H=24__B=NA__G=GID00110503__VS=baseline_0	<upstream_project_root>/00_metadata/verified_metadata/splited/GSE279372_design/GSE279372_design__T=draining_lymph_nodes__H=24__B=NA__G=GID00110503__VS=baseline_0.tsv	TRUE	NA	delivery_250_g_alum_5_g_gi_1_gii_4_vlp_injected__vs__baseline_0	baseline_0	draining lymph nodes	24	8	8	4	4	1	2.7755575615628914e-17	0.44987848788004214	0.44987848788004214	0.08557248318950977	0.16382639532363275	0.07825391213412297	0.625	lfc0.25_k3_fdr0.2	0.25	3	0.2	calibration	acute_main	external_full_3_anchor_weights	NA	NA	NA
GSE279372	GSE279372_design__T=draining_lymph_nodes__H=24__B=NA__G=GID00110754__VS=baseline_0	<upstream_project_root>/00_metadata/verified_metadata/splited/GSE279372_design/GSE279372_design__T=draining_lymph_nodes__H=24__B=NA__G=GID00110754__VS=baseline_0.tsv	TRUE	NA	delivery_125_g_lnps_5_g_gi_1_gii_4_vlp_injected__vs__baseline_0	baseline_0	draining lymph nodes	24	8	8	4	4	1	2.7755575615628914e-17	25.730994741265214	25.730994741265214	0.08557248318950977	26.78934899528336	26.70377651209385	1	lfc0.25_k3_fdr0.2	0.25	3	0.2	calibration	acute_main	external_full_3_anchor_weights	NA	NA	NA
GSE279372	GSE279372_design__T=draining_lymph_nodes__H=24__B=NA__G=GID00114748__VS=baseline_0	<upstream_project_root>/00_metadata/verified_metadata/splited/GSE279372_design/GSE279372_design__T=draining_lymph_nodes__H=24__B=NA__G=GID00114748__VS=baseline_0.tsv	TRUE	NA	delivery_1000_g_lnps_5_g_gi_1_gii_4_vlp_injected__vs__baseline_0	baseline_0	draining lymph nodes	24	8	8	4	4	1	2.7755575615628914e-17	35.03409639204309	35.03409639204309	0.08557248318950977	34.81511797165109	34.72954548846158	1	lfc0.25_k3_fdr0.2	0.25	3	0.2	calibration	acute_main	external_full_3_anchor_weights	NA	NA	NA
GSE279743	GSE279743_design__T=Lymph_Node__H=6__B=NA__G=delivery_vaccination_with_sm102__VS=baseline_0	<upstream_project_root>/00_metadata/verified_metadata/splited/GSE279743_design/GSE279743_design__T=Lymph_Node__H=6__B=NA__G=delivery_vaccination_with_sm102__VS=baseline_0.tsv	TRUE	NA	delivery_vaccination_with_sm102__vs__baseline_0	baseline_0	Lymph Node	6	6	6	3	3	1	0	14.426367951975292	14.426367951975292	-0.37833191518055553	15.420208686708259	15.798540601888813	1	lfc0.25_k3_fdr0.2	0.25	3	0.2	external	acute_main	external_full_3_anchor_weights	NA	NA	NA
GSE279743	GSE279743_design__T=Lymph_Node__H=6__B=NA__G=delivery_vaccination_with_ssop__VS=baseline_0	<upstream_project_root>/00_metadata/verified_metadata/splited/GSE279743_design/GSE279743_design__T=Lymph_Node__H=6__B=NA__G=delivery_vaccination_with_ssop__VS=baseline_0.tsv	TRUE	NA	delivery_vaccination_with_ssop__vs__baseline_0	baseline_0	Lymph Node	6	6	6	3	3	1	0	2.1122781220688087	2.1122781220688087	-0.37833191518055553	2.2515829605242725	2.629914875704828	0.8888888888888888	lfc0.25_k3_fdr0.2	0.25	3	0.2	external	acute_main	external_full_3_anchor_weights	NA	NA	NA
GSE279744	GSE279744_design__T=lymph_node__H=6__B=NA__G=delivery_vaccination_with_sm102__VS=baseline_0	<upstream_project_root>/00_metadata/verified_metadata/splited/GSE279744_design/GSE279744_design__T=lymph_node__H=6__B=NA__G=delivery_vaccination_with_sm102__VS=baseline_0.tsv	TRUE	NA	delivery_vaccination_with_sm102__vs__baseline_0	baseline_0	lymph node	6	6	6	3	3	1	0	59.22133147825215	59.22133147825215	0.20740720047966565	58.397735114392326	58.19032791391266	1	lfc0.25_k3_fdr0.2	0.25	3	0.2	calibration	acute_main	external_full_3_anchor_weights	NA	NA	NA
GSE279744	GSE279744_design__T=lymph_node__H=6__B=NA__G=delivery_vaccination_with_ssop__VS=baseline_0	<upstream_project_root>/00_metadata/verified_metadata/splited/GSE279744_design/GSE279744_design__T=lymph_node__H=6__B=NA__G=delivery_vaccination_with_ssop__VS=baseline_0.tsv	TRUE	NA	delivery_vaccination_with_ssop__vs__baseline_0	baseline_0	lymph node	6	6	6	3	3	1	0	12.680221725527568	12.680221725527568	0.20740720047966565	13.06333081655861	12.855923616078943	1	lfc0.25_k3_fdr0.2	0.25	3	0.2	calibration	acute_main	external_full_3_anchor_weights	NA	NA	NA
GSE314070	GSE314070_design__T=small_intestine__H=336__B=NA__G=delivery_am80_lnp__VS=baseline_0	<upstream_project_root>/00_metadata/verified_metadata/splited/GSE314070_design/GSE314070_design__T=small_intestine__H=336__B=NA__G=delivery_am80_lnp__VS=baseline_0.tsv	TRUE	NA	delivery_am80_lnp__vs__baseline_0	baseline_0	small intestine	336	6	6	3	3	1	-5.551115123125783e-17	5.594392206959373	5.594392206959373	0.39882349419261603	6.990676712499756	6.59185321830714	0.6666666666666666	lfc0.25_k3_fdr0.2	0.25	3	0.2	external	extended_transfer	external_full_3_anchor_weights	NA	NA	NA
GSE314070	GSE314070_design__T=small_intestine__H=336__B=NA__G=delivery_sm102_lnp__VS=baseline_0	<upstream_project_root>/00_metadata/verified_metadata/splited/GSE314070_design/GSE314070_design__T=small_intestine__H=336__B=NA__G=delivery_sm102_lnp__VS=baseline_0.tsv	TRUE	NA	delivery_sm102_lnp__vs__baseline_0	baseline_0	small intestine	336	6	6	3	3	1	-5.551115123125783e-17	-1.5662775045850208	-1.5662775045850208	0.39882349419261603	-1.6203986726335784	-2.0192221668261943	0.3333333333333333	lfc0.25_k3_fdr0.2	0.25	3	0.2	external	extended_transfer	external_full_3_anchor_weights	NA	NA	NA
GSE264344	GSE264344_design__T=Blood__H=1__B=NA__G=delivery_ad26__VS=baseline_0	<upstream_project_root>/00_metadata/verified_metadata/splited/GSE264344_design/GSE264344_design__T=Blood__H=1__B=NA__G=delivery_ad26__VS=baseline_0.tsv	TRUE	NA	delivery_ad26__vs__baseline_0	baseline_0	Blood	1	10	10	5	5	1	0.4633819284689824	0.579876530595198	0.11649460212621554	0.4909391634096711	0.5773115234318466	0.08637236002217547	0.7200000000000001	lfc0.25_k3_fdr0.2	0.25	3	0.2	anchor	acute_main	loao_2_anchor_weights	GSE264344	GSE39129;GSE167521	1113
GSE264344	GSE264344_design__T=Blood__H=1__B=NA__G=delivery_ad5__VS=baseline_0	<upstream_project_root>/00_metadata/verified_metadata/splited/GSE264344_design/GSE264344_design__T=Blood__H=1__B=NA__G=delivery_ad5__VS=baseline_0.tsv	TRUE	NA	delivery_ad5__vs__baseline_0	baseline_0	Blood	1	10	10	5	5	1	0.4633819284689824	0.6814534079949952	0.2180714795260128	0.4909391634096711	0.68691565742093	0.19597649401125888	0.96	lfc0.25_k3_fdr0.2	0.25	3	0.2	anchor	acute_main	loao_2_anchor_weights	GSE264344	GSE39129;GSE167521	1113
GSE264344	GSE264344_design__T=Blood__H=12__B=NA__G=delivery_ad26__VS=baseline_0	<upstream_project_root>/00_metadata/verified_metadata/splited/GSE264344_design/GSE264344_design__T=Blood__H=12__B=NA__G=delivery_ad26__VS=baseline_0.tsv	TRUE	NA	delivery_ad26__vs__baseline_0	baseline_0	Blood	12	10	10	5	5	1	0.4633819284689824	2.973685446750285	2.5103035182813027	0.4909391634096711	2.897560718919775	2.406621555510104	1	lfc0.25_k3_fdr0.2	0.25	3	0.2	anchor	acute_main	loao_2_anchor_weights	GSE264344	GSE39129;GSE167521	1113
GSE264344	GSE264344_design__T=Blood__H=12__B=NA__G=delivery_ad5__VS=baseline_0	<upstream_project_root>/00_metadata/verified_metadata/splited/GSE264344_design/GSE264344_design__T=Blood__H=12__B=NA__G=delivery_ad5__VS=baseline_0.tsv	TRUE	NA	delivery_ad5__vs__baseline_0	baseline_0	Blood	12	10	10	5	5	1	0.4633819284689824	1.8808322469486853	1.417450318479703	0.4909391634096711	1.9421185367548526	1.4511793733451814	1	lfc0.25_k3_fdr0.2	0.25	3	0.2	anchor	acute_main	loao_2_anchor_weights	GSE264344	GSE39129;GSE167521	1113
GSE264344	GSE264344_design__T=Blood__H=24__B=NA__G=delivery_ad26__VS=baseline_0	<upstream_project_root>/00_metadata/verified_metadata/splited/GSE264344_design/GSE264344_design__T=Blood__H=24__B=NA__G=delivery_ad26__VS=baseline_0.tsv	TRUE	NA	delivery_ad26__vs__baseline_0	baseline_0	Blood	24	10	10	5	5	1	0.4633819284689824	1.9341832557917022	1.4708013273227198	0.4909391634096711	1.9887917360862988	1.4978525726766276	1	lfc0.25_k3_fdr0.2	0.25	3	0.2	anchor	acute_main	loao_2_anchor_weights	GSE264344	GSE39129;GSE167521	1113
GSE264344	GSE264344_design__T=Blood__H=24__B=NA__G=delivery_ad5__VS=baseline_0	<upstream_project_root>/00_metadata/verified_metadata/splited/GSE264344_design/GSE264344_design__T=Blood__H=24__B=NA__G=delivery_ad5__VS=baseline_0.tsv	TRUE	NA	delivery_ad5__vs__baseline_0	baseline_0	Blood	24	10	10	5	5	1	0.4633819284689824	1.1386256950401228	0.6752437665711404	0.4909391634096711	1.0811213513742761	0.590182187964605	1	lfc0.25_k3_fdr0.2	0.25	3	0.2	anchor	acute_main	loao_2_anchor_weights	GSE264344	GSE39129;GSE167521	1113
GSE264344	GSE264344_design__T=Blood__H=3__B=NA__G=delivery_ad26__VS=baseline_0	<upstream_project_root>/00_metadata/verified_metadata/splited/GSE264344_design/GSE264344_design__T=Blood__H=3__B=NA__G=delivery_ad26__VS=baseline_0.tsv	TRUE	NA	delivery_ad26__vs__baseline_0	baseline_0	Blood	3	10	10	5	5	1	0.4633819284689824	2.5157506693306657	2.0523687408616835	0.4909391634096711	2.5714154719245146	2.0804763085148434	1	lfc0.25_k3_fdr0.2	0.25	3	0.2	anchor	acute_main	loao_2_anchor_weights	GSE264344	GSE39129;GSE167521	1113
GSE264344	GSE264344_design__T=Blood__H=3__B=NA__G=delivery_ad5__VS=baseline_0	<upstream_project_root>/00_metadata/verified_metadata/splited/GSE264344_design/GSE264344_design__T=Blood__H=3__B=NA__G=delivery_ad5__VS=baseline_0.tsv	TRUE	NA	delivery_ad5__vs__baseline_0	baseline_0	Blood	3	10	10	5	5	1	0.4633819284689824	1.0850823780793495	0.6217004496103671	0.4909391634096711	1.0826991952953147	0.5917600318856435	1	lfc0.25_k3_fdr0.2	0.25	3	0.2	anchor	acute_main	loao_2_anchor_weights	GSE264344	GSE39129;GSE167521	1113
GSE264344	GSE264344_design__T=Blood__H=6__B=NA__G=delivery_ad26__VS=baseline_0	<upstream_project_root>/00_metadata/verified_metadata/splited/GSE264344_design/GSE264344_design__T=Blood__H=6__B=NA__G=delivery_ad26__VS=baseline_0.tsv	TRUE	NA	delivery_ad26__vs__baseline_0	baseline_0	Blood	6	10	10	5	5	1	0.4633819284689824	2.3933256991575096	1.9299437706885272	0.4909391634096711	2.443878421551373	1.952939258141702	1	lfc0.25_k3_fdr0.2	0.25	3	0.2	anchor	acute_main	loao_2_anchor_weights	GSE264344	GSE39129;GSE167521	1113
GSE264344	GSE264344_design__T=Blood__H=6__B=NA__G=delivery_ad5__VS=baseline_0	<upstream_project_root>/00_metadata/verified_metadata/splited/GSE264344_design/GSE264344_design__T=Blood__H=6__B=NA__G=delivery_ad5__VS=baseline_0.tsv	TRUE	NA	delivery_ad5__vs__baseline_0	baseline_0	Blood	6	10	10	5	5	1	0.4633819284689824	3.142902837077767	2.679520908608785	0.4909391634096711	3.344957982597078	2.8540188191874067	1	lfc0.25_k3_fdr0.2	0.25	3	0.2	anchor	acute_main	loao_2_anchor_weights	GSE264344	GSE39129;GSE167521	1113
GSE264344	GSE264344_design__T=dLN__H=1__B=NA__G=delivery_ad26__VS=baseline_0	<upstream_project_root>/00_metadata/verified_metadata/splited/GSE264344_design/GSE264344_design__T=dLN__H=1__B=NA__G=delivery_ad26__VS=baseline_0.tsv	TRUE	NA	delivery_ad26__vs__baseline_0	baseline_0	dLN	1	10	10	5	5	1	0.8655295070681578	1.1320008611434793	0.2664713540753215	0.7820745670683297	1.0146982957990216	0.23262372873069193	0.8400000000000001	lfc0.25_k3_fdr0.2	0.25	3	0.2	anchor	acute_main	loao_2_anchor_weights	GSE264344	GSE39129;GSE167521	1113
GSE264344	GSE264344_design__T=dLN__H=1__B=NA__G=delivery_ad5__VS=baseline_0	<upstream_project_root>/00_metadata/verified_metadata/splited/GSE264344_design/GSE264344_design__T=dLN__H=1__B=NA__G=delivery_ad5__VS=baseline_0.tsv	TRUE	NA	delivery_ad5__vs__baseline_0	baseline_0	dLN	1	10	10	5	5	1	0.8655295070681578	1.3490656294710903	0.48353612240293253	0.7820745670683297	1.3308298792959565	0.5487553122276269	0.96	lfc0.25_k3_fdr0.2	0.25	3	0.2	anchor	acute_main	loao_2_anchor_weights	GSE264344	GSE39129;GSE167521	1113
GSE264344	GSE264344_design__T=dLN__H=12__B=NA__G=delivery_ad26__VS=baseline_0	<upstream_project_root>/00_metadata/verified_metadata/splited/GSE264344_design/GSE264344_design__T=dLN__H=12__B=NA__G=delivery_ad26__VS=baseline_0.tsv	TRUE	NA	delivery_ad26__vs__baseline_0	baseline_0	dLN	12	10	10	5	5	1	0.8655295070681578	4.068101920811074	3.2025724137429163	0.7820745670683297	4.054512993924872	3.2724384268565423	1	lfc0.25_k3_fdr0.2	0.25	3	0.2	anchor	acute_main	loao_2_anchor_weights	GSE264344	GSE39129;GSE167521	1113
GSE264344	GSE264344_design__T=dLN__H=12__B=NA__G=delivery_ad5__VS=baseline_0	<upstream_project_root>/00_metadata/verified_metadata/splited/GSE264344_design/GSE264344_design__T=dLN__H=12__B=NA__G=delivery_ad5__VS=baseline_0.tsv	TRUE	NA	delivery_ad5__vs__baseline_0	baseline_0	dLN	12	10	10	5	5	1	0.8655295070681578	3.451161171517693	2.585631664449535	0.7820745670683297	3.4555269426057462	2.6734523755374164	1	lfc0.25_k3_fdr0.2	0.25	3	0.2	anchor	acute_main	loao_2_anchor_weights	GSE264344	GSE39129;GSE167521	1113
GSE264344	GSE264344_design__T=dLN__H=24__B=NA__G=delivery_ad26__VS=baseline_0	<upstream_project_root>/00_metadata/verified_metadata/splited/GSE264344_design/GSE264344_design__T=dLN__H=24__B=NA__G=delivery_ad26__VS=baseline_0.tsv	TRUE	NA	delivery_ad26__vs__baseline_0	baseline_0	dLN	24	10	10	5	5	1	0.8655295070681578	2.7088503993795627	1.843320892311405	0.7820745670683297	2.5432541294822872	1.7611795624139575	1	lfc0.25_k3_fdr0.2	0.25	3	0.2	anchor	acute_main	loao_2_anchor_weights	GSE264344	GSE39129;GSE167521	1113
GSE264344	GSE264344_design__T=dLN__H=24__B=NA__G=delivery_ad5__VS=baseline_0	<upstream_project_root>/00_metadata/verified_metadata/splited/GSE264344_design/GSE264344_design__T=dLN__H=24__B=NA__G=delivery_ad5__VS=baseline_0.tsv	TRUE	NA	delivery_ad5__vs__baseline_0	baseline_0	dLN	24	10	10	5	5	1	0.8655295070681578	2.2635646162026504	1.3980351091344927	0.7820745670683297	2.2597832617562337	1.477708694687904	1	lfc0.25_k3_fdr0.2	0.25	3	0.2	anchor	acute_main	loao_2_anchor_weights	GSE264344	GSE39129;GSE167521	1113
GSE264344	GSE264344_design__T=dLN__H=3__B=NA__G=delivery_ad26__VS=baseline_0	<upstream_project_root>/00_metadata/verified_metadata/splited/GSE264344_design/GSE264344_design__T=dLN__H=3__B=NA__G=delivery_ad26__VS=baseline_0.tsv	TRUE	NA	delivery_ad26__vs__baseline_0	baseline_0	dLN	3	10	10	5	5	1	0.8655295070681578	3.4300565390798217	2.564527032011664	0.7820745670683297	3.349295881988193	2.567221314919863	1	lfc0.25_k3_fdr0.2	0.25	3	0.2	anchor	acute_main	loao_2_anchor_weights	GSE264344	GSE39129;GSE167521	1113
GSE264344	GSE264344_design__T=dLN__H=3__B=NA__G=delivery_ad5__VS=baseline_0	<upstream_project_root>/00_metadata/verified_metadata/splited/GSE264344_design/GSE264344_design__T=dLN__H=3__B=NA__G=delivery_ad5__VS=baseline_0.tsv	TRUE	NA	delivery_ad5__vs__baseline_0	baseline_0	dLN	3	10	10	5	5	1	0.8655295070681578	2.439024529507313	1.5734950224391553	0.7820745670683297	2.4755679872458933	1.6934934201775635	1	lfc0.25_k3_fdr0.2	0.25	3	0.2	anchor	acute_main	loao_2_anchor_weights	GSE264344	GSE39129;GSE167521	1113
GSE264344	GSE264344_design__T=dLN__H=6__B=NA__G=delivery_ad26__VS=baseline_0	<upstream_project_root>/00_metadata/verified_metadata/splited/GSE264344_design/GSE264344_design__T=dLN__H=6__B=NA__G=delivery_ad26__VS=baseline_0.tsv	TRUE	NA	delivery_ad26__vs__baseline_0	baseline_0	dLN	6	10	10	5	5	1	0.8655295070681578	4.141190998943099	3.275661491874941	0.7820745670683297	4.147653403967689	3.365578836899359	1	lfc0.25_k3_fdr0.2	0.25	3	0.2	anchor	acute_main	loao_2_anchor_weights	GSE264344	GSE39129;GSE167521	1113
GSE264344	GSE264344_design__T=dLN__H=6__B=NA__G=delivery_ad5__VS=baseline_0	<upstream_project_root>/00_metadata/verified_metadata/splited/GSE264344_design/GSE264344_design__T=dLN__H=6__B=NA__G=delivery_ad5__VS=baseline_0.tsv	TRUE	NA	delivery_ad5__vs__baseline_0	baseline_0	dLN	6	10	10	5	5	1	0.8655295070681578	3.7641621384295294	2.8986326313613717	0.7820745670683297	3.9844593069274077	3.202384739859078	1	lfc0.25_k3_fdr0.2	0.25	3	0.2	anchor	acute_main	loao_2_anchor_weights	GSE264344	GSE39129;GSE167521	1113
GSE264344	GSE264344_design__T=Muscle__H=1__B=NA__G=delivery_ad26__VS=baseline_0	<upstream_project_root>/00_metadata/verified_metadata/splited/GSE264344_design/GSE264344_design__T=Muscle__H=1__B=NA__G=delivery_ad26__VS=baseline_0.tsv	TRUE	NA	delivery_ad26__vs__baseline_0	baseline_0	Muscle	1	10	10	5	5	1	-1.3289114355371403	-0.6531836721737962	0.6757277633633441	-1.2805410809889746	-0.6584145906326734	0.6221264903563012	1	lfc0.25_k3_fdr0.2	0.25	3	0.2	anchor	acute_main	loao_2_anchor_weights	GSE264344	GSE39129;GSE167521	1113
GSE264344	GSE264344_design__T=Muscle__H=1__B=NA__G=delivery_ad5__VS=baseline_0	<upstream_project_root>/00_metadata/verified_metadata/splited/GSE264344_design/GSE264344_design__T=Muscle__H=1__B=NA__G=delivery_ad5__VS=baseline_0.tsv	TRUE	NA	delivery_ad5__vs__baseline_0	baseline_0	Muscle	1	10	10	5	5	1	-1.3289114355371403	-0.650905405840431	0.6780060296967093	-1.2805410809889746	-0.6223688544546283	0.6581722265343463	1	lfc0.25_k3_fdr0.2	0.25	3	0.2	anchor	acute_main	loao_2_anchor_weights	GSE264344	GSE39129;GSE167521	1113
GSE264344	GSE264344_design__T=Muscle__H=12__B=NA__G=delivery_ad26__VS=baseline_0	<upstream_project_root>/00_metadata/verified_metadata/splited/GSE264344_design/GSE264344_design__T=Muscle__H=12__B=NA__G=delivery_ad26__VS=baseline_0.tsv	TRUE	NA	delivery_ad26__vs__baseline_0	baseline_0	Muscle	12	10	10	5	5	1	-1.3289114355371403	1.1680669874496292	2.4969784229867695	-1.2805410809889746	1.265629956430596	2.5461710374195707	1	lfc0.25_k3_fdr0.2	0.25	3	0.2	anchor	acute_main	loao_2_anchor_weights	GSE264344	GSE39129;GSE167521	1113
GSE264344	GSE264344_design__T=Muscle__H=12__B=NA__G=delivery_ad5__VS=baseline_0	<upstream_project_root>/00_metadata/verified_metadata/splited/GSE264344_design/GSE264344_design__T=Muscle__H=12__B=NA__G=delivery_ad5__VS=baseline_0.tsv	TRUE	NA	delivery_ad5__vs__baseline_0	baseline_0	Muscle	12	10	10	5	5	1	-1.3289114355371403	1.4136169795284403	2.7425284150655806	-1.2805410809889746	1.5003051547643882	2.780846235753363	1	lfc0.25_k3_fdr0.2	0.25	3	0.2	anchor	acute_main	loao_2_anchor_weights	GSE264344	GSE39129;GSE167521	1113
GSE264344	GSE264344_design__T=Muscle__H=24__B=NA__G=delivery_ad26__VS=baseline_0	<upstream_project_root>/00_metadata/verified_metadata/splited/GSE264344_design/GSE264344_design__T=Muscle__H=24__B=NA__G=delivery_ad26__VS=baseline_0.tsv	TRUE	NA	delivery_ad26__vs__baseline_0	baseline_0	Muscle	24	10	10	5	5	1	-1.3289114355371403	0.76007164503869	2.0889830805758303	-1.2805410809889746	0.959206206657023	2.2397472876459976	1	lfc0.25_k3_fdr0.2	0.25	3	0.2	anchor	acute_main	loao_2_anchor_weights	GSE264344	GSE39129;GSE167521	1113
GSE264344	GSE264344_design__T=Muscle__H=24__B=NA__G=delivery_ad5__VS=baseline_0	<upstream_project_root>/00_metadata/verified_metadata/splited/GSE264344_design/GSE264344_design__T=Muscle__H=24__B=NA__G=delivery_ad5__VS=baseline_0.tsv	TRUE	NA	delivery_ad5__vs__baseline_0	baseline_0	Muscle	24	10	10	5	5	1	-1.3289114355371403	0.7618141006677501	2.09072553620489	-1.2805410809889746	1.0824339478695824	2.362975028858557	1	lfc0.25_k3_fdr0.2	0.25	3	0.2	anchor	acute_main	loao_2_anchor_weights	GSE264344	GSE39129;GSE167521	1113
GSE264344	GSE264344_design__T=Muscle__H=3__B=NA__G=delivery_ad26__VS=baseline_0	<upstream_project_root>/00_metadata/verified_metadata/splited/GSE264344_design/GSE264344_design__T=Muscle__H=3__B=NA__G=delivery_ad26__VS=baseline_0.tsv	TRUE	NA	delivery_ad26__vs__baseline_0	baseline_0	Muscle	3	10	10	5	5	1	-1.3289114355371403	0.8397210171321375	2.1686324526692777	-1.2805410809889746	1.069056127258361	2.3495972082473355	1	lfc0.25_k3_fdr0.2	0.25	3	0.2	anchor	acute_main	loao_2_anchor_weights	GSE264344	GSE39129;GSE167521	1113
GSE264344	GSE264344_design__T=Muscle__H=3__B=NA__G=delivery_ad5__VS=baseline_0	<upstream_project_root>/00_metadata/verified_metadata/splited/GSE264344_design/GSE264344_design__T=Muscle__H=3__B=NA__G=delivery_ad5__VS=baseline_0.tsv	TRUE	NA	delivery_ad5__vs__baseline_0	baseline_0	Muscle	3	10	10	5	5	1	-1.3289114355371403	0.2723586495744094	1.6012700851115498	-1.2805410809889746	0.44668351226198083	1.7272245932509553	1	lfc0.25_k3_fdr0.2	0.25	3	0.2	anchor	acute_main	loao_2_anchor_weights	GSE264344	GSE39129;GSE167521	1113
GSE264344	GSE264344_design__T=Muscle__H=6__B=NA__G=delivery_ad26__VS=baseline_0	<upstream_project_root>/00_metadata/verified_metadata/splited/GSE264344_design/GSE264344_design__T=Muscle__H=6__B=NA__G=delivery_ad26__VS=baseline_0.tsv	TRUE	NA	delivery_ad26__vs__baseline_0	baseline_0	Muscle	6	10	10	5	5	1	-1.3289114355371403	1.2412067308048043	2.5701181663419446	-1.2805410809889746	0.9872669610188382	2.267808042007813	1	lfc0.25_k3_fdr0.2	0.25	3	0.2	anchor	acute_main	loao_2_anchor_weights	GSE264344	GSE39129;GSE167521	1113
GSE264344	GSE264344_design__T=Muscle__H=6__B=NA__G=delivery_ad5__VS=baseline_0	<upstream_project_root>/00_metadata/verified_metadata/splited/GSE264344_design/GSE264344_design__T=Muscle__H=6__B=NA__G=delivery_ad5__VS=baseline_0.tsv	TRUE	NA	delivery_ad5__vs__baseline_0	baseline_0	Muscle	6	10	10	5	5	1	-1.3289114355371403	1.3659046475329366	2.694816083070077	-1.2805410809889746	1.5788916178680206	2.8594326988569954	1	lfc0.25_k3_fdr0.2	0.25	3	0.2	anchor	acute_main	loao_2_anchor_weights	GSE264344	GSE39129;GSE167521	1113
GSE39129	GSE39129_design__T=liver__H=4__B=NA__G=delivery_lentiviral_vector_lv__VS=delivery_none	<upstream_project_root>/00_metadata/verified_metadata/splited/GSE39129_design/GSE39129_design__T=liver__H=4__B=NA__G=delivery_lentiviral_vector_lv__VS=delivery_none.tsv	TRUE	NA	delivery_lentiviral_vector_lv___vs__delivery_none	delivery_none	liver	4	6	6	3	3	1	-3.700743415417188e-17	59.28483688164171	59.28483688164171	0.4551586794708735	62.54743837734188	62.092279697871	1	lfc0.25_k3_fdr0.2	0.25	3	0.2	anchor	acute_main	loao_2_anchor_weights	GSE39129	GSE264344;GSE167521	1371
GSE167521	GSE167521_design__T=skin__H=24__B=NA__G=delivery_lnp__VS=baseline_0	<upstream_project_root>/00_metadata/verified_metadata/splited/GSE167521_design/GSE167521_design__T=skin__H=24__B=NA__G=delivery_lnp__VS=baseline_0.tsv	TRUE	NA	delivery_lnp__vs__baseline_0	baseline_0	skin	24	8	8	4	4	1	5.898059818321144e-17	10.925975251468476	10.925975251468476	0.08181673001517908	10.782439824724698	10.700623094709519	1	lfc0.25_k3_fdr0.2	0.25	3	0.2	anchor	acute_main	loao_2_anchor_weights	GSE167521	GSE264344;GSE39129	868
GSE119119	GSE119119_design__T=whole_liver__H=4__B=NA__G=GID00069418__VS=WT_uninfected_whole_liver	<upstream_project_root>/00_metadata/verified_metadata/splited/GSE119119_design/GSE119119_design__T=whole_liver__H=4__B=NA__G=GID00069418__VS=WT_uninfected_whole_liver.tsv	TRUE	NA	WT_virus_plus_rh9C12_H433A_whole_liver__vs__WT_uninfected_whole_liver	WT_uninfected_whole_liver	whole liver	4	8	8	4	4	1	-0.3075444212633136	12.03123781758191	12.338782238845225	-0.34455233415197567	12.14767782545892	12.492230159610896	1	lfc0.5_k2_fdr0.05	0.5	2	0.05	external	acute_main	external_full_3_anchor_weights	NA	NA	NA
GSE119119	GSE119119_design__T=whole_liver__H=4__B=NA__G=GID00088542__VS=TRIM21_KO_uninfected_whole_liver	<upstream_project_root>/00_metadata/verified_metadata/splited/GSE119119_design/GSE119119_design__T=whole_liver__H=4__B=NA__G=GID00088542__VS=TRIM21_KO_uninfected_whole_liver.tsv	TRUE	NA	TRIM21_KO_virus_plus_rh9C12_WT_whole_liver__vs__TRIM21_KO_uninfected_whole_liver	TRIM21_KO_uninfected_whole_liver	whole liver	4	8	8	4	4	1	0.3075444212633136	11.463165729291742	11.155621308028428	0.40854919785431837	12.067560929110705	11.659011731256387	1	lfc0.5_k2_fdr0.05	0.5	2	0.05	external	acute_main	external_full_3_anchor_weights	NA	NA	NA
GSE119119	GSE119119_design__T=whole_liver__H=4__B=NA__G=GID00096342__VS=TRIM21_KO_uninfected_whole_liver	<upstream_project_root>/00_metadata/verified_metadata/splited/GSE119119_design/GSE119119_design__T=whole_liver__H=4__B=NA__G=GID00096342__VS=TRIM21_KO_uninfected_whole_liver.tsv	TRUE	NA	TRIM21_KO_virus_plus_rh9C12_H433A_whole_liver__vs__TRIM21_KO_uninfected_whole_liver	TRIM21_KO_uninfected_whole_liver	whole liver	4	8	8	4	4	1	0.3075444212633136	11.445186239252612	11.137641817989298	0.40854919785431837	11.430394483870833	11.021845286016514	1	lfc0.5_k2_fdr0.05	0.5	2	0.05	external	acute_main	external_full_3_anchor_weights	NA	NA	NA
GSE119119	GSE119119_design__T=whole_liver__H=4__B=NA__G=TRIM21_KO_virus_only_whole_liver__VS=TRIM21_KO_uninfected_whole_liver	<upstream_project_root>/00_metadata/verified_metadata/splited/GSE119119_design/GSE119119_design__T=whole_liver__H=4__B=NA__G=TRIM21_KO_virus_only_whole_liver__VS=TRIM21_KO_uninfected_whole_liver.tsv	TRUE	NA	TRIM21_KO_virus_only_whole_liver__vs__TRIM21_KO_uninfected_whole_liver	TRIM21_KO_uninfected_whole_liver	whole liver	4	8	8	4	4	1	0.3075444212633136	9.94917793190984	9.641633510646527	0.40854919785431837	10.701759178399305	10.293209980544987	1	lfc0.5_k2_fdr0.05	0.5	2	0.05	external	acute_main	external_full_3_anchor_weights	NA	NA	NA
GSE119119	GSE119119_design__T=whole_liver__H=4__B=NA__G=WT_virus_only_whole_liver__VS=WT_uninfected_whole_liver	<upstream_project_root>/00_metadata/verified_metadata/splited/GSE119119_design/GSE119119_design__T=whole_liver__H=4__B=NA__G=WT_virus_only_whole_liver__VS=WT_uninfected_whole_liver.tsv	TRUE	NA	WT_virus_only_whole_liver__vs__WT_uninfected_whole_liver	WT_uninfected_whole_liver	whole liver	4	8	8	4	4	1	-0.3075444212633136	9.42443059260093	9.731975013864243	-0.34455233415197567	8.78014530201288	9.124697636164855	1	lfc0.5_k2_fdr0.05	0.5	2	0.05	external	acute_main	external_full_3_anchor_weights	NA	NA	NA
GSE119119	GSE119119_design__T=whole_liver__H=4__B=NA__G=WT_virus_plus_rh9C12_WT_whole_liver__VS=WT_uninfected_whole_liver	<upstream_project_root>/00_metadata/verified_metadata/splited/GSE119119_design/GSE119119_design__T=whole_liver__H=4__B=NA__G=WT_virus_plus_rh9C12_WT_whole_liver__VS=WT_uninfected_whole_liver.tsv	TRUE	NA	WT_virus_plus_rh9C12_WT_whole_liver__vs__WT_uninfected_whole_liver	WT_uninfected_whole_liver	whole liver	4	8	8	4	4	1	-0.3075444212633136	18.933078743728046	19.24062316499136	-0.34455233415197567	18.950049138867975	19.294601473019952	1	lfc0.5_k2_fdr0.05	0.5	2	0.05	external	acute_main	external_full_3_anchor_weights	NA	NA	NA
GSE139529	GSE139529_design__T=blood__H=24__B=NA__G=ad.mva__VS=none	<upstream_project_root>/00_metadata/verified_metadata/splited/GSE139529_design/GSE139529_design__T=blood__H=24__B=NA__G=ad.mva__VS=none.tsv	TRUE	NA	ad.mva__vs__none	none	blood	24	12	12	6	6	1	9.260893556647018e-18	20.95345117124326	20.95345117124326	-0.010288005344699008	19.913957343428024	19.924245348772722	1	lfc0.5_k2_fdr0.05	0.5	2	0.05	external	acute_main	external_full_3_anchor_weights	NA	NA	NA
GSE139529	GSE139529_design__T=blood__H=24__B=NA__G=ad_empty__VS=none	<upstream_project_root>/00_metadata/verified_metadata/splited/GSE139529_design/GSE139529_design__T=blood__H=24__B=NA__G=ad_empty__VS=none.tsv	TRUE	NA	ad_empty__vs__none	none	blood	24	12	12	6	6	1	9.260893556647018e-18	21.258085282818648	21.258085282818648	-0.010288005344699008	21.624422190003138	21.634710195347836	1	lfc0.5_k2_fdr0.05	0.5	2	0.05	external	acute_main	external_full_3_anchor_weights	NA	NA	NA
GSE139529	GSE139529_design__T=blood__H=24__B=NA__G=ad_fhbp__VS=none	<upstream_project_root>/00_metadata/verified_metadata/splited/GSE139529_design/GSE139529_design__T=blood__H=24__B=NA__G=ad_fhbp__VS=none.tsv	TRUE	NA	ad_fhbp__vs__none	none	blood	24	12	12	6	6	1	9.260893556647018e-18	26.23751429905926	26.23751429905926	-0.010288005344699008	25.98746672917849	25.997754734523188	1	lfc0.5_k2_fdr0.05	0.5	2	0.05	external	acute_main	external_full_3_anchor_weights	NA	NA	NA
GSE139529	GSE139529_design__T=blood__H=24__B=NA__G=ad_pref__VS=none	<upstream_project_root>/00_metadata/verified_metadata/splited/GSE139529_design/GSE139529_design__T=blood__H=24__B=NA__G=ad_pref__VS=none.tsv	TRUE	NA	ad_pref__vs__none	none	blood	24	12	12	6	6	1	9.260893556647018e-18	1.612895406085705	1.612895406085705	-0.010288005344699008	1.9877313910183376	1.9980193963630366	0.6388888888888888	lfc0.5_k2_fdr0.05	0.5	2	0.05	external	acute_main	external_full_3_anchor_weights	NA	NA	NA
GSE139529	GSE139529_design__T=blood__H=24__B=NA__G=mva.ad__VS=none	<upstream_project_root>/00_metadata/verified_metadata/splited/GSE139529_design/GSE139529_design__T=blood__H=24__B=NA__G=mva.ad__VS=none.tsv	TRUE	NA	mva.ad__vs__none	none	blood	24	12	12	6	6	1	9.260893556647018e-18	31.019882174630805	31.019882174630805	-0.010288005344699008	31.0826191593731	31.092907164717797	1	lfc0.5_k2_fdr0.05	0.5	2	0.05	external	acute_main	external_full_3_anchor_weights	NA	NA	NA
GSE139529	GSE139529_design__T=blood__H=24__B=NA__G=mva_fhbp__VS=none	<upstream_project_root>/00_metadata/verified_metadata/splited/GSE139529_design/GSE139529_design__T=blood__H=24__B=NA__G=mva_fhbp__VS=none.tsv	TRUE	NA	mva_fhbp__vs__none	none	blood	24	12	12	6	6	1	9.260893556647018e-18	25.94482160640242	25.94482160640242	-0.010288005344699008	25.451559589034808	25.461847594379506	1	lfc0.5_k2_fdr0.05	0.5	2	0.05	external	acute_main	external_full_3_anchor_weights	NA	NA	NA
GSE166655	GSE166655_design__T=Tibialis_anterior__H=672__B=NA__G=delivery_aav9_ar45__VS=delivery_untreated	<upstream_project_root>/00_metadata/verified_metadata/splited/GSE166655_design/GSE166655_design__T=Tibialis_anterior__H=672__B=NA__G=delivery_aav9_ar45__VS=delivery_untreated.tsv	TRUE	NA	delivery_aav9_ar45__vs__delivery_untreated	delivery_untreated	Tibialis anterior	672	6	6	3	3	1	-1.8494682058981897e-17	7.343531431810039	7.343531431810039	-0.27215834867083405	6.645560446771487	6.917718795442321	1	lfc0.5_k2_fdr0.05	0.5	2	0.05	external	extended_transfer	external_full_3_anchor_weights	NA	NA	NA
GSE166655	GSE166655_design__T=Tibialis_anterior__H=672__B=NA__G=delivery_aav9_gfp__VS=delivery_untreated	<upstream_project_root>/00_metadata/verified_metadata/splited/GSE166655_design/GSE166655_design__T=Tibialis_anterior__H=672__B=NA__G=delivery_aav9_gfp__VS=delivery_untreated.tsv	TRUE	NA	delivery_aav9_gfp__vs__delivery_untreated	delivery_untreated	Tibialis anterior	672	6	6	3	3	1	-1.8494682058981897e-17	4.902451080985847	4.902451080985847	-0.27215834867083405	5.179782509625185	5.451940858296019	1	lfc0.5_k2_fdr0.05	0.5	2	0.05	external	extended_transfer	external_full_3_anchor_weights	NA	NA	NA
GSE178313	GSE178313_design__T=Liver__H=48__B=NA__G=mouse_repopulated_lnp__VS=mouse_repopulated_pbs	<upstream_project_root>/00_metadata/verified_metadata/splited/GSE178313_design/GSE178313_design__T=Liver__H=48__B=NA__G=mouse_repopulated_lnp__VS=mouse_repopulated_pbs.tsv	TRUE	NA	mouse_repopulated_lnp__vs__mouse_repopulated_pbs	mouse_repopulated_pbs	Liver	48	8	8	4	4	1	6.938893903907228e-17	5.781828312420032	5.781828312420032	-0.44680327695448174	4.736883123291098	5.18368640024558	1	lfc0.5_k2_fdr0.05	0.5	2	0.05	external	extended_transfer	external_full_3_anchor_weights	NA	NA	NA
GSE262515_cell_line	GSE262515_cell_line__T=cell_line__H=72__B=NA__G=delivery_tlnp_sihbv_50nm__VS=baseline_0	<upstream_project_root>/00_metadata/verified_metadata/splited/GSE262515_cell_line_design/GSE262515_cell_line__T=cell_line__H=72__B=NA__G=delivery_tlnp_sihbv_50nm__VS=baseline_0.tsv	TRUE	NA	delivery_tlnp_sihbv_50nm__vs__baseline_0	baseline_0	cell line	72	6	6	3	3	1	6.476752727885282e-17	1.871518601487327	1.871518601487327	-0.1494140190520036	1.3000018935928799	1.4494159126448836	1	lfc0.5_k2_fdr0.05	0.5	2	0.05	calibration	extended_transfer	external_full_3_anchor_weights	NA	NA	NA
GSE262515_cell_line	GSE262515_cell_line__T=cell_line__H=72__B=NA__G=delivery_tlnp_sinc_50nm__VS=baseline_0	<upstream_project_root>/00_metadata/verified_metadata/splited/GSE262515_cell_line_design/GSE262515_cell_line__T=cell_line__H=72__B=NA__G=delivery_tlnp_sinc_50nm__VS=baseline_0.tsv	TRUE	NA	delivery_tlnp_sinc_50nm__vs__baseline_0	baseline_0	cell line	72	6	6	3	3	1	6.476752727885282e-17	-2.963283954369073	-2.963283954369073	-0.1494140190520036	-2.848431702627354	-2.69901768357535	0	lfc0.5_k2_fdr0.05	0.5	2	0.05	calibration	extended_transfer	external_full_3_anchor_weights	NA	NA	NA
GSE262515_tissue	GSE262515_tissue__T=tissue__H=72__B=NA__G=delivery_tlnp_sihbv_1mg_kg__VS=baseline_0	<upstream_project_root>/00_metadata/verified_metadata/splited/GSE262515_tissue_design/GSE262515_tissue__T=tissue__H=72__B=NA__G=delivery_tlnp_sihbv_1mg_kg__VS=baseline_0.tsv	TRUE	NA	delivery_tlnp_sihbv_1mg_kg__vs__baseline_0	baseline_0	tissue	72	6	6	3	3	1	4.163336342344337e-17	3.2481522363898288	3.2481522363898288	-0.11458370440846465	3.679894197455711	3.7944779018641754	1	lfc0.5_k2_fdr0.05	0.5	2	0.05	calibration	extended_transfer	external_full_3_anchor_weights	NA	NA	NA
GSE262515_tissue	GSE262515_tissue__T=tissue__H=72__B=NA__G=delivery_tlnp_sihbv_2_5mg_kg__VS=baseline_0	<upstream_project_root>/00_metadata/verified_metadata/splited/GSE262515_tissue_design/GSE262515_tissue__T=tissue__H=72__B=NA__G=delivery_tlnp_sihbv_2_5mg_kg__VS=baseline_0.tsv	TRUE	NA	delivery_tlnp_sihbv_2_5mg_kg__vs__baseline_0	baseline_0	tissue	72	6	6	3	3	1	4.163336342344337e-17	1.81022000338688	1.81022000338688	-0.11458370440846465	2.2078181672185484	2.322401871627013	0.8888888888888888	lfc0.5_k2_fdr0.05	0.5	2	0.05	calibration	extended_transfer	external_full_3_anchor_weights	NA	NA	NA
GSE262515_tissue	GSE262515_tissue__T=tissue__H=72__B=NA__G=delivery_tlnp_sinc_1mg_kg__VS=baseline_0	<upstream_project_root>/00_metadata/verified_metadata/splited/GSE262515_tissue_design/GSE262515_tissue__T=tissue__H=72__B=NA__G=delivery_tlnp_sinc_1mg_kg__VS=baseline_0.tsv	TRUE	NA	delivery_tlnp_sinc_1mg_kg__vs__baseline_0	baseline_0	tissue	72	6	6	3	3	1	4.163336342344337e-17	2.9645778852015288	2.9645778852015288	-0.11458370440846465	2.9099542042889692	3.0245379086974338	1	lfc0.5_k2_fdr0.05	0.5	2	0.05	calibration	extended_transfer	external_full_3_anchor_weights	NA	NA	NA
GSE264344	GSE264344_design__T=Blood__H=72__B=NA__G=delivery_ad26__VS=baseline_0	<upstream_project_root>/00_metadata/verified_metadata/splited/GSE264344_design/GSE264344_design__T=Blood__H=72__B=NA__G=delivery_ad26__VS=baseline_0.tsv	TRUE	NA	delivery_ad26__vs__baseline_0	baseline_0	Blood	72	10	10	5	5	1	0.365291803298994	0.7526174793922217	0.38732567609322766	0.3920672343556938	0.8114200542788419	0.4193528199231481	0.92	lfc0.5_k2_fdr0.05	0.5	2	0.05	external	extended_transfer	external_full_3_anchor_weights	NA	NA	NA
GSE264344	GSE264344_design__T=Blood__H=72__B=NA__G=delivery_ad5__VS=baseline_0	<upstream_project_root>/00_metadata/verified_metadata/splited/GSE264344_design/GSE264344_design__T=Blood__H=72__B=NA__G=delivery_ad5__VS=baseline_0.tsv	TRUE	NA	delivery_ad5__vs__baseline_0	baseline_0	Blood	72	10	10	5	5	1	0.365291803298994	0.905742583378249	0.540450780079255	0.3920672343556938	0.8829339627588513	0.4908667284031575	1	lfc0.5_k2_fdr0.05	0.5	2	0.05	external	extended_transfer	external_full_3_anchor_weights	NA	NA	NA
GSE264344	GSE264344_design__T=dLN__H=72__B=NA__G=delivery_ad26__VS=baseline_0	<upstream_project_root>/00_metadata/verified_metadata/splited/GSE264344_design/GSE264344_design__T=dLN__H=72__B=NA__G=delivery_ad26__VS=baseline_0.tsv	TRUE	NA	delivery_ad26__vs__baseline_0	baseline_0	dLN	72	10	10	5	5	1	0.9247734424098359	1.3444593540987295	0.4196859116888936	0.8356292080564324	1.3810391443834014	0.545409936326969	0.88	lfc0.5_k2_fdr0.05	0.5	2	0.05	external	extended_transfer	external_full_3_anchor_weights	NA	NA	NA
GSE264344	GSE264344_design__T=dLN__H=72__B=NA__G=delivery_ad5__VS=baseline_0	<upstream_project_root>/00_metadata/verified_metadata/splited/GSE264344_design/GSE264344_design__T=dLN__H=72__B=NA__G=delivery_ad5__VS=baseline_0.tsv	TRUE	NA	delivery_ad5__vs__baseline_0	baseline_0	dLN	72	10	10	5	5	1	0.9247734424098359	1.4605264463809442	0.5357530039711083	0.8356292080564324	1.468477565718805	0.6328483576623726	0.96	lfc0.5_k2_fdr0.05	0.5	2	0.05	external	extended_transfer	external_full_3_anchor_weights	NA	NA	NA
GSE264344	GSE264344_design__T=Muscle__H=72__B=NA__G=delivery_ad26__VS=baseline_0	<upstream_project_root>/00_metadata/verified_metadata/splited/GSE264344_design/GSE264344_design__T=Muscle__H=72__B=NA__G=delivery_ad26__VS=baseline_0.tsv	TRUE	NA	delivery_ad26__vs__baseline_0	baseline_0	Muscle	72	10	10	5	5	1	-1.29006524570883	0.23130096511510218	1.521366210823932	-1.2933037417895796	0.6003558518173183	1.8936595936068978	1	lfc0.5_k2_fdr0.05	0.5	2	0.05	external	extended_transfer	external_full_3_anchor_weights	NA	NA	NA
GSE264344	GSE264344_design__T=Muscle__H=72__B=NA__G=delivery_ad5__VS=baseline_0	<upstream_project_root>/00_metadata/verified_metadata/splited/GSE264344_design/GSE264344_design__T=Muscle__H=72__B=NA__G=delivery_ad5__VS=baseline_0.tsv	TRUE	NA	delivery_ad5__vs__baseline_0	baseline_0	Muscle	72	10	10	5	5	1	-1.29006524570883	0.5550737487802079	1.8451389944890377	-1.2933037417895796	0.320567438969149	1.6138711807587287	1	lfc0.5_k2_fdr0.05	0.5	2	0.05	external	extended_transfer	external_full_3_anchor_weights	NA	NA	NA
GSE279372	GSE279372_design__T=draining_lymph_nodes__H=24__B=NA__G=delivery_1000_g_lnps_injected__VS=baseline_0	<upstream_project_root>/00_metadata/verified_metadata/splited/GSE279372_design/GSE279372_design__T=draining_lymph_nodes__H=24__B=NA__G=delivery_1000_g_lnps_injected__VS=baseline_0.tsv	TRUE	NA	delivery_1000_g_lnps_injected__vs__baseline_0	baseline_0	draining lymph nodes	24	8	8	4	4	1	-1.3877787807814457e-17	40.970849742547884	40.970849742547884	-0.02052768194498536	41.349818961908056	41.37034664385304	1	lfc0.5_k2_fdr0.05	0.5	2	0.05	calibration	acute_main	external_full_3_anchor_weights	NA	NA	NA
GSE279372	GSE279372_design__T=draining_lymph_nodes__H=24__B=NA__G=delivery_250_g_alum_injected__VS=baseline_0	<upstream_project_root>/00_metadata/verified_metadata/splited/GSE279372_design/GSE279372_design__T=draining_lymph_nodes__H=24__B=NA__G=delivery_250_g_alum_injected__VS=baseline_0.tsv	TRUE	NA	delivery_250_g_alum_injected__vs__baseline_0	baseline_0	draining lymph nodes	24	8	8	4	4	1	-1.3877787807814457e-17	1.362757388141536	1.362757388141536	-0.02052768194498536	1.437766988615533	1.4582946705605184	0.8125	lfc0.5_k2_fdr0.05	0.5	2	0.05	calibration	acute_main	external_full_3_anchor_weights	NA	NA	NA
GSE279372	GSE279372_design__T=draining_lymph_nodes__H=24__B=NA__G=delivery_5_g_gi_1_gii_4_vlp__VS=baseline_0	<upstream_project_root>/00_metadata/verified_metadata/splited/GSE279372_design/GSE279372_design__T=draining_lymph_nodes__H=24__B=NA__G=delivery_5_g_gi_1_gii_4_vlp__VS=baseline_0.tsv	TRUE	NA	delivery_5_g_gi_1_gii_4_vlp__vs__baseline_0	baseline_0	draining lymph nodes	24	8	8	4	4	1	-1.3877787807814457e-17	5.106602013962716	5.106602013962716	-0.02052768194498536	4.799779792833704	4.820307474778689	1	lfc0.5_k2_fdr0.05	0.5	2	0.05	calibration	acute_main	external_full_3_anchor_weights	NA	NA	NA
GSE279372	GSE279372_design__T=draining_lymph_nodes__H=24__B=NA__G=GID00110503__VS=baseline_0	<upstream_project_root>/00_metadata/verified_metadata/splited/GSE279372_design/GSE279372_design__T=draining_lymph_nodes__H=24__B=NA__G=GID00110503__VS=baseline_0.tsv	TRUE	NA	delivery_250_g_alum_5_g_gi_1_gii_4_vlp_injected__vs__baseline_0	baseline_0	draining lymph nodes	24	8	8	4	4	1	-1.3877787807814457e-17	2.460028391033907	2.460028391033907	-0.02052768194498536	2.3242901852638216	2.344817867208807	1	lfc0.5_k2_fdr0.05	0.5	2	0.05	calibration	acute_main	external_full_3_anchor_weights	NA	NA	NA
GSE279372	GSE279372_design__T=draining_lymph_nodes__H=24__B=NA__G=GID00110754__VS=baseline_0	<upstream_project_root>/00_metadata/verified_metadata/splited/GSE279372_design/GSE279372_design__T=draining_lymph_nodes__H=24__B=NA__G=GID00110754__VS=baseline_0.tsv	TRUE	NA	delivery_125_g_lnps_5_g_gi_1_gii_4_vlp_injected__vs__baseline_0	baseline_0	draining lymph nodes	24	8	8	4	4	1	-1.3877787807814457e-17	29.905911449237067	29.905911449237067	-0.02052768194498536	31.476217166305705	31.496744848250692	1	lfc0.5_k2_fdr0.05	0.5	2	0.05	calibration	acute_main	external_full_3_anchor_weights	NA	NA	NA
GSE279372	GSE279372_design__T=draining_lymph_nodes__H=24__B=NA__G=GID00114748__VS=baseline_0	<upstream_project_root>/00_metadata/verified_metadata/splited/GSE279372_design/GSE279372_design__T=draining_lymph_nodes__H=24__B=NA__G=GID00114748__VS=baseline_0.tsv	TRUE	NA	delivery_1000_g_lnps_5_g_gi_1_gii_4_vlp_injected__vs__baseline_0	baseline_0	draining lymph nodes	24	8	8	4	4	1	-1.3877787807814457e-17	46.12588613774545	46.12588613774545	-0.02052768194498536	47.02152070364917	47.04204838559416	1	lfc0.5_k2_fdr0.05	0.5	2	0.05	calibration	acute_main	external_full_3_anchor_weights	NA	NA	NA
GSE279743	GSE279743_design__T=Lymph_Node__H=6__B=NA__G=delivery_vaccination_with_sm102__VS=baseline_0	<upstream_project_root>/00_metadata/verified_metadata/splited/GSE279743_design/GSE279743_design__T=Lymph_Node__H=6__B=NA__G=delivery_vaccination_with_sm102__VS=baseline_0.tsv	TRUE	NA	delivery_vaccination_with_sm102__vs__baseline_0	baseline_0	Lymph Node	6	6	6	3	3	1	0	17.490978173384075	17.490978173384075	-0.4241284517806614	18.934476643811273	19.358605095591933	1	lfc0.5_k2_fdr0.05	0.5	2	0.05	external	acute_main	external_full_3_anchor_weights	NA	NA	NA
GSE279743	GSE279743_design__T=Lymph_Node__H=6__B=NA__G=delivery_vaccination_with_ssop__VS=baseline_0	<upstream_project_root>/00_metadata/verified_metadata/splited/GSE279743_design/GSE279743_design__T=Lymph_Node__H=6__B=NA__G=delivery_vaccination_with_ssop__VS=baseline_0.tsv	TRUE	NA	delivery_vaccination_with_ssop__vs__baseline_0	baseline_0	Lymph Node	6	6	6	3	3	1	0	2.843046877241319	2.843046877241319	-0.4241284517806614	2.8853340074355813	3.3094624592162427	1	lfc0.5_k2_fdr0.05	0.5	2	0.05	external	acute_main	external_full_3_anchor_weights	NA	NA	NA
GSE279744	GSE279744_design__T=lymph_node__H=6__B=NA__G=delivery_vaccination_with_sm102__VS=baseline_0	<upstream_project_root>/00_metadata/verified_metadata/splited/GSE279744_design/GSE279744_design__T=lymph_node__H=6__B=NA__G=delivery_vaccination_with_sm102__VS=baseline_0.tsv	TRUE	NA	delivery_vaccination_with_sm102__vs__baseline_0	baseline_0	lymph node	6	6	6	3	3	1	9.25185853854297e-18	79.17919444797182	79.17919444797182	0.22212893801772152	77.35228709719927	77.13015815918155	1	lfc0.5_k2_fdr0.05	0.5	2	0.05	calibration	acute_main	external_full_3_anchor_weights	NA	NA	NA
GSE279744	GSE279744_design__T=lymph_node__H=6__B=NA__G=delivery_vaccination_with_ssop__VS=baseline_0	<upstream_project_root>/00_metadata/verified_metadata/splited/GSE279744_design/GSE279744_design__T=lymph_node__H=6__B=NA__G=delivery_vaccination_with_ssop__VS=baseline_0.tsv	TRUE	NA	delivery_vaccination_with_ssop__vs__baseline_0	baseline_0	lymph node	6	6	6	3	3	1	9.25185853854297e-18	16.011000034490912	16.011000034490912	0.22212893801772152	14.933450483252454	14.711321545234732	1	lfc0.5_k2_fdr0.05	0.5	2	0.05	calibration	acute_main	external_full_3_anchor_weights	NA	NA	NA
GSE314070	GSE314070_design__T=small_intestine__H=336__B=NA__G=delivery_am80_lnp__VS=baseline_0	<upstream_project_root>/00_metadata/verified_metadata/splited/GSE314070_design/GSE314070_design__T=small_intestine__H=336__B=NA__G=delivery_am80_lnp__VS=baseline_0.tsv	TRUE	NA	delivery_am80_lnp__vs__baseline_0	baseline_0	small intestine	336	6	6	3	3	1	-5.551115123125783e-17	6.70652572059727	6.70652572059727	0.3337436028021275	6.222020908758802	5.888277305956675	0.6666666666666666	lfc0.5_k2_fdr0.05	0.5	2	0.05	external	extended_transfer	external_full_3_anchor_weights	NA	NA	NA
GSE314070	GSE314070_design__T=small_intestine__H=336__B=NA__G=delivery_sm102_lnp__VS=baseline_0	<upstream_project_root>/00_metadata/verified_metadata/splited/GSE314070_design/GSE314070_design__T=small_intestine__H=336__B=NA__G=delivery_sm102_lnp__VS=baseline_0.tsv	TRUE	NA	delivery_sm102_lnp__vs__baseline_0	baseline_0	small intestine	336	6	6	3	3	1	-5.551115123125783e-17	-0.2640924884854343	-0.26409248848543426	0.3337436028021275	-0.9548184622913078	-1.2885620650934353	0.4444444444444444	lfc0.5_k2_fdr0.05	0.5	2	0.05	external	extended_transfer	external_full_3_anchor_weights	NA	NA	NA
GSE264344	GSE264344_design__T=Blood__H=1__B=NA__G=delivery_ad26__VS=baseline_0	<upstream_project_root>/00_metadata/verified_metadata/splited/GSE264344_design/GSE264344_design__T=Blood__H=1__B=NA__G=delivery_ad26__VS=baseline_0.tsv	TRUE	NA	delivery_ad26__vs__baseline_0	baseline_0	Blood	1	10	10	5	5	1	0.523584875324407	0.64058134942577	0.11699647410136305	0.5440608451358893	0.6618648014689896	0.11780395633310037	0.7200000000000001	lfc0.5_k2_fdr0.05	0.5	2	0.05	anchor	acute_main	loao_2_anchor_weights	GSE264344	GSE39129;GSE167521	693
GSE264344	GSE264344_design__T=Blood__H=1__B=NA__G=delivery_ad5__VS=baseline_0	<upstream_project_root>/00_metadata/verified_metadata/splited/GSE264344_design/GSE264344_design__T=Blood__H=1__B=NA__G=delivery_ad5__VS=baseline_0.tsv	TRUE	NA	delivery_ad5__vs__baseline_0	baseline_0	Blood	1	10	10	5	5	1	0.523584875324407	0.741029640290201	0.217444764965794	0.5440608451358893	0.7426007734949871	0.19853992835909784	0.96	lfc0.5_k2_fdr0.05	0.5	2	0.05	anchor	acute_main	loao_2_anchor_weights	GSE264344	GSE39129;GSE167521	693
GSE264344	GSE264344_design__T=Blood__H=12__B=NA__G=delivery_ad26__VS=baseline_0	<upstream_project_root>/00_metadata/verified_metadata/splited/GSE264344_design/GSE264344_design__T=Blood__H=12__B=NA__G=delivery_ad26__VS=baseline_0.tsv	TRUE	NA	delivery_ad26__vs__baseline_0	baseline_0	Blood	12	10	10	5	5	1	0.523584875324407	3.300569120814723	2.7769842454903158	0.5440608451358893	3.201949046394929	2.65788820125904	1	lfc0.5_k2_fdr0.05	0.5	2	0.05	anchor	acute_main	loao_2_anchor_weights	GSE264344	GSE39129;GSE167521	693
GSE264344	GSE264344_design__T=Blood__H=12__B=NA__G=delivery_ad5__VS=baseline_0	<upstream_project_root>/00_metadata/verified_metadata/splited/GSE264344_design/GSE264344_design__T=Blood__H=12__B=NA__G=delivery_ad5__VS=baseline_0.tsv	TRUE	NA	delivery_ad5__vs__baseline_0	baseline_0	Blood	12	10	10	5	5	1	0.523584875324407	2.128672755572469	1.605087880248062	0.5440608451358893	2.186787164410541	1.6427263192746517	1	lfc0.5_k2_fdr0.05	0.5	2	0.05	anchor	acute_main	loao_2_anchor_weights	GSE264344	GSE39129;GSE167521	693
GSE264344	GSE264344_design__T=Blood__H=24__B=NA__G=delivery_ad26__VS=baseline_0	<upstream_project_root>/00_metadata/verified_metadata/splited/GSE264344_design/GSE264344_design__T=Blood__H=24__B=NA__G=delivery_ad26__VS=baseline_0.tsv	TRUE	NA	delivery_ad26__vs__baseline_0	baseline_0	Blood	24	10	10	5	5	1	0.523584875324407	2.187824517264711	1.664239641940304	0.5440608451358893	2.2412554549721566	1.6971946098362674	1	lfc0.5_k2_fdr0.05	0.5	2	0.05	anchor	acute_main	loao_2_anchor_weights	GSE264344	GSE39129;GSE167521	693
GSE264344	GSE264344_design__T=Blood__H=24__B=NA__G=delivery_ad5__VS=baseline_0	<upstream_project_root>/00_metadata/verified_metadata/splited/GSE264344_design/GSE264344_design__T=Blood__H=24__B=NA__G=delivery_ad5__VS=baseline_0.tsv	TRUE	NA	delivery_ad5__vs__baseline_0	baseline_0	Blood	24	10	10	5	5	1	0.523584875324407	1.3280046438848199	0.8044197685604129	0.5440608451358893	1.3053934298268521	0.7613325846909629	1	lfc0.5_k2_fdr0.05	0.5	2	0.05	anchor	acute_main	loao_2_anchor_weights	GSE264344	GSE39129;GSE167521	693
GSE264344	GSE264344_design__T=Blood__H=3__B=NA__G=delivery_ad26__VS=baseline_0	<upstream_project_root>/00_metadata/verified_metadata/splited/GSE264344_design/GSE264344_design__T=Blood__H=3__B=NA__G=delivery_ad26__VS=baseline_0.tsv	TRUE	NA	delivery_ad26__vs__baseline_0	baseline_0	Blood	3	10	10	5	5	1	0.523584875324407	2.7208564099046857	2.1972715345802785	0.5440608451358893	2.7153514004370214	2.171290555301132	1	lfc0.5_k2_fdr0.05	0.5	2	0.05	anchor	acute_main	loao_2_anchor_weights	GSE264344	GSE39129;GSE167521	693
GSE264344	GSE264344_design__T=Blood__H=3__B=NA__G=delivery_ad5__VS=baseline_0	<upstream_project_root>/00_metadata/verified_metadata/splited/GSE264344_design/GSE264344_design__T=Blood__H=3__B=NA__G=delivery_ad5__VS=baseline_0.tsv	TRUE	NA	delivery_ad5__vs__baseline_0	baseline_0	Blood	3	10	10	5	5	1	0.523584875324407	1.1802581679737987	0.6566732926493917	0.5440608451358893	1.1668192238244517	0.6227583786885624	1	lfc0.5_k2_fdr0.05	0.5	2	0.05	anchor	acute_main	loao_2_anchor_weights	GSE264344	GSE39129;GSE167521	693
GSE264344	GSE264344_design__T=Blood__H=6__B=NA__G=delivery_ad26__VS=baseline_0	<upstream_project_root>/00_metadata/verified_metadata/splited/GSE264344_design/GSE264344_design__T=Blood__H=6__B=NA__G=delivery_ad26__VS=baseline_0.tsv	TRUE	NA	delivery_ad26__vs__baseline_0	baseline_0	Blood	6	10	10	5	5	1	0.523584875324407	2.6252502614484614	2.101665386124054	0.5440608451358893	2.6569278214474896	2.1128669763116004	1	lfc0.5_k2_fdr0.05	0.5	2	0.05	anchor	acute_main	loao_2_anchor_weights	GSE264344	GSE39129;GSE167521	693
GSE264344	GSE264344_design__T=Blood__H=6__B=NA__G=delivery_ad5__VS=baseline_0	<upstream_project_root>/00_metadata/verified_metadata/splited/GSE264344_design/GSE264344_design__T=Blood__H=6__B=NA__G=delivery_ad5__VS=baseline_0.tsv	TRUE	NA	delivery_ad5__vs__baseline_0	baseline_0	Blood	6	10	10	5	5	1	0.523584875324407	3.3868098126690827	2.8632249373446754	0.5440608451358893	3.566025691661934	3.021964846526045	1	lfc0.5_k2_fdr0.05	0.5	2	0.05	anchor	acute_main	loao_2_anchor_weights	GSE264344	GSE39129;GSE167521	693
GSE264344	GSE264344_design__T=dLN__H=1__B=NA__G=delivery_ad26__VS=baseline_0	<upstream_project_root>/00_metadata/verified_metadata/splited/GSE264344_design/GSE264344_design__T=dLN__H=1__B=NA__G=delivery_ad26__VS=baseline_0.tsv	TRUE	NA	delivery_ad26__vs__baseline_0	baseline_0	dLN	1	10	10	5	5	1	0.8135142548661428	1.1316007616436004	0.31808650677745753	0.715534715872599	1.0119231665416752	0.29638845066907626	0.8400000000000001	lfc0.5_k2_fdr0.05	0.5	2	0.05	anchor	acute_main	loao_2_anchor_weights	GSE264344	GSE39129;GSE167521	693
GSE264344	GSE264344_design__T=dLN__H=1__B=NA__G=delivery_ad5__VS=baseline_0	<upstream_project_root>/00_metadata/verified_metadata/splited/GSE264344_design/GSE264344_design__T=dLN__H=1__B=NA__G=delivery_ad5__VS=baseline_0.tsv	TRUE	NA	delivery_ad5__vs__baseline_0	baseline_0	dLN	1	10	10	5	5	1	0.8135142548661428	1.3473454077254448	0.5338311528593019	0.715534715872599	1.3172934480392269	0.6017587321666279	0.96	lfc0.5_k2_fdr0.05	0.5	2	0.05	anchor	acute_main	loao_2_anchor_weights	GSE264344	GSE39129;GSE167521	693
GSE264344	GSE264344_design__T=dLN__H=12__B=NA__G=delivery_ad26__VS=baseline_0	<upstream_project_root>/00_metadata/verified_metadata/splited/GSE264344_design/GSE264344_design__T=dLN__H=12__B=NA__G=delivery_ad26__VS=baseline_0.tsv	TRUE	NA	delivery_ad26__vs__baseline_0	baseline_0	dLN	12	10	10	5	5	1	0.8135142548661428	4.331426330262654	3.517912075396511	0.715534715872599	4.332098736035011	3.616564020162412	1	lfc0.5_k2_fdr0.05	0.5	2	0.05	anchor	acute_main	loao_2_anchor_weights	GSE264344	GSE39129;GSE167521	693
GSE264344	GSE264344_design__T=dLN__H=12__B=NA__G=delivery_ad5__VS=baseline_0	<upstream_project_root>/00_metadata/verified_metadata/splited/GSE264344_design/GSE264344_design__T=dLN__H=12__B=NA__G=delivery_ad5__VS=baseline_0.tsv	TRUE	NA	delivery_ad5__vs__baseline_0	baseline_0	dLN	12	10	10	5	5	1	0.8135142548661428	3.6770868795840843	2.8635726247179414	0.715534715872599	3.6621560485626823	2.9466213326900834	1	lfc0.5_k2_fdr0.05	0.5	2	0.05	anchor	acute_main	loao_2_anchor_weights	GSE264344	GSE39129;GSE167521	693
GSE264344	GSE264344_design__T=dLN__H=24__B=NA__G=delivery_ad26__VS=baseline_0	<upstream_project_root>/00_metadata/verified_metadata/splited/GSE264344_design/GSE264344_design__T=dLN__H=24__B=NA__G=delivery_ad26__VS=baseline_0.tsv	TRUE	NA	delivery_ad26__vs__baseline_0	baseline_0	dLN	24	10	10	5	5	1	0.8135142548661428	2.8857231521523325	2.0722088972861896	0.715534715872599	2.7158871074054383	2.0003523915328394	1	lfc0.5_k2_fdr0.05	0.5	2	0.05	anchor	acute_main	loao_2_anchor_weights	GSE264344	GSE39129;GSE167521	693
GSE264344	GSE264344_design__T=dLN__H=24__B=NA__G=delivery_ad5__VS=baseline_0	<upstream_project_root>/00_metadata/verified_metadata/splited/GSE264344_design/GSE264344_design__T=dLN__H=24__B=NA__G=delivery_ad5__VS=baseline_0.tsv	TRUE	NA	delivery_ad5__vs__baseline_0	baseline_0	dLN	24	10	10	5	5	1	0.8135142548661428	2.394922704843296	1.581408449977153	0.715534715872599	2.3984701545713145	1.6829354386987156	1	lfc0.5_k2_fdr0.05	0.5	2	0.05	anchor	acute_main	loao_2_anchor_weights	GSE264344	GSE39129;GSE167521	693
GSE264344	GSE264344_design__T=dLN__H=3__B=NA__G=delivery_ad26__VS=baseline_0	<upstream_project_root>/00_metadata/verified_metadata/splited/GSE264344_design/GSE264344_design__T=dLN__H=3__B=NA__G=delivery_ad26__VS=baseline_0.tsv	TRUE	NA	delivery_ad26__vs__baseline_0	baseline_0	dLN	3	10	10	5	5	1	0.8135142548661428	3.612460146576048	2.7989458917099053	0.715534715872599	3.5250780813620004	2.8095433654894015	1	lfc0.5_k2_fdr0.05	0.5	2	0.05	anchor	acute_main	loao_2_anchor_weights	GSE264344	GSE39129;GSE167521	693
GSE264344	GSE264344_design__T=dLN__H=3__B=NA__G=delivery_ad5__VS=baseline_0	<upstream_project_root>/00_metadata/verified_metadata/splited/GSE264344_design/GSE264344_design__T=dLN__H=3__B=NA__G=delivery_ad5__VS=baseline_0.tsv	TRUE	NA	delivery_ad5__vs__baseline_0	baseline_0	dLN	3	10	10	5	5	1	0.8135142548661428	2.578544236975161	1.7650299821090183	0.715534715872599	2.5894923221796646	1.8739576063070658	1	lfc0.5_k2_fdr0.05	0.5	2	0.05	anchor	acute_main	loao_2_anchor_weights	GSE264344	GSE39129;GSE167521	693
GSE264344	GSE264344_design__T=dLN__H=6__B=NA__G=delivery_ad26__VS=baseline_0	<upstream_project_root>/00_metadata/verified_metadata/splited/GSE264344_design/GSE264344_design__T=dLN__H=6__B=NA__G=delivery_ad26__VS=baseline_0.tsv	TRUE	NA	delivery_ad26__vs__baseline_0	baseline_0	dLN	6	10	10	5	5	1	0.8135142548661428	4.397646434689617	3.5841321798234738	0.715534715872599	4.430671242881339	3.7151365270087404	1	lfc0.5_k2_fdr0.05	0.5	2	0.05	anchor	acute_main	loao_2_anchor_weights	GSE264344	GSE39129;GSE167521	693
GSE264344	GSE264344_design__T=dLN__H=6__B=NA__G=delivery_ad5__VS=baseline_0	<upstream_project_root>/00_metadata/verified_metadata/splited/GSE264344_design/GSE264344_design__T=dLN__H=6__B=NA__G=delivery_ad5__VS=baseline_0.tsv	TRUE	NA	delivery_ad5__vs__baseline_0	baseline_0	dLN	6	10	10	5	5	1	0.8135142548661428	4.024483132091879	3.210968877225736	0.715534715872599	4.222802951389922	3.5072682355173233	1	lfc0.5_k2_fdr0.05	0.5	2	0.05	anchor	acute_main	loao_2_anchor_weights	GSE264344	GSE39129;GSE167521	693
GSE264344	GSE264344_design__T=Muscle__H=1__B=NA__G=delivery_ad26__VS=baseline_0	<upstream_project_root>/00_metadata/verified_metadata/splited/GSE264344_design/GSE264344_design__T=Muscle__H=1__B=NA__G=delivery_ad26__VS=baseline_0.tsv	TRUE	NA	delivery_ad26__vs__baseline_0	baseline_0	Muscle	1	10	10	5	5	1	-1.33709913019055	-0.5697752375327382	0.7673238926578118	-1.3072442594728797	-0.5571482719895874	0.7500959874832923	1	lfc0.5_k2_fdr0.05	0.5	2	0.05	anchor	acute_main	loao_2_anchor_weights	GSE264344	GSE39129;GSE167521	693
GSE264344	GSE264344_design__T=Muscle__H=1__B=NA__G=delivery_ad5__VS=baseline_0	<upstream_project_root>/00_metadata/verified_metadata/splited/GSE264344_design/GSE264344_design__T=Muscle__H=1__B=NA__G=delivery_ad5__VS=baseline_0.tsv	TRUE	NA	delivery_ad5__vs__baseline_0	baseline_0	Muscle	1	10	10	5	5	1	-1.33709913019055	-0.584115318127346	0.752983812063204	-1.3072442594728797	-0.5462700204458063	0.7609742390270734	1	lfc0.5_k2_fdr0.05	0.5	2	0.05	anchor	acute_main	loao_2_anchor_weights	GSE264344	GSE39129;GSE167521	693
GSE264344	GSE264344_design__T=Muscle__H=12__B=NA__G=delivery_ad26__VS=baseline_0	<upstream_project_root>/00_metadata/verified_metadata/splited/GSE264344_design/GSE264344_design__T=Muscle__H=12__B=NA__G=delivery_ad26__VS=baseline_0.tsv	TRUE	NA	delivery_ad26__vs__baseline_0	baseline_0	Muscle	12	10	10	5	5	1	-1.33709913019055	1.4854504030015248	2.822549533192075	-1.3072442594728797	1.5709718068644454	2.878216066337325	1	lfc0.5_k2_fdr0.05	0.5	2	0.05	anchor	acute_main	loao_2_anchor_weights	GSE264344	GSE39129;GSE167521	693
GSE264344	GSE264344_design__T=Muscle__H=12__B=NA__G=delivery_ad5__VS=baseline_0	<upstream_project_root>/00_metadata/verified_metadata/splited/GSE264344_design/GSE264344_design__T=Muscle__H=12__B=NA__G=delivery_ad5__VS=baseline_0.tsv	TRUE	NA	delivery_ad5__vs__baseline_0	baseline_0	Muscle	12	10	10	5	5	1	-1.33709913019055	1.7189729847221402	3.0560721149126904	-1.3072442594728797	1.79754921118981	3.1047934706626896	1	lfc0.5_k2_fdr0.05	0.5	2	0.05	anchor	acute_main	loao_2_anchor_weights	GSE264344	GSE39129;GSE167521	693
GSE264344	GSE264344_design__T=Muscle__H=24__B=NA__G=delivery_ad26__VS=baseline_0	<upstream_project_root>/00_metadata/verified_metadata/splited/GSE264344_design/GSE264344_design__T=Muscle__H=24__B=NA__G=delivery_ad26__VS=baseline_0.tsv	TRUE	NA	delivery_ad26__vs__baseline_0	baseline_0	Muscle	24	10	10	5	5	1	-1.33709913019055	1.0088009186819802	2.3459000488725303	-1.3072442594728797	1.2434420685719219	2.5506863280448018	1	lfc0.5_k2_fdr0.05	0.5	2	0.05	anchor	acute_main	loao_2_anchor_weights	GSE264344	GSE39129;GSE167521	693
GSE264344	GSE264344_design__T=Muscle__H=24__B=NA__G=delivery_ad5__VS=baseline_0	<upstream_project_root>/00_metadata/verified_metadata/splited/GSE264344_design/GSE264344_design__T=Muscle__H=24__B=NA__G=delivery_ad5__VS=baseline_0.tsv	TRUE	NA	delivery_ad5__vs__baseline_0	baseline_0	Muscle	24	10	10	5	5	1	-1.33709913019055	1.0132905937572663	2.350389723947816	-1.3072442594728797	1.3983115942782056	2.7055558537510853	1	lfc0.5_k2_fdr0.05	0.5	2	0.05	anchor	acute_main	loao_2_anchor_weights	GSE264344	GSE39129;GSE167521	693
GSE264344	GSE264344_design__T=Muscle__H=3__B=NA__G=delivery_ad26__VS=baseline_0	<upstream_project_root>/00_metadata/verified_metadata/splited/GSE264344_design/GSE264344_design__T=Muscle__H=3__B=NA__G=delivery_ad26__VS=baseline_0.tsv	TRUE	NA	delivery_ad26__vs__baseline_0	baseline_0	Muscle	3	10	10	5	5	1	-1.33709913019055	1.076418810642339	2.4135179408328886	-1.3072442594728797	1.326513431789987	2.6337576912628666	1	lfc0.5_k2_fdr0.05	0.5	2	0.05	anchor	acute_main	loao_2_anchor_weights	GSE264344	GSE39129;GSE167521	693
GSE264344	GSE264344_design__T=Muscle__H=3__B=NA__G=delivery_ad5__VS=baseline_0	<upstream_project_root>/00_metadata/verified_metadata/splited/GSE264344_design/GSE264344_design__T=Muscle__H=3__B=NA__G=delivery_ad5__VS=baseline_0.tsv	TRUE	NA	delivery_ad5__vs__baseline_0	baseline_0	Muscle	3	10	10	5	5	1	-1.33709913019055	0.44847334886178825	1.7855724790523382	-1.3072442594728797	0.6177253096142012	1.924969569087081	1	lfc0.5_k2_fdr0.05	0.5	2	0.05	anchor	acute_main	loao_2_anchor_weights	GSE264344	GSE39129;GSE167521	693
GSE264344	GSE264344_design__T=Muscle__H=6__B=NA__G=delivery_ad26__VS=baseline_0	<upstream_project_root>/00_metadata/verified_metadata/splited/GSE264344_design/GSE264344_design__T=Muscle__H=6__B=NA__G=delivery_ad26__VS=baseline_0.tsv	TRUE	NA	delivery_ad26__vs__baseline_0	baseline_0	Muscle	6	10	10	5	5	1	-1.33709913019055	1.5464565211141221	2.883555651304672	-1.3072442594728797	1.2394542641319026	2.5466985236047823	1	lfc0.5_k2_fdr0.05	0.5	2	0.05	anchor	acute_main	loao_2_anchor_weights	GSE264344	GSE39129;GSE167521	693
GSE264344	GSE264344_design__T=Muscle__H=6__B=NA__G=delivery_ad5__VS=baseline_0	<upstream_project_root>/00_metadata/verified_metadata/splited/GSE264344_design/GSE264344_design__T=Muscle__H=6__B=NA__G=delivery_ad5__VS=baseline_0.tsv	TRUE	NA	delivery_ad5__vs__baseline_0	baseline_0	Muscle	6	10	10	5	5	1	-1.33709913019055	1.6201628345235228	2.957261964714073	-1.3072442594728797	1.8411794275975626	3.1484236870704425	1	lfc0.5_k2_fdr0.05	0.5	2	0.05	anchor	acute_main	loao_2_anchor_weights	GSE264344	GSE39129;GSE167521	693
GSE39129	GSE39129_design__T=liver__H=4__B=NA__G=delivery_lentiviral_vector_lv__VS=delivery_none	<upstream_project_root>/00_metadata/verified_metadata/splited/GSE39129_design/GSE39129_design__T=liver__H=4__B=NA__G=delivery_lentiviral_vector_lv__VS=delivery_none.tsv	TRUE	NA	delivery_lentiviral_vector_lv___vs__delivery_none	delivery_none	liver	4	6	6	3	3	1	1.850371707708594e-17	53.03805725320295	53.03805725320295	0.4124203448566383	55.50783716822936	55.09541682337272	1	lfc0.5_k2_fdr0.05	0.5	2	0.05	anchor	acute_main	loao_2_anchor_weights	GSE39129	GSE264344;GSE167521	781
GSE167521	GSE167521_design__T=skin__H=24__B=NA__G=delivery_lnp__VS=baseline_0	<upstream_project_root>/00_metadata/verified_metadata/splited/GSE167521_design/GSE167521_design__T=skin__H=24__B=NA__G=delivery_lnp__VS=baseline_0.tsv	TRUE	NA	delivery_lnp__vs__baseline_0	baseline_0	skin	24	8	8	4	4	1	1.3877787807814457e-17	9.979759951722155	9.979759951722155	0.02085812047770033	9.776547073958328	9.755688953480627	1	lfc0.5_k2_fdr0.05	0.5	2	0.05	anchor	acute_main	loao_2_anchor_weights	GSE167521	GSE264344;GSE39129	538
GSE119119	GSE119119_design__T=whole_liver__H=4__B=NA__G=GID00069418__VS=WT_uninfected_whole_liver	<upstream_project_root>/00_metadata/verified_metadata/splited/GSE119119_design/GSE119119_design__T=whole_liver__H=4__B=NA__G=GID00069418__VS=WT_uninfected_whole_liver.tsv	TRUE	NA	WT_virus_plus_rh9C12_H433A_whole_liver__vs__WT_uninfected_whole_liver	WT_uninfected_whole_liver	whole liver	4	8	8	4	4	1	-0.3085861228127914	11.8613148611055	12.169900983918291	-0.33193256096523605	11.875658258821087	12.207590819786322	1	lfc0.5_k2_fdr0.1	0.5	2	0.1	external	acute_main	external_full_3_anchor_weights	NA	NA	NA
GSE119119	GSE119119_design__T=whole_liver__H=4__B=NA__G=GID00088542__VS=TRIM21_KO_uninfected_whole_liver	<upstream_project_root>/00_metadata/verified_metadata/splited/GSE119119_design/GSE119119_design__T=whole_liver__H=4__B=NA__G=GID00088542__VS=TRIM21_KO_uninfected_whole_liver.tsv	TRUE	NA	TRIM21_KO_virus_plus_rh9C12_WT_whole_liver__vs__TRIM21_KO_uninfected_whole_liver	TRIM21_KO_uninfected_whole_liver	whole liver	4	8	8	4	4	1	0.30858612281279146	11.4152295539294	11.10664343111661	0.39300689480398976	11.966872141017863	11.573865246213874	1	lfc0.5_k2_fdr0.1	0.5	2	0.1	external	acute_main	external_full_3_anchor_weights	NA	NA	NA
GSE119119	GSE119119_design__T=whole_liver__H=4__B=NA__G=GID00096342__VS=TRIM21_KO_uninfected_whole_liver	<upstream_project_root>/00_metadata/verified_metadata/splited/GSE119119_design/GSE119119_design__T=whole_liver__H=4__B=NA__G=GID00096342__VS=TRIM21_KO_uninfected_whole_liver.tsv	TRUE	NA	TRIM21_KO_virus_plus_rh9C12_H433A_whole_liver__vs__TRIM21_KO_uninfected_whole_liver	TRIM21_KO_uninfected_whole_liver	whole liver	4	8	8	4	4	1	0.30858612281279146	11.14174514936043	10.833159026547639	0.39300689480398976	11.023167229599224	10.630160334795235	1	lfc0.5_k2_fdr0.1	0.5	2	0.1	external	acute_main	external_full_3_anchor_weights	NA	NA	NA
GSE119119	GSE119119_design__T=whole_liver__H=4__B=NA__G=TRIM21_KO_virus_only_whole_liver__VS=TRIM21_KO_uninfected_whole_liver	<upstream_project_root>/00_metadata/verified_metadata/splited/GSE119119_design/GSE119119_design__T=whole_liver__H=4__B=NA__G=TRIM21_KO_virus_only_whole_liver__VS=TRIM21_KO_uninfected_whole_liver.tsv	TRUE	NA	TRIM21_KO_virus_only_whole_liver__vs__TRIM21_KO_uninfected_whole_liver	TRIM21_KO_uninfected_whole_liver	whole liver	4	8	8	4	4	1	0.30858612281279146	10.02352239870173	9.714936275888938	0.39300689480398976	10.84518908194751	10.45218218714352	1	lfc0.5_k2_fdr0.1	0.5	2	0.1	external	acute_main	external_full_3_anchor_weights	NA	NA	NA
GSE119119	GSE119119_design__T=whole_liver__H=4__B=NA__G=WT_virus_only_whole_liver__VS=WT_uninfected_whole_liver	<upstream_project_root>/00_metadata/verified_metadata/splited/GSE119119_design/GSE119119_design__T=whole_liver__H=4__B=NA__G=WT_virus_only_whole_liver__VS=WT_uninfected_whole_liver.tsv	TRUE	NA	WT_virus_only_whole_liver__vs__WT_uninfected_whole_liver	WT_uninfected_whole_liver	whole liver	4	8	8	4	4	1	-0.3085861228127914	9.576323233353223	9.884909356166014	-0.33193256096523605	8.881132663133606	9.213065224098841	1	lfc0.5_k2_fdr0.1	0.5	2	0.1	external	acute_main	external_full_3_anchor_weights	NA	NA	NA
GSE119119	GSE119119_design__T=whole_liver__H=4__B=NA__G=WT_virus_plus_rh9C12_WT_whole_liver__VS=WT_uninfected_whole_liver	<upstream_project_root>/00_metadata/verified_metadata/splited/GSE119119_design/GSE119119_design__T=whole_liver__H=4__B=NA__G=WT_virus_plus_rh9C12_WT_whole_liver__VS=WT_uninfected_whole_liver.tsv	TRUE	NA	WT_virus_plus_rh9C12_WT_whole_liver__vs__WT_uninfected_whole_liver	WT_uninfected_whole_liver	whole liver	4	8	8	4	4	1	-0.3085861228127914	18.700900332561552	19.009486455374343	-0.33193256096523605	18.68402381288277	19.015956373848006	1	lfc0.5_k2_fdr0.1	0.5	2	0.1	external	acute_main	external_full_3_anchor_weights	NA	NA	NA
GSE139529	GSE139529_design__T=blood__H=24__B=NA__G=ad.mva__VS=none	<upstream_project_root>/00_metadata/verified_metadata/splited/GSE139529_design/GSE139529_design__T=blood__H=24__B=NA__G=ad.mva__VS=none.tsv	TRUE	NA	ad.mva__vs__none	none	blood	24	12	12	6	6	1	-1.848564704087785e-17	20.04551163987263	20.04551163987263	-6.970421528401105e-4	18.824614128601425	18.825311170754265	1	lfc0.5_k2_fdr0.1	0.5	2	0.1	external	acute_main	external_full_3_anchor_weights	NA	NA	NA
GSE139529	GSE139529_design__T=blood__H=24__B=NA__G=ad_empty__VS=none	<upstream_project_root>/00_metadata/verified_metadata/splited/GSE139529_design/GSE139529_design__T=blood__H=24__B=NA__G=ad_empty__VS=none.tsv	TRUE	NA	ad_empty__vs__none	none	blood	24	12	12	6	6	1	-1.848564704087785e-17	20.327024379812535	20.327024379812535	-6.970421528401105e-4	20.46777769161773	20.46847473377057	1	lfc0.5_k2_fdr0.1	0.5	2	0.1	external	acute_main	external_full_3_anchor_weights	NA	NA	NA
GSE139529	GSE139529_design__T=blood__H=24__B=NA__G=ad_fhbp__VS=none	<upstream_project_root>/00_metadata/verified_metadata/splited/GSE139529_design/GSE139529_design__T=blood__H=24__B=NA__G=ad_fhbp__VS=none.tsv	TRUE	NA	ad_fhbp__vs__none	none	blood	24	12	12	6	6	1	-1.848564704087785e-17	25.353477470868526	25.353477470868526	-6.970421528401105e-4	25.178973833374698	25.17967087552754	1	lfc0.5_k2_fdr0.1	0.5	2	0.1	external	acute_main	external_full_3_anchor_weights	NA	NA	NA
GSE139529	GSE139529_design__T=blood__H=24__B=NA__G=ad_pref__VS=none	<upstream_project_root>/00_metadata/verified_metadata/splited/GSE139529_design/GSE139529_design__T=blood__H=24__B=NA__G=ad_pref__VS=none.tsv	TRUE	NA	ad_pref__vs__none	none	blood	24	12	12	6	6	1	-1.848564704087785e-17	1.3398260248114677	1.3398260248114677	-6.970421528401105e-4	1.7461304162663551	1.7468274584191952	0.6388888888888888	lfc0.5_k2_fdr0.1	0.5	2	0.1	external	acute_main	external_full_3_anchor_weights	NA	NA	NA
GSE139529	GSE139529_design__T=blood__H=24__B=NA__G=mva.ad__VS=none	<upstream_project_root>/00_metadata/verified_metadata/splited/GSE139529_design/GSE139529_design__T=blood__H=24__B=NA__G=mva.ad__VS=none.tsv	TRUE	NA	mva.ad__vs__none	none	blood	24	12	12	6	6	1	-1.848564704087785e-17	30.31390767268646	30.31390767268646	-6.970421528401105e-4	30.46574563222896	30.4664426743818	1	lfc0.5_k2_fdr0.1	0.5	2	0.1	external	acute_main	external_full_3_anchor_weights	NA	NA	NA
GSE139529	GSE139529_design__T=blood__H=24__B=NA__G=mva_fhbp__VS=none	<upstream_project_root>/00_metadata/verified_metadata/splited/GSE139529_design/GSE139529_design__T=blood__H=24__B=NA__G=mva_fhbp__VS=none.tsv	TRUE	NA	mva_fhbp__vs__none	none	blood	24	12	12	6	6	1	-1.848564704087785e-17	25.46430644042433	25.46430644042433	-6.970421528401105e-4	25.18520542494274	25.18590246709558	1	lfc0.5_k2_fdr0.1	0.5	2	0.1	external	acute_main	external_full_3_anchor_weights	NA	NA	NA
GSE166655	GSE166655_design__T=Tibialis_anterior__H=672__B=NA__G=delivery_aav9_ar45__VS=delivery_untreated	<upstream_project_root>/00_metadata/verified_metadata/splited/GSE166655_design/GSE166655_design__T=Tibialis_anterior__H=672__B=NA__G=delivery_aav9_ar45__VS=delivery_untreated.tsv	TRUE	NA	delivery_aav9_ar45__vs__delivery_untreated	delivery_untreated	Tibialis anterior	672	6	6	3	3	1	-7.400583329023973e-17	7.673421254011427	7.673421254011427	-0.30202038790634766	7.077042434875217	7.379062822781565	1	lfc0.5_k2_fdr0.1	0.5	2	0.1	external	extended_transfer	external_full_3_anchor_weights	NA	NA	NA
GSE166655	GSE166655_design__T=Tibialis_anterior__H=672__B=NA__G=delivery_aav9_gfp__VS=delivery_untreated	<upstream_project_root>/00_metadata/verified_metadata/splited/GSE166655_design/GSE166655_design__T=Tibialis_anterior__H=672__B=NA__G=delivery_aav9_gfp__VS=delivery_untreated.tsv	TRUE	NA	delivery_aav9_gfp__vs__delivery_untreated	delivery_untreated	Tibialis anterior	672	6	6	3	3	1	-7.400583329023973e-17	5.11572417232346	5.11572417232346	-0.30202038790634766	5.361211419419213	5.663231807325561	1	lfc0.5_k2_fdr0.1	0.5	2	0.1	external	extended_transfer	external_full_3_anchor_weights	NA	NA	NA
GSE178313	GSE178313_design__T=Liver__H=48__B=NA__G=mouse_repopulated_lnp__VS=mouse_repopulated_pbs	<upstream_project_root>/00_metadata/verified_metadata/splited/GSE178313_design/GSE178313_design__T=Liver__H=48__B=NA__G=mouse_repopulated_lnp__VS=mouse_repopulated_pbs.tsv	TRUE	NA	mouse_repopulated_lnp__vs__mouse_repopulated_pbs	mouse_repopulated_pbs	Liver	48	8	8	4	4	1	-2.7755575615628914e-17	5.625426120624555	5.625426120624555	-0.44089072593583684	4.560737510452348	5.001628236388186	1	lfc0.5_k2_fdr0.1	0.5	2	0.1	external	extended_transfer	external_full_3_anchor_weights	NA	NA	NA
GSE262515_cell_line	GSE262515_cell_line__T=cell_line__H=72__B=NA__G=delivery_tlnp_sihbv_50nm__VS=baseline_0	<upstream_project_root>/00_metadata/verified_metadata/splited/GSE262515_cell_line_design/GSE262515_cell_line__T=cell_line__H=72__B=NA__G=delivery_tlnp_sihbv_50nm__VS=baseline_0.tsv	TRUE	NA	delivery_tlnp_sihbv_50nm__vs__baseline_0	baseline_0	cell line	72	6	6	3	3	1	4.6252516429136824e-17	1.8305717408854068	1.8305717408854068	-0.08678958890483598	1.261621898506448	1.348411487411284	0.8888888888888888	lfc0.5_k2_fdr0.1	0.5	2	0.1	calibration	extended_transfer	external_full_3_anchor_weights	NA	NA	NA
GSE262515_cell_line	GSE262515_cell_line__T=cell_line__H=72__B=NA__G=delivery_tlnp_sinc_50nm__VS=baseline_0	<upstream_project_root>/00_metadata/verified_metadata/splited/GSE262515_cell_line_design/GSE262515_cell_line__T=cell_line__H=72__B=NA__G=delivery_tlnp_sinc_50nm__VS=baseline_0.tsv	TRUE	NA	delivery_tlnp_sinc_50nm__vs__baseline_0	baseline_0	cell line	72	6	6	3	3	1	4.6252516429136824e-17	-3.0126026730391464	-3.0126026730391464	-0.08678958890483598	-2.8548939303808067	-2.7681043414759707	0	lfc0.5_k2_fdr0.1	0.5	2	0.1	calibration	extended_transfer	external_full_3_anchor_weights	NA	NA	NA
GSE262515_tissue	GSE262515_tissue__T=tissue__H=72__B=NA__G=delivery_tlnp_sihbv_1mg_kg__VS=baseline_0	<upstream_project_root>/00_metadata/verified_metadata/splited/GSE262515_tissue_design/GSE262515_tissue__T=tissue__H=72__B=NA__G=delivery_tlnp_sihbv_1mg_kg__VS=baseline_0.tsv	TRUE	NA	delivery_tlnp_sihbv_1mg_kg__vs__baseline_0	baseline_0	tissue	72	6	6	3	3	1	1.3877787807814457e-17	3.693047376317111	3.693047376317111	-0.09883922690793408	4.2560559919742484	4.354895218882183	1	lfc0.5_k2_fdr0.1	0.5	2	0.1	calibration	extended_transfer	external_full_3_anchor_weights	NA	NA	NA
GSE262515_tissue	GSE262515_tissue__T=tissue__H=72__B=NA__G=delivery_tlnp_sihbv_2_5mg_kg__VS=baseline_0	<upstream_project_root>/00_metadata/verified_metadata/splited/GSE262515_tissue_design/GSE262515_tissue__T=tissue__H=72__B=NA__G=delivery_tlnp_sihbv_2_5mg_kg__VS=baseline_0.tsv	TRUE	NA	delivery_tlnp_sihbv_2_5mg_kg__vs__baseline_0	baseline_0	tissue	72	6	6	3	3	1	1.3877787807814457e-17	2.04349223320256	2.04349223320256	-0.09883922690793408	2.4851789075874593	2.5840181344953934	1	lfc0.5_k2_fdr0.1	0.5	2	0.1	calibration	extended_transfer	external_full_3_anchor_weights	NA	NA	NA
GSE262515_tissue	GSE262515_tissue__T=tissue__H=72__B=NA__G=delivery_tlnp_sinc_1mg_kg__VS=baseline_0	<upstream_project_root>/00_metadata/verified_metadata/splited/GSE262515_tissue_design/GSE262515_tissue__T=tissue__H=72__B=NA__G=delivery_tlnp_sinc_1mg_kg__VS=baseline_0.tsv	TRUE	NA	delivery_tlnp_sinc_1mg_kg__vs__baseline_0	baseline_0	tissue	72	6	6	3	3	1	1.3877787807814457e-17	3.346305528467119	3.346305528467119	-0.09883922690793408	3.300072697640451	3.398911924548385	1	lfc0.5_k2_fdr0.1	0.5	2	0.1	calibration	extended_transfer	external_full_3_anchor_weights	NA	NA	NA
GSE264344	GSE264344_design__T=Blood__H=72__B=NA__G=delivery_ad26__VS=baseline_0	<upstream_project_root>/00_metadata/verified_metadata/splited/GSE264344_design/GSE264344_design__T=Blood__H=72__B=NA__G=delivery_ad26__VS=baseline_0.tsv	TRUE	NA	delivery_ad26__vs__baseline_0	baseline_0	Blood	72	10	10	5	5	1	0.35029773987448454	0.7728853338735582	0.42258759399907364	0.38390365597364373	0.8530679296648115	0.46916427369116775	0.92	lfc0.5_k2_fdr0.1	0.5	2	0.1	external	extended_transfer	external_full_3_anchor_weights	NA	NA	NA
GSE264344	GSE264344_design__T=Blood__H=72__B=NA__G=delivery_ad5__VS=baseline_0	<upstream_project_root>/00_metadata/verified_metadata/splited/GSE264344_design/GSE264344_design__T=Blood__H=72__B=NA__G=delivery_ad5__VS=baseline_0.tsv	TRUE	NA	delivery_ad5__vs__baseline_0	baseline_0	Blood	72	10	10	5	5	1	0.35029773987448454	0.93065274837056855	0.580355008496084	0.38390365597364373	0.8871333011207558	0.5032296451471121	1	lfc0.5_k2_fdr0.1	0.5	2	0.1	external	extended_transfer	external_full_3_anchor_weights	NA	NA	NA
GSE264344	GSE264344_design__T=dLN__H=72__B=NA__G=delivery_ad26__VS=baseline_0	<upstream_project_root>/00_metadata/verified_metadata/splited/GSE264344_design/GSE264344_design__T=dLN__H=72__B=NA__G=delivery_ad26__VS=baseline_0.tsv	TRUE	NA	delivery_ad26__vs__baseline_0	baseline_0	dLN	72	10	10	5	5	1	0.9335672618201951	1.3194850250443493	0.38591776322415416	0.8439246478413944	1.3616990329651324	0.517774385123738	0.92	lfc0.5_k2_fdr0.1	0.5	2	0.1	external	extended_transfer	external_full_3_anchor_weights	NA	NA	NA
GSE264344	GSE264344_design__T=dLN__H=72__B=NA__G=delivery_ad5__VS=baseline_0	<upstream_project_root>/00_metadata/verified_metadata/splited/GSE264344_design/GSE264344_design__T=dLN__H=72__B=NA__G=delivery_ad5__VS=baseline_0.tsv	TRUE	NA	delivery_ad5__vs__baseline_0	baseline_0	dLN	72	10	10	5	5	1	0.9335672618201951	1.4625309251739527	0.5289636633537576	0.8439246478413944	1.4674035080961099	0.6234788602547154	0.96	lfc0.5_k2_fdr0.1	0.5	2	0.1	external	extended_transfer	external_full_3_anchor_weights	NA	NA	NA
GSE264344	GSE264344_design__T=Muscle__H=72__B=NA__G=delivery_ad26__VS=baseline_0	<upstream_project_root>/00_metadata/verified_metadata/splited/GSE264344_design/GSE264344_design__T=Muscle__H=72__B=NA__G=delivery_ad26__VS=baseline_0.tsv	TRUE	NA	delivery_ad26__vs__baseline_0	baseline_0	Muscle	72	10	10	5	5	1	-1.2838650016946795	0.25241025974656045	1.53627526144124	-1.2685240299167113	0.5763844708825593	1.8449085007992707	1	lfc0.5_k2_fdr0.1	0.5	2	0.1	external	extended_transfer	external_full_3_anchor_weights	NA	NA	NA
GSE264344	GSE264344_design__T=Muscle__H=72__B=NA__G=delivery_ad5__VS=baseline_0	<upstream_project_root>/00_metadata/verified_metadata/splited/GSE264344_design/GSE264344_design__T=Muscle__H=72__B=NA__G=delivery_ad5__VS=baseline_0.tsv	TRUE	NA	delivery_ad5__vs__baseline_0	baseline_0	Muscle	72	10	10	5	5	1	-1.2838650016946795	0.5587111281743085	1.842576129868988	-1.2685240299167113	0.2652938876766351	1.5338179175933464	1	lfc0.5_k2_fdr0.1	0.5	2	0.1	external	extended_transfer	external_full_3_anchor_weights	NA	NA	NA
GSE279372	GSE279372_design__T=draining_lymph_nodes__H=24__B=NA__G=delivery_1000_g_lnps_injected__VS=baseline_0	<upstream_project_root>/00_metadata/verified_metadata/splited/GSE279372_design/GSE279372_design__T=draining_lymph_nodes__H=24__B=NA__G=delivery_1000_g_lnps_injected__VS=baseline_0.tsv	TRUE	NA	delivery_1000_g_lnps_injected__vs__baseline_0	baseline_0	draining lymph nodes	24	8	8	4	4	1	2.7755575615628914e-17	39.973982744758935	39.973982744758935	-0.011322899750714599	40.24576248566163	40.257085385412346	1	lfc0.5_k2_fdr0.1	0.5	2	0.1	calibration	acute_main	external_full_3_anchor_weights	NA	NA	NA
GSE279372	GSE279372_design__T=draining_lymph_nodes__H=24__B=NA__G=delivery_250_g_alum_injected__VS=baseline_0	<upstream_project_root>/00_metadata/verified_metadata/splited/GSE279372_design/GSE279372_design__T=draining_lymph_nodes__H=24__B=NA__G=delivery_250_g_alum_injected__VS=baseline_0.tsv	TRUE	NA	delivery_250_g_alum_injected__vs__baseline_0	baseline_0	draining lymph nodes	24	8	8	4	4	1	2.7755575615628914e-17	1.2924438837557077	1.2924438837557077	-0.011322899750714599	1.2967949085026111	1.3081178082533258	0.8125	lfc0.5_k2_fdr0.1	0.5	2	0.1	calibration	acute_main	external_full_3_anchor_weights	NA	NA	NA
GSE279372	GSE279372_design__T=draining_lymph_nodes__H=24__B=NA__G=delivery_5_g_gi_1_gii_4_vlp__VS=baseline_0	<upstream_project_root>/00_metadata/verified_metadata/splited/GSE279372_design/GSE279372_design__T=draining_lymph_nodes__H=24__B=NA__G=delivery_5_g_gi_1_gii_4_vlp__VS=baseline_0.tsv	TRUE	NA	delivery_5_g_gi_1_gii_4_vlp__vs__baseline_0	baseline_0	draining lymph nodes	24	8	8	4	4	1	2.7755575615628914e-17	5.109501148616232	5.109501148616232	-0.011322899750714599	4.839863141574813	4.851186041325527	1	lfc0.5_k2_fdr0.1	0.5	2	0.1	calibration	acute_main	external_full_3_anchor_weights	NA	NA	NA
GSE279372	GSE279372_design__T=draining_lymph_nodes__H=24__B=NA__G=GID00110503__VS=baseline_0	<upstream_project_root>/00_metadata/verified_metadata/splited/GSE279372_design/GSE279372_design__T=draining_lymph_nodes__H=24__B=NA__G=GID00110503__VS=baseline_0.tsv	TRUE	NA	delivery_250_g_alum_5_g_gi_1_gii_4_vlp_injected__vs__baseline_0	baseline_0	draining lymph nodes	24	8	8	4	4	1	2.7755575615628914e-17	2.4180257591720666	2.4180257591720666	-0.011322899750714599	2.376234136647139	2.3875570363978538	1	lfc0.5_k2_fdr0.1	0.5	2	0.1	calibration	acute_main	external_full_3_anchor_weights	NA	NA	NA
GSE279372	GSE279372_design__T=draining_lymph_nodes__H=24__B=NA__G=GID00110754__VS=baseline_0	<upstream_project_root>/00_metadata/verified_metadata/splited/GSE279372_design/GSE279372_design__T=draining_lymph_nodes__H=24__B=NA__G=GID00110754__VS=baseline_0.tsv	TRUE	NA	delivery_125_g_lnps_5_g_gi_1_gii_4_vlp_injected__vs__baseline_0	baseline_0	draining lymph nodes	24	8	8	4	4	1	2.7755575615628914e-17	29.043963475473728	29.043963475473728	-0.011322899750714599	30.438502307473705	30.449825207224418	1	lfc0.5_k2_fdr0.1	0.5	2	0.1	calibration	acute_main	external_full_3_anchor_weights	NA	NA	NA
GSE279372	GSE279372_design__T=draining_lymph_nodes__H=24__B=NA__G=GID00114748__VS=baseline_0	<upstream_project_root>/00_metadata/verified_metadata/splited/GSE279372_design/GSE279372_design__T=draining_lymph_nodes__H=24__B=NA__G=GID00114748__VS=baseline_0.tsv	TRUE	NA	delivery_1000_g_lnps_5_g_gi_1_gii_4_vlp_injected__vs__baseline_0	baseline_0	draining lymph nodes	24	8	8	4	4	1	2.7755575615628914e-17	44.920124988825464	44.920124988825464	-0.011322899750714599	45.69307378432194	45.704396684072655	1	lfc0.5_k2_fdr0.1	0.5	2	0.1	calibration	acute_main	external_full_3_anchor_weights	NA	NA	NA
GSE279743	GSE279743_design__T=Lymph_Node__H=6__B=NA__G=delivery_vaccination_with_sm102__VS=baseline_0	<upstream_project_root>/00_metadata/verified_metadata/splited/GSE279743_design/GSE279743_design__T=Lymph_Node__H=6__B=NA__G=delivery_vaccination_with_sm102__VS=baseline_0.tsv	TRUE	NA	delivery_vaccination_with_sm102__vs__baseline_0	baseline_0	Lymph Node	6	6	6	3	3	1	1.850371707708594e-17	17.899646592588265	17.899646592588265	-0.4111568350578246	19.316963904147407	19.72812073920523	1	lfc0.5_k2_fdr0.1	0.5	2	0.1	external	acute_main	external_full_3_anchor_weights	NA	NA	NA
GSE279743	GSE279743_design__T=Lymph_Node__H=6__B=NA__G=delivery_vaccination_with_ssop__VS=baseline_0	<upstream_project_root>/00_metadata/verified_metadata/splited/GSE279743_design/GSE279743_design__T=Lymph_Node__H=6__B=NA__G=delivery_vaccination_with_ssop__VS=baseline_0.tsv	TRUE	NA	delivery_vaccination_with_ssop__vs__baseline_0	baseline_0	Lymph Node	6	6	6	3	3	1	1.850371707708594e-17	2.879337106529447	2.879337106529447	-0.4111568350578246	2.9764896756411297	3.3876465106989544	1	lfc0.5_k2_fdr0.1	0.5	2	0.1	external	acute_main	external_full_3_anchor_weights	NA	NA	NA
GSE279744	GSE279744_design__T=lymph_node__H=6__B=NA__G=delivery_vaccination_with_sm102__VS=baseline_0	<upstream_project_root>/00_metadata/verified_metadata/splited/GSE279744_design/GSE279744_design__T=lymph_node__H=6__B=NA__G=delivery_vaccination_with_sm102__VS=baseline_0.tsv	TRUE	NA	delivery_vaccination_with_sm102__vs__baseline_0	baseline_0	lymph node	6	6	6	3	3	1	3.700743415417188e-17	80.56217763435501	80.56217763435501	0.31103910218802244	79.30732014738211	78.9962810451941	1	lfc0.5_k2_fdr0.1	0.5	2	0.1	calibration	acute_main	external_full_3_anchor_weights	NA	NA	NA
GSE279744	GSE279744_design__T=lymph_node__H=6__B=NA__G=delivery_vaccination_with_ssop__VS=baseline_0	<upstream_project_root>/00_metadata/verified_metadata/splited/GSE279744_design/GSE279744_design__T=lymph_node__H=6__B=NA__G=delivery_vaccination_with_ssop__VS=baseline_0.tsv	TRUE	NA	delivery_vaccination_with_ssop__vs__baseline_0	baseline_0	lymph node	6	6	6	3	3	1	3.700743415417188e-17	16.221317390812708	16.221317390812708	0.31103910218802244	15.131354611624772	14.82031550943675	1	lfc0.5_k2_fdr0.1	0.5	2	0.1	calibration	acute_main	external_full_3_anchor_weights	NA	NA	NA
GSE314070	GSE314070_design__T=small_intestine__H=336__B=NA__G=delivery_am80_lnp__VS=baseline_0	<upstream_project_root>/00_metadata/verified_metadata/splited/GSE314070_design/GSE314070_design__T=small_intestine__H=336__B=NA__G=delivery_am80_lnp__VS=baseline_0.tsv	TRUE	NA	delivery_am80_lnp__vs__baseline_0	baseline_0	small intestine	336	6	6	3	3	1	3.700743415417188e-17	7.053417114634366	7.053417114634366	0.26165996187761287	6.814079682280426	6.552419720402813	0.6666666666666666	lfc0.5_k2_fdr0.1	0.5	2	0.1	external	extended_transfer	external_full_3_anchor_weights	NA	NA	NA
GSE314070	GSE314070_design__T=small_intestine__H=336__B=NA__G=delivery_sm102_lnp__VS=baseline_0	<upstream_project_root>/00_metadata/verified_metadata/splited/GSE314070_design/GSE314070_design__T=small_intestine__H=336__B=NA__G=delivery_sm102_lnp__VS=baseline_0.tsv	TRUE	NA	delivery_sm102_lnp__vs__baseline_0	baseline_0	small intestine	336	6	6	3	3	1	3.700743415417188e-17	-0.07589772937765837	-0.07589772937765842	0.26165996187761287	-0.8955317442431248	-1.1571917061207375	0.4444444444444444	lfc0.5_k2_fdr0.1	0.5	2	0.1	external	extended_transfer	external_full_3_anchor_weights	NA	NA	NA
GSE264344	GSE264344_design__T=Blood__H=1__B=NA__G=delivery_ad26__VS=baseline_0	<upstream_project_root>/00_metadata/verified_metadata/splited/GSE264344_design/GSE264344_design__T=Blood__H=1__B=NA__G=delivery_ad26__VS=baseline_0.tsv	TRUE	NA	delivery_ad26__vs__baseline_0	baseline_0	Blood	1	10	10	5	5	1	0.5069259332967784	0.6340307805936093	0.12710484729683091	0.5484177755318939	0.6523069918087104	0.10388921627681658	0.7200000000000001	lfc0.5_k2_fdr0.1	0.5	2	0.1	anchor	acute_main	loao_2_anchor_weights	GSE264344	GSE39129;GSE167521	795
GSE264344	GSE264344_design__T=Blood__H=1__B=NA__G=delivery_ad5__VS=baseline_0	<upstream_project_root>/00_metadata/verified_metadata/splited/GSE264344_design/GSE264344_design__T=Blood__H=1__B=NA__G=delivery_ad5__VS=baseline_0.tsv	TRUE	NA	delivery_ad5__vs__baseline_0	baseline_0	Blood	1	10	10	5	5	1	0.5069259332967784	0.7380974775948342	0.23117154429805586	0.5484177755318939	0.7287865352063553	0.18036875967446142	0.96	lfc0.5_k2_fdr0.1	0.5	2	0.1	anchor	acute_main	loao_2_anchor_weights	GSE264344	GSE39129;GSE167521	795
GSE264344	GSE264344_design__T=Blood__H=12__B=NA__G=delivery_ad26__VS=baseline_0	<upstream_project_root>/00_metadata/verified_metadata/splited/GSE264344_design/GSE264344_design__T=Blood__H=12__B=NA__G=delivery_ad26__VS=baseline_0.tsv	TRUE	NA	delivery_ad26__vs__baseline_0	baseline_0	Blood	12	10	10	5	5	1	0.5069259332967784	3.1873435875824274	2.680417654285649	0.5484177755318939	3.095817048221628	2.547399272689734	1	lfc0.5_k2_fdr0.1	0.5	2	0.1	anchor	acute_main	loao_2_anchor_weights	GSE264344	GSE39129;GSE167521	795
GSE264344	GSE264344_design__T=Blood__H=12__B=NA__G=delivery_ad5__VS=baseline_0	<upstream_project_root>/00_metadata/verified_metadata/splited/GSE264344_design/GSE264344_design__T=Blood__H=12__B=NA__G=delivery_ad5__VS=baseline_0.tsv	TRUE	NA	delivery_ad5__vs__baseline_0	baseline_0	Blood	12	10	10	5	5	1	0.5069259332967784	2.040668804569556	1.5337428712727776	0.5484177755318939	2.109054527919858	1.560636752387964	1	lfc0.5_k2_fdr0.1	0.5	2	0.1	anchor	acute_main	loao_2_anchor_weights	GSE264344	GSE39129;GSE167521	795
GSE264344	GSE264344_design__T=Blood__H=24__B=NA__G=delivery_ad26__VS=baseline_0	<upstream_project_root>/00_metadata/verified_metadata/splited/GSE264344_design/GSE264344_design__T=Blood__H=24__B=NA__G=delivery_ad26__VS=baseline_0.tsv	TRUE	NA	delivery_ad26__vs__baseline_0	baseline_0	Blood	24	10	10	5	5	1	0.5069259332967784	2.1036721968042276	1.5967462635074492	0.5484177755318939	2.1477509356568705	1.5993331601249765	1	lfc0.5_k2_fdr0.1	0.5	2	0.1	anchor	acute_main	loao_2_anchor_weights	GSE264344	GSE39129;GSE167521	795
GSE264344	GSE264344_design__T=Blood__H=24__B=NA__G=delivery_ad5__VS=baseline_0	<upstream_project_root>/00_metadata/verified_metadata/splited/GSE264344_design/GSE264344_design__T=Blood__H=24__B=NA__G=delivery_ad5__VS=baseline_0.tsv	TRUE	NA	delivery_ad5__vs__baseline_0	baseline_0	Blood	24	10	10	5	5	1	0.5069259332967784	1.27158273399433	0.7646568006975516	0.5484177755318939	1.214927966654042	0.6665101911221482	1	lfc0.5_k2_fdr0.1	0.5	2	0.1	anchor	acute_main	loao_2_anchor_weights	GSE264344	GSE39129;GSE167521	795
GSE264344	GSE264344_design__T=Blood__H=3__B=NA__G=delivery_ad26__VS=baseline_0	<upstream_project_root>/00_metadata/verified_metadata/splited/GSE264344_design/GSE264344_design__T=Blood__H=3__B=NA__G=delivery_ad26__VS=baseline_0.tsv	TRUE	NA	delivery_ad26__vs__baseline_0	baseline_0	Blood	3	10	10	5	5	1	0.5069259332967784	2.672023017695649	2.165097084398871	0.5484177755318939	2.6947987210831355	2.1463809455512415	1	lfc0.5_k2_fdr0.1	0.5	2	0.1	anchor	acute_main	loao_2_anchor_weights	GSE264344	GSE39129;GSE167521	795
GSE264344	GSE264344_design__T=Blood__H=3__B=NA__G=delivery_ad5__VS=baseline_0	<upstream_project_root>/00_metadata/verified_metadata/splited/GSE264344_design/GSE264344_design__T=Blood__H=3__B=NA__G=delivery_ad5__VS=baseline_0.tsv	TRUE	NA	delivery_ad5__vs__baseline_0	baseline_0	Blood	3	10	10	5	5	1	0.5069259332967784	1.1485356771190205	0.6416097438222421	0.5484177755318939	1.1393568173011845	0.5909390417692907	1	lfc0.5_k2_fdr0.1	0.5	2	0.1	anchor	acute_main	loao_2_anchor_weights	GSE264344	GSE39129;GSE167521	795
GSE264344	GSE264344_design__T=Blood__H=6__B=NA__G=delivery_ad26__VS=baseline_0	<upstream_project_root>/00_metadata/verified_metadata/splited/GSE264344_design/GSE264344_design__T=Blood__H=6__B=NA__G=delivery_ad26__VS=baseline_0.tsv	TRUE	NA	delivery_ad26__vs__baseline_0	baseline_0	Blood	6	10	10	5	5	1	0.5069259332967784	2.5388549240082394	2.031928990711461	0.5484177755318939	2.5726630021718977	2.0242452266400037	1	lfc0.5_k2_fdr0.1	0.5	2	0.1	anchor	acute_main	loao_2_anchor_weights	GSE264344	GSE39129;GSE167521	795
GSE264344	GSE264344_design__T=Blood__H=6__B=NA__G=delivery_ad5__VS=baseline_0	<upstream_project_root>/00_metadata/verified_metadata/splited/GSE264344_design/GSE264344_design__T=Blood__H=6__B=NA__G=delivery_ad5__VS=baseline_0.tsv	TRUE	NA	delivery_ad5__vs__baseline_0	baseline_0	Blood	6	10	10	5	5	1	0.5069259332967784	3.2867451480670886	2.7798192147703102	0.5484177755318939	3.4814554613968225	2.9330376858649285	1	lfc0.5_k2_fdr0.1	0.5	2	0.1	anchor	acute_main	loao_2_anchor_weights	GSE264344	GSE39129;GSE167521	795
GSE264344	GSE264344_design__T=dLN__H=1__B=NA__G=delivery_ad26__VS=baseline_0	<upstream_project_root>/00_metadata/verified_metadata/splited/GSE264344_design/GSE264344_design__T=dLN__H=1__B=NA__G=delivery_ad26__VS=baseline_0.tsv	TRUE	NA	delivery_ad26__vs__baseline_0	baseline_0	dLN	1	10	10	5	5	1	0.826942406162916	1.1236285191685926	0.2966861130056766	0.7369422642651574	0.9955351727422372	0.25859290847707983	0.8400000000000001	lfc0.5_k2_fdr0.1	0.5	2	0.1	anchor	acute_main	loao_2_anchor_weights	GSE264344	GSE39129;GSE167521	795
GSE264344	GSE264344_design__T=dLN__H=1__B=NA__G=delivery_ad5__VS=baseline_0	<upstream_project_root>/00_metadata/verified_metadata/splited/GSE264344_design/GSE264344_design__T=dLN__H=1__B=NA__G=delivery_ad5__VS=baseline_0.tsv	TRUE	NA	delivery_ad5__vs__baseline_0	baseline_0	dLN	1	10	10	5	5	1	0.826942406162916	1.336399838982284	0.509457432819368	0.7369422642651574	1.3023292494056686	0.5653869851405112	0.96	lfc0.5_k2_fdr0.1	0.5	2	0.1	anchor	acute_main	loao_2_anchor_weights	GSE264344	GSE39129;GSE167521	795
GSE264344	GSE264344_design__T=dLN__H=12__B=NA__G=delivery_ad26__VS=baseline_0	<upstream_project_root>/00_metadata/verified_metadata/splited/GSE264344_design/GSE264344_design__T=dLN__H=12__B=NA__G=delivery_ad26__VS=baseline_0.tsv	TRUE	NA	delivery_ad26__vs__baseline_0	baseline_0	dLN	12	10	10	5	5	1	0.826942406162916	4.221352176800159	3.394409770637243	0.7369422642651574	4.202120074135723	3.465177809870566	1	lfc0.5_k2_fdr0.1	0.5	2	0.1	anchor	acute_main	loao_2_anchor_weights	GSE264344	GSE39129;GSE167521	795
GSE264344	GSE264344_design__T=dLN__H=12__B=NA__G=delivery_ad5__VS=baseline_0	<upstream_project_root>/00_metadata/verified_metadata/splited/GSE264344_design/GSE264344_design__T=dLN__H=12__B=NA__G=delivery_ad5__VS=baseline_0.tsv	TRUE	NA	delivery_ad5__vs__baseline_0	baseline_0	dLN	12	10	10	5	5	1	0.826942406162916	3.5778286750653505	2.7508862689024345	0.7369422642651574	3.5661668707856604	2.829224606520503	1	lfc0.5_k2_fdr0.1	0.5	2	0.1	anchor	acute_main	loao_2_anchor_weights	GSE264344	GSE39129;GSE167521	795
GSE264344	GSE264344_design__T=dLN__H=24__B=NA__G=delivery_ad26__VS=baseline_0	<upstream_project_root>/00_metadata/verified_metadata/splited/GSE264344_design/GSE264344_design__T=dLN__H=24__B=NA__G=delivery_ad26__VS=baseline_0.tsv	TRUE	NA	delivery_ad26__vs__baseline_0	baseline_0	dLN	24	10	10	5	5	1	0.826942406162916	2.8158702455560634	1.9889278393931473	0.7369422642651574	2.641286153423556	1.9043438891583988	1	lfc0.5_k2_fdr0.1	0.5	2	0.1	anchor	acute_main	loao_2_anchor_weights	GSE264344	GSE39129;GSE167521	795
GSE264344	GSE264344_design__T=dLN__H=24__B=NA__G=delivery_ad5__VS=baseline_0	<upstream_project_root>/00_metadata/verified_metadata/splited/GSE264344_design/GSE264344_design__T=dLN__H=24__B=NA__G=delivery_ad5__VS=baseline_0.tsv	TRUE	NA	delivery_ad5__vs__baseline_0	baseline_0	dLN	24	10	10	5	5	1	0.826942406162916	2.3500872159985775	1.5231448098356615	0.7369422642651574	2.3568265315439727	1.6198842672788154	1	lfc0.5_k2_fdr0.1	0.5	2	0.1	anchor	acute_main	loao_2_anchor_weights	GSE264344	GSE39129;GSE167521	795
GSE264344	GSE264344_design__T=dLN__H=3__B=NA__G=delivery_ad26__VS=baseline_0	<upstream_project_root>/00_metadata/verified_metadata/splited/GSE264344_design/GSE264344_design__T=dLN__H=3__B=NA__G=delivery_ad26__VS=baseline_0.tsv	TRUE	NA	delivery_ad26__vs__baseline_0	baseline_0	dLN	3	10	10	5	5	1	0.826942406162916	3.535342348422884	2.708399942259968	0.7369422642651574	3.4487586880911705	2.711816423826013	1	lfc0.5_k2_fdr0.1	0.5	2	0.1	anchor	acute_main	loao_2_anchor_weights	GSE264344	GSE39129;GSE167521	795
GSE264344	GSE264344_design__T=dLN__H=3__B=NA__G=delivery_ad5__VS=baseline_0	<upstream_project_root>/00_metadata/verified_metadata/splited/GSE264344_design/GSE264344_design__T=dLN__H=3__B=NA__G=delivery_ad5__VS=baseline_0.tsv	TRUE	NA	delivery_ad5__vs__baseline_0	baseline_0	dLN	3	10	10	5	5	1	0.826942406162916	2.511519494466835	1.6845770883039188	0.7369422642651574	2.536192892268665	1.7992506280035077	1	lfc0.5_k2_fdr0.1	0.5	2	0.1	anchor	acute_main	loao_2_anchor_weights	GSE264344	GSE39129;GSE167521	795
GSE264344	GSE264344_design__T=dLN__H=6__B=NA__G=delivery_ad26__VS=baseline_0	<upstream_project_root>/00_metadata/verified_metadata/splited/GSE264344_design/GSE264344_design__T=dLN__H=6__B=NA__G=delivery_ad26__VS=baseline_0.tsv	TRUE	NA	delivery_ad26__vs__baseline_0	baseline_0	dLN	6	10	10	5	5	1	0.826942406162916	4.270103911686618	3.4431615055237024	0.7369422642651574	4.301326043187862	3.5643837789227044	1	lfc0.5_k2_fdr0.1	0.5	2	0.1	anchor	acute_main	loao_2_anchor_weights	GSE264344	GSE39129;GSE167521	795
GSE264344	GSE264344_design__T=dLN__H=6__B=NA__G=delivery_ad5__VS=baseline_0	<upstream_project_root>/00_metadata/verified_metadata/splited/GSE264344_design/GSE264344_design__T=dLN__H=6__B=NA__G=delivery_ad5__VS=baseline_0.tsv	TRUE	NA	delivery_ad5__vs__baseline_0	baseline_0	dLN	6	10	10	5	5	1	0.826942406162916	3.897439094113959	3.070496687951043	0.7369422642651574	4.101366742176123	3.3644244779109655	1	lfc0.5_k2_fdr0.1	0.5	2	0.1	anchor	acute_main	loao_2_anchor_weights	GSE264344	GSE39129;GSE167521	795
GSE264344	GSE264344_design__T=Muscle__H=1__B=NA__G=delivery_ad26__VS=baseline_0	<upstream_project_root>/00_metadata/verified_metadata/splited/GSE264344_design/GSE264344_design__T=Muscle__H=1__B=NA__G=delivery_ad26__VS=baseline_0.tsv	TRUE	NA	delivery_ad26__vs__baseline_0	baseline_0	Muscle	1	10	10	5	5	1	-1.3338683394596944	-0.6064530650171542	0.7274152744425402	-1.2887983848492666	-0.6190680843461479	0.6697303005031187	1	lfc0.5_k2_fdr0.1	0.5	2	0.1	anchor	acute_main	loao_2_anchor_weights	GSE264344	GSE39129;GSE167521	795
GSE264344	GSE264344_design__T=Muscle__H=1__B=NA__G=delivery_ad5__VS=baseline_0	<upstream_project_root>/00_metadata/verified_metadata/splited/GSE264344_design/GSE264344_design__T=Muscle__H=1__B=NA__G=delivery_ad5__VS=baseline_0.tsv	TRUE	NA	delivery_ad5__vs__baseline_0	baseline_0	Muscle	1	10	10	5	5	1	-1.3338683394596944	-0.6112537856957901	0.7226145537639043	-1.2887983848492666	-0.5709005963394533	0.7178977885098132	1	lfc0.5_k2_fdr0.1	0.5	2	0.1	anchor	acute_main	loao_2_anchor_weights	GSE264344	GSE39129;GSE167521	795
GSE264344	GSE264344_design__T=Muscle__H=12__B=NA__G=delivery_ad26__VS=baseline_0	<upstream_project_root>/00_metadata/verified_metadata/splited/GSE264344_design/GSE264344_design__T=Muscle__H=12__B=NA__G=delivery_ad26__VS=baseline_0.tsv	TRUE	NA	delivery_ad26__vs__baseline_0	baseline_0	Muscle	12	10	10	5	5	1	-1.3338683394596944	1.3710930113305682	2.7049613507902626	-1.2887983848492666	1.466575742550417	2.7553741273996835	1	lfc0.5_k2_fdr0.1	0.5	2	0.1	anchor	acute_main	loao_2_anchor_weights	GSE264344	GSE39129;GSE167521	795
GSE264344	GSE264344_design__T=Muscle__H=12__B=NA__G=delivery_ad5__VS=baseline_0	<upstream_project_root>/00_metadata/verified_metadata/splited/GSE264344_design/GSE264344_design__T=Muscle__H=12__B=NA__G=delivery_ad5__VS=baseline_0.tsv	TRUE	NA	delivery_ad5__vs__baseline_0	baseline_0	Muscle	12	10	10	5	5	1	-1.3338683394596944	1.5999216507848444	2.933789990244539	-1.2887983848492666	1.6879826768183979	2.9767810616676647	1	lfc0.5_k2_fdr0.1	0.5	2	0.1	anchor	acute_main	loao_2_anchor_weights	GSE264344	GSE39129;GSE167521	795
GSE264344	GSE264344_design__T=Muscle__H=24__B=NA__G=delivery_ad26__VS=baseline_0	<upstream_project_root>/00_metadata/verified_metadata/splited/GSE264344_design/GSE264344_design__T=Muscle__H=24__B=NA__G=delivery_ad26__VS=baseline_0.tsv	TRUE	NA	delivery_ad26__vs__baseline_0	baseline_0	Muscle	24	10	10	5	5	1	-1.3338683394596944	0.9169195231507657	2.2507878626104603	-1.2887983848492666	1.1193670309796677	2.4081654158289343	1	lfc0.5_k2_fdr0.1	0.5	2	0.1	anchor	acute_main	loao_2_anchor_weights	GSE264344	GSE39129;GSE167521	795
GSE264344	GSE264344_design__T=Muscle__H=24__B=NA__G=delivery_ad5__VS=baseline_0	<upstream_project_root>/00_metadata/verified_metadata/splited/GSE264344_design/GSE264344_design__T=Muscle__H=24__B=NA__G=delivery_ad5__VS=baseline_0.tsv	TRUE	NA	delivery_ad5__vs__baseline_0	baseline_0	Muscle	24	10	10	5	5	1	-1.3338683394596944	0.9412721961013345	2.275140535561029	-1.2887983848492666	1.3181819667722094	2.606980351621476	1	lfc0.5_k2_fdr0.1	0.5	2	0.1	anchor	acute_main	loao_2_anchor_weights	GSE264344	GSE39129;GSE167521	795
GSE264344	GSE264344_design__T=Muscle__H=3__B=NA__G=delivery_ad26__VS=baseline_0	<upstream_project_root>/00_metadata/verified_metadata/splited/GSE264344_design/GSE264344_design__T=Muscle__H=3__B=NA__G=delivery_ad26__VS=baseline_0.tsv	TRUE	NA	delivery_ad26__vs__baseline_0	baseline_0	Muscle	3	10	10	5	5	1	-1.3338683394596944	0.9808947220473895	2.314763061507084	-1.2887983848492666	1.2282299924686988	2.517028377317965	1	lfc0.5_k2_fdr0.1	0.5	2	0.1	anchor	acute_main	loao_2_anchor_weights	GSE264344	GSE39129;GSE167521	795
GSE264344	GSE264344_design__T=Muscle__H=3__B=NA__G=delivery_ad5__VS=baseline_0	<upstream_project_root>/00_metadata/verified_metadata/splited/GSE264344_design/GSE264344_design__T=Muscle__H=3__B=NA__G=delivery_ad5__VS=baseline_0.tsv	TRUE	NA	delivery_ad5__vs__baseline_0	baseline_0	Muscle	3	10	10	5	5	1	-1.3338683394596944	0.355174898265593	1.6890432377252873	-1.2887983848492666	0.5150388669858613	1.803837251835128	1	lfc0.5_k2_fdr0.1	0.5	2	0.1	anchor	acute_main	loao_2_anchor_weights	GSE264344	GSE39129;GSE167521	795
GSE264344	GSE264344_design__T=Muscle__H=6__B=NA__G=delivery_ad26__VS=baseline_0	<upstream_project_root>/00_metadata/verified_metadata/splited/GSE264344_design/GSE264344_design__T=Muscle__H=6__B=NA__G=delivery_ad26__VS=baseline_0.tsv	TRUE	NA	delivery_ad26__vs__baseline_0	baseline_0	Muscle	6	10	10	5	5	1	-1.3338683394596944	1.4337433520113747	2.7676116914710693	-1.2887983848492666	1.150070220338282	2.4388686051875483	1	lfc0.5_k2_fdr0.1	0.5	2	0.1	anchor	acute_main	loao_2_anchor_weights	GSE264344	GSE39129;GSE167521	795
GSE264344	GSE264344_design__T=Muscle__H=6__B=NA__G=delivery_ad5__VS=baseline_0	<upstream_project_root>/00_metadata/verified_metadata/splited/GSE264344_design/GSE264344_design__T=Muscle__H=6__B=NA__G=delivery_ad5__VS=baseline_0.tsv	TRUE	NA	delivery_ad5__vs__baseline_0	baseline_0	Muscle	6	10	10	5	5	1	-1.3338683394596944	1.5094179406806785	2.843286280140373	-1.2887983848492666	1.7220024658617694	3.010800850711036	1	lfc0.5_k2_fdr0.1	0.5	2	0.1	anchor	acute_main	loao_2_anchor_weights	GSE264344	GSE39129;GSE167521	795
GSE39129	GSE39129_design__T=liver__H=4__B=NA__G=delivery_lentiviral_vector_lv__VS=delivery_none	<upstream_project_root>/00_metadata/verified_metadata/splited/GSE39129_design/GSE39129_design__T=liver__H=4__B=NA__G=delivery_lentiviral_vector_lv__VS=delivery_none.tsv	TRUE	NA	delivery_lentiviral_vector_lv___vs__delivery_none	delivery_none	liver	4	6	6	3	3	1	-1.850371707708594e-17	57.34062982335958	57.34062982335958	0.4946349218528145	60.33670767400077	59.842072752147956	1	lfc0.5_k2_fdr0.1	0.5	2	0.1	anchor	acute_main	loao_2_anchor_weights	GSE39129	GSE264344;GSE167521	880
GSE167521	GSE167521_design__T=skin__H=24__B=NA__G=delivery_lnp__VS=baseline_0	<upstream_project_root>/00_metadata/verified_metadata/splited/GSE167521_design/GSE167521_design__T=skin__H=24__B=NA__G=delivery_lnp__VS=baseline_0.tsv	TRUE	NA	delivery_lnp__vs__baseline_0	baseline_0	skin	24	8	8	4	4	1	-2.0816681711721685e-17	10.433184693295818	10.433184693295818	0.038606214290717936	10.23990168498067	10.201295470689951	1	lfc0.5_k2_fdr0.1	0.5	2	0.1	anchor	acute_main	loao_2_anchor_weights	GSE167521	GSE264344;GSE39129	586
GSE119119	GSE119119_design__T=whole_liver__H=4__B=NA__G=GID00069418__VS=WT_uninfected_whole_liver	<upstream_project_root>/00_metadata/verified_metadata/splited/GSE119119_design/GSE119119_design__T=whole_liver__H=4__B=NA__G=GID00069418__VS=WT_uninfected_whole_liver.tsv	TRUE	NA	WT_virus_plus_rh9C12_H433A_whole_liver__vs__WT_uninfected_whole_liver	WT_uninfected_whole_liver	whole liver	4	8	8	4	4	1	-0.30268686714554077	11.619343031825768	11.922029898971308	-0.2856146348322031	11.532027095977393	11.817641730809596	1	lfc0.5_k2_fdr0.2	0.5	2	0.2	external	acute_main	external_full_3_anchor_weights	NA	NA	NA
GSE119119	GSE119119_design__T=whole_liver__H=4__B=NA__G=GID00088542__VS=TRIM21_KO_uninfected_whole_liver	<upstream_project_root>/00_metadata/verified_metadata/splited/GSE119119_design/GSE119119_design__T=whole_liver__H=4__B=NA__G=GID00088542__VS=TRIM21_KO_uninfected_whole_liver.tsv	TRUE	NA	TRIM21_KO_virus_plus_rh9C12_WT_whole_liver__vs__TRIM21_KO_uninfected_whole_liver	TRIM21_KO_uninfected_whole_liver	whole liver	4	8	8	4	4	1	0.30268686714554066	11.338300234972358	11.035613367826818	0.38042228932696437	11.767945107879378	11.387522818552414	1	lfc0.5_k2_fdr0.2	0.5	2	0.2	external	acute_main	external_full_3_anchor_weights	NA	NA	NA
GSE119119	GSE119119_design__T=whole_liver__H=4__B=NA__G=GID00096342__VS=TRIM21_KO_uninfected_whole_liver	<upstream_project_root>/00_metadata/verified_metadata/splited/GSE119119_design/GSE119119_design__T=whole_liver__H=4__B=NA__G=GID00096342__VS=TRIM21_KO_uninfected_whole_liver.tsv	TRUE	NA	TRIM21_KO_virus_plus_rh9C12_H433A_whole_liver__vs__TRIM21_KO_uninfected_whole_liver	TRIM21_KO_uninfected_whole_liver	whole liver	4	8	8	4	4	1	0.30268686714554066	10.965467721110215	10.662780853964675	0.38042228932696437	10.988990606450598	10.608568317123634	1	lfc0.5_k2_fdr0.2	0.5	2	0.2	external	acute_main	external_full_3_anchor_weights	NA	NA	NA
GSE119119	GSE119119_design__T=whole_liver__H=4__B=NA__G=TRIM21_KO_virus_only_whole_liver__VS=TRIM21_KO_uninfected_whole_liver	<upstream_project_root>/00_metadata/verified_metadata/splited/GSE119119_design/GSE119119_design__T=whole_liver__H=4__B=NA__G=TRIM21_KO_virus_only_whole_liver__VS=TRIM21_KO_uninfected_whole_liver.tsv	TRUE	NA	TRIM21_KO_virus_only_whole_liver__vs__TRIM21_KO_uninfected_whole_liver	TRIM21_KO_uninfected_whole_liver	whole liver	4	8	8	4	4	1	0.30268686714554066	10.288826145821883	9.986139278676342	0.38042228932696437	10.913680385694526	10.533258096367563	1	lfc0.5_k2_fdr0.2	0.5	2	0.2	external	acute_main	external_full_3_anchor_weights	NA	NA	NA
GSE119119	GSE119119_design__T=whole_liver__H=4__B=NA__G=WT_virus_only_whole_liver__VS=WT_uninfected_whole_liver	<upstream_project_root>/00_metadata/verified_metadata/splited/GSE119119_design/GSE119119_design__T=whole_liver__H=4__B=NA__G=WT_virus_only_whole_liver__VS=WT_uninfected_whole_liver.tsv	TRUE	NA	WT_virus_only_whole_liver__vs__WT_uninfected_whole_liver	WT_uninfected_whole_liver	whole liver	4	8	8	4	4	1	-0.30268686714554077	9.427390754257019	9.73007762140256	-0.2856146348322031	8.909774250119728	9.195388884951932	1	lfc0.5_k2_fdr0.2	0.5	2	0.2	external	acute_main	external_full_3_anchor_weights	NA	NA	NA
GSE119119	GSE119119_design__T=whole_liver__H=4__B=NA__G=WT_virus_plus_rh9C12_WT_whole_liver__VS=WT_uninfected_whole_liver	<upstream_project_root>/00_metadata/verified_metadata/splited/GSE119119_design/GSE119119_design__T=whole_liver__H=4__B=NA__G=WT_virus_plus_rh9C12_WT_whole_liver__VS=WT_uninfected_whole_liver.tsv	TRUE	NA	WT_virus_plus_rh9C12_WT_whole_liver__vs__WT_uninfected_whole_liver	WT_uninfected_whole_liver	whole liver	4	8	8	4	4	1	-0.30268686714554077	18.715891506577265	19.018578373722807	-0.2856146348322031	18.701254444092854	18.986869078925057	1	lfc0.5_k2_fdr0.2	0.5	2	0.2	external	acute_main	external_full_3_anchor_weights	NA	NA	NA
GSE139529	GSE139529_design__T=blood__H=24__B=NA__G=ad.mva__VS=none	<upstream_project_root>/00_metadata/verified_metadata/splited/GSE139529_design/GSE139529_design__T=blood__H=24__B=NA__G=ad.mva__VS=none.tsv	TRUE	NA	ad.mva__vs__none	none	blood	24	12	12	6	6	1	4.61689425116744e-18	17.589557020788966	17.589557020788966	-0.12336251405321345	16.734195181406307	16.85755769545952	1	lfc0.5_k2_fdr0.2	0.5	2	0.2	external	acute_main	external_full_3_anchor_weights	NA	NA	NA
GSE139529	GSE139529_design__T=blood__H=24__B=NA__G=ad_empty__VS=none	<upstream_project_root>/00_metadata/verified_metadata/splited/GSE139529_design/GSE139529_design__T=blood__H=24__B=NA__G=ad_empty__VS=none.tsv	TRUE	NA	ad_empty__vs__none	none	blood	24	12	12	6	6	1	4.61689425116744e-18	17.792767842916604	17.792767842916604	-0.12336251405321345	17.890202240607554	18.013564754660766	1	lfc0.5_k2_fdr0.2	0.5	2	0.2	external	acute_main	external_full_3_anchor_weights	NA	NA	NA
GSE139529	GSE139529_design__T=blood__H=24__B=NA__G=ad_fhbp__VS=none	<upstream_project_root>/00_metadata/verified_metadata/splited/GSE139529_design/GSE139529_design__T=blood__H=24__B=NA__G=ad_fhbp__VS=none.tsv	TRUE	NA	ad_fhbp__vs__none	none	blood	24	12	12	6	6	1	4.61689425116744e-18	22.773564534455254	22.773564534455254	-0.12336251405321345	22.68038355019852	22.803746064251733	1	lfc0.5_k2_fdr0.2	0.5	2	0.2	external	acute_main	external_full_3_anchor_weights	NA	NA	NA
GSE139529	GSE139529_design__T=blood__H=24__B=NA__G=ad_pref__VS=none	<upstream_project_root>/00_metadata/verified_metadata/splited/GSE139529_design/GSE139529_design__T=blood__H=24__B=NA__G=ad_pref__VS=none.tsv	TRUE	NA	ad_pref__vs__none	none	blood	24	12	12	6	6	1	4.61689425116744e-18	0.7457954762309439	0.7457954762309439	-0.12336251405321345	1.0940080990183378	1.2173706130715514	0.5833333333333334	lfc0.5_k2_fdr0.2	0.5	2	0.2	external	acute_main	external_full_3_anchor_weights	NA	NA	NA
GSE139529	GSE139529_design__T=blood__H=24__B=NA__G=mva.ad__VS=none	<upstream_project_root>/00_metadata/verified_metadata/splited/GSE139529_design/GSE139529_design__T=blood__H=24__B=NA__G=mva.ad__VS=none.tsv	TRUE	NA	mva.ad__vs__none	none	blood	24	12	12	6	6	1	4.61689425116744e-18	27.38023335925845	27.38023335925845	-0.12336251405321345	27.681614824544916	27.80497733859813	1	lfc0.5_k2_fdr0.2	0.5	2	0.2	external	acute_main	external_full_3_anchor_weights	NA	NA	NA
GSE139529	GSE139529_design__T=blood__H=24__B=NA__G=mva_fhbp__VS=none	<upstream_project_root>/00_metadata/verified_metadata/splited/GSE139529_design/GSE139529_design__T=blood__H=24__B=NA__G=mva_fhbp__VS=none.tsv	TRUE	NA	mva_fhbp__vs__none	none	blood	24	12	12	6	6	1	4.61689425116744e-18	22.974954297315204	22.974954297315204	-0.12336251405321345	22.9608831452376	23.08424565929081	1	lfc0.5_k2_fdr0.2	0.5	2	0.2	external	acute_main	external_full_3_anchor_weights	NA	NA	NA
GSE166655	GSE166655_design__T=Tibialis_anterior__H=672__B=NA__G=delivery_aav9_ar45__VS=delivery_untreated	<upstream_project_root>/00_metadata/verified_metadata/splited/GSE166655_design/GSE166655_design__T=Tibialis_anterior__H=672__B=NA__G=delivery_aav9_ar45__VS=delivery_untreated.tsv	TRUE	NA	delivery_aav9_ar45__vs__delivery_untreated	delivery_untreated	Tibialis anterior	672	6	6	3	3	1	1.8494682058981897e-17	8.53662721594359	8.53662721594359	-0.3245920271569755	7.933584310494553	8.258176337651529	1	lfc0.5_k2_fdr0.2	0.5	2	0.2	external	extended_transfer	external_full_3_anchor_weights	NA	NA	NA
GSE166655	GSE166655_design__T=Tibialis_anterior__H=672__B=NA__G=delivery_aav9_gfp__VS=delivery_untreated	<upstream_project_root>/00_metadata/verified_metadata/splited/GSE166655_design/GSE166655_design__T=Tibialis_anterior__H=672__B=NA__G=delivery_aav9_gfp__VS=delivery_untreated.tsv	TRUE	NA	delivery_aav9_gfp__vs__delivery_untreated	delivery_untreated	Tibialis anterior	672	6	6	3	3	1	1.8494682058981897e-17	6.08215416270322	6.08215416270322	-0.3245920271569755	6.463766185486728	6.788358212643703	1	lfc0.5_k2_fdr0.2	0.5	2	0.2	external	extended_transfer	external_full_3_anchor_weights	NA	NA	NA
GSE178313	GSE178313_design__T=Liver__H=48__B=NA__G=mouse_repopulated_lnp__VS=mouse_repopulated_pbs	<upstream_project_root>/00_metadata/verified_metadata/splited/GSE178313_design/GSE178313_design__T=Liver__H=48__B=NA__G=mouse_repopulated_lnp__VS=mouse_repopulated_pbs.tsv	TRUE	NA	mouse_repopulated_lnp__vs__mouse_repopulated_pbs	mouse_repopulated_pbs	Liver	48	8	8	4	4	1	-2.7755575615628914e-17	5.432532094331442	5.432532094331442	-0.4266333203990789	4.320220623760172	4.746853944159251	0.9375	lfc0.5_k2_fdr0.2	0.5	2	0.2	external	extended_transfer	external_full_3_anchor_weights	NA	NA	NA
GSE262515_cell_line	GSE262515_cell_line__T=cell_line__H=72__B=NA__G=delivery_tlnp_sihbv_50nm__VS=baseline_0	<upstream_project_root>/00_metadata/verified_metadata/splited/GSE262515_cell_line_design/GSE262515_cell_line__T=cell_line__H=72__B=NA__G=delivery_tlnp_sihbv_50nm__VS=baseline_0.tsv	TRUE	NA	delivery_tlnp_sihbv_50nm__vs__baseline_0	baseline_0	cell line	72	6	6	3	3	1	-2.630390231619292e-17	1.418279173960952	1.418279173960952	-0.005361828653308777	1.0797010286074997	1.0850628572608085	0.8888888888888888	lfc0.5_k2_fdr0.2	0.5	2	0.2	calibration	extended_transfer	external_full_3_anchor_weights	NA	NA	NA
GSE262515_cell_line	GSE262515_cell_line__T=cell_line__H=72__B=NA__G=delivery_tlnp_sinc_50nm__VS=baseline_0	<upstream_project_root>/00_metadata/verified_metadata/splited/GSE262515_cell_line_design/GSE262515_cell_line__T=cell_line__H=72__B=NA__G=delivery_tlnp_sinc_50nm__VS=baseline_0.tsv	TRUE	NA	delivery_tlnp_sinc_50nm__vs__baseline_0	baseline_0	cell line	72	6	6	3	3	1	-2.630390231619292e-17	-3.088331201630072	-3.088331201630072	-0.005361828653308777	-3.284167710437087	-3.278805881783778	0	lfc0.5_k2_fdr0.2	0.5	2	0.2	calibration	extended_transfer	external_full_3_anchor_weights	NA	NA	NA
GSE262515_tissue	GSE262515_tissue__T=tissue__H=72__B=NA__G=delivery_tlnp_sihbv_1mg_kg__VS=baseline_0	<upstream_project_root>/00_metadata/verified_metadata/splited/GSE262515_tissue_design/GSE262515_tissue__T=tissue__H=72__B=NA__G=delivery_tlnp_sihbv_1mg_kg__VS=baseline_0.tsv	TRUE	NA	delivery_tlnp_sihbv_1mg_kg__vs__baseline_0	baseline_0	tissue	72	6	6	3	3	1	4.625929269271485e-18	4.608382313024732	4.608382313024732	-0.09052699315303313	4.969117671502436	5.059644664655469	1	lfc0.5_k2_fdr0.2	0.5	2	0.2	calibration	extended_transfer	external_full_3_anchor_weights	NA	NA	NA
GSE262515_tissue	GSE262515_tissue__T=tissue__H=72__B=NA__G=delivery_tlnp_sihbv_2_5mg_kg__VS=baseline_0	<upstream_project_root>/00_metadata/verified_metadata/splited/GSE262515_tissue_design/GSE262515_tissue__T=tissue__H=72__B=NA__G=delivery_tlnp_sihbv_2_5mg_kg__VS=baseline_0.tsv	TRUE	NA	delivery_tlnp_sihbv_2_5mg_kg__vs__baseline_0	baseline_0	tissue	72	6	6	3	3	1	4.625929269271485e-18	2.63457946714283	2.63457946714283	-0.09052699315303313	3.0005795353415192	3.0911065284945525	1	lfc0.5_k2_fdr0.2	0.5	2	0.2	calibration	extended_transfer	external_full_3_anchor_weights	NA	NA	NA
GSE262515_tissue	GSE262515_tissue__T=tissue__H=72__B=NA__G=delivery_tlnp_sinc_1mg_kg__VS=baseline_0	<upstream_project_root>/00_metadata/verified_metadata/splited/GSE262515_tissue_design/GSE262515_tissue__T=tissue__H=72__B=NA__G=delivery_tlnp_sinc_1mg_kg__VS=baseline_0.tsv	TRUE	NA	delivery_tlnp_sinc_1mg_kg__vs__baseline_0	baseline_0	tissue	72	6	6	3	3	1	4.625929269271485e-18	4.121968357866343	4.121968357866343	-0.09052699315303313	4.201890610916181	4.292417604069215	1	lfc0.5_k2_fdr0.2	0.5	2	0.2	calibration	extended_transfer	external_full_3_anchor_weights	NA	NA	NA
GSE264344	GSE264344_design__T=Blood__H=72__B=NA__G=delivery_ad26__VS=baseline_0	<upstream_project_root>/00_metadata/verified_metadata/splited/GSE264344_design/GSE264344_design__T=Blood__H=72__B=NA__G=delivery_ad26__VS=baseline_0.tsv	TRUE	NA	delivery_ad26__vs__baseline_0	baseline_0	Blood	72	10	10	5	5	1	0.32824914007011535	0.7963511469580903	0.46810200688797493	0.35099825745980234	0.8957274906571241	0.5447292331973217	0.92	lfc0.5_k2_fdr0.2	0.5	2	0.2	external	extended_transfer	external_full_3_anchor_weights	NA	NA	NA
GSE264344	GSE264344_design__T=Blood__H=72__B=NA__G=delivery_ad5__VS=baseline_0	<upstream_project_root>/00_metadata/verified_metadata/splited/GSE264344_design/GSE264344_design__T=Blood__H=72__B=NA__G=delivery_ad5__VS=baseline_0.tsv	TRUE	NA	delivery_ad5__vs__baseline_0	baseline_0	Blood	72	10	10	5	5	1	0.32824914007011535	0.9900311434832119	0.6617820034130966	0.35099825745980234	0.9307427134983955	0.5797444560385931	1	lfc0.5_k2_fdr0.2	0.5	2	0.2	external	extended_transfer	external_full_3_anchor_weights	NA	NA	NA
GSE264344	GSE264344_design__T=dLN__H=72__B=NA__G=delivery_ad26__VS=baseline_0	<upstream_project_root>/00_metadata/verified_metadata/splited/GSE264344_design/GSE264344_design__T=dLN__H=72__B=NA__G=delivery_ad26__VS=baseline_0.tsv	TRUE	NA	delivery_ad26__vs__baseline_0	baseline_0	dLN	72	10	10	5	5	1	0.9476743934470974	1.3141926113286762	0.3665182178815788	0.8742069197789543	1.304667294390642	0.43046037461168785	0.88	lfc0.5_k2_fdr0.2	0.5	2	0.2	external	extended_transfer	external_full_3_anchor_weights	NA	NA	NA
GSE264344	GSE264344_design__T=dLN__H=72__B=NA__G=delivery_ad5__VS=baseline_0	<upstream_project_root>/00_metadata/verified_metadata/splited/GSE264344_design/GSE264344_design__T=dLN__H=72__B=NA__G=delivery_ad5__VS=baseline_0.tsv	TRUE	NA	delivery_ad5__vs__baseline_0	baseline_0	dLN	72	10	10	5	5	1	0.9476743934470974	1.452666512034706	0.5049921185876086	0.8742069197789543	1.4520403799775206	0.5778334601985663	0.96	lfc0.5_k2_fdr0.2	0.5	2	0.2	external	extended_transfer	external_full_3_anchor_weights	NA	NA	NA
GSE264344	GSE264344_design__T=Muscle__H=72__B=NA__G=delivery_ad26__VS=baseline_0	<upstream_project_root>/00_metadata/verified_metadata/splited/GSE264344_design/GSE264344_design__T=Muscle__H=72__B=NA__G=delivery_ad26__VS=baseline_0.tsv	TRUE	NA	delivery_ad26__vs__baseline_0	baseline_0	Muscle	72	10	10	5	5	1	-1.2759235335172128	0.27615218730995883	1.5520757208271716	-1.2771587653208616	0.6197074217796209	1.8968661871004824	1	lfc0.5_k2_fdr0.2	0.5	2	0.2	external	extended_transfer	external_full_3_anchor_weights	NA	NA	NA
GSE264344	GSE264344_design__T=Muscle__H=72__B=NA__G=delivery_ad5__VS=baseline_0	<upstream_project_root>/00_metadata/verified_metadata/splited/GSE264344_design/GSE264344_design__T=Muscle__H=72__B=NA__G=delivery_ad5__VS=baseline_0.tsv	TRUE	NA	delivery_ad5__vs__baseline_0	baseline_0	Muscle	72	10	10	5	5	1	-1.2759235335172128	0.6056125960355887	1.8815361295528015	-1.2771587653208616	0.3347059297924756	1.6118646951133373	1	lfc0.5_k2_fdr0.2	0.5	2	0.2	external	extended_transfer	external_full_3_anchor_weights	NA	NA	NA
GSE279372	GSE279372_design__T=draining_lymph_nodes__H=24__B=NA__G=delivery_1000_g_lnps_injected__VS=baseline_0	<upstream_project_root>/00_metadata/verified_metadata/splited/GSE279372_design/GSE279372_design__T=draining_lymph_nodes__H=24__B=NA__G=delivery_1000_g_lnps_injected__VS=baseline_0.tsv	TRUE	NA	delivery_1000_g_lnps_injected__vs__baseline_0	baseline_0	draining lymph nodes	24	8	8	4	4	1	4.163336342344337e-17	42.29460890716808	42.29460890716808	-0.007925950926186004	42.71064248401956	42.718568434945745	1	lfc0.5_k2_fdr0.2	0.5	2	0.2	calibration	acute_main	external_full_3_anchor_weights	NA	NA	NA
GSE279372	GSE279372_design__T=draining_lymph_nodes__H=24__B=NA__G=delivery_250_g_alum_injected__VS=baseline_0	<upstream_project_root>/00_metadata/verified_metadata/splited/GSE279372_design/GSE279372_design__T=draining_lymph_nodes__H=24__B=NA__G=delivery_250_g_alum_injected__VS=baseline_0.tsv	TRUE	NA	delivery_250_g_alum_injected__vs__baseline_0	baseline_0	draining lymph nodes	24	8	8	4	4	1	4.163336342344337e-17	1.61903469612532	1.61903469612532	-0.007925950926186004	1.7461871814042076	1.7541131323303936	0.8125	lfc0.5_k2_fdr0.2	0.5	2	0.2	calibration	acute_main	external_full_3_anchor_weights	NA	NA	NA
GSE279372	GSE279372_design__T=draining_lymph_nodes__H=24__B=NA__G=delivery_5_g_gi_1_gii_4_vlp__VS=baseline_0	<upstream_project_root>/00_metadata/verified_metadata/splited/GSE279372_design/GSE279372_design__T=draining_lymph_nodes__H=24__B=NA__G=delivery_5_g_gi_1_gii_4_vlp__VS=baseline_0.tsv	TRUE	NA	delivery_5_g_gi_1_gii_4_vlp__vs__baseline_0	baseline_0	draining lymph nodes	24	8	8	4	4	1	4.163336342344337e-17	5.596270967405166	5.596270967405166	-0.007925950926186004	5.193720280597892	5.201646231524078	1	lfc0.5_k2_fdr0.2	0.5	2	0.2	calibration	acute_main	external_full_3_anchor_weights	NA	NA	NA
GSE279372	GSE279372_design__T=draining_lymph_nodes__H=24__B=NA__G=GID00110503__VS=baseline_0	<upstream_project_root>/00_metadata/verified_metadata/splited/GSE279372_design/GSE279372_design__T=draining_lymph_nodes__H=24__B=NA__G=GID00110503__VS=baseline_0.tsv	TRUE	NA	delivery_250_g_alum_5_g_gi_1_gii_4_vlp_injected__vs__baseline_0	baseline_0	draining lymph nodes	24	8	8	4	4	1	4.163336342344337e-17	2.7775877950148375	2.7775877950148375	-0.007925950926186004	2.694073472553625	2.701999423479811	1	lfc0.5_k2_fdr0.2	0.5	2	0.2	calibration	acute_main	external_full_3_anchor_weights	NA	NA	NA
GSE279372	GSE279372_design__T=draining_lymph_nodes__H=24__B=NA__G=GID00110754__VS=baseline_0	<upstream_project_root>/00_metadata/verified_metadata/splited/GSE279372_design/GSE279372_design__T=draining_lymph_nodes__H=24__B=NA__G=GID00110754__VS=baseline_0.tsv	TRUE	NA	delivery_125_g_lnps_5_g_gi_1_gii_4_vlp_injected__vs__baseline_0	baseline_0	draining lymph nodes	24	8	8	4	4	1	4.163336342344337e-17	30.904170569527	30.904170569527	-0.007925950926186004	32.36744201464598	32.37536796557217	1	lfc0.5_k2_fdr0.2	0.5	2	0.2	calibration	acute_main	external_full_3_anchor_weights	NA	NA	NA
GSE279372	GSE279372_design__T=draining_lymph_nodes__H=24__B=NA__G=GID00114748__VS=baseline_0	<upstream_project_root>/00_metadata/verified_metadata/splited/GSE279372_design/GSE279372_design__T=draining_lymph_nodes__H=24__B=NA__G=GID00114748__VS=baseline_0.tsv	TRUE	NA	delivery_1000_g_lnps_5_g_gi_1_gii_4_vlp_injected__vs__baseline_0	baseline_0	draining lymph nodes	24	8	8	4	4	1	4.163336342344337e-17	47.907896448736444	47.907896448736444	-0.007925950926186004	48.616931445813876	48.62485739674006	1	lfc0.5_k2_fdr0.2	0.5	2	0.2	calibration	acute_main	external_full_3_anchor_weights	NA	NA	NA
GSE279743	GSE279743_design__T=Lymph_Node__H=6__B=NA__G=delivery_vaccination_with_sm102__VS=baseline_0	<upstream_project_root>/00_metadata/verified_metadata/splited/GSE279743_design/GSE279743_design__T=Lymph_Node__H=6__B=NA__G=delivery_vaccination_with_sm102__VS=baseline_0.tsv	TRUE	NA	delivery_vaccination_with_sm102__vs__baseline_0	baseline_0	Lymph Node	6	6	6	3	3	1	-1.850371707708594e-17	18.91469493237399	18.91469493237399	-0.4168455053446925	20.377636043567772	20.794481548912465	1	lfc0.5_k2_fdr0.2	0.5	2	0.2	external	acute_main	external_full_3_anchor_weights	NA	NA	NA
GSE279743	GSE279743_design__T=Lymph_Node__H=6__B=NA__G=delivery_vaccination_with_ssop__VS=baseline_0	<upstream_project_root>/00_metadata/verified_metadata/splited/GSE279743_design/GSE279743_design__T=Lymph_Node__H=6__B=NA__G=delivery_vaccination_with_ssop__VS=baseline_0.tsv	TRUE	NA	delivery_vaccination_with_ssop__vs__baseline_0	baseline_0	Lymph Node	6	6	6	3	3	1	-1.850371707708594e-17	3.084285842724408	3.084285842724408	-0.4168455053446925	3.196648811767924	3.613494317112617	1	lfc0.5_k2_fdr0.2	0.5	2	0.2	external	acute_main	external_full_3_anchor_weights	NA	NA	NA
GSE279744	GSE279744_design__T=lymph_node__H=6__B=NA__G=delivery_vaccination_with_sm102__VS=baseline_0	<upstream_project_root>/00_metadata/verified_metadata/splited/GSE279744_design/GSE279744_design__T=lymph_node__H=6__B=NA__G=delivery_vaccination_with_sm102__VS=baseline_0.tsv	TRUE	NA	delivery_vaccination_with_sm102__vs__baseline_0	baseline_0	lymph node	6	6	6	3	3	1	1.850371707708594e-17	82.92800365350915	82.92800365350915	0.33268379203704385	83.14297109145869	82.81028729942165	1	lfc0.5_k2_fdr0.2	0.5	2	0.2	calibration	acute_main	external_full_3_anchor_weights	NA	NA	NA
GSE279744	GSE279744_design__T=lymph_node__H=6__B=NA__G=delivery_vaccination_with_ssop__VS=baseline_0	<upstream_project_root>/00_metadata/verified_metadata/splited/GSE279744_design/GSE279744_design__T=lymph_node__H=6__B=NA__G=delivery_vaccination_with_ssop__VS=baseline_0.tsv	TRUE	NA	delivery_vaccination_with_ssop__vs__baseline_0	baseline_0	lymph node	6	6	6	3	3	1	1.850371707708594e-17	16.766794028332797	16.766794028332797	0.33268379203704385	15.311757737738887	14.979073945701844	1	lfc0.5_k2_fdr0.2	0.5	2	0.2	calibration	acute_main	external_full_3_anchor_weights	NA	NA	NA
GSE314070	GSE314070_design__T=small_intestine__H=336__B=NA__G=delivery_am80_lnp__VS=baseline_0	<upstream_project_root>/00_metadata/verified_metadata/splited/GSE314070_design/GSE314070_design__T=small_intestine__H=336__B=NA__G=delivery_am80_lnp__VS=baseline_0.tsv	TRUE	NA	delivery_am80_lnp__vs__baseline_0	baseline_0	small intestine	336	6	6	3	3	1	3.700743415417188e-17	7.866484164512435	7.866484164512435	0.2522680864921134	7.586324201135627	7.334056114643513	0.6666666666666666	lfc0.5_k2_fdr0.2	0.5	2	0.2	external	extended_transfer	external_full_3_anchor_weights	NA	NA	NA
GSE314070	GSE314070_design__T=small_intestine__H=336__B=NA__G=delivery_sm102_lnp__VS=baseline_0	<upstream_project_root>/00_metadata/verified_metadata/splited/GSE314070_design/GSE314070_design__T=small_intestine__H=336__B=NA__G=delivery_sm102_lnp__VS=baseline_0.tsv	TRUE	NA	delivery_sm102_lnp__vs__baseline_0	baseline_0	small intestine	336	6	6	3	3	1	3.700743415417188e-17	0.2136883583886048	0.21368835838860478	0.2522680864921134	-0.6990782391758097	-0.9513463256679231	0.4444444444444444	lfc0.5_k2_fdr0.2	0.5	2	0.2	external	extended_transfer	external_full_3_anchor_weights	NA	NA	NA
GSE264344	GSE264344_design__T=Blood__H=1__B=NA__G=delivery_ad26__VS=baseline_0	<upstream_project_root>/00_metadata/verified_metadata/splited/GSE264344_design/GSE264344_design__T=Blood__H=1__B=NA__G=delivery_ad26__VS=baseline_0.tsv	TRUE	NA	delivery_ad26__vs__baseline_0	baseline_0	Blood	1	10	10	5	5	1	0.47632139412682123	0.606978577077586	0.13065718295076473	0.5148878440267338	0.6167437649936791	0.10185592096694529	0.7200000000000001	lfc0.5_k2_fdr0.2	0.5	2	0.2	anchor	acute_main	loao_2_anchor_weights	GSE264344	GSE39129;GSE167521	937
GSE264344	GSE264344_design__T=Blood__H=1__B=NA__G=delivery_ad5__VS=baseline_0	<upstream_project_root>/00_metadata/verified_metadata/splited/GSE264344_design/GSE264344_design__T=Blood__H=1__B=NA__G=delivery_ad5__VS=baseline_0.tsv	TRUE	NA	delivery_ad5__vs__baseline_0	baseline_0	Blood	1	10	10	5	5	1	0.47632139412682123	0.704626753108818	0.22830535898199672	0.5148878440267338	0.701050034300836	0.1861621902741022	0.96	lfc0.5_k2_fdr0.2	0.5	2	0.2	anchor	acute_main	loao_2_anchor_weights	GSE264344	GSE39129;GSE167521	937
GSE264344	GSE264344_design__T=Blood__H=12__B=NA__G=delivery_ad26__VS=baseline_0	<upstream_project_root>/00_metadata/verified_metadata/splited/GSE264344_design/GSE264344_design__T=Blood__H=12__B=NA__G=delivery_ad26__VS=baseline_0.tsv	TRUE	NA	delivery_ad26__vs__baseline_0	baseline_0	Blood	12	10	10	5	5	1	0.47632139412682123	3.0746586123318225	2.598337218205001	0.5148878440267338	2.986307664499336	2.4714198204726023	1	lfc0.5_k2_fdr0.2	0.5	2	0.2	anchor	acute_main	loao_2_anchor_weights	GSE264344	GSE39129;GSE167521	937
GSE264344	GSE264344_design__T=Blood__H=12__B=NA__G=delivery_ad5__VS=baseline_0	<upstream_project_root>/00_metadata/verified_metadata/splited/GSE264344_design/GSE264344_design__T=Blood__H=12__B=NA__G=delivery_ad5__VS=baseline_0.tsv	TRUE	NA	delivery_ad5__vs__baseline_0	baseline_0	Blood	12	10	10	5	5	1	0.47632139412682123	1.9516423974716286	1.4753210033448074	0.5148878440267338	2.0062685832525413	1.4913807392258076	1	lfc0.5_k2_fdr0.2	0.5	2	0.2	anchor	acute_main	loao_2_anchor_weights	GSE264344	GSE39129;GSE167521	937
GSE264344	GSE264344_design__T=Blood__H=24__B=NA__G=delivery_ad26__VS=baseline_0	<upstream_project_root>/00_metadata/verified_metadata/splited/GSE264344_design/GSE264344_design__T=Blood__H=24__B=NA__G=delivery_ad26__VS=baseline_0.tsv	TRUE	NA	delivery_ad26__vs__baseline_0	baseline_0	Blood	24	10	10	5	5	1	0.47632139412682123	2.0296809990740647	1.5533596049472436	0.5148878440267338	2.0768333063689544	1.5619454623422206	1	lfc0.5_k2_fdr0.2	0.5	2	0.2	anchor	acute_main	loao_2_anchor_weights	GSE264344	GSE39129;GSE167521	937
GSE264344	GSE264344_design__T=Blood__H=24__B=NA__G=delivery_ad5__VS=baseline_0	<upstream_project_root>/00_metadata/verified_metadata/splited/GSE264344_design/GSE264344_design__T=Blood__H=24__B=NA__G=delivery_ad5__VS=baseline_0.tsv	TRUE	NA	delivery_ad5__vs__baseline_0	baseline_0	Blood	24	10	10	5	5	1	0.47632139412682123	1.1942209888303252	0.7178995947035041	0.5148878440267338	1.1397273112490014	0.6248394672222676	1	lfc0.5_k2_fdr0.2	0.5	2	0.2	anchor	acute_main	loao_2_anchor_weights	GSE264344	GSE39129;GSE167521	937
GSE264344	GSE264344_design__T=Blood__H=3__B=NA__G=delivery_ad26__VS=baseline_0	<upstream_project_root>/00_metadata/verified_metadata/splited/GSE264344_design/GSE264344_design__T=Blood__H=3__B=NA__G=delivery_ad26__VS=baseline_0.tsv	TRUE	NA	delivery_ad26__vs__baseline_0	baseline_0	Blood	3	10	10	5	5	1	0.47632139412682123	2.5955712506607718	2.1192498565339504	0.5148878440267338	2.6392674112886088	2.124379567261875	1	lfc0.5_k2_fdr0.2	0.5	2	0.2	anchor	acute_main	loao_2_anchor_weights	GSE264344	GSE39129;GSE167521	937
GSE264344	GSE264344_design__T=Blood__H=3__B=NA__G=delivery_ad5__VS=baseline_0	<upstream_project_root>/00_metadata/verified_metadata/splited/GSE264344_design/GSE264344_design__T=Blood__H=3__B=NA__G=delivery_ad5__VS=baseline_0.tsv	TRUE	NA	delivery_ad5__vs__baseline_0	baseline_0	Blood	3	10	10	5	5	1	0.47632139412682123	1.114512553048823	0.6381911589220017	0.5148878440267338	1.1163714003916534	0.6014835563649196	1	lfc0.5_k2_fdr0.2	0.5	2	0.2	anchor	acute_main	loao_2_anchor_weights	GSE264344	GSE39129;GSE167521	937
GSE264344	GSE264344_design__T=Blood__H=6__B=NA__G=delivery_ad26__VS=baseline_0	<upstream_project_root>/00_metadata/verified_metadata/splited/GSE264344_design/GSE264344_design__T=Blood__H=6__B=NA__G=delivery_ad26__VS=baseline_0.tsv	TRUE	NA	delivery_ad26__vs__baseline_0	baseline_0	Blood	6	10	10	5	5	1	0.47632139412682123	2.4525597498630574	1.9762383557362362	0.5148878440267338	2.4905262974481146	1.975638453421381	1	lfc0.5_k2_fdr0.2	0.5	2	0.2	anchor	acute_main	loao_2_anchor_weights	GSE264344	GSE39129;GSE167521	937
GSE264344	GSE264344_design__T=Blood__H=6__B=NA__G=delivery_ad5__VS=baseline_0	<upstream_project_root>/00_metadata/verified_metadata/splited/GSE264344_design/GSE264344_design__T=Blood__H=6__B=NA__G=delivery_ad5__VS=baseline_0.tsv	TRUE	NA	delivery_ad5__vs__baseline_0	baseline_0	Blood	6	10	10	5	5	1	0.47632139412682123	3.216857260807972	2.740535866681151	0.5148878440267338	3.4075052699650197	2.892617425938286	1	lfc0.5_k2_fdr0.2	0.5	2	0.2	anchor	acute_main	loao_2_anchor_weights	GSE264344	GSE39129;GSE167521	937
GSE264344	GSE264344_design__T=dLN__H=1__B=NA__G=delivery_ad26__VS=baseline_0	<upstream_project_root>/00_metadata/verified_metadata/splited/GSE264344_design/GSE264344_design__T=dLN__H=1__B=NA__G=delivery_ad26__VS=baseline_0.tsv	TRUE	NA	delivery_ad26__vs__baseline_0	baseline_0	dLN	1	10	10	5	5	1	0.8535945087148193	1.152605365527394	0.29901085681257467	0.7688825328779516	1.0321711120101729	0.26328857913222126	0.8400000000000001	lfc0.5_k2_fdr0.2	0.5	2	0.2	anchor	acute_main	loao_2_anchor_weights	GSE264344	GSE39129;GSE167521	937
GSE264344	GSE264344_design__T=dLN__H=1__B=NA__G=delivery_ad5__VS=baseline_0	<upstream_project_root>/00_metadata/verified_metadata/splited/GSE264344_design/GSE264344_design__T=dLN__H=1__B=NA__G=delivery_ad5__VS=baseline_0.tsv	TRUE	NA	delivery_ad5__vs__baseline_0	baseline_0	dLN	1	10	10	5	5	1	0.8535945087148193	1.3630944128463875	0.5094999041315682	0.7688825328779516	1.3423860961421088	0.5735035632641572	0.96	lfc0.5_k2_fdr0.2	0.5	2	0.2	anchor	acute_main	loao_2_anchor_weights	GSE264344	GSE39129;GSE167521	937
GSE264344	GSE264344_design__T=dLN__H=12__B=NA__G=delivery_ad26__VS=baseline_0	<upstream_project_root>/00_metadata/verified_metadata/splited/GSE264344_design/GSE264344_design__T=dLN__H=12__B=NA__G=delivery_ad26__VS=baseline_0.tsv	TRUE	NA	delivery_ad26__vs__baseline_0	baseline_0	dLN	12	10	10	5	5	1	0.8535945087148193	4.157596601310048	3.3040020925952285	0.7688825328779516	4.144452669937653	3.3755701370597015	1	lfc0.5_k2_fdr0.2	0.5	2	0.2	anchor	acute_main	loao_2_anchor_weights	GSE264344	GSE39129;GSE167521	937
GSE264344	GSE264344_design__T=dLN__H=12__B=NA__G=delivery_ad5__VS=baseline_0	<upstream_project_root>/00_metadata/verified_metadata/splited/GSE264344_design/GSE264344_design__T=dLN__H=12__B=NA__G=delivery_ad5__VS=baseline_0.tsv	TRUE	NA	delivery_ad5__vs__baseline_0	baseline_0	dLN	12	10	10	5	5	1	0.8535945087148193	3.52899473567744	2.6754002269626205	0.7688825328779516	3.5178256936284398	2.748943160750488	1	lfc0.5_k2_fdr0.2	0.5	2	0.2	anchor	acute_main	loao_2_anchor_weights	GSE264344	GSE39129;GSE167521	937
GSE264344	GSE264344_design__T=dLN__H=24__B=NA__G=delivery_ad26__VS=baseline_0	<upstream_project_root>/00_metadata/verified_metadata/splited/GSE264344_design/GSE264344_design__T=dLN__H=24__B=NA__G=delivery_ad26__VS=baseline_0.tsv	TRUE	NA	delivery_ad26__vs__baseline_0	baseline_0	dLN	24	10	10	5	5	1	0.8535945087148193	2.7745386651961597	1.9209441564813403	0.7688825328779516	2.5972133979548957	1.828330865076944	1	lfc0.5_k2_fdr0.2	0.5	2	0.2	anchor	acute_main	loao_2_anchor_weights	GSE264344	GSE39129;GSE167521	937
GSE264344	GSE264344_design__T=dLN__H=24__B=NA__G=delivery_ad5__VS=baseline_0	<upstream_project_root>/00_metadata/verified_metadata/splited/GSE264344_design/GSE264344_design__T=dLN__H=24__B=NA__G=delivery_ad5__VS=baseline_0.tsv	TRUE	NA	delivery_ad5__vs__baseline_0	baseline_0	dLN	24	10	10	5	5	1	0.8535945087148193	2.312297137669837	1.4587026289550176	0.7688825328779516	2.3167221730693996	1.547839640191448	1	lfc0.5_k2_fdr0.2	0.5	2	0.2	anchor	acute_main	loao_2_anchor_weights	GSE264344	GSE39129;GSE167521	937
GSE264344	GSE264344_design__T=dLN__H=3__B=NA__G=delivery_ad26__VS=baseline_0	<upstream_project_root>/00_metadata/verified_metadata/splited/GSE264344_design/GSE264344_design__T=dLN__H=3__B=NA__G=delivery_ad26__VS=baseline_0.tsv	TRUE	NA	delivery_ad26__vs__baseline_0	baseline_0	dLN	3	10	10	5	5	1	0.8535945087148193	3.4962647454508615	2.642670236736042	0.7688825328779516	3.409332509670685	2.640449976792733	1	lfc0.5_k2_fdr0.2	0.5	2	0.2	anchor	acute_main	loao_2_anchor_weights	GSE264344	GSE39129;GSE167521	937
GSE264344	GSE264344_design__T=dLN__H=3__B=NA__G=delivery_ad5__VS=baseline_0	<upstream_project_root>/00_metadata/verified_metadata/splited/GSE264344_design/GSE264344_design__T=dLN__H=3__B=NA__G=delivery_ad5__VS=baseline_0.tsv	TRUE	NA	delivery_ad5__vs__baseline_0	baseline_0	dLN	3	10	10	5	5	1	0.8535945087148193	2.4900770240562107	1.6364825153413913	0.7688825328779516	2.5225749176496404	1.7536923847716888	1	lfc0.5_k2_fdr0.2	0.5	2	0.2	anchor	acute_main	loao_2_anchor_weights	GSE264344	GSE39129;GSE167521	937
GSE264344	GSE264344_design__T=dLN__H=6__B=NA__G=delivery_ad26__VS=baseline_0	<upstream_project_root>/00_metadata/verified_metadata/splited/GSE264344_design/GSE264344_design__T=dLN__H=6__B=NA__G=delivery_ad26__VS=baseline_0.tsv	TRUE	NA	delivery_ad26__vs__baseline_0	baseline_0	dLN	6	10	10	5	5	1	0.8535945087148193	4.222419204878003	3.3688246961631836	0.7688825328779516	4.2453374018061565	3.476454868928205	1	lfc0.5_k2_fdr0.2	0.5	2	0.2	anchor	acute_main	loao_2_anchor_weights	GSE264344	GSE39129;GSE167521	937
GSE264344	GSE264344_design__T=dLN__H=6__B=NA__G=delivery_ad5__VS=baseline_0	<upstream_project_root>/00_metadata/verified_metadata/splited/GSE264344_design/GSE264344_design__T=dLN__H=6__B=NA__G=delivery_ad5__VS=baseline_0.tsv	TRUE	NA	delivery_ad5__vs__baseline_0	baseline_0	dLN	6	10	10	5	5	1	0.8535945087148193	3.851478079033294	2.9978835703184745	0.7688825328779516	4.055630666038153	3.2867481331602018	1	lfc0.5_k2_fdr0.2	0.5	2	0.2	anchor	acute_main	loao_2_anchor_weights	GSE264344	GSE39129;GSE167521	937
GSE264344	GSE264344_design__T=Muscle__H=1__B=NA__G=delivery_ad26__VS=baseline_0	<upstream_project_root>/00_metadata/verified_metadata/splited/GSE264344_design/GSE264344_design__T=Muscle__H=1__B=NA__G=delivery_ad26__VS=baseline_0.tsv	TRUE	NA	delivery_ad26__vs__baseline_0	baseline_0	Muscle	1	10	10	5	5	1	-1.3299159028416405	-0.622539236194204	0.7073766666474365	-1.2756771671259723	-0.6338846722370238	0.6417924948889485	1	lfc0.5_k2_fdr0.2	0.5	2	0.2	anchor	acute_main	loao_2_anchor_weights	GSE264344	GSE39129;GSE167521	937
GSE264344	GSE264344_design__T=Muscle__H=1__B=NA__G=delivery_ad5__VS=baseline_0	<upstream_project_root>/00_metadata/verified_metadata/splited/GSE264344_design/GSE264344_design__T=Muscle__H=1__B=NA__G=delivery_ad5__VS=baseline_0.tsv	TRUE	NA	delivery_ad5__vs__baseline_0	baseline_0	Muscle	1	10	10	5	5	1	-1.3299159028416405	-0.6285121201386706	0.7014037827029699	-1.2756771671259723	-0.592484792239572	0.6831923748864004	1	lfc0.5_k2_fdr0.2	0.5	2	0.2	anchor	acute_main	loao_2_anchor_weights	GSE264344	GSE39129;GSE167521	937
GSE264344	GSE264344_design__T=Muscle__H=12__B=NA__G=delivery_ad26__VS=baseline_0	<upstream_project_root>/00_metadata/verified_metadata/splited/GSE264344_design/GSE264344_design__T=Muscle__H=12__B=NA__G=delivery_ad26__VS=baseline_0.tsv	TRUE	NA	delivery_ad26__vs__baseline_0	baseline_0	Muscle	12	10	10	5	5	1	-1.3299159028416405	1.275990068946312	2.6059059717879522	-1.2756771671259723	1.362933751636312	2.6386109187622844	1	lfc0.5_k2_fdr0.2	0.5	2	0.2	anchor	acute_main	loao_2_anchor_weights	GSE264344	GSE39129;GSE167521	937
GSE264344	GSE264344_design__T=Muscle__H=12__B=NA__G=delivery_ad5__VS=baseline_0	<upstream_project_root>/00_metadata/verified_metadata/splited/GSE264344_design/GSE264344_design__T=Muscle__H=12__B=NA__G=delivery_ad5__VS=baseline_0.tsv	TRUE	NA	delivery_ad5__vs__baseline_0	baseline_0	Muscle	12	10	10	5	5	1	-1.3299159028416405	1.5102890524012187	2.840204955242859	-1.2756771671259723	1.6039003971437413	2.879577564269714	1	lfc0.5_k2_fdr0.2	0.5	2	0.2	anchor	acute_main	loao_2_anchor_weights	GSE264344	GSE39129;GSE167521	937
GSE264344	GSE264344_design__T=Muscle__H=24__B=NA__G=delivery_ad26__VS=baseline_0	<upstream_project_root>/00_metadata/verified_metadata/splited/GSE264344_design/GSE264344_design__T=Muscle__H=24__B=NA__G=delivery_ad26__VS=baseline_0.tsv	TRUE	NA	delivery_ad26__vs__baseline_0	baseline_0	Muscle	24	10	10	5	5	1	-1.3299159028416405	0.8562610800887274	2.186176982930368	-1.2756771671259723	1.071186003099502	2.3468631702254745	1	lfc0.5_k2_fdr0.2	0.5	2	0.2	anchor	acute_main	loao_2_anchor_weights	GSE264344	GSE39129;GSE167521	937
GSE264344	GSE264344_design__T=Muscle__H=24__B=NA__G=delivery_ad5__VS=baseline_0	<upstream_project_root>/00_metadata/verified_metadata/splited/GSE264344_design/GSE264344_design__T=Muscle__H=24__B=NA__G=delivery_ad5__VS=baseline_0.tsv	TRUE	NA	delivery_ad5__vs__baseline_0	baseline_0	Muscle	24	10	10	5	5	1	-1.3299159028416405	0.8553841161299132	2.185300018971554	-1.2756771671259723	1.2095081647827604	2.485185331908733	1	lfc0.5_k2_fdr0.2	0.5	2	0.2	anchor	acute_main	loao_2_anchor_weights	GSE264344	GSE39129;GSE167521	937
GSE264344	GSE264344_design__T=Muscle__H=3__B=NA__G=delivery_ad26__VS=baseline_0	<upstream_project_root>/00_metadata/verified_metadata/splited/GSE264344_design/GSE264344_design__T=Muscle__H=3__B=NA__G=delivery_ad26__VS=baseline_0.tsv	TRUE	NA	delivery_ad26__vs__baseline_0	baseline_0	Muscle	3	10	10	5	5	1	-1.3299159028416405	0.9212943052217276	2.2512102080633682	-1.2756771671259723	1.1657643734684744	2.4414415405944467	1	lfc0.5_k2_fdr0.2	0.5	2	0.2	anchor	acute_main	loao_2_anchor_weights	GSE264344	GSE39129;GSE167521	937
GSE264344	GSE264344_design__T=Muscle__H=3__B=NA__G=delivery_ad5__VS=baseline_0	<upstream_project_root>/00_metadata/verified_metadata/splited/GSE264344_design/GSE264344_design__T=Muscle__H=3__B=NA__G=delivery_ad5__VS=baseline_0.tsv	TRUE	NA	delivery_ad5__vs__baseline_0	baseline_0	Muscle	3	10	10	5	5	1	-1.3299159028416405	0.3200302069029728	1.6499461097446133	-1.2756771671259723	0.49467104281435825	1.7703482099403307	1	lfc0.5_k2_fdr0.2	0.5	2	0.2	anchor	acute_main	loao_2_anchor_weights	GSE264344	GSE39129;GSE167521	937
GSE264344	GSE264344_design__T=Muscle__H=6__B=NA__G=delivery_ad26__VS=baseline_0	<upstream_project_root>/00_metadata/verified_metadata/splited/GSE264344_design/GSE264344_design__T=Muscle__H=6__B=NA__G=delivery_ad26__VS=baseline_0.tsv	TRUE	NA	delivery_ad26__vs__baseline_0	baseline_0	Muscle	6	10	10	5	5	1	-1.3299159028416405	1.3383156203204902	2.668231523162131	-1.2756771671259723	1.064702515660327	2.340379682786299	1	lfc0.5_k2_fdr0.2	0.5	2	0.2	anchor	acute_main	loao_2_anchor_weights	GSE264344	GSE39129;GSE167521	937
GSE264344	GSE264344_design__T=Muscle__H=6__B=NA__G=delivery_ad5__VS=baseline_0	<upstream_project_root>/00_metadata/verified_metadata/splited/GSE264344_design/GSE264344_design__T=Muscle__H=6__B=NA__G=delivery_ad5__VS=baseline_0.tsv	TRUE	NA	delivery_ad5__vs__baseline_0	baseline_0	Muscle	6	10	10	5	5	1	-1.3299159028416405	1.4465274780048716	2.776443380846512	-1.2756771671259723	1.649480443578487	2.9251576107044595	1	lfc0.5_k2_fdr0.2	0.5	2	0.2	anchor	acute_main	loao_2_anchor_weights	GSE264344	GSE39129;GSE167521	937
GSE39129	GSE39129_design__T=liver__H=4__B=NA__G=delivery_lentiviral_vector_lv__VS=delivery_none	<upstream_project_root>/00_metadata/verified_metadata/splited/GSE39129_design/GSE39129_design__T=liver__H=4__B=NA__G=delivery_lentiviral_vector_lv__VS=delivery_none.tsv	TRUE	NA	delivery_lentiviral_vector_lv___vs__delivery_none	delivery_none	liver	4	6	6	3	3	1	1.850371707708594e-17	59.53918796355271	59.53918796355271	0.4724980362194818	62.658338041301135	62.18584000508165	1	lfc0.5_k2_fdr0.2	0.5	2	0.2	anchor	acute_main	loao_2_anchor_weights	GSE39129	GSE264344;GSE167521	1015
GSE167521	GSE167521_design__T=skin__H=24__B=NA__G=delivery_lnp__VS=baseline_0	<upstream_project_root>/00_metadata/verified_metadata/splited/GSE167521_design/GSE167521_design__T=skin__H=24__B=NA__G=delivery_lnp__VS=baseline_0.tsv	TRUE	NA	delivery_lnp__vs__baseline_0	baseline_0	skin	24	8	8	4	4	1	-6.938893903907228e-18	10.695918977830086	10.695918977830086	0.05862400887195217	10.559961084315088	10.501337075443136	1	lfc0.5_k2_fdr0.2	0.5	2	0.2	anchor	acute_main	loao_2_anchor_weights	GSE167521	GSE264344;GSE39129	673
GSE119119	GSE119119_design__T=whole_liver__H=4__B=NA__G=GID00069418__VS=WT_uninfected_whole_liver	<upstream_project_root>/00_metadata/verified_metadata/splited/GSE119119_design/GSE119119_design__T=whole_liver__H=4__B=NA__G=GID00069418__VS=WT_uninfected_whole_liver.tsv	TRUE	NA	WT_virus_plus_rh9C12_H433A_whole_liver__vs__WT_uninfected_whole_liver	WT_uninfected_whole_liver	whole liver	4	8	8	4	4	1	-0.24462863461072382	11.201032497719119	11.445661132329843	-0.34122878876914836	11.155473153928803	11.496701942697952	1	lfc0.5_k3_fdr0.05	0.5	3	0.05	external	acute_main	external_full_3_anchor_weights	NA	NA	NA
GSE119119	GSE119119_design__T=whole_liver__H=4__B=NA__G=GID00088542__VS=TRIM21_KO_uninfected_whole_liver	<upstream_project_root>/00_metadata/verified_metadata/splited/GSE119119_design/GSE119119_design__T=whole_liver__H=4__B=NA__G=GID00088542__VS=TRIM21_KO_uninfected_whole_liver.tsv	TRUE	NA	TRIM21_KO_virus_plus_rh9C12_WT_whole_liver__vs__TRIM21_KO_uninfected_whole_liver	TRIM21_KO_uninfected_whole_liver	whole liver	4	8	8	4	4	1	0.2446286346107237	11.004957291195005	10.760328656584282	0.48234816461177765	11.891588535586216	11.409240370974437	1	lfc0.5_k3_fdr0.05	0.5	3	0.05	external	acute_main	external_full_3_anchor_weights	NA	NA	NA
GSE119119	GSE119119_design__T=whole_liver__H=4__B=NA__G=GID00096342__VS=TRIM21_KO_uninfected_whole_liver	<upstream_project_root>/00_metadata/verified_metadata/splited/GSE119119_design/GSE119119_design__T=whole_liver__H=4__B=NA__G=GID00096342__VS=TRIM21_KO_uninfected_whole_liver.tsv	TRUE	NA	TRIM21_KO_virus_plus_rh9C12_H433A_whole_liver__vs__TRIM21_KO_uninfected_whole_liver	TRIM21_KO_uninfected_whole_liver	whole liver	4	8	8	4	4	1	0.2446286346107237	10.507514745717241	10.262886111106518	0.48234816461177765	10.582939823390817	10.100591658779038	1	lfc0.5_k3_fdr0.05	0.5	3	0.05	external	acute_main	external_full_3_anchor_weights	NA	NA	NA
GSE119119	GSE119119_design__T=whole_liver__H=4__B=NA__G=TRIM21_KO_virus_only_whole_liver__VS=TRIM21_KO_uninfected_whole_liver	<upstream_project_root>/00_metadata/verified_metadata/splited/GSE119119_design/GSE119119_design__T=whole_liver__H=4__B=NA__G=TRIM21_KO_virus_only_whole_liver__VS=TRIM21_KO_uninfected_whole_liver.tsv	TRUE	NA	TRIM21_KO_virus_only_whole_liver__vs__TRIM21_KO_uninfected_whole_liver	TRIM21_KO_uninfected_whole_liver	whole liver	4	8	8	4	4	1	0.2446286346107237	8.885448988893147	8.640820354282424	0.48234816461177765	9.22844708935083	8.746098924739051	1	lfc0.5_k3_fdr0.05	0.5	3	0.05	external	acute_main	external_full_3_anchor_weights	NA	NA	NA
GSE119119	GSE119119_design__T=whole_liver__H=4__B=NA__G=WT_virus_only_whole_liver__VS=WT_uninfected_whole_liver	<upstream_project_root>/00_metadata/verified_metadata/splited/GSE119119_design/GSE119119_design__T=whole_liver__H=4__B=NA__G=WT_virus_only_whole_liver__VS=WT_uninfected_whole_liver.tsv	TRUE	NA	WT_virus_only_whole_liver__vs__WT_uninfected_whole_liver	WT_uninfected_whole_liver	whole liver	4	8	8	4	4	1	-0.24462863461072382	9.294143833963547	9.53877246857427	-0.34122878876914836	9.315719043654504	9.656947832423652	1	lfc0.5_k3_fdr0.05	0.5	3	0.05	external	acute_main	external_full_3_anchor_weights	NA	NA	NA
GSE119119	GSE119119_design__T=whole_liver__H=4__B=NA__G=WT_virus_plus_rh9C12_WT_whole_liver__VS=WT_uninfected_whole_liver	<upstream_project_root>/00_metadata/verified_metadata/splited/GSE119119_design/GSE119119_design__T=whole_liver__H=4__B=NA__G=WT_virus_plus_rh9C12_WT_whole_liver__VS=WT_uninfected_whole_liver.tsv	TRUE	NA	WT_virus_plus_rh9C12_WT_whole_liver__vs__WT_uninfected_whole_liver	WT_uninfected_whole_liver	whole liver	4	8	8	4	4	1	-0.24462863461072382	15.724880551209719	15.969509185820442	-0.34122878876914836	15.971919108088386	16.313147896857533	1	lfc0.5_k3_fdr0.05	0.5	3	0.05	external	acute_main	external_full_3_anchor_weights	NA	NA	NA
GSE139529	GSE139529_design__T=blood__H=24__B=NA__G=ad.mva__VS=none	<upstream_project_root>/00_metadata/verified_metadata/splited/GSE139529_design/GSE139529_design__T=blood__H=24__B=NA__G=ad.mva__VS=none.tsv	TRUE	NA	ad.mva__vs__none	none	blood	24	12	12	6	6	1	5.090780950724646e-17	13.983390996260209	13.983390996260209	0.08737532022386811	13.49435922717424	13.406983906950371	1	lfc0.5_k3_fdr0.05	0.5	3	0.05	external	acute_main	external_full_3_anchor_weights	NA	NA	NA
GSE139529	GSE139529_design__T=blood__H=24__B=NA__G=ad_empty__VS=none	<upstream_project_root>/00_metadata/verified_metadata/splited/GSE139529_design/GSE139529_design__T=blood__H=24__B=NA__G=ad_empty__VS=none.tsv	TRUE	NA	ad_empty__vs__none	none	blood	24	12	12	6	6	1	5.090780950724646e-17	14.45255681726212	14.45255681726212	0.08737532022386811	15.008988196141736	14.921612875917868	1	lfc0.5_k3_fdr0.05	0.5	3	0.05	external	acute_main	external_full_3_anchor_weights	NA	NA	NA
GSE139529	GSE139529_design__T=blood__H=24__B=NA__G=ad_fhbp__VS=none	<upstream_project_root>/00_metadata/verified_metadata/splited/GSE139529_design/GSE139529_design__T=blood__H=24__B=NA__G=ad_fhbp__VS=none.tsv	TRUE	NA	ad_fhbp__vs__none	none	blood	24	12	12	6	6	1	5.090780950724646e-17	15.964872631963974	15.964872631963974	0.08737532022386811	16.10306194261275	16.015686622388884	1	lfc0.5_k3_fdr0.05	0.5	3	0.05	external	acute_main	external_full_3_anchor_weights	NA	NA	NA
GSE139529	GSE139529_design__T=blood__H=24__B=NA__G=ad_pref__VS=none	<upstream_project_root>/00_metadata/verified_metadata/splited/GSE139529_design/GSE139529_design__T=blood__H=24__B=NA__G=ad_pref__VS=none.tsv	TRUE	NA	ad_pref__vs__none	none	blood	24	12	12	6	6	1	5.090780950724646e-17	1.978192448590905	1.978192448590905	0.08737532022386811	1.8011253259434303	1.7137500057195623	0.7222222222222222	lfc0.5_k3_fdr0.05	0.5	3	0.05	external	acute_main	external_full_3_anchor_weights	NA	NA	NA
GSE139529	GSE139529_design__T=blood__H=24__B=NA__G=mva.ad__VS=none	<upstream_project_root>/00_metadata/verified_metadata/splited/GSE139529_design/GSE139529_design__T=blood__H=24__B=NA__G=mva.ad__VS=none.tsv	TRUE	NA	mva.ad__vs__none	none	blood	24	12	12	6	6	1	5.090780950724646e-17	17.5793096238646	17.5793096238646	0.08737532022386811	17.53796031363205	17.45058499340818	1	lfc0.5_k3_fdr0.05	0.5	3	0.05	external	acute_main	external_full_3_anchor_weights	NA	NA	NA
GSE139529	GSE139529_design__T=blood__H=24__B=NA__G=mva_fhbp__VS=none	<upstream_project_root>/00_metadata/verified_metadata/splited/GSE139529_design/GSE139529_design__T=blood__H=24__B=NA__G=mva_fhbp__VS=none.tsv	TRUE	NA	mva_fhbp__vs__none	none	blood	24	12	12	6	6	1	5.090780950724646e-17	15.787671072086528	15.787671072086528	0.08737532022386811	15.559452722226595	15.472077402002727	1	lfc0.5_k3_fdr0.05	0.5	3	0.05	external	acute_main	external_full_3_anchor_weights	NA	NA	NA
GSE166655	GSE166655_design__T=Tibialis_anterior__H=672__B=NA__G=delivery_aav9_ar45__VS=delivery_untreated	<upstream_project_root>/00_metadata/verified_metadata/splited/GSE166655_design/GSE166655_design__T=Tibialis_anterior__H=672__B=NA__G=delivery_aav9_ar45__VS=delivery_untreated.tsv	TRUE	NA	delivery_aav9_ar45__vs__delivery_untreated	delivery_untreated	Tibialis anterior	672	6	6	3	3	1	5.551115123125783e-17	3.5588442815370254	3.5588442815370254	-0.373580981163074	3.3273185526232836	3.7008995337863575	1	lfc0.5_k3_fdr0.05	0.5	3	0.05	external	extended_transfer	external_full_3_anchor_weights	NA	NA	NA
GSE166655	GSE166655_design__T=Tibialis_anterior__H=672__B=NA__G=delivery_aav9_gfp__VS=delivery_untreated	<upstream_project_root>/00_metadata/verified_metadata/splited/GSE166655_design/GSE166655_design__T=Tibialis_anterior__H=672__B=NA__G=delivery_aav9_gfp__VS=delivery_untreated.tsv	TRUE	NA	delivery_aav9_gfp__vs__delivery_untreated	delivery_untreated	Tibialis anterior	672	6	6	3	3	1	5.551115123125783e-17	1.291690426747781	1.291690426747781	-0.373580981163074	1.7663584350759833	2.1399394162390575	0.8888888888888888	lfc0.5_k3_fdr0.05	0.5	3	0.05	external	extended_transfer	external_full_3_anchor_weights	NA	NA	NA
GSE178313	GSE178313_design__T=Liver__H=48__B=NA__G=mouse_repopulated_lnp__VS=mouse_repopulated_pbs	<upstream_project_root>/00_metadata/verified_metadata/splited/GSE178313_design/GSE178313_design__T=Liver__H=48__B=NA__G=mouse_repopulated_lnp__VS=mouse_repopulated_pbs.tsv	TRUE	NA	mouse_repopulated_lnp__vs__mouse_repopulated_pbs	mouse_repopulated_pbs	Liver	48	8	8	4	4	1	0	6.19887278469569	6.19887278469569	-0.45554050571767557	5.175298247286712	5.6308387530043875	1	lfc0.5_k3_fdr0.05	0.5	3	0.05	external	extended_transfer	external_full_3_anchor_weights	NA	NA	NA
GSE262515_cell_line	GSE262515_cell_line__T=cell_line__H=72__B=NA__G=delivery_tlnp_sihbv_50nm__VS=baseline_0	<upstream_project_root>/00_metadata/verified_metadata/splited/GSE262515_cell_line_design/GSE262515_cell_line__T=cell_line__H=72__B=NA__G=delivery_tlnp_sihbv_50nm__VS=baseline_0.tsv	TRUE	NA	delivery_tlnp_sihbv_50nm__vs__baseline_0	baseline_0	cell line	72	6	6	3	3	1	3.700743415417188e-17	3.744330378399602	3.744330378399602	-0.5583475342411064	4.109198782411313	4.66754631665242	1	lfc0.5_k3_fdr0.05	0.5	3	0.05	calibration	extended_transfer	external_full_3_anchor_weights	NA	NA	NA
GSE262515_cell_line	GSE262515_cell_line__T=cell_line__H=72__B=NA__G=delivery_tlnp_sinc_50nm__VS=baseline_0	<upstream_project_root>/00_metadata/verified_metadata/splited/GSE262515_cell_line_design/GSE262515_cell_line__T=cell_line__H=72__B=NA__G=delivery_tlnp_sinc_50nm__VS=baseline_0.tsv	TRUE	NA	delivery_tlnp_sinc_50nm__vs__baseline_0	baseline_0	cell line	72	6	6	3	3	1	3.700743415417188e-17	-2.165149569367225	-2.165149569367225	-0.5583475342411064	-1.9604760450314742	-1.4021285107903678	0.2222222222222222	lfc0.5_k3_fdr0.05	0.5	3	0.05	calibration	extended_transfer	external_full_3_anchor_weights	NA	NA	NA
GSE262515_tissue	GSE262515_tissue__T=tissue__H=72__B=NA__G=delivery_tlnp_sihbv_1mg_kg__VS=baseline_0	<upstream_project_root>/00_metadata/verified_metadata/splited/GSE262515_tissue_design/GSE262515_tissue__T=tissue__H=72__B=NA__G=delivery_tlnp_sihbv_1mg_kg__VS=baseline_0.tsv	TRUE	NA	delivery_tlnp_sihbv_1mg_kg__vs__baseline_0	baseline_0	tissue	72	6	6	3	3	1	-1.850371707708594e-17	1.4684221585610042	1.4684221585610042	-0.25517473528709517	1.1997127925727464	1.4548875278598417	0.8888888888888888	lfc0.5_k3_fdr0.05	0.5	3	0.05	calibration	extended_transfer	external_full_3_anchor_weights	NA	NA	NA
GSE262515_tissue	GSE262515_tissue__T=tissue__H=72__B=NA__G=delivery_tlnp_sihbv_2_5mg_kg__VS=baseline_0	<upstream_project_root>/00_metadata/verified_metadata/splited/GSE262515_tissue_design/GSE262515_tissue__T=tissue__H=72__B=NA__G=delivery_tlnp_sihbv_2_5mg_kg__VS=baseline_0.tsv	TRUE	NA	delivery_tlnp_sihbv_2_5mg_kg__vs__baseline_0	baseline_0	tissue	72	6	6	3	3	1	-1.850371707708594e-17	1.0345591571186115	1.0345591571186115	-0.25517473528709517	1.1735278874237713	1.4287026227108666	0.8888888888888888	lfc0.5_k3_fdr0.05	0.5	3	0.05	calibration	extended_transfer	external_full_3_anchor_weights	NA	NA	NA
GSE262515_tissue	GSE262515_tissue__T=tissue__H=72__B=NA__G=delivery_tlnp_sinc_1mg_kg__VS=baseline_0	<upstream_project_root>/00_metadata/verified_metadata/splited/GSE262515_tissue_design/GSE262515_tissue__T=tissue__H=72__B=NA__G=delivery_tlnp_sinc_1mg_kg__VS=baseline_0.tsv	TRUE	NA	delivery_tlnp_sinc_1mg_kg__vs__baseline_0	baseline_0	tissue	72	6	6	3	3	1	-1.850371707708594e-17	1.2670626908299625	1.2670626908299625	-0.25517473528709517	1.1815097838366377	1.436684519123733	0.8888888888888888	lfc0.5_k3_fdr0.05	0.5	3	0.05	calibration	extended_transfer	external_full_3_anchor_weights	NA	NA	NA
GSE264344	GSE264344_design__T=Blood__H=72__B=NA__G=delivery_ad26__VS=baseline_0	<upstream_project_root>/00_metadata/verified_metadata/splited/GSE264344_design/GSE264344_design__T=Blood__H=72__B=NA__G=delivery_ad26__VS=baseline_0.tsv	TRUE	NA	delivery_ad26__vs__baseline_0	baseline_0	Blood	72	10	10	5	5	1	0.5165706362216957	0.6284404744779432	0.11186983825624741	0.4528089496516002	0.6118356623621963	0.15902671271059615	0.68	lfc0.5_k3_fdr0.05	0.5	3	0.05	external	extended_transfer	external_full_3_anchor_weights	NA	NA	NA
GSE264344	GSE264344_design__T=Blood__H=72__B=NA__G=delivery_ad5__VS=baseline_0	<upstream_project_root>/00_metadata/verified_metadata/splited/GSE264344_design/GSE264344_design__T=Blood__H=72__B=NA__G=delivery_ad5__VS=baseline_0.tsv	TRUE	NA	delivery_ad5__vs__baseline_0	baseline_0	Blood	72	10	10	5	5	1	0.5165706362216957	0.8200998322002022	0.30352919597850647	0.4528089496516002	0.7981084425719733	0.34529949292037315	0.96	lfc0.5_k3_fdr0.05	0.5	3	0.05	external	extended_transfer	external_full_3_anchor_weights	NA	NA	NA
GSE264344	GSE264344_design__T=dLN__H=72__B=NA__G=delivery_ad26__VS=baseline_0	<upstream_project_root>/00_metadata/verified_metadata/splited/GSE264344_design/GSE264344_design__T=dLN__H=72__B=NA__G=delivery_ad26__VS=baseline_0.tsv	TRUE	NA	delivery_ad26__vs__baseline_0	baseline_0	dLN	72	10	10	5	5	1	0.8007575515404383	1.1447763576724306	0.3440188061319923	0.65354519818912	1.1015763259272742	0.4480311277381541	0.8	lfc0.5_k3_fdr0.05	0.5	3	0.05	external	extended_transfer	external_full_3_anchor_weights	NA	NA	NA
GSE264344	GSE264344_design__T=dLN__H=72__B=NA__G=delivery_ad5__VS=baseline_0	<upstream_project_root>/00_metadata/verified_metadata/splited/GSE264344_design/GSE264344_design__T=dLN__H=72__B=NA__G=delivery_ad5__VS=baseline_0.tsv	TRUE	NA	delivery_ad5__vs__baseline_0	baseline_0	dLN	72	10	10	5	5	1	0.8007575515404383	1.2102501869306646	0.4094926353902263	0.65354519818912	1.2442402231362804	0.5906950249471603	0.8	lfc0.5_k3_fdr0.05	0.5	3	0.05	external	extended_transfer	external_full_3_anchor_weights	NA	NA	NA
GSE264344	GSE264344_design__T=Muscle__H=72__B=NA__G=delivery_ad26__VS=baseline_0	<upstream_project_root>/00_metadata/verified_metadata/splited/GSE264344_design/GSE264344_design__T=Muscle__H=72__B=NA__G=delivery_ad26__VS=baseline_0.tsv	TRUE	NA	delivery_ad26__vs__baseline_0	baseline_0	Muscle	72	10	10	5	5	1	-1.317328187762134	-0.29027449180595966	1.0270536959561742	-1.2647525263519983	-0.17460776759400154	1.0901447587579969	0.96	lfc0.5_k3_fdr0.05	0.5	3	0.05	external	extended_transfer	external_full_3_anchor_weights	NA	NA	NA
GSE264344	GSE264344_design__T=Muscle__H=72__B=NA__G=delivery_ad5__VS=baseline_0	<upstream_project_root>/00_metadata/verified_metadata/splited/GSE264344_design/GSE264344_design__T=Muscle__H=72__B=NA__G=delivery_ad5__VS=baseline_0.tsv	TRUE	NA	delivery_ad5__vs__baseline_0	baseline_0	Muscle	72	10	10	5	5	1	-1.317328187762134	0.12945507215527152	1.4467832599174053	-1.2647525263519983	-0.0615650456716056	1.2031874806803926	1	lfc0.5_k3_fdr0.05	0.5	3	0.05	external	extended_transfer	external_full_3_anchor_weights	NA	NA	NA
GSE279372	GSE279372_design__T=draining_lymph_nodes__H=24__B=NA__G=delivery_1000_g_lnps_injected__VS=baseline_0	<upstream_project_root>/00_metadata/verified_metadata/splited/GSE279372_design/GSE279372_design__T=draining_lymph_nodes__H=24__B=NA__G=delivery_1000_g_lnps_injected__VS=baseline_0.tsv	TRUE	NA	delivery_1000_g_lnps_injected__vs__baseline_0	baseline_0	draining lymph nodes	24	8	8	4	4	1	-4.163336342344337e-17	31.7502428486812	31.7502428486812	0.1347745360609984	31.741782795129254	31.607008259068255	1	lfc0.5_k3_fdr0.05	0.5	3	0.05	calibration	acute_main	external_full_3_anchor_weights	NA	NA	NA
GSE279372	GSE279372_design__T=draining_lymph_nodes__H=24__B=NA__G=delivery_250_g_alum_injected__VS=baseline_0	<upstream_project_root>/00_metadata/verified_metadata/splited/GSE279372_design/GSE279372_design__T=draining_lymph_nodes__H=24__B=NA__G=delivery_250_g_alum_injected__VS=baseline_0.tsv	TRUE	NA	delivery_250_g_alum_injected__vs__baseline_0	baseline_0	draining lymph nodes	24	8	8	4	4	1	-4.163336342344337e-17	-0.6615986784843217	-0.6615986784843217	0.1347745360609984	-0.48857124783485584	-0.6233457838958543	0.3125	lfc0.5_k3_fdr0.05	0.5	3	0.05	calibration	acute_main	external_full_3_anchor_weights	NA	NA	NA
GSE279372	GSE279372_design__T=draining_lymph_nodes__H=24__B=NA__G=delivery_5_g_gi_1_gii_4_vlp__VS=baseline_0	<upstream_project_root>/00_metadata/verified_metadata/splited/GSE279372_design/GSE279372_design__T=draining_lymph_nodes__H=24__B=NA__G=delivery_5_g_gi_1_gii_4_vlp__VS=baseline_0.tsv	TRUE	NA	delivery_5_g_gi_1_gii_4_vlp__vs__baseline_0	baseline_0	draining lymph nodes	24	8	8	4	4	1	-4.163336342344337e-17	2.785347467964451	2.785347467964451	0.1347745360609984	2.6226375578636256	2.487863021802627	1	lfc0.5_k3_fdr0.05	0.5	3	0.05	calibration	acute_main	external_full_3_anchor_weights	NA	NA	NA
GSE279372	GSE279372_design__T=draining_lymph_nodes__H=24__B=NA__G=GID00110503__VS=baseline_0	<upstream_project_root>/00_metadata/verified_metadata/splited/GSE279372_design/GSE279372_design__T=draining_lymph_nodes__H=24__B=NA__G=GID00110503__VS=baseline_0.tsv	TRUE	NA	delivery_250_g_alum_5_g_gi_1_gii_4_vlp_injected__vs__baseline_0	baseline_0	draining lymph nodes	24	8	8	4	4	1	-4.163336342344337e-17	0.18775954601407946	0.18775954601407951	0.1347745360609984	-0.02079024219199377	-0.15556477825299217	0.5	lfc0.5_k3_fdr0.05	0.5	3	0.05	calibration	acute_main	external_full_3_anchor_weights	NA	NA	NA
GSE279372	GSE279372_design__T=draining_lymph_nodes__H=24__B=NA__G=GID00110754__VS=baseline_0	<upstream_project_root>/00_metadata/verified_metadata/splited/GSE279372_design/GSE279372_design__T=draining_lymph_nodes__H=24__B=NA__G=GID00110754__VS=baseline_0.tsv	TRUE	NA	delivery_125_g_lnps_5_g_gi_1_gii_4_vlp_injected__vs__baseline_0	baseline_0	draining lymph nodes	24	8	8	4	4	1	-4.163336342344337e-17	24.387140039107834	24.387140039107834	0.1347745360609984	25.371354456624005	25.236579920563006	1	lfc0.5_k3_fdr0.05	0.5	3	0.05	calibration	acute_main	external_full_3_anchor_weights	NA	NA	NA
GSE279372	GSE279372_design__T=draining_lymph_nodes__H=24__B=NA__G=GID00114748__VS=baseline_0	<upstream_project_root>/00_metadata/verified_metadata/splited/GSE279372_design/GSE279372_design__T=draining_lymph_nodes__H=24__B=NA__G=GID00114748__VS=baseline_0.tsv	TRUE	NA	delivery_1000_g_lnps_5_g_gi_1_gii_4_vlp_injected__vs__baseline_0	baseline_0	draining lymph nodes	24	8	8	4	4	1	-4.163336342344337e-17	32.90230773456089	32.90230773456089	0.1347745360609984	32.87462327246645	32.739848736405456	1	lfc0.5_k3_fdr0.05	0.5	3	0.05	calibration	acute_main	external_full_3_anchor_weights	NA	NA	NA
GSE279743	GSE279743_design__T=Lymph_Node__H=6__B=NA__G=delivery_vaccination_with_sm102__VS=baseline_0	<upstream_project_root>/00_metadata/verified_metadata/splited/GSE279743_design/GSE279743_design__T=Lymph_Node__H=6__B=NA__G=delivery_vaccination_with_sm102__VS=baseline_0.tsv	TRUE	NA	delivery_vaccination_with_sm102__vs__baseline_0	baseline_0	Lymph Node	6	6	6	3	3	1	-1.850371707708594e-17	14.555952273751515	14.555952273751515	-0.36631142324470684	15.44053936761307	15.806850790857776	1	lfc0.5_k3_fdr0.05	0.5	3	0.05	external	acute_main	external_full_3_anchor_weights	NA	NA	NA
GSE279743	GSE279743_design__T=Lymph_Node__H=6__B=NA__G=delivery_vaccination_with_ssop__VS=baseline_0	<upstream_project_root>/00_metadata/verified_metadata/splited/GSE279743_design/GSE279743_design__T=Lymph_Node__H=6__B=NA__G=delivery_vaccination_with_ssop__VS=baseline_0.tsv	TRUE	NA	delivery_vaccination_with_ssop__vs__baseline_0	baseline_0	Lymph Node	6	6	6	3	3	1	-1.850371707708594e-17	2.212815543844515	2.212815543844515	-0.36631142324470684	2.349019619156845	2.715331042401552	0.8888888888888888	lfc0.5_k3_fdr0.05	0.5	3	0.05	external	acute_main	external_full_3_anchor_weights	NA	NA	NA
GSE279744	GSE279744_design__T=lymph_node__H=6__B=NA__G=delivery_vaccination_with_sm102__VS=baseline_0	<upstream_project_root>/00_metadata/verified_metadata/splited/GSE279744_design/GSE279744_design__T=lymph_node__H=6__B=NA__G=delivery_vaccination_with_sm102__VS=baseline_0.tsv	TRUE	NA	delivery_vaccination_with_sm102__vs__baseline_0	baseline_0	lymph node	6	6	6	3	3	1	9.25185853854297e-18	54.13692409068602	54.13692409068602	0.15142531313067045	53.91175054283462	53.760325229703945	1	lfc0.5_k3_fdr0.05	0.5	3	0.05	calibration	acute_main	external_full_3_anchor_weights	NA	NA	NA
GSE279744	GSE279744_design__T=lymph_node__H=6__B=NA__G=delivery_vaccination_with_ssop__VS=baseline_0	<upstream_project_root>/00_metadata/verified_metadata/splited/GSE279744_design/GSE279744_design__T=lymph_node__H=6__B=NA__G=delivery_vaccination_with_ssop__VS=baseline_0.tsv	TRUE	NA	delivery_vaccination_with_ssop__vs__baseline_0	baseline_0	lymph node	6	6	6	3	3	1	9.25185853854297e-18	12.409710535471417	12.409710535471417	0.15142531313067045	12.616884340407749	12.465459027277078	1	lfc0.5_k3_fdr0.05	0.5	3	0.05	calibration	acute_main	external_full_3_anchor_weights	NA	NA	NA
GSE314070	GSE314070_design__T=small_intestine__H=336__B=NA__G=delivery_am80_lnp__VS=baseline_0	<upstream_project_root>/00_metadata/verified_metadata/splited/GSE314070_design/GSE314070_design__T=small_intestine__H=336__B=NA__G=delivery_am80_lnp__VS=baseline_0.tsv	TRUE	NA	delivery_am80_lnp__vs__baseline_0	baseline_0	small intestine	336	6	6	3	3	1	-1.850371707708594e-17	5.069946840445152	5.069946840445152	0.36138301502008446	6.1646897052759355	5.803306690255851	0.6666666666666666	lfc0.5_k3_fdr0.05	0.5	3	0.05	external	extended_transfer	external_full_3_anchor_weights	NA	NA	NA
GSE314070	GSE314070_design__T=small_intestine__H=336__B=NA__G=delivery_sm102_lnp__VS=baseline_0	<upstream_project_root>/00_metadata/verified_metadata/splited/GSE314070_design/GSE314070_design__T=small_intestine__H=336__B=NA__G=delivery_sm102_lnp__VS=baseline_0.tsv	TRUE	NA	delivery_sm102_lnp__vs__baseline_0	baseline_0	small intestine	336	6	6	3	3	1	-1.850371707708594e-17	-1.3417934274824201	-1.3417934274824201	0.36138301502008446	-1.8369544213022047	-2.198337436322289	0.3333333333333333	lfc0.5_k3_fdr0.05	0.5	3	0.05	external	extended_transfer	external_full_3_anchor_weights	NA	NA	NA
GSE264344	GSE264344_design__T=Blood__H=1__B=NA__G=delivery_ad26__VS=baseline_0	<upstream_project_root>/00_metadata/verified_metadata/splited/GSE264344_design/GSE264344_design__T=Blood__H=1__B=NA__G=delivery_ad26__VS=baseline_0.tsv	TRUE	NA	delivery_ad26__vs__baseline_0	baseline_0	Blood	1	10	10	5	5	1	0.523584875324407	0.64058134942577	0.11699647410136305	0.5440608451358893	0.6618648014689896	0.11780395633310037	0.7200000000000001	lfc0.5_k3_fdr0.05	0.5	3	0.05	anchor	acute_main	loao_2_anchor_weights	GSE264344	GSE39129;GSE167521	693
GSE264344	GSE264344_design__T=Blood__H=1__B=NA__G=delivery_ad5__VS=baseline_0	<upstream_project_root>/00_metadata/verified_metadata/splited/GSE264344_design/GSE264344_design__T=Blood__H=1__B=NA__G=delivery_ad5__VS=baseline_0.tsv	TRUE	NA	delivery_ad5__vs__baseline_0	baseline_0	Blood	1	10	10	5	5	1	0.523584875324407	0.741029640290201	0.217444764965794	0.5440608451358893	0.7426007734949871	0.19853992835909784	0.96	lfc0.5_k3_fdr0.05	0.5	3	0.05	anchor	acute_main	loao_2_anchor_weights	GSE264344	GSE39129;GSE167521	693
GSE264344	GSE264344_design__T=Blood__H=12__B=NA__G=delivery_ad26__VS=baseline_0	<upstream_project_root>/00_metadata/verified_metadata/splited/GSE264344_design/GSE264344_design__T=Blood__H=12__B=NA__G=delivery_ad26__VS=baseline_0.tsv	TRUE	NA	delivery_ad26__vs__baseline_0	baseline_0	Blood	12	10	10	5	5	1	0.523584875324407	3.300569120814723	2.7769842454903158	0.5440608451358893	3.201949046394929	2.65788820125904	1	lfc0.5_k3_fdr0.05	0.5	3	0.05	anchor	acute_main	loao_2_anchor_weights	GSE264344	GSE39129;GSE167521	693
GSE264344	GSE264344_design__T=Blood__H=12__B=NA__G=delivery_ad5__VS=baseline_0	<upstream_project_root>/00_metadata/verified_metadata/splited/GSE264344_design/GSE264344_design__T=Blood__H=12__B=NA__G=delivery_ad5__VS=baseline_0.tsv	TRUE	NA	delivery_ad5__vs__baseline_0	baseline_0	Blood	12	10	10	5	5	1	0.523584875324407	2.128672755572469	1.605087880248062	0.5440608451358893	2.186787164410541	1.6427263192746517	1	lfc0.5_k3_fdr0.05	0.5	3	0.05	anchor	acute_main	loao_2_anchor_weights	GSE264344	GSE39129;GSE167521	693
GSE264344	GSE264344_design__T=Blood__H=24__B=NA__G=delivery_ad26__VS=baseline_0	<upstream_project_root>/00_metadata/verified_metadata/splited/GSE264344_design/GSE264344_design__T=Blood__H=24__B=NA__G=delivery_ad26__VS=baseline_0.tsv	TRUE	NA	delivery_ad26__vs__baseline_0	baseline_0	Blood	24	10	10	5	5	1	0.523584875324407	2.187824517264711	1.664239641940304	0.5440608451358893	2.2412554549721566	1.6971946098362674	1	lfc0.5_k3_fdr0.05	0.5	3	0.05	anchor	acute_main	loao_2_anchor_weights	GSE264344	GSE39129;GSE167521	693
GSE264344	GSE264344_design__T=Blood__H=24__B=NA__G=delivery_ad5__VS=baseline_0	<upstream_project_root>/00_metadata/verified_metadata/splited/GSE264344_design/GSE264344_design__T=Blood__H=24__B=NA__G=delivery_ad5__VS=baseline_0.tsv	TRUE	NA	delivery_ad5__vs__baseline_0	baseline_0	Blood	24	10	10	5	5	1	0.523584875324407	1.3280046438848199	0.8044197685604129	0.5440608451358893	1.3053934298268521	0.7613325846909629	1	lfc0.5_k3_fdr0.05	0.5	3	0.05	anchor	acute_main	loao_2_anchor_weights	GSE264344	GSE39129;GSE167521	693
GSE264344	GSE264344_design__T=Blood__H=3__B=NA__G=delivery_ad26__VS=baseline_0	<upstream_project_root>/00_metadata/verified_metadata/splited/GSE264344_design/GSE264344_design__T=Blood__H=3__B=NA__G=delivery_ad26__VS=baseline_0.tsv	TRUE	NA	delivery_ad26__vs__baseline_0	baseline_0	Blood	3	10	10	5	5	1	0.523584875324407	2.7208564099046857	2.1972715345802785	0.5440608451358893	2.7153514004370214	2.171290555301132	1	lfc0.5_k3_fdr0.05	0.5	3	0.05	anchor	acute_main	loao_2_anchor_weights	GSE264344	GSE39129;GSE167521	693
GSE264344	GSE264344_design__T=Blood__H=3__B=NA__G=delivery_ad5__VS=baseline_0	<upstream_project_root>/00_metadata/verified_metadata/splited/GSE264344_design/GSE264344_design__T=Blood__H=3__B=NA__G=delivery_ad5__VS=baseline_0.tsv	TRUE	NA	delivery_ad5__vs__baseline_0	baseline_0	Blood	3	10	10	5	5	1	0.523584875324407	1.1802581679737987	0.6566732926493917	0.5440608451358893	1.1668192238244517	0.6227583786885624	1	lfc0.5_k3_fdr0.05	0.5	3	0.05	anchor	acute_main	loao_2_anchor_weights	GSE264344	GSE39129;GSE167521	693
GSE264344	GSE264344_design__T=Blood__H=6__B=NA__G=delivery_ad26__VS=baseline_0	<upstream_project_root>/00_metadata/verified_metadata/splited/GSE264344_design/GSE264344_design__T=Blood__H=6__B=NA__G=delivery_ad26__VS=baseline_0.tsv	TRUE	NA	delivery_ad26__vs__baseline_0	baseline_0	Blood	6	10	10	5	5	1	0.523584875324407	2.6252502614484614	2.101665386124054	0.5440608451358893	2.6569278214474896	2.1128669763116004	1	lfc0.5_k3_fdr0.05	0.5	3	0.05	anchor	acute_main	loao_2_anchor_weights	GSE264344	GSE39129;GSE167521	693
GSE264344	GSE264344_design__T=Blood__H=6__B=NA__G=delivery_ad5__VS=baseline_0	<upstream_project_root>/00_metadata/verified_metadata/splited/GSE264344_design/GSE264344_design__T=Blood__H=6__B=NA__G=delivery_ad5__VS=baseline_0.tsv	TRUE	NA	delivery_ad5__vs__baseline_0	baseline_0	Blood	6	10	10	5	5	1	0.523584875324407	3.3868098126690827	2.8632249373446754	0.5440608451358893	3.566025691661934	3.021964846526045	1	lfc0.5_k3_fdr0.05	0.5	3	0.05	anchor	acute_main	loao_2_anchor_weights	GSE264344	GSE39129;GSE167521	693
GSE264344	GSE264344_design__T=dLN__H=1__B=NA__G=delivery_ad26__VS=baseline_0	<upstream_project_root>/00_metadata/verified_metadata/splited/GSE264344_design/GSE264344_design__T=dLN__H=1__B=NA__G=delivery_ad26__VS=baseline_0.tsv	TRUE	NA	delivery_ad26__vs__baseline_0	baseline_0	dLN	1	10	10	5	5	1	0.8135142548661428	1.1316007616436004	0.31808650677745753	0.715534715872599	1.0119231665416752	0.29638845066907626	0.8400000000000001	lfc0.5_k3_fdr0.05	0.5	3	0.05	anchor	acute_main	loao_2_anchor_weights	GSE264344	GSE39129;GSE167521	693
GSE264344	GSE264344_design__T=dLN__H=1__B=NA__G=delivery_ad5__VS=baseline_0	<upstream_project_root>/00_metadata/verified_metadata/splited/GSE264344_design/GSE264344_design__T=dLN__H=1__B=NA__G=delivery_ad5__VS=baseline_0.tsv	TRUE	NA	delivery_ad5__vs__baseline_0	baseline_0	dLN	1	10	10	5	5	1	0.8135142548661428	1.3473454077254448	0.5338311528593019	0.715534715872599	1.3172934480392269	0.6017587321666279	0.96	lfc0.5_k3_fdr0.05	0.5	3	0.05	anchor	acute_main	loao_2_anchor_weights	GSE264344	GSE39129;GSE167521	693
GSE264344	GSE264344_design__T=dLN__H=12__B=NA__G=delivery_ad26__VS=baseline_0	<upstream_project_root>/00_metadata/verified_metadata/splited/GSE264344_design/GSE264344_design__T=dLN__H=12__B=NA__G=delivery_ad26__VS=baseline_0.tsv	TRUE	NA	delivery_ad26__vs__baseline_0	baseline_0	dLN	12	10	10	5	5	1	0.8135142548661428	4.331426330262654	3.517912075396511	0.715534715872599	4.332098736035011	3.616564020162412	1	lfc0.5_k3_fdr0.05	0.5	3	0.05	anchor	acute_main	loao_2_anchor_weights	GSE264344	GSE39129;GSE167521	693
GSE264344	GSE264344_design__T=dLN__H=12__B=NA__G=delivery_ad5__VS=baseline_0	<upstream_project_root>/00_metadata/verified_metadata/splited/GSE264344_design/GSE264344_design__T=dLN__H=12__B=NA__G=delivery_ad5__VS=baseline_0.tsv	TRUE	NA	delivery_ad5__vs__baseline_0	baseline_0	dLN	12	10	10	5	5	1	0.8135142548661428	3.6770868795840843	2.8635726247179414	0.715534715872599	3.6621560485626823	2.9466213326900834	1	lfc0.5_k3_fdr0.05	0.5	3	0.05	anchor	acute_main	loao_2_anchor_weights	GSE264344	GSE39129;GSE167521	693
GSE264344	GSE264344_design__T=dLN__H=24__B=NA__G=delivery_ad26__VS=baseline_0	<upstream_project_root>/00_metadata/verified_metadata/splited/GSE264344_design/GSE264344_design__T=dLN__H=24__B=NA__G=delivery_ad26__VS=baseline_0.tsv	TRUE	NA	delivery_ad26__vs__baseline_0	baseline_0	dLN	24	10	10	5	5	1	0.8135142548661428	2.8857231521523325	2.0722088972861896	0.715534715872599	2.7158871074054383	2.0003523915328394	1	lfc0.5_k3_fdr0.05	0.5	3	0.05	anchor	acute_main	loao_2_anchor_weights	GSE264344	GSE39129;GSE167521	693
GSE264344	GSE264344_design__T=dLN__H=24__B=NA__G=delivery_ad5__VS=baseline_0	<upstream_project_root>/00_metadata/verified_metadata/splited/GSE264344_design/GSE264344_design__T=dLN__H=24__B=NA__G=delivery_ad5__VS=baseline_0.tsv	TRUE	NA	delivery_ad5__vs__baseline_0	baseline_0	dLN	24	10	10	5	5	1	0.8135142548661428	2.394922704843296	1.581408449977153	0.715534715872599	2.3984701545713145	1.6829354386987156	1	lfc0.5_k3_fdr0.05	0.5	3	0.05	anchor	acute_main	loao_2_anchor_weights	GSE264344	GSE39129;GSE167521	693
GSE264344	GSE264344_design__T=dLN__H=3__B=NA__G=delivery_ad26__VS=baseline_0	<upstream_project_root>/00_metadata/verified_metadata/splited/GSE264344_design/GSE264344_design__T=dLN__H=3__B=NA__G=delivery_ad26__VS=baseline_0.tsv	TRUE	NA	delivery_ad26__vs__baseline_0	baseline_0	dLN	3	10	10	5	5	1	0.8135142548661428	3.612460146576048	2.7989458917099053	0.715534715872599	3.5250780813620004	2.8095433654894015	1	lfc0.5_k3_fdr0.05	0.5	3	0.05	anchor	acute_main	loao_2_anchor_weights	GSE264344	GSE39129;GSE167521	693
GSE264344	GSE264344_design__T=dLN__H=3__B=NA__G=delivery_ad5__VS=baseline_0	<upstream_project_root>/00_metadata/verified_metadata/splited/GSE264344_design/GSE264344_design__T=dLN__H=3__B=NA__G=delivery_ad5__VS=baseline_0.tsv	TRUE	NA	delivery_ad5__vs__baseline_0	baseline_0	dLN	3	10	10	5	5	1	0.8135142548661428	2.578544236975161	1.7650299821090183	0.715534715872599	2.5894923221796646	1.8739576063070658	1	lfc0.5_k3_fdr0.05	0.5	3	0.05	anchor	acute_main	loao_2_anchor_weights	GSE264344	GSE39129;GSE167521	693
GSE264344	GSE264344_design__T=dLN__H=6__B=NA__G=delivery_ad26__VS=baseline_0	<upstream_project_root>/00_metadata/verified_metadata/splited/GSE264344_design/GSE264344_design__T=dLN__H=6__B=NA__G=delivery_ad26__VS=baseline_0.tsv	TRUE	NA	delivery_ad26__vs__baseline_0	baseline_0	dLN	6	10	10	5	5	1	0.8135142548661428	4.397646434689617	3.5841321798234738	0.715534715872599	4.430671242881339	3.7151365270087404	1	lfc0.5_k3_fdr0.05	0.5	3	0.05	anchor	acute_main	loao_2_anchor_weights	GSE264344	GSE39129;GSE167521	693
GSE264344	GSE264344_design__T=dLN__H=6__B=NA__G=delivery_ad5__VS=baseline_0	<upstream_project_root>/00_metadata/verified_metadata/splited/GSE264344_design/GSE264344_design__T=dLN__H=6__B=NA__G=delivery_ad5__VS=baseline_0.tsv	TRUE	NA	delivery_ad5__vs__baseline_0	baseline_0	dLN	6	10	10	5	5	1	0.8135142548661428	4.024483132091879	3.210968877225736	0.715534715872599	4.222802951389922	3.5072682355173233	1	lfc0.5_k3_fdr0.05	0.5	3	0.05	anchor	acute_main	loao_2_anchor_weights	GSE264344	GSE39129;GSE167521	693
GSE264344	GSE264344_design__T=Muscle__H=1__B=NA__G=delivery_ad26__VS=baseline_0	<upstream_project_root>/00_metadata/verified_metadata/splited/GSE264344_design/GSE264344_design__T=Muscle__H=1__B=NA__G=delivery_ad26__VS=baseline_0.tsv	TRUE	NA	delivery_ad26__vs__baseline_0	baseline_0	Muscle	1	10	10	5	5	1	-1.33709913019055	-0.5697752375327382	0.7673238926578118	-1.3072442594728797	-0.5571482719895874	0.7500959874832923	1	lfc0.5_k3_fdr0.05	0.5	3	0.05	anchor	acute_main	loao_2_anchor_weights	GSE264344	GSE39129;GSE167521	693
GSE264344	GSE264344_design__T=Muscle__H=1__B=NA__G=delivery_ad5__VS=baseline_0	<upstream_project_root>/00_metadata/verified_metadata/splited/GSE264344_design/GSE264344_design__T=Muscle__H=1__B=NA__G=delivery_ad5__VS=baseline_0.tsv	TRUE	NA	delivery_ad5__vs__baseline_0	baseline_0	Muscle	1	10	10	5	5	1	-1.33709913019055	-0.584115318127346	0.752983812063204	-1.3072442594728797	-0.5462700204458063	0.7609742390270734	1	lfc0.5_k3_fdr0.05	0.5	3	0.05	anchor	acute_main	loao_2_anchor_weights	GSE264344	GSE39129;GSE167521	693
GSE264344	GSE264344_design__T=Muscle__H=12__B=NA__G=delivery_ad26__VS=baseline_0	<upstream_project_root>/00_metadata/verified_metadata/splited/GSE264344_design/GSE264344_design__T=Muscle__H=12__B=NA__G=delivery_ad26__VS=baseline_0.tsv	TRUE	NA	delivery_ad26__vs__baseline_0	baseline_0	Muscle	12	10	10	5	5	1	-1.33709913019055	1.4854504030015248	2.822549533192075	-1.3072442594728797	1.5709718068644454	2.878216066337325	1	lfc0.5_k3_fdr0.05	0.5	3	0.05	anchor	acute_main	loao_2_anchor_weights	GSE264344	GSE39129;GSE167521	693
GSE264344	GSE264344_design__T=Muscle__H=12__B=NA__G=delivery_ad5__VS=baseline_0	<upstream_project_root>/00_metadata/verified_metadata/splited/GSE264344_design/GSE264344_design__T=Muscle__H=12__B=NA__G=delivery_ad5__VS=baseline_0.tsv	TRUE	NA	delivery_ad5__vs__baseline_0	baseline_0	Muscle	12	10	10	5	5	1	-1.33709913019055	1.7189729847221402	3.0560721149126904	-1.3072442594728797	1.79754921118981	3.1047934706626896	1	lfc0.5_k3_fdr0.05	0.5	3	0.05	anchor	acute_main	loao_2_anchor_weights	GSE264344	GSE39129;GSE167521	693
GSE264344	GSE264344_design__T=Muscle__H=24__B=NA__G=delivery_ad26__VS=baseline_0	<upstream_project_root>/00_metadata/verified_metadata/splited/GSE264344_design/GSE264344_design__T=Muscle__H=24__B=NA__G=delivery_ad26__VS=baseline_0.tsv	TRUE	NA	delivery_ad26__vs__baseline_0	baseline_0	Muscle	24	10	10	5	5	1	-1.33709913019055	1.0088009186819802	2.3459000488725303	-1.3072442594728797	1.2434420685719219	2.5506863280448018	1	lfc0.5_k3_fdr0.05	0.5	3	0.05	anchor	acute_main	loao_2_anchor_weights	GSE264344	GSE39129;GSE167521	693
GSE264344	GSE264344_design__T=Muscle__H=24__B=NA__G=delivery_ad5__VS=baseline_0	<upstream_project_root>/00_metadata/verified_metadata/splited/GSE264344_design/GSE264344_design__T=Muscle__H=24__B=NA__G=delivery_ad5__VS=baseline_0.tsv	TRUE	NA	delivery_ad5__vs__baseline_0	baseline_0	Muscle	24	10	10	5	5	1	-1.33709913019055	1.0132905937572663	2.350389723947816	-1.3072442594728797	1.3983115942782056	2.7055558537510853	1	lfc0.5_k3_fdr0.05	0.5	3	0.05	anchor	acute_main	loao_2_anchor_weights	GSE264344	GSE39129;GSE167521	693
GSE264344	GSE264344_design__T=Muscle__H=3__B=NA__G=delivery_ad26__VS=baseline_0	<upstream_project_root>/00_metadata/verified_metadata/splited/GSE264344_design/GSE264344_design__T=Muscle__H=3__B=NA__G=delivery_ad26__VS=baseline_0.tsv	TRUE	NA	delivery_ad26__vs__baseline_0	baseline_0	Muscle	3	10	10	5	5	1	-1.33709913019055	1.076418810642339	2.4135179408328886	-1.3072442594728797	1.326513431789987	2.6337576912628666	1	lfc0.5_k3_fdr0.05	0.5	3	0.05	anchor	acute_main	loao_2_anchor_weights	GSE264344	GSE39129;GSE167521	693
GSE264344	GSE264344_design__T=Muscle__H=3__B=NA__G=delivery_ad5__VS=baseline_0	<upstream_project_root>/00_metadata/verified_metadata/splited/GSE264344_design/GSE264344_design__T=Muscle__H=3__B=NA__G=delivery_ad5__VS=baseline_0.tsv	TRUE	NA	delivery_ad5__vs__baseline_0	baseline_0	Muscle	3	10	10	5	5	1	-1.33709913019055	0.44847334886178825	1.7855724790523382	-1.3072442594728797	0.6177253096142012	1.924969569087081	1	lfc0.5_k3_fdr0.05	0.5	3	0.05	anchor	acute_main	loao_2_anchor_weights	GSE264344	GSE39129;GSE167521	693
GSE264344	GSE264344_design__T=Muscle__H=6__B=NA__G=delivery_ad26__VS=baseline_0	<upstream_project_root>/00_metadata/verified_metadata/splited/GSE264344_design/GSE264344_design__T=Muscle__H=6__B=NA__G=delivery_ad26__VS=baseline_0.tsv	TRUE	NA	delivery_ad26__vs__baseline_0	baseline_0	Muscle	6	10	10	5	5	1	-1.33709913019055	1.5464565211141221	2.883555651304672	-1.3072442594728797	1.2394542641319026	2.5466985236047823	1	lfc0.5_k3_fdr0.05	0.5	3	0.05	anchor	acute_main	loao_2_anchor_weights	GSE264344	GSE39129;GSE167521	693
GSE264344	GSE264344_design__T=Muscle__H=6__B=NA__G=delivery_ad5__VS=baseline_0	<upstream_project_root>/00_metadata/verified_metadata/splited/GSE264344_design/GSE264344_design__T=Muscle__H=6__B=NA__G=delivery_ad5__VS=baseline_0.tsv	TRUE	NA	delivery_ad5__vs__baseline_0	baseline_0	Muscle	6	10	10	5	5	1	-1.33709913019055	1.6201628345235228	2.957261964714073	-1.3072442594728797	1.8411794275975626	3.1484236870704425	1	lfc0.5_k3_fdr0.05	0.5	3	0.05	anchor	acute_main	loao_2_anchor_weights	GSE264344	GSE39129;GSE167521	693
GSE39129	GSE39129_design__T=liver__H=4__B=NA__G=delivery_lentiviral_vector_lv__VS=delivery_none	<upstream_project_root>/00_metadata/verified_metadata/splited/GSE39129_design/GSE39129_design__T=liver__H=4__B=NA__G=delivery_lentiviral_vector_lv__VS=delivery_none.tsv	TRUE	NA	delivery_lentiviral_vector_lv___vs__delivery_none	delivery_none	liver	4	6	6	3	3	1	1.850371707708594e-17	53.03805725320295	53.03805725320295	0.4124203448566383	55.50783716822936	55.09541682337272	1	lfc0.5_k3_fdr0.05	0.5	3	0.05	anchor	acute_main	loao_2_anchor_weights	GSE39129	GSE264344;GSE167521	781
GSE167521	GSE167521_design__T=skin__H=24__B=NA__G=delivery_lnp__VS=baseline_0	<upstream_project_root>/00_metadata/verified_metadata/splited/GSE167521_design/GSE167521_design__T=skin__H=24__B=NA__G=delivery_lnp__VS=baseline_0.tsv	TRUE	NA	delivery_lnp__vs__baseline_0	baseline_0	skin	24	8	8	4	4	1	1.3877787807814457e-17	9.979759951722155	9.979759951722155	0.02085812047770033	9.776547073958328	9.755688953480627	1	lfc0.5_k3_fdr0.05	0.5	3	0.05	anchor	acute_main	loao_2_anchor_weights	GSE167521	GSE264344;GSE39129	538
GSE119119	GSE119119_design__T=whole_liver__H=4__B=NA__G=GID00069418__VS=WT_uninfected_whole_liver	<upstream_project_root>/00_metadata/verified_metadata/splited/GSE119119_design/GSE119119_design__T=whole_liver__H=4__B=NA__G=GID00069418__VS=WT_uninfected_whole_liver.tsv	TRUE	NA	WT_virus_plus_rh9C12_H433A_whole_liver__vs__WT_uninfected_whole_liver	WT_uninfected_whole_liver	whole liver	4	8	8	4	4	1	-0.26939839245155506	11.330523819003993	11.599922211455548	-0.3711167076541566	11.286300519407789	11.657417227061945	1	lfc0.5_k3_fdr0.1	0.5	3	0.1	external	acute_main	external_full_3_anchor_weights	NA	NA	NA
GSE119119	GSE119119_design__T=whole_liver__H=4__B=NA__G=GID00088542__VS=TRIM21_KO_uninfected_whole_liver	<upstream_project_root>/00_metadata/verified_metadata/splited/GSE119119_design/GSE119119_design__T=whole_liver__H=4__B=NA__G=GID00088542__VS=TRIM21_KO_uninfected_whole_liver.tsv	TRUE	NA	TRIM21_KO_virus_plus_rh9C12_WT_whole_liver__vs__TRIM21_KO_uninfected_whole_liver	TRIM21_KO_uninfected_whole_liver	whole liver	4	8	8	4	4	1	0.26939839245155506	11.244458093174407	10.975059700722852	0.5088117679547184	12.196905427324092	11.688093659369374	1	lfc0.5_k3_fdr0.1	0.5	3	0.1	external	acute_main	external_full_3_anchor_weights	NA	NA	NA
GSE119119	GSE119119_design__T=whole_liver__H=4__B=NA__G=GID00096342__VS=TRIM21_KO_uninfected_whole_liver	<upstream_project_root>/00_metadata/verified_metadata/splited/GSE119119_design/GSE119119_design__T=whole_liver__H=4__B=NA__G=GID00096342__VS=TRIM21_KO_uninfected_whole_liver.tsv	TRUE	NA	TRIM21_KO_virus_plus_rh9C12_H433A_whole_liver__vs__TRIM21_KO_uninfected_whole_liver	TRIM21_KO_uninfected_whole_liver	whole liver	4	8	8	4	4	1	0.26939839245155506	10.698707496620507	10.429309104168953	0.5088117679547184	10.954333175835401	10.445521407880683	1	lfc0.5_k3_fdr0.1	0.5	3	0.1	external	acute_main	external_full_3_anchor_weights	NA	NA	NA
GSE119119	GSE119119_design__T=whole_liver__H=4__B=NA__G=TRIM21_KO_virus_only_whole_liver__VS=TRIM21_KO_uninfected_whole_liver	<upstream_project_root>/00_metadata/verified_metadata/splited/GSE119119_design/GSE119119_design__T=whole_liver__H=4__B=NA__G=TRIM21_KO_virus_only_whole_liver__VS=TRIM21_KO_uninfected_whole_liver.tsv	TRUE	NA	TRIM21_KO_virus_only_whole_liver__vs__TRIM21_KO_uninfected_whole_liver	TRIM21_KO_uninfected_whole_liver	whole liver	4	8	8	4	4	1	0.26939839245155506	9.202984157148691	8.933585764697137	0.5088117679547184	9.777894787987504	9.269083020032786	1	lfc0.5_k3_fdr0.1	0.5	3	0.1	external	acute_main	external_full_3_anchor_weights	NA	NA	NA
GSE119119	GSE119119_design__T=whole_liver__H=4__B=NA__G=WT_virus_only_whole_liver__VS=WT_uninfected_whole_liver	<upstream_project_root>/00_metadata/verified_metadata/splited/GSE119119_design/GSE119119_design__T=whole_liver__H=4__B=NA__G=WT_virus_only_whole_liver__VS=WT_uninfected_whole_liver.tsv	TRUE	NA	WT_virus_only_whole_liver__vs__WT_uninfected_whole_liver	WT_uninfected_whole_liver	whole liver	4	8	8	4	4	1	-0.26939839245155506	9.340575911829443	9.609974304280998	-0.3711167076541566	9.325911079537157	9.697027787191313	1	lfc0.5_k3_fdr0.1	0.5	3	0.1	external	acute_main	external_full_3_anchor_weights	NA	NA	NA
GSE119119	GSE119119_design__T=whole_liver__H=4__B=NA__G=WT_virus_plus_rh9C12_WT_whole_liver__VS=WT_uninfected_whole_liver	<upstream_project_root>/00_metadata/verified_metadata/splited/GSE119119_design/GSE119119_design__T=whole_liver__H=4__B=NA__G=WT_virus_plus_rh9C12_WT_whole_liver__VS=WT_uninfected_whole_liver.tsv	TRUE	NA	WT_virus_plus_rh9C12_WT_whole_liver__vs__WT_uninfected_whole_liver	WT_uninfected_whole_liver	whole liver	4	8	8	4	4	1	-0.26939839245155506	16.369484583197007	16.638882975648563	-0.3711167076541566	16.505737046407905	16.87685375406206	1	lfc0.5_k3_fdr0.1	0.5	3	0.1	external	acute_main	external_full_3_anchor_weights	NA	NA	NA
GSE139529	GSE139529_design__T=blood__H=24__B=NA__G=ad.mva__VS=none	<upstream_project_root>/00_metadata/verified_metadata/splited/GSE139529_design/GSE139529_design__T=blood__H=24__B=NA__G=ad.mva__VS=none.tsv	TRUE	NA	ad.mva__vs__none	none	blood	24	12	12	6	6	1	2.3152233891617542e-17	15.080287018523427	15.080287018523427	0.06962733596862408	14.626258358406648	14.556631022438024	1	lfc0.5_k3_fdr0.1	0.5	3	0.1	external	acute_main	external_full_3_anchor_weights	NA	NA	NA
GSE139529	GSE139529_design__T=blood__H=24__B=NA__G=ad_empty__VS=none	<upstream_project_root>/00_metadata/verified_metadata/splited/GSE139529_design/GSE139529_design__T=blood__H=24__B=NA__G=ad_empty__VS=none.tsv	TRUE	NA	ad_empty__vs__none	none	blood	24	12	12	6	6	1	2.3152233891617542e-17	15.393435338899426	15.393435338899426	0.06962733596862408	16.009640174303613	15.940012838334988	1	lfc0.5_k3_fdr0.1	0.5	3	0.1	external	acute_main	external_full_3_anchor_weights	NA	NA	NA
GSE139529	GSE139529_design__T=blood__H=24__B=NA__G=ad_fhbp__VS=none	<upstream_project_root>/00_metadata/verified_metadata/splited/GSE139529_design/GSE139529_design__T=blood__H=24__B=NA__G=ad_fhbp__VS=none.tsv	TRUE	NA	ad_fhbp__vs__none	none	blood	24	12	12	6	6	1	2.3152233891617542e-17	17.14211111615889	17.14211111615889	0.06962733596862408	17.269307631750596	17.199680295781974	1	lfc0.5_k3_fdr0.1	0.5	3	0.1	external	acute_main	external_full_3_anchor_weights	NA	NA	NA
GSE139529	GSE139529_design__T=blood__H=24__B=NA__G=ad_pref__VS=none	<upstream_project_root>/00_metadata/verified_metadata/splited/GSE139529_design/GSE139529_design__T=blood__H=24__B=NA__G=ad_pref__VS=none.tsv	TRUE	NA	ad_pref__vs__none	none	blood	24	12	12	6	6	1	2.3152233891617542e-17	1.9478473479779852	1.9478473479779852	0.06962733596862408	1.6823599915289114	1.6127326555602872	0.6944444444444444	lfc0.5_k3_fdr0.1	0.5	3	0.1	external	acute_main	external_full_3_anchor_weights	NA	NA	NA
GSE139529	GSE139529_design__T=blood__H=24__B=NA__G=mva.ad__VS=none	<upstream_project_root>/00_metadata/verified_metadata/splited/GSE139529_design/GSE139529_design__T=blood__H=24__B=NA__G=mva.ad__VS=none.tsv	TRUE	NA	mva.ad__vs__none	none	blood	24	12	12	6	6	1	2.3152233891617542e-17	18.990049533069303	18.990049533069303	0.06962733596862408	18.99091188836806	18.921284552399438	1	lfc0.5_k3_fdr0.1	0.5	3	0.1	external	acute_main	external_full_3_anchor_weights	NA	NA	NA
GSE139529	GSE139529_design__T=blood__H=24__B=NA__G=mva_fhbp__VS=none	<upstream_project_root>/00_metadata/verified_metadata/splited/GSE139529_design/GSE139529_design__T=blood__H=24__B=NA__G=mva_fhbp__VS=none.tsv	TRUE	NA	mva_fhbp__vs__none	none	blood	24	12	12	6	6	1	2.3152233891617542e-17	17.180928690652394	17.180928690652394	0.06962733596862408	16.970259354726323	16.9006320187577	1	lfc0.5_k3_fdr0.1	0.5	3	0.1	external	acute_main	external_full_3_anchor_weights	NA	NA	NA
GSE166655	GSE166655_design__T=Tibialis_anterior__H=672__B=NA__G=delivery_aav9_ar45__VS=delivery_untreated	<upstream_project_root>/00_metadata/verified_metadata/splited/GSE166655_design/GSE166655_design__T=Tibialis_anterior__H=672__B=NA__G=delivery_aav9_ar45__VS=delivery_untreated.tsv	TRUE	NA	delivery_aav9_ar45__vs__delivery_untreated	delivery_untreated	Tibialis anterior	672	6	6	3	3	1	0	3.34851842149892	3.34851842149892	-0.35471680399524297	3.1649642809216734	3.5196810849169164	1	lfc0.5_k3_fdr0.1	0.5	3	0.1	external	extended_transfer	external_full_3_anchor_weights	NA	NA	NA
GSE166655	GSE166655_design__T=Tibialis_anterior__H=672__B=NA__G=delivery_aav9_gfp__VS=delivery_untreated	<upstream_project_root>/00_metadata/verified_metadata/splited/GSE166655_design/GSE166655_design__T=Tibialis_anterior__H=672__B=NA__G=delivery_aav9_gfp__VS=delivery_untreated.tsv	TRUE	NA	delivery_aav9_gfp__vs__delivery_untreated	delivery_untreated	Tibialis anterior	672	6	6	3	3	1	0	1.036113766462235	1.036113766462235	-0.35471680399524297	1.4787062313321298	1.8334230353273728	0.8888888888888888	lfc0.5_k3_fdr0.1	0.5	3	0.1	external	extended_transfer	external_full_3_anchor_weights	NA	NA	NA
GSE178313	GSE178313_design__T=Liver__H=48__B=NA__G=mouse_repopulated_lnp__VS=mouse_repopulated_pbs	<upstream_project_root>/00_metadata/verified_metadata/splited/GSE178313_design/GSE178313_design__T=Liver__H=48__B=NA__G=mouse_repopulated_lnp__VS=mouse_repopulated_pbs.tsv	TRUE	NA	mouse_repopulated_lnp__vs__mouse_repopulated_pbs	mouse_repopulated_pbs	Liver	48	8	8	4	4	1	-2.7755575615628914e-17	6.123407840165691	6.123407840165691	-0.4506291531850947	5.225336825676151	5.675965978861246	1	lfc0.5_k3_fdr0.1	0.5	3	0.1	external	extended_transfer	external_full_3_anchor_weights	NA	NA	NA
GSE262515_cell_line	GSE262515_cell_line__T=cell_line__H=72__B=NA__G=delivery_tlnp_sihbv_50nm__VS=baseline_0	<upstream_project_root>/00_metadata/verified_metadata/splited/GSE262515_cell_line_design/GSE262515_cell_line__T=cell_line__H=72__B=NA__G=delivery_tlnp_sihbv_50nm__VS=baseline_0.tsv	TRUE	NA	delivery_tlnp_sihbv_50nm__vs__baseline_0	baseline_0	cell line	72	6	6	3	3	1	-1.8494682058981897e-17	2.652389405124637	2.652389405124637	-0.4936657719567708	2.9837625206176974	3.4774282925744684	1	lfc0.5_k3_fdr0.1	0.5	3	0.1	calibration	extended_transfer	external_full_3_anchor_weights	NA	NA	NA
GSE262515_cell_line	GSE262515_cell_line__T=cell_line__H=72__B=NA__G=delivery_tlnp_sinc_50nm__VS=baseline_0	<upstream_project_root>/00_metadata/verified_metadata/splited/GSE262515_cell_line_design/GSE262515_cell_line__T=cell_line__H=72__B=NA__G=delivery_tlnp_sinc_50nm__VS=baseline_0.tsv	TRUE	NA	delivery_tlnp_sinc_50nm__vs__baseline_0	baseline_0	cell line	72	6	6	3	3	1	-1.8494682058981897e-17	-2.7499596195422313	-2.7499596195422313	-0.4936657719567708	-2.9034027245431635	-2.4097369525863925	0.2222222222222222	lfc0.5_k3_fdr0.1	0.5	3	0.1	calibration	extended_transfer	external_full_3_anchor_weights	NA	NA	NA
GSE262515_tissue	GSE262515_tissue__T=tissue__H=72__B=NA__G=delivery_tlnp_sihbv_1mg_kg__VS=baseline_0	<upstream_project_root>/00_metadata/verified_metadata/splited/GSE262515_tissue_design/GSE262515_tissue__T=tissue__H=72__B=NA__G=delivery_tlnp_sihbv_1mg_kg__VS=baseline_0.tsv	TRUE	NA	delivery_tlnp_sihbv_1mg_kg__vs__baseline_0	baseline_0	tissue	72	6	6	3	3	1	9.25185853854297e-18	1.4792895732243412	1.4792895732243412	-0.23184589022453125	1.202102396929957	1.4339482871544882	0.8888888888888888	lfc0.5_k3_fdr0.1	0.5	3	0.1	calibration	extended_transfer	external_full_3_anchor_weights	NA	NA	NA
GSE262515_tissue	GSE262515_tissue__T=tissue__H=72__B=NA__G=delivery_tlnp_sihbv_2_5mg_kg__VS=baseline_0	<upstream_project_root>/00_metadata/verified_metadata/splited/GSE262515_tissue_design/GSE262515_tissue__T=tissue__H=72__B=NA__G=delivery_tlnp_sihbv_2_5mg_kg__VS=baseline_0.tsv	TRUE	NA	delivery_tlnp_sihbv_2_5mg_kg__vs__baseline_0	baseline_0	tissue	72	6	6	3	3	1	9.25185853854297e-18	1.0072753956980431	1.0072753956980431	-0.23184589022453125	1.2026306245404295	1.4344765147649607	0.8888888888888888	lfc0.5_k3_fdr0.1	0.5	3	0.1	calibration	extended_transfer	external_full_3_anchor_weights	NA	NA	NA
GSE262515_tissue	GSE262515_tissue__T=tissue__H=72__B=NA__G=delivery_tlnp_sinc_1mg_kg__VS=baseline_0	<upstream_project_root>/00_metadata/verified_metadata/splited/GSE262515_tissue_design/GSE262515_tissue__T=tissue__H=72__B=NA__G=delivery_tlnp_sinc_1mg_kg__VS=baseline_0.tsv	TRUE	NA	delivery_tlnp_sinc_1mg_kg__vs__baseline_0	baseline_0	tissue	72	6	6	3	3	1	9.25185853854297e-18	1.235349921981594	1.235349921981594	-0.23184589022453125	1.1554199666171212	1.3872658568416525	1	lfc0.5_k3_fdr0.1	0.5	3	0.1	calibration	extended_transfer	external_full_3_anchor_weights	NA	NA	NA
GSE264344	GSE264344_design__T=Blood__H=72__B=NA__G=delivery_ad26__VS=baseline_0	<upstream_project_root>/00_metadata/verified_metadata/splited/GSE264344_design/GSE264344_design__T=Blood__H=72__B=NA__G=delivery_ad26__VS=baseline_0.tsv	TRUE	NA	delivery_ad26__vs__baseline_0	baseline_0	Blood	72	10	10	5	5	1	0.49890829961759087	0.6204747017239303	0.1215664021063394	0.4687550376665124	0.596764619843417	0.1280095821769046	0.7200000000000001	lfc0.5_k3_fdr0.1	0.5	3	0.1	external	extended_transfer	external_full_3_anchor_weights	NA	NA	NA
GSE264344	GSE264344_design__T=Blood__H=72__B=NA__G=delivery_ad5__VS=baseline_0	<upstream_project_root>/00_metadata/verified_metadata/splited/GSE264344_design/GSE264344_design__T=Blood__H=72__B=NA__G=delivery_ad5__VS=baseline_0.tsv	TRUE	NA	delivery_ad5__vs__baseline_0	baseline_0	Blood	72	10	10	5	5	1	0.49890829961759087	0.8150948307106376	0.31618653109304673	0.4687550376665124	0.7954675487348465	0.3267125110683341	0.96	lfc0.5_k3_fdr0.1	0.5	3	0.1	external	extended_transfer	external_full_3_anchor_weights	NA	NA	NA
GSE264344	GSE264344_design__T=dLN__H=72__B=NA__G=delivery_ad26__VS=baseline_0	<upstream_project_root>/00_metadata/verified_metadata/splited/GSE264344_design/GSE264344_design__T=dLN__H=72__B=NA__G=delivery_ad26__VS=baseline_0.tsv	TRUE	NA	delivery_ad26__vs__baseline_0	baseline_0	dLN	72	10	10	5	5	1	0.8153289388311509	1.1387718382409506	0.32344289940979976	0.6765133826704884	1.093868848430357	0.4173554657598685	0.8	lfc0.5_k3_fdr0.1	0.5	3	0.1	external	extended_transfer	external_full_3_anchor_weights	NA	NA	NA
GSE264344	GSE264344_design__T=dLN__H=72__B=NA__G=delivery_ad5__VS=baseline_0	<upstream_project_root>/00_metadata/verified_metadata/splited/GSE264344_design/GSE264344_design__T=dLN__H=72__B=NA__G=delivery_ad5__VS=baseline_0.tsv	TRUE	NA	delivery_ad5__vs__baseline_0	baseline_0	dLN	72	10	10	5	5	1	0.8153289388311509	1.2155412436746835	0.40021230484353265	0.6765133826704884	1.2445219746990763	0.5680085920285879	0.8	lfc0.5_k3_fdr0.1	0.5	3	0.1	external	extended_transfer	external_full_3_anchor_weights	NA	NA	NA
GSE264344	GSE264344_design__T=Muscle__H=72__B=NA__G=delivery_ad26__VS=baseline_0	<upstream_project_root>/00_metadata/verified_metadata/splited/GSE264344_design/GSE264344_design__T=Muscle__H=72__B=NA__G=delivery_ad26__VS=baseline_0.tsv	TRUE	NA	delivery_ad26__vs__baseline_0	baseline_0	Muscle	72	10	10	5	5	1	-1.3142372384487417	-0.27945181678980097	1.0347854216589407	-1.2457250367434516	-0.1310328239159143	1.1146922128275372	0.96	lfc0.5_k3_fdr0.1	0.5	3	0.1	external	extended_transfer	external_full_3_anchor_weights	NA	NA	NA
GSE264344	GSE264344_design__T=Muscle__H=72__B=NA__G=delivery_ad5__VS=baseline_0	<upstream_project_root>/00_metadata/verified_metadata/splited/GSE264344_design/GSE264344_design__T=Muscle__H=72__B=NA__G=delivery_ad5__VS=baseline_0.tsv	TRUE	NA	delivery_ad5__vs__baseline_0	baseline_0	Muscle	72	10	10	5	5	1	-1.3142372384487417	0.14846771731712355	1.4627049557658653	-1.2457250367434516	-0.05906660653810673	1.186658430205345	1	lfc0.5_k3_fdr0.1	0.5	3	0.1	external	extended_transfer	external_full_3_anchor_weights	NA	NA	NA
GSE279372	GSE279372_design__T=draining_lymph_nodes__H=24__B=NA__G=delivery_1000_g_lnps_injected__VS=baseline_0	<upstream_project_root>/00_metadata/verified_metadata/splited/GSE279372_design/GSE279372_design__T=draining_lymph_nodes__H=24__B=NA__G=delivery_1000_g_lnps_injected__VS=baseline_0.tsv	TRUE	NA	delivery_1000_g_lnps_injected__vs__baseline_0	baseline_0	draining lymph nodes	24	8	8	4	4	1	2.7755575615628914e-17	31.59892325526405	31.59892325526405	0.15509520035336039	31.665760506875028	31.510665306521666	1	lfc0.5_k3_fdr0.1	0.5	3	0.1	calibration	acute_main	external_full_3_anchor_weights	NA	NA	NA
GSE279372	GSE279372_design__T=draining_lymph_nodes__H=24__B=NA__G=delivery_250_g_alum_injected__VS=baseline_0	<upstream_project_root>/00_metadata/verified_metadata/splited/GSE279372_design/GSE279372_design__T=draining_lymph_nodes__H=24__B=NA__G=delivery_250_g_alum_injected__VS=baseline_0.tsv	TRUE	NA	delivery_250_g_alum_injected__vs__baseline_0	baseline_0	draining lymph nodes	24	8	8	4	4	1	2.7755575615628914e-17	-0.7034916104578837	-0.7034916104578837	0.15509520035336039	-0.5366390102750969	-0.6917342106284572	0.3125	lfc0.5_k3_fdr0.1	0.5	3	0.1	calibration	acute_main	external_full_3_anchor_weights	NA	NA	NA
GSE279372	GSE279372_design__T=draining_lymph_nodes__H=24__B=NA__G=delivery_5_g_gi_1_gii_4_vlp__VS=baseline_0	<upstream_project_root>/00_metadata/verified_metadata/splited/GSE279372_design/GSE279372_design__T=draining_lymph_nodes__H=24__B=NA__G=delivery_5_g_gi_1_gii_4_vlp__VS=baseline_0.tsv	TRUE	NA	delivery_5_g_gi_1_gii_4_vlp__vs__baseline_0	baseline_0	draining lymph nodes	24	8	8	4	4	1	2.7755575615628914e-17	2.6921624426138684	2.6921624426138684	0.15509520035336039	2.606951114068629	2.4518559137152685	1	lfc0.5_k3_fdr0.1	0.5	3	0.1	calibration	acute_main	external_full_3_anchor_weights	NA	NA	NA
GSE279372	GSE279372_design__T=draining_lymph_nodes__H=24__B=NA__G=GID00110503__VS=baseline_0	<upstream_project_root>/00_metadata/verified_metadata/splited/GSE279372_design/GSE279372_design__T=draining_lymph_nodes__H=24__B=NA__G=GID00110503__VS=baseline_0.tsv	TRUE	NA	delivery_250_g_alum_5_g_gi_1_gii_4_vlp_injected__vs__baseline_0	baseline_0	draining lymph nodes	24	8	8	4	4	1	2.7755575615628914e-17	0.278386942005441	0.278386942005441	0.15509520035336039	0.07668137814186055	-0.07841382221149984	0.5625	lfc0.5_k3_fdr0.1	0.5	3	0.1	calibration	acute_main	external_full_3_anchor_weights	NA	NA	NA
GSE279372	GSE279372_design__T=draining_lymph_nodes__H=24__B=NA__G=GID00110754__VS=baseline_0	<upstream_project_root>/00_metadata/verified_metadata/splited/GSE279372_design/GSE279372_design__T=draining_lymph_nodes__H=24__B=NA__G=GID00110754__VS=baseline_0.tsv	TRUE	NA	delivery_125_g_lnps_5_g_gi_1_gii_4_vlp_injected__vs__baseline_0	baseline_0	draining lymph nodes	24	8	8	4	4	1	2.7755575615628914e-17	24.30571839986232	24.30571839986232	0.15509520035336039	25.360091739394747	25.204996539041385	1	lfc0.5_k3_fdr0.1	0.5	3	0.1	calibration	acute_main	external_full_3_anchor_weights	NA	NA	NA
GSE279372	GSE279372_design__T=draining_lymph_nodes__H=24__B=NA__G=GID00114748__VS=baseline_0	<upstream_project_root>/00_metadata/verified_metadata/splited/GSE279372_design/GSE279372_design__T=draining_lymph_nodes__H=24__B=NA__G=GID00114748__VS=baseline_0.tsv	TRUE	NA	delivery_1000_g_lnps_5_g_gi_1_gii_4_vlp_injected__vs__baseline_0	baseline_0	draining lymph nodes	24	8	8	4	4	1	2.7755575615628914e-17	32.86037546422898	32.86037546422898	0.15509520035336039	32.74547904403274	32.59038384367938	1	lfc0.5_k3_fdr0.1	0.5	3	0.1	calibration	acute_main	external_full_3_anchor_weights	NA	NA	NA
GSE279743	GSE279743_design__T=Lymph_Node__H=6__B=NA__G=delivery_vaccination_with_sm102__VS=baseline_0	<upstream_project_root>/00_metadata/verified_metadata/splited/GSE279743_design/GSE279743_design__T=Lymph_Node__H=6__B=NA__G=delivery_vaccination_with_sm102__VS=baseline_0.tsv	TRUE	NA	delivery_vaccination_with_sm102__vs__baseline_0	baseline_0	Lymph Node	6	6	6	3	3	1	3.700743415417188e-17	14.770989649142988	14.770989649142988	-0.3968542708695628	15.790272148666135	16.187126419535698	1	lfc0.5_k3_fdr0.1	0.5	3	0.1	external	acute_main	external_full_3_anchor_weights	NA	NA	NA
GSE279743	GSE279743_design__T=Lymph_Node__H=6__B=NA__G=delivery_vaccination_with_ssop__VS=baseline_0	<upstream_project_root>/00_metadata/verified_metadata/splited/GSE279743_design/GSE279743_design__T=Lymph_Node__H=6__B=NA__G=delivery_vaccination_with_ssop__VS=baseline_0.tsv	TRUE	NA	delivery_vaccination_with_ssop__vs__baseline_0	baseline_0	Lymph Node	6	6	6	3	3	1	3.700743415417188e-17	2.238242947220919	2.238242947220919	-0.3968542708695628	2.3543350927578244	2.751189363627387	0.8888888888888888	lfc0.5_k3_fdr0.1	0.5	3	0.1	external	acute_main	external_full_3_anchor_weights	NA	NA	NA
GSE279744	GSE279744_design__T=lymph_node__H=6__B=NA__G=delivery_vaccination_with_sm102__VS=baseline_0	<upstream_project_root>/00_metadata/verified_metadata/splited/GSE279744_design/GSE279744_design__T=lymph_node__H=6__B=NA__G=delivery_vaccination_with_sm102__VS=baseline_0.tsv	TRUE	NA	delivery_vaccination_with_sm102__vs__baseline_0	baseline_0	lymph node	6	6	6	3	3	1	4.625929269271486e-17	59.33915849222349	59.33915849222349	0.20130611063256756	59.04290963066355	58.841603520030986	1	lfc0.5_k3_fdr0.1	0.5	3	0.1	calibration	acute_main	external_full_3_anchor_weights	NA	NA	NA
GSE279744	GSE279744_design__T=lymph_node__H=6__B=NA__G=delivery_vaccination_with_ssop__VS=baseline_0	<upstream_project_root>/00_metadata/verified_metadata/splited/GSE279744_design/GSE279744_design__T=lymph_node__H=6__B=NA__G=delivery_vaccination_with_ssop__VS=baseline_0.tsv	TRUE	NA	delivery_vaccination_with_ssop__vs__baseline_0	baseline_0	lymph node	6	6	6	3	3	1	4.625929269271486e-17	13.312755413085851	13.312755413085851	0.20130611063256756	13.576437626839944	13.375131516207377	1	lfc0.5_k3_fdr0.1	0.5	3	0.1	calibration	acute_main	external_full_3_anchor_weights	NA	NA	NA
GSE314070	GSE314070_design__T=small_intestine__H=336__B=NA__G=delivery_am80_lnp__VS=baseline_0	<upstream_project_root>/00_metadata/verified_metadata/splited/GSE314070_design/GSE314070_design__T=small_intestine__H=336__B=NA__G=delivery_am80_lnp__VS=baseline_0.tsv	TRUE	NA	delivery_am80_lnp__vs__baseline_0	baseline_0	small intestine	336	6	6	3	3	1	-3.700743415417188e-17	5.459445271565739	5.459445271565739	0.4512135913370944	6.504223149664544	6.05300955832745	0.6666666666666666	lfc0.5_k3_fdr0.1	0.5	3	0.1	external	extended_transfer	external_full_3_anchor_weights	NA	NA	NA
GSE314070	GSE314070_design__T=small_intestine__H=336__B=NA__G=delivery_sm102_lnp__VS=baseline_0	<upstream_project_root>/00_metadata/verified_metadata/splited/GSE314070_design/GSE314070_design__T=small_intestine__H=336__B=NA__G=delivery_sm102_lnp__VS=baseline_0.tsv	TRUE	NA	delivery_sm102_lnp__vs__baseline_0	baseline_0	small intestine	336	6	6	3	3	1	-3.700743415417188e-17	-1.3190442771167121	-1.3190442771167121	0.4512135913370944	-1.5910998796176463	-2.0423134709547406	0.3333333333333333	lfc0.5_k3_fdr0.1	0.5	3	0.1	external	extended_transfer	external_full_3_anchor_weights	NA	NA	NA
GSE264344	GSE264344_design__T=Blood__H=1__B=NA__G=delivery_ad26__VS=baseline_0	<upstream_project_root>/00_metadata/verified_metadata/splited/GSE264344_design/GSE264344_design__T=Blood__H=1__B=NA__G=delivery_ad26__VS=baseline_0.tsv	TRUE	NA	delivery_ad26__vs__baseline_0	baseline_0	Blood	1	10	10	5	5	1	0.5069259332967784	0.6340307805936093	0.12710484729683091	0.5484177755318939	0.6523069918087104	0.10388921627681658	0.7200000000000001	lfc0.5_k3_fdr0.1	0.5	3	0.1	anchor	acute_main	loao_2_anchor_weights	GSE264344	GSE39129;GSE167521	795
GSE264344	GSE264344_design__T=Blood__H=1__B=NA__G=delivery_ad5__VS=baseline_0	<upstream_project_root>/00_metadata/verified_metadata/splited/GSE264344_design/GSE264344_design__T=Blood__H=1__B=NA__G=delivery_ad5__VS=baseline_0.tsv	TRUE	NA	delivery_ad5__vs__baseline_0	baseline_0	Blood	1	10	10	5	5	1	0.5069259332967784	0.7380974775948342	0.23117154429805586	0.5484177755318939	0.7287865352063553	0.18036875967446142	0.96	lfc0.5_k3_fdr0.1	0.5	3	0.1	anchor	acute_main	loao_2_anchor_weights	GSE264344	GSE39129;GSE167521	795
GSE264344	GSE264344_design__T=Blood__H=12__B=NA__G=delivery_ad26__VS=baseline_0	<upstream_project_root>/00_metadata/verified_metadata/splited/GSE264344_design/GSE264344_design__T=Blood__H=12__B=NA__G=delivery_ad26__VS=baseline_0.tsv	TRUE	NA	delivery_ad26__vs__baseline_0	baseline_0	Blood	12	10	10	5	5	1	0.5069259332967784	3.1873435875824274	2.680417654285649	0.5484177755318939	3.095817048221628	2.547399272689734	1	lfc0.5_k3_fdr0.1	0.5	3	0.1	anchor	acute_main	loao_2_anchor_weights	GSE264344	GSE39129;GSE167521	795
GSE264344	GSE264344_design__T=Blood__H=12__B=NA__G=delivery_ad5__VS=baseline_0	<upstream_project_root>/00_metadata/verified_metadata/splited/GSE264344_design/GSE264344_design__T=Blood__H=12__B=NA__G=delivery_ad5__VS=baseline_0.tsv	TRUE	NA	delivery_ad5__vs__baseline_0	baseline_0	Blood	12	10	10	5	5	1	0.5069259332967784	2.040668804569556	1.5337428712727776	0.5484177755318939	2.109054527919858	1.560636752387964	1	lfc0.5_k3_fdr0.1	0.5	3	0.1	anchor	acute_main	loao_2_anchor_weights	GSE264344	GSE39129;GSE167521	795
GSE264344	GSE264344_design__T=Blood__H=24__B=NA__G=delivery_ad26__VS=baseline_0	<upstream_project_root>/00_metadata/verified_metadata/splited/GSE264344_design/GSE264344_design__T=Blood__H=24__B=NA__G=delivery_ad26__VS=baseline_0.tsv	TRUE	NA	delivery_ad26__vs__baseline_0	baseline_0	Blood	24	10	10	5	5	1	0.5069259332967784	2.1036721968042276	1.5967462635074492	0.5484177755318939	2.1477509356568705	1.5993331601249765	1	lfc0.5_k3_fdr0.1	0.5	3	0.1	anchor	acute_main	loao_2_anchor_weights	GSE264344	GSE39129;GSE167521	795
GSE264344	GSE264344_design__T=Blood__H=24__B=NA__G=delivery_ad5__VS=baseline_0	<upstream_project_root>/00_metadata/verified_metadata/splited/GSE264344_design/GSE264344_design__T=Blood__H=24__B=NA__G=delivery_ad5__VS=baseline_0.tsv	TRUE	NA	delivery_ad5__vs__baseline_0	baseline_0	Blood	24	10	10	5	5	1	0.5069259332967784	1.27158273399433	0.7646568006975516	0.5484177755318939	1.214927966654042	0.6665101911221482	1	lfc0.5_k3_fdr0.1	0.5	3	0.1	anchor	acute_main	loao_2_anchor_weights	GSE264344	GSE39129;GSE167521	795
GSE264344	GSE264344_design__T=Blood__H=3__B=NA__G=delivery_ad26__VS=baseline_0	<upstream_project_root>/00_metadata/verified_metadata/splited/GSE264344_design/GSE264344_design__T=Blood__H=3__B=NA__G=delivery_ad26__VS=baseline_0.tsv	TRUE	NA	delivery_ad26__vs__baseline_0	baseline_0	Blood	3	10	10	5	5	1	0.5069259332967784	2.672023017695649	2.165097084398871	0.5484177755318939	2.6947987210831355	2.1463809455512415	1	lfc0.5_k3_fdr0.1	0.5	3	0.1	anchor	acute_main	loao_2_anchor_weights	GSE264344	GSE39129;GSE167521	795
GSE264344	GSE264344_design__T=Blood__H=3__B=NA__G=delivery_ad5__VS=baseline_0	<upstream_project_root>/00_metadata/verified_metadata/splited/GSE264344_design/GSE264344_design__T=Blood__H=3__B=NA__G=delivery_ad5__VS=baseline_0.tsv	TRUE	NA	delivery_ad5__vs__baseline_0	baseline_0	Blood	3	10	10	5	5	1	0.5069259332967784	1.1485356771190205	0.6416097438222421	0.5484177755318939	1.1393568173011845	0.5909390417692907	1	lfc0.5_k3_fdr0.1	0.5	3	0.1	anchor	acute_main	loao_2_anchor_weights	GSE264344	GSE39129;GSE167521	795
GSE264344	GSE264344_design__T=Blood__H=6__B=NA__G=delivery_ad26__VS=baseline_0	<upstream_project_root>/00_metadata/verified_metadata/splited/GSE264344_design/GSE264344_design__T=Blood__H=6__B=NA__G=delivery_ad26__VS=baseline_0.tsv	TRUE	NA	delivery_ad26__vs__baseline_0	baseline_0	Blood	6	10	10	5	5	1	0.5069259332967784	2.5388549240082394	2.031928990711461	0.5484177755318939	2.5726630021718977	2.0242452266400037	1	lfc0.5_k3_fdr0.1	0.5	3	0.1	anchor	acute_main	loao_2_anchor_weights	GSE264344	GSE39129;GSE167521	795
GSE264344	GSE264344_design__T=Blood__H=6__B=NA__G=delivery_ad5__VS=baseline_0	<upstream_project_root>/00_metadata/verified_metadata/splited/GSE264344_design/GSE264344_design__T=Blood__H=6__B=NA__G=delivery_ad5__VS=baseline_0.tsv	TRUE	NA	delivery_ad5__vs__baseline_0	baseline_0	Blood	6	10	10	5	5	1	0.5069259332967784	3.2867451480670886	2.7798192147703102	0.5484177755318939	3.4814554613968225	2.9330376858649285	1	lfc0.5_k3_fdr0.1	0.5	3	0.1	anchor	acute_main	loao_2_anchor_weights	GSE264344	GSE39129;GSE167521	795
GSE264344	GSE264344_design__T=dLN__H=1__B=NA__G=delivery_ad26__VS=baseline_0	<upstream_project_root>/00_metadata/verified_metadata/splited/GSE264344_design/GSE264344_design__T=dLN__H=1__B=NA__G=delivery_ad26__VS=baseline_0.tsv	TRUE	NA	delivery_ad26__vs__baseline_0	baseline_0	dLN	1	10	10	5	5	1	0.826942406162916	1.1236285191685926	0.2966861130056766	0.7369422642651574	0.9955351727422372	0.25859290847707983	0.8400000000000001	lfc0.5_k3_fdr0.1	0.5	3	0.1	anchor	acute_main	loao_2_anchor_weights	GSE264344	GSE39129;GSE167521	795
GSE264344	GSE264344_design__T=dLN__H=1__B=NA__G=delivery_ad5__VS=baseline_0	<upstream_project_root>/00_metadata/verified_metadata/splited/GSE264344_design/GSE264344_design__T=dLN__H=1__B=NA__G=delivery_ad5__VS=baseline_0.tsv	TRUE	NA	delivery_ad5__vs__baseline_0	baseline_0	dLN	1	10	10	5	5	1	0.826942406162916	1.336399838982284	0.509457432819368	0.7369422642651574	1.3023292494056686	0.5653869851405112	0.96	lfc0.5_k3_fdr0.1	0.5	3	0.1	anchor	acute_main	loao_2_anchor_weights	GSE264344	GSE39129;GSE167521	795
GSE264344	GSE264344_design__T=dLN__H=12__B=NA__G=delivery_ad26__VS=baseline_0	<upstream_project_root>/00_metadata/verified_metadata/splited/GSE264344_design/GSE264344_design__T=dLN__H=12__B=NA__G=delivery_ad26__VS=baseline_0.tsv	TRUE	NA	delivery_ad26__vs__baseline_0	baseline_0	dLN	12	10	10	5	5	1	0.826942406162916	4.221352176800159	3.394409770637243	0.7369422642651574	4.202120074135723	3.465177809870566	1	lfc0.5_k3_fdr0.1	0.5	3	0.1	anchor	acute_main	loao_2_anchor_weights	GSE264344	GSE39129;GSE167521	795
GSE264344	GSE264344_design__T=dLN__H=12__B=NA__G=delivery_ad5__VS=baseline_0	<upstream_project_root>/00_metadata/verified_metadata/splited/GSE264344_design/GSE264344_design__T=dLN__H=12__B=NA__G=delivery_ad5__VS=baseline_0.tsv	TRUE	NA	delivery_ad5__vs__baseline_0	baseline_0	dLN	12	10	10	5	5	1	0.826942406162916	3.5778286750653505	2.7508862689024345	0.7369422642651574	3.5661668707856604	2.829224606520503	1	lfc0.5_k3_fdr0.1	0.5	3	0.1	anchor	acute_main	loao_2_anchor_weights	GSE264344	GSE39129;GSE167521	795
GSE264344	GSE264344_design__T=dLN__H=24__B=NA__G=delivery_ad26__VS=baseline_0	<upstream_project_root>/00_metadata/verified_metadata/splited/GSE264344_design/GSE264344_design__T=dLN__H=24__B=NA__G=delivery_ad26__VS=baseline_0.tsv	TRUE	NA	delivery_ad26__vs__baseline_0	baseline_0	dLN	24	10	10	5	5	1	0.826942406162916	2.8158702455560634	1.9889278393931473	0.7369422642651574	2.641286153423556	1.9043438891583988	1	lfc0.5_k3_fdr0.1	0.5	3	0.1	anchor	acute_main	loao_2_anchor_weights	GSE264344	GSE39129;GSE167521	795
GSE264344	GSE264344_design__T=dLN__H=24__B=NA__G=delivery_ad5__VS=baseline_0	<upstream_project_root>/00_metadata/verified_metadata/splited/GSE264344_design/GSE264344_design__T=dLN__H=24__B=NA__G=delivery_ad5__VS=baseline_0.tsv	TRUE	NA	delivery_ad5__vs__baseline_0	baseline_0	dLN	24	10	10	5	5	1	0.826942406162916	2.3500872159985775	1.5231448098356615	0.7369422642651574	2.3568265315439727	1.6198842672788154	1	lfc0.5_k3_fdr0.1	0.5	3	0.1	anchor	acute_main	loao_2_anchor_weights	GSE264344	GSE39129;GSE167521	795
GSE264344	GSE264344_design__T=dLN__H=3__B=NA__G=delivery_ad26__VS=baseline_0	<upstream_project_root>/00_metadata/verified_metadata/splited/GSE264344_design/GSE264344_design__T=dLN__H=3__B=NA__G=delivery_ad26__VS=baseline_0.tsv	TRUE	NA	delivery_ad26__vs__baseline_0	baseline_0	dLN	3	10	10	5	5	1	0.826942406162916	3.535342348422884	2.708399942259968	0.7369422642651574	3.4487586880911705	2.711816423826013	1	lfc0.5_k3_fdr0.1	0.5	3	0.1	anchor	acute_main	loao_2_anchor_weights	GSE264344	GSE39129;GSE167521	795
GSE264344	GSE264344_design__T=dLN__H=3__B=NA__G=delivery_ad5__VS=baseline_0	<upstream_project_root>/00_metadata/verified_metadata/splited/GSE264344_design/GSE264344_design__T=dLN__H=3__B=NA__G=delivery_ad5__VS=baseline_0.tsv	TRUE	NA	delivery_ad5__vs__baseline_0	baseline_0	dLN	3	10	10	5	5	1	0.826942406162916	2.511519494466835	1.6845770883039188	0.7369422642651574	2.536192892268665	1.7992506280035077	1	lfc0.5_k3_fdr0.1	0.5	3	0.1	anchor	acute_main	loao_2_anchor_weights	GSE264344	GSE39129;GSE167521	795
GSE264344	GSE264344_design__T=dLN__H=6__B=NA__G=delivery_ad26__VS=baseline_0	<upstream_project_root>/00_metadata/verified_metadata/splited/GSE264344_design/GSE264344_design__T=dLN__H=6__B=NA__G=delivery_ad26__VS=baseline_0.tsv	TRUE	NA	delivery_ad26__vs__baseline_0	baseline_0	dLN	6	10	10	5	5	1	0.826942406162916	4.270103911686618	3.4431615055237024	0.7369422642651574	4.301326043187862	3.5643837789227044	1	lfc0.5_k3_fdr0.1	0.5	3	0.1	anchor	acute_main	loao_2_anchor_weights	GSE264344	GSE39129;GSE167521	795
GSE264344	GSE264344_design__T=dLN__H=6__B=NA__G=delivery_ad5__VS=baseline_0	<upstream_project_root>/00_metadata/verified_metadata/splited/GSE264344_design/GSE264344_design__T=dLN__H=6__B=NA__G=delivery_ad5__VS=baseline_0.tsv	TRUE	NA	delivery_ad5__vs__baseline_0	baseline_0	dLN	6	10	10	5	5	1	0.826942406162916	3.897439094113959	3.070496687951043	0.7369422642651574	4.101366742176123	3.3644244779109655	1	lfc0.5_k3_fdr0.1	0.5	3	0.1	anchor	acute_main	loao_2_anchor_weights	GSE264344	GSE39129;GSE167521	795
GSE264344	GSE264344_design__T=Muscle__H=1__B=NA__G=delivery_ad26__VS=baseline_0	<upstream_project_root>/00_metadata/verified_metadata/splited/GSE264344_design/GSE264344_design__T=Muscle__H=1__B=NA__G=delivery_ad26__VS=baseline_0.tsv	TRUE	NA	delivery_ad26__vs__baseline_0	baseline_0	Muscle	1	10	10	5	5	1	-1.3338683394596944	-0.6064530650171542	0.7274152744425402	-1.2887983848492666	-0.6190680843461479	0.6697303005031187	1	lfc0.5_k3_fdr0.1	0.5	3	0.1	anchor	acute_main	loao_2_anchor_weights	GSE264344	GSE39129;GSE167521	795
GSE264344	GSE264344_design__T=Muscle__H=1__B=NA__G=delivery_ad5__VS=baseline_0	<upstream_project_root>/00_metadata/verified_metadata/splited/GSE264344_design/GSE264344_design__T=Muscle__H=1__B=NA__G=delivery_ad5__VS=baseline_0.tsv	TRUE	NA	delivery_ad5__vs__baseline_0	baseline_0	Muscle	1	10	10	5	5	1	-1.3338683394596944	-0.6112537856957901	0.7226145537639043	-1.2887983848492666	-0.5709005963394533	0.7178977885098132	1	lfc0.5_k3_fdr0.1	0.5	3	0.1	anchor	acute_main	loao_2_anchor_weights	GSE264344	GSE39129;GSE167521	795
GSE264344	GSE264344_design__T=Muscle__H=12__B=NA__G=delivery_ad26__VS=baseline_0	<upstream_project_root>/00_metadata/verified_metadata/splited/GSE264344_design/GSE264344_design__T=Muscle__H=12__B=NA__G=delivery_ad26__VS=baseline_0.tsv	TRUE	NA	delivery_ad26__vs__baseline_0	baseline_0	Muscle	12	10	10	5	5	1	-1.3338683394596944	1.3710930113305682	2.7049613507902626	-1.2887983848492666	1.466575742550417	2.7553741273996835	1	lfc0.5_k3_fdr0.1	0.5	3	0.1	anchor	acute_main	loao_2_anchor_weights	GSE264344	GSE39129;GSE167521	795
GSE264344	GSE264344_design__T=Muscle__H=12__B=NA__G=delivery_ad5__VS=baseline_0	<upstream_project_root>/00_metadata/verified_metadata/splited/GSE264344_design/GSE264344_design__T=Muscle__H=12__B=NA__G=delivery_ad5__VS=baseline_0.tsv	TRUE	NA	delivery_ad5__vs__baseline_0	baseline_0	Muscle	12	10	10	5	5	1	-1.3338683394596944	1.5999216507848444	2.933789990244539	-1.2887983848492666	1.6879826768183979	2.9767810616676647	1	lfc0.5_k3_fdr0.1	0.5	3	0.1	anchor	acute_main	loao_2_anchor_weights	GSE264344	GSE39129;GSE167521	795
GSE264344	GSE264344_design__T=Muscle__H=24__B=NA__G=delivery_ad26__VS=baseline_0	<upstream_project_root>/00_metadata/verified_metadata/splited/GSE264344_design/GSE264344_design__T=Muscle__H=24__B=NA__G=delivery_ad26__VS=baseline_0.tsv	TRUE	NA	delivery_ad26__vs__baseline_0	baseline_0	Muscle	24	10	10	5	5	1	-1.3338683394596944	0.9169195231507657	2.2507878626104603	-1.2887983848492666	1.1193670309796677	2.4081654158289343	1	lfc0.5_k3_fdr0.1	0.5	3	0.1	anchor	acute_main	loao_2_anchor_weights	GSE264344	GSE39129;GSE167521	795
GSE264344	GSE264344_design__T=Muscle__H=24__B=NA__G=delivery_ad5__VS=baseline_0	<upstream_project_root>/00_metadata/verified_metadata/splited/GSE264344_design/GSE264344_design__T=Muscle__H=24__B=NA__G=delivery_ad5__VS=baseline_0.tsv	TRUE	NA	delivery_ad5__vs__baseline_0	baseline_0	Muscle	24	10	10	5	5	1	-1.3338683394596944	0.9412721961013345	2.275140535561029	-1.2887983848492666	1.3181819667722094	2.606980351621476	1	lfc0.5_k3_fdr0.1	0.5	3	0.1	anchor	acute_main	loao_2_anchor_weights	GSE264344	GSE39129;GSE167521	795
GSE264344	GSE264344_design__T=Muscle__H=3__B=NA__G=delivery_ad26__VS=baseline_0	<upstream_project_root>/00_metadata/verified_metadata/splited/GSE264344_design/GSE264344_design__T=Muscle__H=3__B=NA__G=delivery_ad26__VS=baseline_0.tsv	TRUE	NA	delivery_ad26__vs__baseline_0	baseline_0	Muscle	3	10	10	5	5	1	-1.3338683394596944	0.9808947220473895	2.314763061507084	-1.2887983848492666	1.2282299924686988	2.517028377317965	1	lfc0.5_k3_fdr0.1	0.5	3	0.1	anchor	acute_main	loao_2_anchor_weights	GSE264344	GSE39129;GSE167521	795
GSE264344	GSE264344_design__T=Muscle__H=3__B=NA__G=delivery_ad5__VS=baseline_0	<upstream_project_root>/00_metadata/verified_metadata/splited/GSE264344_design/GSE264344_design__T=Muscle__H=3__B=NA__G=delivery_ad5__VS=baseline_0.tsv	TRUE	NA	delivery_ad5__vs__baseline_0	baseline_0	Muscle	3	10	10	5	5	1	-1.3338683394596944	0.355174898265593	1.6890432377252873	-1.2887983848492666	0.5150388669858613	1.803837251835128	1	lfc0.5_k3_fdr0.1	0.5	3	0.1	anchor	acute_main	loao_2_anchor_weights	GSE264344	GSE39129;GSE167521	795
GSE264344	GSE264344_design__T=Muscle__H=6__B=NA__G=delivery_ad26__VS=baseline_0	<upstream_project_root>/00_metadata/verified_metadata/splited/GSE264344_design/GSE264344_design__T=Muscle__H=6__B=NA__G=delivery_ad26__VS=baseline_0.tsv	TRUE	NA	delivery_ad26__vs__baseline_0	baseline_0	Muscle	6	10	10	5	5	1	-1.3338683394596944	1.4337433520113747	2.7676116914710693	-1.2887983848492666	1.150070220338282	2.4388686051875483	1	lfc0.5_k3_fdr0.1	0.5	3	0.1	anchor	acute_main	loao_2_anchor_weights	GSE264344	GSE39129;GSE167521	795
GSE264344	GSE264344_design__T=Muscle__H=6__B=NA__G=delivery_ad5__VS=baseline_0	<upstream_project_root>/00_metadata/verified_metadata/splited/GSE264344_design/GSE264344_design__T=Muscle__H=6__B=NA__G=delivery_ad5__VS=baseline_0.tsv	TRUE	NA	delivery_ad5__vs__baseline_0	baseline_0	Muscle	6	10	10	5	5	1	-1.3338683394596944	1.5094179406806785	2.843286280140373	-1.2887983848492666	1.7220024658617694	3.010800850711036	1	lfc0.5_k3_fdr0.1	0.5	3	0.1	anchor	acute_main	loao_2_anchor_weights	GSE264344	GSE39129;GSE167521	795
GSE39129	GSE39129_design__T=liver__H=4__B=NA__G=delivery_lentiviral_vector_lv__VS=delivery_none	<upstream_project_root>/00_metadata/verified_metadata/splited/GSE39129_design/GSE39129_design__T=liver__H=4__B=NA__G=delivery_lentiviral_vector_lv__VS=delivery_none.tsv	TRUE	NA	delivery_lentiviral_vector_lv___vs__delivery_none	delivery_none	liver	4	6	6	3	3	1	-1.850371707708594e-17	57.34062982335958	57.34062982335958	0.4946349218528145	60.33670767400077	59.842072752147956	1	lfc0.5_k3_fdr0.1	0.5	3	0.1	anchor	acute_main	loao_2_anchor_weights	GSE39129	GSE264344;GSE167521	880
GSE167521	GSE167521_design__T=skin__H=24__B=NA__G=delivery_lnp__VS=baseline_0	<upstream_project_root>/00_metadata/verified_metadata/splited/GSE167521_design/GSE167521_design__T=skin__H=24__B=NA__G=delivery_lnp__VS=baseline_0.tsv	TRUE	NA	delivery_lnp__vs__baseline_0	baseline_0	skin	24	8	8	4	4	1	-2.0816681711721685e-17	10.433184693295818	10.433184693295818	0.038606214290717936	10.23990168498067	10.201295470689951	1	lfc0.5_k3_fdr0.1	0.5	3	0.1	anchor	acute_main	loao_2_anchor_weights	GSE167521	GSE264344;GSE39129	586
GSE119119	GSE119119_design__T=whole_liver__H=4__B=NA__G=GID00069418__VS=WT_uninfected_whole_liver	<upstream_project_root>/00_metadata/verified_metadata/splited/GSE119119_design/GSE119119_design__T=whole_liver__H=4__B=NA__G=GID00069418__VS=WT_uninfected_whole_liver.tsv	TRUE	NA	WT_virus_plus_rh9C12_H433A_whole_liver__vs__WT_uninfected_whole_liver	WT_uninfected_whole_liver	whole liver	4	8	8	4	4	1	-0.28836078175145907	11.330825889953845	11.619186671705304	-0.38415894397926464	11.32512526827323	11.709284212252493	1	lfc0.5_k3_fdr0.2	0.5	3	0.2	external	acute_main	external_full_3_anchor_weights	NA	NA	NA
GSE119119	GSE119119_design__T=whole_liver__H=4__B=NA__G=GID00088542__VS=TRIM21_KO_uninfected_whole_liver	<upstream_project_root>/00_metadata/verified_metadata/splited/GSE119119_design/GSE119119_design__T=whole_liver__H=4__B=NA__G=GID00088542__VS=TRIM21_KO_uninfected_whole_liver.tsv	TRUE	NA	TRIM21_KO_virus_plus_rh9C12_WT_whole_liver__vs__TRIM21_KO_uninfected_whole_liver	TRIM21_KO_uninfected_whole_liver	whole liver	4	8	8	4	4	1	0.28836078175145896	11.165209969550894	10.876849187799435	0.5068863080056406	11.97521628069431	11.46832997268867	1	lfc0.5_k3_fdr0.2	0.5	3	0.2	external	acute_main	external_full_3_anchor_weights	NA	NA	NA
GSE119119	GSE119119_design__T=whole_liver__H=4__B=NA__G=GID00096342__VS=TRIM21_KO_uninfected_whole_liver	<upstream_project_root>/00_metadata/verified_metadata/splited/GSE119119_design/GSE119119_design__T=whole_liver__H=4__B=NA__G=GID00096342__VS=TRIM21_KO_uninfected_whole_liver.tsv	TRUE	NA	TRIM21_KO_virus_plus_rh9C12_H433A_whole_liver__vs__TRIM21_KO_uninfected_whole_liver	TRIM21_KO_uninfected_whole_liver	whole liver	4	8	8	4	4	1	0.28836078175145896	10.291843134841086	10.003482353089627	0.5068863080056406	10.413560226403519	9.906673918397878	1	lfc0.5_k3_fdr0.2	0.5	3	0.2	external	acute_main	external_full_3_anchor_weights	NA	NA	NA
GSE119119	GSE119119_design__T=whole_liver__H=4__B=NA__G=TRIM21_KO_virus_only_whole_liver__VS=TRIM21_KO_uninfected_whole_liver	<upstream_project_root>/00_metadata/verified_metadata/splited/GSE119119_design/GSE119119_design__T=whole_liver__H=4__B=NA__G=TRIM21_KO_virus_only_whole_liver__VS=TRIM21_KO_uninfected_whole_liver.tsv	TRUE	NA	TRIM21_KO_virus_only_whole_liver__vs__TRIM21_KO_uninfected_whole_liver	TRIM21_KO_uninfected_whole_liver	whole liver	4	8	8	4	4	1	0.28836078175145896	9.183961818734662	8.895601036983203	0.5068863080056406	9.79377136377358	9.28688505576794	1	lfc0.5_k3_fdr0.2	0.5	3	0.2	external	acute_main	external_full_3_anchor_weights	NA	NA	NA
GSE119119	GSE119119_design__T=whole_liver__H=4__B=NA__G=WT_virus_only_whole_liver__VS=WT_uninfected_whole_liver	<upstream_project_root>/00_metadata/verified_metadata/splited/GSE119119_design/GSE119119_design__T=whole_liver__H=4__B=NA__G=WT_virus_only_whole_liver__VS=WT_uninfected_whole_liver.tsv	TRUE	NA	WT_virus_only_whole_liver__vs__WT_uninfected_whole_liver	WT_uninfected_whole_liver	whole liver	4	8	8	4	4	1	-0.28836078175145907	9.35835663064269	9.64671741239415	-0.38415894397926464	9.333809955948364	9.717968899927628	1	lfc0.5_k3_fdr0.2	0.5	3	0.2	external	acute_main	external_full_3_anchor_weights	NA	NA	NA
GSE119119	GSE119119_design__T=whole_liver__H=4__B=NA__G=WT_virus_plus_rh9C12_WT_whole_liver__VS=WT_uninfected_whole_liver	<upstream_project_root>/00_metadata/verified_metadata/splited/GSE119119_design/GSE119119_design__T=whole_liver__H=4__B=NA__G=WT_virus_plus_rh9C12_WT_whole_liver__VS=WT_uninfected_whole_liver.tsv	TRUE	NA	WT_virus_plus_rh9C12_WT_whole_liver__vs__WT_uninfected_whole_liver	WT_uninfected_whole_liver	whole liver	4	8	8	4	4	1	-0.28836078175145907	16.24327279540114	16.531633577152597	-0.38415894397926464	16.24813765677784	16.632296600757105	1	lfc0.5_k3_fdr0.2	0.5	3	0.2	external	acute_main	external_full_3_anchor_weights	NA	NA	NA
GSE139529	GSE139529_design__T=blood__H=24__B=NA__G=ad.mva__VS=none	<upstream_project_root>/00_metadata/verified_metadata/splited/GSE139529_design/GSE139529_design__T=blood__H=24__B=NA__G=ad.mva__VS=none.tsv	TRUE	NA	ad.mva__vs__none	none	blood	24	12	12	6	6	1	-4.85722573273506e-17	14.57581533401478	14.57581533401478	0.1651512551707875	14.17101628388822	14.005865028717432	1	lfc0.5_k3_fdr0.2	0.5	3	0.2	external	acute_main	external_full_3_anchor_weights	NA	NA	NA
GSE139529	GSE139529_design__T=blood__H=24__B=NA__G=ad_empty__VS=none	<upstream_project_root>/00_metadata/verified_metadata/splited/GSE139529_design/GSE139529_design__T=blood__H=24__B=NA__G=ad_empty__VS=none.tsv	TRUE	NA	ad_empty__vs__none	none	blood	24	12	12	6	6	1	-4.85722573273506e-17	14.737514103140883	14.737514103140883	0.1651512551707875	15.314975426283375	15.149824171112588	1	lfc0.5_k3_fdr0.2	0.5	3	0.2	external	acute_main	external_full_3_anchor_weights	NA	NA	NA
GSE139529	GSE139529_design__T=blood__H=24__B=NA__G=ad_fhbp__VS=none	<upstream_project_root>/00_metadata/verified_metadata/splited/GSE139529_design/GSE139529_design__T=blood__H=24__B=NA__G=ad_fhbp__VS=none.tsv	TRUE	NA	ad_fhbp__vs__none	none	blood	24	12	12	6	6	1	-4.85722573273506e-17	16.593740280759043	16.593740280759043	0.1651512551707875	16.774754361206867	16.60960310603608	1	lfc0.5_k3_fdr0.2	0.5	3	0.2	external	acute_main	external_full_3_anchor_weights	NA	NA	NA
GSE139529	GSE139529_design__T=blood__H=24__B=NA__G=ad_pref__VS=none	<upstream_project_root>/00_metadata/verified_metadata/splited/GSE139529_design/GSE139529_design__T=blood__H=24__B=NA__G=ad_pref__VS=none.tsv	TRUE	NA	ad_pref__vs__none	none	blood	24	12	12	6	6	1	-4.85722573273506e-17	1.7219249167533877	1.7219249167533877	0.1651512551707875	1.3346483110578689	1.1694970558870814	0.6944444444444444	lfc0.5_k3_fdr0.2	0.5	3	0.2	external	acute_main	external_full_3_anchor_weights	NA	NA	NA
GSE139529	GSE139529_design__T=blood__H=24__B=NA__G=mva.ad__VS=none	<upstream_project_root>/00_metadata/verified_metadata/splited/GSE139529_design/GSE139529_design__T=blood__H=24__B=NA__G=mva.ad__VS=none.tsv	TRUE	NA	mva.ad__vs__none	none	blood	24	12	12	6	6	1	-4.85722573273506e-17	18.26317426873204	18.26317426873204	0.1651512551707875	18.293935704785373	18.128784449614585	1	lfc0.5_k3_fdr0.2	0.5	3	0.2	external	acute_main	external_full_3_anchor_weights	NA	NA	NA
GSE139529	GSE139529_design__T=blood__H=24__B=NA__G=mva_fhbp__VS=none	<upstream_project_root>/00_metadata/verified_metadata/splited/GSE139529_design/GSE139529_design__T=blood__H=24__B=NA__G=mva_fhbp__VS=none.tsv	TRUE	NA	mva_fhbp__vs__none	none	blood	24	12	12	6	6	1	-4.85722573273506e-17	16.559036676024526	16.559036676024526	0.1651512551707875	16.40860371439566	16.243452459224873	1	lfc0.5_k3_fdr0.2	0.5	3	0.2	external	acute_main	external_full_3_anchor_weights	NA	NA	NA
GSE166655	GSE166655_design__T=Tibialis_anterior__H=672__B=NA__G=delivery_aav9_ar45__VS=delivery_untreated	<upstream_project_root>/00_metadata/verified_metadata/splited/GSE166655_design/GSE166655_design__T=Tibialis_anterior__H=672__B=NA__G=delivery_aav9_ar45__VS=delivery_untreated.tsv	TRUE	NA	delivery_aav9_ar45__vs__delivery_untreated	delivery_untreated	Tibialis anterior	672	6	6	3	3	1	-1.8494682058981897e-17	3.0130122955142737	3.0130122955142737	-0.368289102892081	2.787436281959584	3.155725384851665	1	lfc0.5_k3_fdr0.2	0.5	3	0.2	external	extended_transfer	external_full_3_anchor_weights	NA	NA	NA
GSE166655	GSE166655_design__T=Tibialis_anterior__H=672__B=NA__G=delivery_aav9_gfp__VS=delivery_untreated	<upstream_project_root>/00_metadata/verified_metadata/splited/GSE166655_design/GSE166655_design__T=Tibialis_anterior__H=672__B=NA__G=delivery_aav9_gfp__VS=delivery_untreated.tsv	TRUE	NA	delivery_aav9_gfp__vs__delivery_untreated	delivery_untreated	Tibialis anterior	672	6	6	3	3	1	-1.8494682058981897e-17	1.0230908884875236	1.0230908884875236	-0.368289102892081	1.3338138397913013	1.7021029426833822	0.8888888888888888	lfc0.5_k3_fdr0.2	0.5	3	0.2	external	extended_transfer	external_full_3_anchor_weights	NA	NA	NA
GSE178313	GSE178313_design__T=Liver__H=48__B=NA__G=mouse_repopulated_lnp__VS=mouse_repopulated_pbs	<upstream_project_root>/00_metadata/verified_metadata/splited/GSE178313_design/GSE178313_design__T=Liver__H=48__B=NA__G=mouse_repopulated_lnp__VS=mouse_repopulated_pbs.tsv	TRUE	NA	mouse_repopulated_lnp__vs__mouse_repopulated_pbs	mouse_repopulated_pbs	Liver	48	8	8	4	4	1	1.3877787807814457e-17	5.6729068901221735	5.6729068901221735	-0.4502155549342245	4.7348944809825095	5.185110035916734	1	lfc0.5_k3_fdr0.2	0.5	3	0.2	external	extended_transfer	external_full_3_anchor_weights	NA	NA	NA
GSE262515_cell_line	GSE262515_cell_line__T=cell_line__H=72__B=NA__G=delivery_tlnp_sihbv_50nm__VS=baseline_0	<upstream_project_root>/00_metadata/verified_metadata/splited/GSE262515_cell_line_design/GSE262515_cell_line__T=cell_line__H=72__B=NA__G=delivery_tlnp_sihbv_50nm__VS=baseline_0.tsv	TRUE	NA	delivery_tlnp_sihbv_50nm__vs__baseline_0	baseline_0	cell line	72	6	6	3	3	1	3.700743415417188e-17	3.1836761708665837	3.1836761708665837	-0.5319653469991791	3.184414528845188	3.716379875844367	1	lfc0.5_k3_fdr0.2	0.5	3	0.2	calibration	extended_transfer	external_full_3_anchor_weights	NA	NA	NA
GSE262515_cell_line	GSE262515_cell_line__T=cell_line__H=72__B=NA__G=delivery_tlnp_sinc_50nm__VS=baseline_0	<upstream_project_root>/00_metadata/verified_metadata/splited/GSE262515_cell_line_design/GSE262515_cell_line__T=cell_line__H=72__B=NA__G=delivery_tlnp_sinc_50nm__VS=baseline_0.tsv	TRUE	NA	delivery_tlnp_sinc_50nm__vs__baseline_0	baseline_0	cell line	72	6	6	3	3	1	3.700743415417188e-17	-3.185700932485581	-3.185700932485581	-0.5319653469991791	-3.500163219713093	-2.968197872713914	0.2222222222222222	lfc0.5_k3_fdr0.2	0.5	3	0.2	calibration	extended_transfer	external_full_3_anchor_weights	NA	NA	NA
GSE262515_tissue	GSE262515_tissue__T=tissue__H=72__B=NA__G=delivery_tlnp_sihbv_1mg_kg__VS=baseline_0	<upstream_project_root>/00_metadata/verified_metadata/splited/GSE262515_tissue_design/GSE262515_tissue__T=tissue__H=72__B=NA__G=delivery_tlnp_sihbv_1mg_kg__VS=baseline_0.tsv	TRUE	NA	delivery_tlnp_sihbv_1mg_kg__vs__baseline_0	baseline_0	tissue	72	6	6	3	3	1	-4.625929269271486e-17	1.496804433747867	1.496804433747867	-0.2239107674159925	1.2594207327486922	1.4833315001646847	0.8888888888888888	lfc0.5_k3_fdr0.2	0.5	3	0.2	calibration	extended_transfer	external_full_3_anchor_weights	NA	NA	NA
GSE262515_tissue	GSE262515_tissue__T=tissue__H=72__B=NA__G=delivery_tlnp_sihbv_2_5mg_kg__VS=baseline_0	<upstream_project_root>/00_metadata/verified_metadata/splited/GSE262515_tissue_design/GSE262515_tissue__T=tissue__H=72__B=NA__G=delivery_tlnp_sihbv_2_5mg_kg__VS=baseline_0.tsv	TRUE	NA	delivery_tlnp_sihbv_2_5mg_kg__vs__baseline_0	baseline_0	tissue	72	6	6	3	3	1	-4.625929269271486e-17	1.0652417620641756	1.0652417620641756	-0.2239107674159925	1.4383024778351867	1.6622132452511793	0.8888888888888888	lfc0.5_k3_fdr0.2	0.5	3	0.2	calibration	extended_transfer	external_full_3_anchor_weights	NA	NA	NA
GSE262515_tissue	GSE262515_tissue__T=tissue__H=72__B=NA__G=delivery_tlnp_sinc_1mg_kg__VS=baseline_0	<upstream_project_root>/00_metadata/verified_metadata/splited/GSE262515_tissue_design/GSE262515_tissue__T=tissue__H=72__B=NA__G=delivery_tlnp_sinc_1mg_kg__VS=baseline_0.tsv	TRUE	NA	delivery_tlnp_sinc_1mg_kg__vs__baseline_0	baseline_0	tissue	72	6	6	3	3	1	-4.625929269271486e-17	1.415113515155266	1.415113515155266	-0.2239107674159925	1.4667796761683844	1.690690443584377	1	lfc0.5_k3_fdr0.2	0.5	3	0.2	calibration	extended_transfer	external_full_3_anchor_weights	NA	NA	NA
GSE264344	GSE264344_design__T=Blood__H=72__B=NA__G=delivery_ad26__VS=baseline_0	<upstream_project_root>/00_metadata/verified_metadata/splited/GSE264344_design/GSE264344_design__T=Blood__H=72__B=NA__G=delivery_ad26__VS=baseline_0.tsv	TRUE	NA	delivery_ad26__vs__baseline_0	baseline_0	Blood	72	10	10	5	5	1	0.4707765764548596	0.6138596417103164	0.14308306525545678	0.4485196222631513	0.639507520967868	0.19098789870471672	0.76	lfc0.5_k3_fdr0.2	0.5	3	0.2	external	extended_transfer	external_full_3_anchor_weights	NA	NA	NA
GSE264344	GSE264344_design__T=Blood__H=72__B=NA__G=delivery_ad5__VS=baseline_0	<upstream_project_root>/00_metadata/verified_metadata/splited/GSE264344_design/GSE264344_design__T=Blood__H=72__B=NA__G=delivery_ad5__VS=baseline_0.tsv	TRUE	NA	delivery_ad5__vs__baseline_0	baseline_0	Blood	72	10	10	5	5	1	0.4707765764548596	0.802179401646434	0.3314028251915744	0.4485196222631513	0.791715031504886	0.3431954092417347	0.96	lfc0.5_k3_fdr0.2	0.5	3	0.2	external	extended_transfer	external_full_3_anchor_weights	NA	NA	NA
GSE264344	GSE264344_design__T=dLN__H=72__B=NA__G=delivery_ad26__VS=baseline_0	<upstream_project_root>/00_metadata/verified_metadata/splited/GSE264344_design/GSE264344_design__T=dLN__H=72__B=NA__G=delivery_ad26__VS=baseline_0.tsv	TRUE	NA	delivery_ad26__vs__baseline_0	baseline_0	dLN	72	10	10	5	5	1	0.841465103524465	1.1433376400547084	0.3018725365302434	0.7101536450753605	1.1099185173492685	0.399764872273908	0.8	lfc0.5_k3_fdr0.2	0.5	3	0.2	external	extended_transfer	external_full_3_anchor_weights	NA	NA	NA
GSE264344	GSE264344_design__T=dLN__H=72__B=NA__G=delivery_ad5__VS=baseline_0	<upstream_project_root>/00_metadata/verified_metadata/splited/GSE264344_design/GSE264344_design__T=dLN__H=72__B=NA__G=delivery_ad5__VS=baseline_0.tsv	TRUE	NA	delivery_ad5__vs__baseline_0	baseline_0	dLN	72	10	10	5	5	1	0.841465103524465	1.206503090661635	0.36503798713716995	0.7101536450753605	1.2166714759148745	0.506517830839514	0.8	lfc0.5_k3_fdr0.2	0.5	3	0.2	external	extended_transfer	external_full_3_anchor_weights	NA	NA	NA
GSE264344	GSE264344_design__T=Muscle__H=72__B=NA__G=delivery_ad26__VS=baseline_0	<upstream_project_root>/00_metadata/verified_metadata/splited/GSE264344_design/GSE264344_design__T=Muscle__H=72__B=NA__G=delivery_ad26__VS=baseline_0.tsv	TRUE	NA	delivery_ad26__vs__baseline_0	baseline_0	Muscle	72	10	10	5	5	1	-1.3122416799793246	-0.26328188784825846	1.048959792131066	-1.2413020794547207	-0.09133965746028624	1.1499624219944344	0.96	lfc0.5_k3_fdr0.2	0.5	3	0.2	external	extended_transfer	external_full_3_anchor_weights	NA	NA	NA
GSE264344	GSE264344_design__T=Muscle__H=72__B=NA__G=delivery_ad5__VS=baseline_0	<upstream_project_root>/00_metadata/verified_metadata/splited/GSE264344_design/GSE264344_design__T=Muscle__H=72__B=NA__G=delivery_ad5__VS=baseline_0.tsv	TRUE	NA	delivery_ad5__vs__baseline_0	baseline_0	Muscle	72	10	10	5	5	1	-1.3122416799793246	0.1441627720863857	1.4564044520657102	-1.2413020794547207	-0.06142609836649731	1.1798759810882233	1	lfc0.5_k3_fdr0.2	0.5	3	0.2	external	extended_transfer	external_full_3_anchor_weights	NA	NA	NA
GSE279372	GSE279372_design__T=draining_lymph_nodes__H=24__B=NA__G=delivery_1000_g_lnps_injected__VS=baseline_0	<upstream_project_root>/00_metadata/verified_metadata/splited/GSE279372_design/GSE279372_design__T=draining_lymph_nodes__H=24__B=NA__G=delivery_1000_g_lnps_injected__VS=baseline_0.tsv	TRUE	NA	delivery_1000_g_lnps_injected__vs__baseline_0	baseline_0	draining lymph nodes	24	8	8	4	4	1	4.163336342344337e-17	32.446986852616895	32.446986852616895	0.13485295902722458	32.495292169289506	32.36043921026228	1	lfc0.5_k3_fdr0.2	0.5	3	0.2	calibration	acute_main	external_full_3_anchor_weights	NA	NA	NA
GSE279372	GSE279372_design__T=draining_lymph_nodes__H=24__B=NA__G=delivery_250_g_alum_injected__VS=baseline_0	<upstream_project_root>/00_metadata/verified_metadata/splited/GSE279372_design/GSE279372_design__T=draining_lymph_nodes__H=24__B=NA__G=delivery_250_g_alum_injected__VS=baseline_0.tsv	TRUE	NA	delivery_250_g_alum_injected__vs__baseline_0	baseline_0	draining lymph nodes	24	8	8	4	4	1	4.163336342344337e-17	-0.639769150468226	-0.639769150468226	0.13485295902722458	-0.46575086656641906	-0.6006038255936437	0.3125	lfc0.5_k3_fdr0.2	0.5	3	0.2	calibration	acute_main	external_full_3_anchor_weights	NA	NA	NA
GSE279372	GSE279372_design__T=draining_lymph_nodes__H=24__B=NA__G=delivery_5_g_gi_1_gii_4_vlp__VS=baseline_0	<upstream_project_root>/00_metadata/verified_metadata/splited/GSE279372_design/GSE279372_design__T=draining_lymph_nodes__H=24__B=NA__G=delivery_5_g_gi_1_gii_4_vlp__VS=baseline_0.tsv	TRUE	NA	delivery_5_g_gi_1_gii_4_vlp__vs__baseline_0	baseline_0	draining lymph nodes	24	8	8	4	4	1	4.163336342344337e-17	2.824157332857424	2.824157332857424	0.13485295902722458	2.778402128330912	2.643549169303687	1	lfc0.5_k3_fdr0.2	0.5	3	0.2	calibration	acute_main	external_full_3_anchor_weights	NA	NA	NA
GSE279372	GSE279372_design__T=draining_lymph_nodes__H=24__B=NA__G=GID00110503__VS=baseline_0	<upstream_project_root>/00_metadata/verified_metadata/splited/GSE279372_design/GSE279372_design__T=draining_lymph_nodes__H=24__B=NA__G=GID00110503__VS=baseline_0.tsv	TRUE	NA	delivery_250_g_alum_5_g_gi_1_gii_4_vlp_injected__vs__baseline_0	baseline_0	draining lymph nodes	24	8	8	4	4	1	4.163336342344337e-17	0.3013267353431905	0.30132673534319043	0.13485295902722458	0.08659855075306278	-0.0482544082741618	0.5625	lfc0.5_k3_fdr0.2	0.5	3	0.2	calibration	acute_main	external_full_3_anchor_weights	NA	NA	NA
GSE279372	GSE279372_design__T=draining_lymph_nodes__H=24__B=NA__G=GID00110754__VS=baseline_0	<upstream_project_root>/00_metadata/verified_metadata/splited/GSE279372_design/GSE279372_design__T=draining_lymph_nodes__H=24__B=NA__G=GID00110754__VS=baseline_0.tsv	TRUE	NA	delivery_125_g_lnps_5_g_gi_1_gii_4_vlp_injected__vs__baseline_0	baseline_0	draining lymph nodes	24	8	8	4	4	1	4.163336342344337e-17	25.066890900470067	25.066890900470067	0.13485295902722458	26.111094274353515	25.97624131532629	1	lfc0.5_k3_fdr0.2	0.5	3	0.2	calibration	acute_main	external_full_3_anchor_weights	NA	NA	NA
GSE279372	GSE279372_design__T=draining_lymph_nodes__H=24__B=NA__G=GID00114748__VS=baseline_0	<upstream_project_root>/00_metadata/verified_metadata/splited/GSE279372_design/GSE279372_design__T=draining_lymph_nodes__H=24__B=NA__G=GID00114748__VS=baseline_0.tsv	TRUE	NA	delivery_1000_g_lnps_5_g_gi_1_gii_4_vlp_injected__vs__baseline_0	baseline_0	draining lymph nodes	24	8	8	4	4	1	4.163336342344337e-17	33.962142337162796	33.962142337162796	0.13485295902722458	33.77032673128072	33.63547377225349	1	lfc0.5_k3_fdr0.2	0.5	3	0.2	calibration	acute_main	external_full_3_anchor_weights	NA	NA	NA
GSE279743	GSE279743_design__T=Lymph_Node__H=6__B=NA__G=delivery_vaccination_with_sm102__VS=baseline_0	<upstream_project_root>/00_metadata/verified_metadata/splited/GSE279743_design/GSE279743_design__T=Lymph_Node__H=6__B=NA__G=delivery_vaccination_with_sm102__VS=baseline_0.tsv	TRUE	NA	delivery_vaccination_with_sm102__vs__baseline_0	baseline_0	Lymph Node	6	6	6	3	3	1	0	14.480813709365009	14.480813709365009	-0.3807817067792315	15.48018491985897	15.860966626638202	1	lfc0.5_k3_fdr0.2	0.5	3	0.2	external	acute_main	external_full_3_anchor_weights	NA	NA	NA
GSE279743	GSE279743_design__T=Lymph_Node__H=6__B=NA__G=delivery_vaccination_with_ssop__VS=baseline_0	<upstream_project_root>/00_metadata/verified_metadata/splited/GSE279743_design/GSE279743_design__T=Lymph_Node__H=6__B=NA__G=delivery_vaccination_with_ssop__VS=baseline_0.tsv	TRUE	NA	delivery_vaccination_with_ssop__vs__baseline_0	baseline_0	Lymph Node	6	6	6	3	3	1	0	2.151741338363473	2.151741338363473	-0.3807817067792315	2.257597271958366	2.6383789787375975	0.8888888888888888	lfc0.5_k3_fdr0.2	0.5	3	0.2	external	acute_main	external_full_3_anchor_weights	NA	NA	NA
GSE279744	GSE279744_design__T=lymph_node__H=6__B=NA__G=delivery_vaccination_with_sm102__VS=baseline_0	<upstream_project_root>/00_metadata/verified_metadata/splited/GSE279744_design/GSE279744_design__T=lymph_node__H=6__B=NA__G=delivery_vaccination_with_sm102__VS=baseline_0.tsv	TRUE	NA	delivery_vaccination_with_sm102__vs__baseline_0	baseline_0	lymph node	6	6	6	3	3	1	0	57.74088556298344	57.74088556298344	0.22392136262514617	56.933431875624876	56.70951051299973	1	lfc0.5_k3_fdr0.2	0.5	3	0.2	calibration	acute_main	external_full_3_anchor_weights	NA	NA	NA
GSE279744	GSE279744_design__T=lymph_node__H=6__B=NA__G=delivery_vaccination_with_ssop__VS=baseline_0	<upstream_project_root>/00_metadata/verified_metadata/splited/GSE279744_design/GSE279744_design__T=lymph_node__H=6__B=NA__G=delivery_vaccination_with_ssop__VS=baseline_0.tsv	TRUE	NA	delivery_vaccination_with_ssop__vs__baseline_0	baseline_0	lymph node	6	6	6	3	3	1	0	12.49753635464684	12.49753635464684	0.22392136262514617	12.836242814891342	12.612321452266196	1	lfc0.5_k3_fdr0.2	0.5	3	0.2	calibration	acute_main	external_full_3_anchor_weights	NA	NA	NA
GSE314070	GSE314070_design__T=small_intestine__H=336__B=NA__G=delivery_am80_lnp__VS=baseline_0	<upstream_project_root>/00_metadata/verified_metadata/splited/GSE314070_design/GSE314070_design__T=small_intestine__H=336__B=NA__G=delivery_am80_lnp__VS=baseline_0.tsv	TRUE	NA	delivery_am80_lnp__vs__baseline_0	baseline_0	small intestine	336	6	6	3	3	1	1.850371707708594e-17	5.851797858840604	5.851797858840604	0.4694176385611694	6.915163388458075	6.445745749896906	0.6666666666666666	lfc0.5_k3_fdr0.2	0.5	3	0.2	external	extended_transfer	external_full_3_anchor_weights	NA	NA	NA
GSE314070	GSE314070_design__T=small_intestine__H=336__B=NA__G=delivery_sm102_lnp__VS=baseline_0	<upstream_project_root>/00_metadata/verified_metadata/splited/GSE314070_design/GSE314070_design__T=small_intestine__H=336__B=NA__G=delivery_sm102_lnp__VS=baseline_0.tsv	TRUE	NA	delivery_sm102_lnp__vs__baseline_0	baseline_0	small intestine	336	6	6	3	3	1	1.850371707708594e-17	-1.4843166808149864	-1.4843166808149864	0.4694176385611694	-1.6322719469653417	-2.101689585526511	0.3333333333333333	lfc0.5_k3_fdr0.2	0.5	3	0.2	external	extended_transfer	external_full_3_anchor_weights	NA	NA	NA
GSE264344	GSE264344_design__T=Blood__H=1__B=NA__G=delivery_ad26__VS=baseline_0	<upstream_project_root>/00_metadata/verified_metadata/splited/GSE264344_design/GSE264344_design__T=Blood__H=1__B=NA__G=delivery_ad26__VS=baseline_0.tsv	TRUE	NA	delivery_ad26__vs__baseline_0	baseline_0	Blood	1	10	10	5	5	1	0.47632139412682123	0.606978577077586	0.13065718295076473	0.5148878440267338	0.6167437649936791	0.10185592096694529	0.7200000000000001	lfc0.5_k3_fdr0.2	0.5	3	0.2	anchor	acute_main	loao_2_anchor_weights	GSE264344	GSE39129;GSE167521	937
GSE264344	GSE264344_design__T=Blood__H=1__B=NA__G=delivery_ad5__VS=baseline_0	<upstream_project_root>/00_metadata/verified_metadata/splited/GSE264344_design/GSE264344_design__T=Blood__H=1__B=NA__G=delivery_ad5__VS=baseline_0.tsv	TRUE	NA	delivery_ad5__vs__baseline_0	baseline_0	Blood	1	10	10	5	5	1	0.47632139412682123	0.704626753108818	0.22830535898199672	0.5148878440267338	0.701050034300836	0.1861621902741022	0.96	lfc0.5_k3_fdr0.2	0.5	3	0.2	anchor	acute_main	loao_2_anchor_weights	GSE264344	GSE39129;GSE167521	937
GSE264344	GSE264344_design__T=Blood__H=12__B=NA__G=delivery_ad26__VS=baseline_0	<upstream_project_root>/00_metadata/verified_metadata/splited/GSE264344_design/GSE264344_design__T=Blood__H=12__B=NA__G=delivery_ad26__VS=baseline_0.tsv	TRUE	NA	delivery_ad26__vs__baseline_0	baseline_0	Blood	12	10	10	5	5	1	0.47632139412682123	3.0746586123318225	2.598337218205001	0.5148878440267338	2.986307664499336	2.4714198204726023	1	lfc0.5_k3_fdr0.2	0.5	3	0.2	anchor	acute_main	loao_2_anchor_weights	GSE264344	GSE39129;GSE167521	937
GSE264344	GSE264344_design__T=Blood__H=12__B=NA__G=delivery_ad5__VS=baseline_0	<upstream_project_root>/00_metadata/verified_metadata/splited/GSE264344_design/GSE264344_design__T=Blood__H=12__B=NA__G=delivery_ad5__VS=baseline_0.tsv	TRUE	NA	delivery_ad5__vs__baseline_0	baseline_0	Blood	12	10	10	5	5	1	0.47632139412682123	1.9516423974716286	1.4753210033448074	0.5148878440267338	2.0062685832525413	1.4913807392258076	1	lfc0.5_k3_fdr0.2	0.5	3	0.2	anchor	acute_main	loao_2_anchor_weights	GSE264344	GSE39129;GSE167521	937
GSE264344	GSE264344_design__T=Blood__H=24__B=NA__G=delivery_ad26__VS=baseline_0	<upstream_project_root>/00_metadata/verified_metadata/splited/GSE264344_design/GSE264344_design__T=Blood__H=24__B=NA__G=delivery_ad26__VS=baseline_0.tsv	TRUE	NA	delivery_ad26__vs__baseline_0	baseline_0	Blood	24	10	10	5	5	1	0.47632139412682123	2.0296809990740647	1.5533596049472436	0.5148878440267338	2.0768333063689544	1.5619454623422206	1	lfc0.5_k3_fdr0.2	0.5	3	0.2	anchor	acute_main	loao_2_anchor_weights	GSE264344	GSE39129;GSE167521	937
GSE264344	GSE264344_design__T=Blood__H=24__B=NA__G=delivery_ad5__VS=baseline_0	<upstream_project_root>/00_metadata/verified_metadata/splited/GSE264344_design/GSE264344_design__T=Blood__H=24__B=NA__G=delivery_ad5__VS=baseline_0.tsv	TRUE	NA	delivery_ad5__vs__baseline_0	baseline_0	Blood	24	10	10	5	5	1	0.47632139412682123	1.1942209888303252	0.7178995947035041	0.5148878440267338	1.1397273112490014	0.6248394672222676	1	lfc0.5_k3_fdr0.2	0.5	3	0.2	anchor	acute_main	loao_2_anchor_weights	GSE264344	GSE39129;GSE167521	937
GSE264344	GSE264344_design__T=Blood__H=3__B=NA__G=delivery_ad26__VS=baseline_0	<upstream_project_root>/00_metadata/verified_metadata/splited/GSE264344_design/GSE264344_design__T=Blood__H=3__B=NA__G=delivery_ad26__VS=baseline_0.tsv	TRUE	NA	delivery_ad26__vs__baseline_0	baseline_0	Blood	3	10	10	5	5	1	0.47632139412682123	2.5955712506607718	2.1192498565339504	0.5148878440267338	2.6392674112886088	2.124379567261875	1	lfc0.5_k3_fdr0.2	0.5	3	0.2	anchor	acute_main	loao_2_anchor_weights	GSE264344	GSE39129;GSE167521	937
GSE264344	GSE264344_design__T=Blood__H=3__B=NA__G=delivery_ad5__VS=baseline_0	<upstream_project_root>/00_metadata/verified_metadata/splited/GSE264344_design/GSE264344_design__T=Blood__H=3__B=NA__G=delivery_ad5__VS=baseline_0.tsv	TRUE	NA	delivery_ad5__vs__baseline_0	baseline_0	Blood	3	10	10	5	5	1	0.47632139412682123	1.114512553048823	0.6381911589220017	0.5148878440267338	1.1163714003916534	0.6014835563649196	1	lfc0.5_k3_fdr0.2	0.5	3	0.2	anchor	acute_main	loao_2_anchor_weights	GSE264344	GSE39129;GSE167521	937
GSE264344	GSE264344_design__T=Blood__H=6__B=NA__G=delivery_ad26__VS=baseline_0	<upstream_project_root>/00_metadata/verified_metadata/splited/GSE264344_design/GSE264344_design__T=Blood__H=6__B=NA__G=delivery_ad26__VS=baseline_0.tsv	TRUE	NA	delivery_ad26__vs__baseline_0	baseline_0	Blood	6	10	10	5	5	1	0.47632139412682123	2.4525597498630574	1.9762383557362362	0.5148878440267338	2.4905262974481146	1.975638453421381	1	lfc0.5_k3_fdr0.2	0.5	3	0.2	anchor	acute_main	loao_2_anchor_weights	GSE264344	GSE39129;GSE167521	937
GSE264344	GSE264344_design__T=Blood__H=6__B=NA__G=delivery_ad5__VS=baseline_0	<upstream_project_root>/00_metadata/verified_metadata/splited/GSE264344_design/GSE264344_design__T=Blood__H=6__B=NA__G=delivery_ad5__VS=baseline_0.tsv	TRUE	NA	delivery_ad5__vs__baseline_0	baseline_0	Blood	6	10	10	5	5	1	0.47632139412682123	3.216857260807972	2.740535866681151	0.5148878440267338	3.4075052699650197	2.892617425938286	1	lfc0.5_k3_fdr0.2	0.5	3	0.2	anchor	acute_main	loao_2_anchor_weights	GSE264344	GSE39129;GSE167521	937
GSE264344	GSE264344_design__T=dLN__H=1__B=NA__G=delivery_ad26__VS=baseline_0	<upstream_project_root>/00_metadata/verified_metadata/splited/GSE264344_design/GSE264344_design__T=dLN__H=1__B=NA__G=delivery_ad26__VS=baseline_0.tsv	TRUE	NA	delivery_ad26__vs__baseline_0	baseline_0	dLN	1	10	10	5	5	1	0.8535945087148193	1.152605365527394	0.29901085681257467	0.7688825328779516	1.0321711120101729	0.26328857913222126	0.8400000000000001	lfc0.5_k3_fdr0.2	0.5	3	0.2	anchor	acute_main	loao_2_anchor_weights	GSE264344	GSE39129;GSE167521	937
GSE264344	GSE264344_design__T=dLN__H=1__B=NA__G=delivery_ad5__VS=baseline_0	<upstream_project_root>/00_metadata/verified_metadata/splited/GSE264344_design/GSE264344_design__T=dLN__H=1__B=NA__G=delivery_ad5__VS=baseline_0.tsv	TRUE	NA	delivery_ad5__vs__baseline_0	baseline_0	dLN	1	10	10	5	5	1	0.8535945087148193	1.3630944128463875	0.5094999041315682	0.7688825328779516	1.3423860961421088	0.5735035632641572	0.96	lfc0.5_k3_fdr0.2	0.5	3	0.2	anchor	acute_main	loao_2_anchor_weights	GSE264344	GSE39129;GSE167521	937
GSE264344	GSE264344_design__T=dLN__H=12__B=NA__G=delivery_ad26__VS=baseline_0	<upstream_project_root>/00_metadata/verified_metadata/splited/GSE264344_design/GSE264344_design__T=dLN__H=12__B=NA__G=delivery_ad26__VS=baseline_0.tsv	TRUE	NA	delivery_ad26__vs__baseline_0	baseline_0	dLN	12	10	10	5	5	1	0.8535945087148193	4.157596601310048	3.3040020925952285	0.7688825328779516	4.144452669937653	3.3755701370597015	1	lfc0.5_k3_fdr0.2	0.5	3	0.2	anchor	acute_main	loao_2_anchor_weights	GSE264344	GSE39129;GSE167521	937
GSE264344	GSE264344_design__T=dLN__H=12__B=NA__G=delivery_ad5__VS=baseline_0	<upstream_project_root>/00_metadata/verified_metadata/splited/GSE264344_design/GSE264344_design__T=dLN__H=12__B=NA__G=delivery_ad5__VS=baseline_0.tsv	TRUE	NA	delivery_ad5__vs__baseline_0	baseline_0	dLN	12	10	10	5	5	1	0.8535945087148193	3.52899473567744	2.6754002269626205	0.7688825328779516	3.5178256936284398	2.748943160750488	1	lfc0.5_k3_fdr0.2	0.5	3	0.2	anchor	acute_main	loao_2_anchor_weights	GSE264344	GSE39129;GSE167521	937
GSE264344	GSE264344_design__T=dLN__H=24__B=NA__G=delivery_ad26__VS=baseline_0	<upstream_project_root>/00_metadata/verified_metadata/splited/GSE264344_design/GSE264344_design__T=dLN__H=24__B=NA__G=delivery_ad26__VS=baseline_0.tsv	TRUE	NA	delivery_ad26__vs__baseline_0	baseline_0	dLN	24	10	10	5	5	1	0.8535945087148193	2.7745386651961597	1.9209441564813403	0.7688825328779516	2.5972133979548957	1.828330865076944	1	lfc0.5_k3_fdr0.2	0.5	3	0.2	anchor	acute_main	loao_2_anchor_weights	GSE264344	GSE39129;GSE167521	937
GSE264344	GSE264344_design__T=dLN__H=24__B=NA__G=delivery_ad5__VS=baseline_0	<upstream_project_root>/00_metadata/verified_metadata/splited/GSE264344_design/GSE264344_design__T=dLN__H=24__B=NA__G=delivery_ad5__VS=baseline_0.tsv	TRUE	NA	delivery_ad5__vs__baseline_0	baseline_0	dLN	24	10	10	5	5	1	0.8535945087148193	2.312297137669837	1.4587026289550176	0.7688825328779516	2.3167221730693996	1.547839640191448	1	lfc0.5_k3_fdr0.2	0.5	3	0.2	anchor	acute_main	loao_2_anchor_weights	GSE264344	GSE39129;GSE167521	937
GSE264344	GSE264344_design__T=dLN__H=3__B=NA__G=delivery_ad26__VS=baseline_0	<upstream_project_root>/00_metadata/verified_metadata/splited/GSE264344_design/GSE264344_design__T=dLN__H=3__B=NA__G=delivery_ad26__VS=baseline_0.tsv	TRUE	NA	delivery_ad26__vs__baseline_0	baseline_0	dLN	3	10	10	5	5	1	0.8535945087148193	3.4962647454508615	2.642670236736042	0.7688825328779516	3.409332509670685	2.640449976792733	1	lfc0.5_k3_fdr0.2	0.5	3	0.2	anchor	acute_main	loao_2_anchor_weights	GSE264344	GSE39129;GSE167521	937
GSE264344	GSE264344_design__T=dLN__H=3__B=NA__G=delivery_ad5__VS=baseline_0	<upstream_project_root>/00_metadata/verified_metadata/splited/GSE264344_design/GSE264344_design__T=dLN__H=3__B=NA__G=delivery_ad5__VS=baseline_0.tsv	TRUE	NA	delivery_ad5__vs__baseline_0	baseline_0	dLN	3	10	10	5	5	1	0.8535945087148193	2.4900770240562107	1.6364825153413913	0.7688825328779516	2.5225749176496404	1.7536923847716888	1	lfc0.5_k3_fdr0.2	0.5	3	0.2	anchor	acute_main	loao_2_anchor_weights	GSE264344	GSE39129;GSE167521	937
GSE264344	GSE264344_design__T=dLN__H=6__B=NA__G=delivery_ad26__VS=baseline_0	<upstream_project_root>/00_metadata/verified_metadata/splited/GSE264344_design/GSE264344_design__T=dLN__H=6__B=NA__G=delivery_ad26__VS=baseline_0.tsv	TRUE	NA	delivery_ad26__vs__baseline_0	baseline_0	dLN	6	10	10	5	5	1	0.8535945087148193	4.222419204878003	3.3688246961631836	0.7688825328779516	4.2453374018061565	3.476454868928205	1	lfc0.5_k3_fdr0.2	0.5	3	0.2	anchor	acute_main	loao_2_anchor_weights	GSE264344	GSE39129;GSE167521	937
GSE264344	GSE264344_design__T=dLN__H=6__B=NA__G=delivery_ad5__VS=baseline_0	<upstream_project_root>/00_metadata/verified_metadata/splited/GSE264344_design/GSE264344_design__T=dLN__H=6__B=NA__G=delivery_ad5__VS=baseline_0.tsv	TRUE	NA	delivery_ad5__vs__baseline_0	baseline_0	dLN	6	10	10	5	5	1	0.8535945087148193	3.851478079033294	2.9978835703184745	0.7688825328779516	4.055630666038153	3.2867481331602018	1	lfc0.5_k3_fdr0.2	0.5	3	0.2	anchor	acute_main	loao_2_anchor_weights	GSE264344	GSE39129;GSE167521	937
GSE264344	GSE264344_design__T=Muscle__H=1__B=NA__G=delivery_ad26__VS=baseline_0	<upstream_project_root>/00_metadata/verified_metadata/splited/GSE264344_design/GSE264344_design__T=Muscle__H=1__B=NA__G=delivery_ad26__VS=baseline_0.tsv	TRUE	NA	delivery_ad26__vs__baseline_0	baseline_0	Muscle	1	10	10	5	5	1	-1.3299159028416405	-0.622539236194204	0.7073766666474365	-1.2756771671259723	-0.6338846722370238	0.6417924948889485	1	lfc0.5_k3_fdr0.2	0.5	3	0.2	anchor	acute_main	loao_2_anchor_weights	GSE264344	GSE39129;GSE167521	937
GSE264344	GSE264344_design__T=Muscle__H=1__B=NA__G=delivery_ad5__VS=baseline_0	<upstream_project_root>/00_metadata/verified_metadata/splited/GSE264344_design/GSE264344_design__T=Muscle__H=1__B=NA__G=delivery_ad5__VS=baseline_0.tsv	TRUE	NA	delivery_ad5__vs__baseline_0	baseline_0	Muscle	1	10	10	5	5	1	-1.3299159028416405	-0.6285121201386706	0.7014037827029699	-1.2756771671259723	-0.592484792239572	0.6831923748864004	1	lfc0.5_k3_fdr0.2	0.5	3	0.2	anchor	acute_main	loao_2_anchor_weights	GSE264344	GSE39129;GSE167521	937
GSE264344	GSE264344_design__T=Muscle__H=12__B=NA__G=delivery_ad26__VS=baseline_0	<upstream_project_root>/00_metadata/verified_metadata/splited/GSE264344_design/GSE264344_design__T=Muscle__H=12__B=NA__G=delivery_ad26__VS=baseline_0.tsv	TRUE	NA	delivery_ad26__vs__baseline_0	baseline_0	Muscle	12	10	10	5	5	1	-1.3299159028416405	1.275990068946312	2.6059059717879522	-1.2756771671259723	1.362933751636312	2.6386109187622844	1	lfc0.5_k3_fdr0.2	0.5	3	0.2	anchor	acute_main	loao_2_anchor_weights	GSE264344	GSE39129;GSE167521	937
GSE264344	GSE264344_design__T=Muscle__H=12__B=NA__G=delivery_ad5__VS=baseline_0	<upstream_project_root>/00_metadata/verified_metadata/splited/GSE264344_design/GSE264344_design__T=Muscle__H=12__B=NA__G=delivery_ad5__VS=baseline_0.tsv	TRUE	NA	delivery_ad5__vs__baseline_0	baseline_0	Muscle	12	10	10	5	5	1	-1.3299159028416405	1.5102890524012187	2.840204955242859	-1.2756771671259723	1.6039003971437413	2.879577564269714	1	lfc0.5_k3_fdr0.2	0.5	3	0.2	anchor	acute_main	loao_2_anchor_weights	GSE264344	GSE39129;GSE167521	937
GSE264344	GSE264344_design__T=Muscle__H=24__B=NA__G=delivery_ad26__VS=baseline_0	<upstream_project_root>/00_metadata/verified_metadata/splited/GSE264344_design/GSE264344_design__T=Muscle__H=24__B=NA__G=delivery_ad26__VS=baseline_0.tsv	TRUE	NA	delivery_ad26__vs__baseline_0	baseline_0	Muscle	24	10	10	5	5	1	-1.3299159028416405	0.8562610800887274	2.186176982930368	-1.2756771671259723	1.071186003099502	2.3468631702254745	1	lfc0.5_k3_fdr0.2	0.5	3	0.2	anchor	acute_main	loao_2_anchor_weights	GSE264344	GSE39129;GSE167521	937
GSE264344	GSE264344_design__T=Muscle__H=24__B=NA__G=delivery_ad5__VS=baseline_0	<upstream_project_root>/00_metadata/verified_metadata/splited/GSE264344_design/GSE264344_design__T=Muscle__H=24__B=NA__G=delivery_ad5__VS=baseline_0.tsv	TRUE	NA	delivery_ad5__vs__baseline_0	baseline_0	Muscle	24	10	10	5	5	1	-1.3299159028416405	0.8553841161299132	2.185300018971554	-1.2756771671259723	1.2095081647827604	2.485185331908733	1	lfc0.5_k3_fdr0.2	0.5	3	0.2	anchor	acute_main	loao_2_anchor_weights	GSE264344	GSE39129;GSE167521	937
GSE264344	GSE264344_design__T=Muscle__H=3__B=NA__G=delivery_ad26__VS=baseline_0	<upstream_project_root>/00_metadata/verified_metadata/splited/GSE264344_design/GSE264344_design__T=Muscle__H=3__B=NA__G=delivery_ad26__VS=baseline_0.tsv	TRUE	NA	delivery_ad26__vs__baseline_0	baseline_0	Muscle	3	10	10	5	5	1	-1.3299159028416405	0.9212943052217276	2.2512102080633682	-1.2756771671259723	1.1657643734684744	2.4414415405944467	1	lfc0.5_k3_fdr0.2	0.5	3	0.2	anchor	acute_main	loao_2_anchor_weights	GSE264344	GSE39129;GSE167521	937
GSE264344	GSE264344_design__T=Muscle__H=3__B=NA__G=delivery_ad5__VS=baseline_0	<upstream_project_root>/00_metadata/verified_metadata/splited/GSE264344_design/GSE264344_design__T=Muscle__H=3__B=NA__G=delivery_ad5__VS=baseline_0.tsv	TRUE	NA	delivery_ad5__vs__baseline_0	baseline_0	Muscle	3	10	10	5	5	1	-1.3299159028416405	0.3200302069029728	1.6499461097446133	-1.2756771671259723	0.49467104281435825	1.7703482099403307	1	lfc0.5_k3_fdr0.2	0.5	3	0.2	anchor	acute_main	loao_2_anchor_weights	GSE264344	GSE39129;GSE167521	937
GSE264344	GSE264344_design__T=Muscle__H=6__B=NA__G=delivery_ad26__VS=baseline_0	<upstream_project_root>/00_metadata/verified_metadata/splited/GSE264344_design/GSE264344_design__T=Muscle__H=6__B=NA__G=delivery_ad26__VS=baseline_0.tsv	TRUE	NA	delivery_ad26__vs__baseline_0	baseline_0	Muscle	6	10	10	5	5	1	-1.3299159028416405	1.3383156203204902	2.668231523162131	-1.2756771671259723	1.064702515660327	2.340379682786299	1	lfc0.5_k3_fdr0.2	0.5	3	0.2	anchor	acute_main	loao_2_anchor_weights	GSE264344	GSE39129;GSE167521	937
GSE264344	GSE264344_design__T=Muscle__H=6__B=NA__G=delivery_ad5__VS=baseline_0	<upstream_project_root>/00_metadata/verified_metadata/splited/GSE264344_design/GSE264344_design__T=Muscle__H=6__B=NA__G=delivery_ad5__VS=baseline_0.tsv	TRUE	NA	delivery_ad5__vs__baseline_0	baseline_0	Muscle	6	10	10	5	5	1	-1.3299159028416405	1.4465274780048716	2.776443380846512	-1.2756771671259723	1.649480443578487	2.9251576107044595	1	lfc0.5_k3_fdr0.2	0.5	3	0.2	anchor	acute_main	loao_2_anchor_weights	GSE264344	GSE39129;GSE167521	937
GSE39129	GSE39129_design__T=liver__H=4__B=NA__G=delivery_lentiviral_vector_lv__VS=delivery_none	<upstream_project_root>/00_metadata/verified_metadata/splited/GSE39129_design/GSE39129_design__T=liver__H=4__B=NA__G=delivery_lentiviral_vector_lv__VS=delivery_none.tsv	TRUE	NA	delivery_lentiviral_vector_lv___vs__delivery_none	delivery_none	liver	4	6	6	3	3	1	1.850371707708594e-17	59.53918796355271	59.53918796355271	0.4724980362194818	62.658338041301135	62.18584000508165	1	lfc0.5_k3_fdr0.2	0.5	3	0.2	anchor	acute_main	loao_2_anchor_weights	GSE39129	GSE264344;GSE167521	1015
GSE167521	GSE167521_design__T=skin__H=24__B=NA__G=delivery_lnp__VS=baseline_0	<upstream_project_root>/00_metadata/verified_metadata/splited/GSE167521_design/GSE167521_design__T=skin__H=24__B=NA__G=delivery_lnp__VS=baseline_0.tsv	TRUE	NA	delivery_lnp__vs__baseline_0	baseline_0	skin	24	8	8	4	4	1	-6.938893903907228e-18	10.695918977830086	10.695918977830086	0.05862400887195217	10.559961084315088	10.501337075443136	1	lfc0.5_k3_fdr0.2	0.5	3	0.2	anchor	acute_main	loao_2_anchor_weights	GSE167521	GSE264344;GSE39129	673
GSE119119	GSE119119_design__T=whole_liver__H=4__B=NA__G=GID00069418__VS=WT_uninfected_whole_liver	<upstream_project_root>/00_metadata/verified_metadata/splited/GSE119119_design/GSE119119_design__T=whole_liver__H=4__B=NA__G=GID00069418__VS=WT_uninfected_whole_liver.tsv	TRUE	NA	WT_virus_plus_rh9C12_H433A_whole_liver__vs__WT_uninfected_whole_liver	WT_uninfected_whole_liver	whole liver	4	8	8	4	4	1	-0.30091481217973215	12.268998865005242	12.569913677184974	-0.3421989228215966	12.424461178139794	12.76666010096139	1	lfc0.75_k2_fdr0.05	0.75	2	0.05	external	acute_main	external_full_3_anchor_weights	NA	NA	NA
GSE119119	GSE119119_design__T=whole_liver__H=4__B=NA__G=GID00088542__VS=TRIM21_KO_uninfected_whole_liver	<upstream_project_root>/00_metadata/verified_metadata/splited/GSE119119_design/GSE119119_design__T=whole_liver__H=4__B=NA__G=GID00088542__VS=TRIM21_KO_uninfected_whole_liver.tsv	TRUE	NA	TRIM21_KO_virus_plus_rh9C12_WT_whole_liver__vs__TRIM21_KO_uninfected_whole_liver	TRIM21_KO_uninfected_whole_liver	whole liver	4	8	8	4	4	1	0.3009148121797322	11.727409384592734	11.426494572413002	0.40298133977685735	12.422667528163966	12.019686188387109	1	lfc0.75_k2_fdr0.05	0.75	2	0.05	external	acute_main	external_full_3_anchor_weights	NA	NA	NA
GSE119119	GSE119119_design__T=whole_liver__H=4__B=NA__G=GID00096342__VS=TRIM21_KO_uninfected_whole_liver	<upstream_project_root>/00_metadata/verified_metadata/splited/GSE119119_design/GSE119119_design__T=whole_liver__H=4__B=NA__G=GID00096342__VS=TRIM21_KO_uninfected_whole_liver.tsv	TRUE	NA	TRIM21_KO_virus_plus_rh9C12_H433A_whole_liver__vs__TRIM21_KO_uninfected_whole_liver	TRIM21_KO_uninfected_whole_liver	whole liver	4	8	8	4	4	1	0.3009148121797322	11.655523005686813	11.354608193507081	0.40298133977685735	11.64059062804266	11.237609288265801	1	lfc0.75_k2_fdr0.05	0.75	2	0.05	external	acute_main	external_full_3_anchor_weights	NA	NA	NA
GSE119119	GSE119119_design__T=whole_liver__H=4__B=NA__G=TRIM21_KO_virus_only_whole_liver__VS=TRIM21_KO_uninfected_whole_liver	<upstream_project_root>/00_metadata/verified_metadata/splited/GSE119119_design/GSE119119_design__T=whole_liver__H=4__B=NA__G=TRIM21_KO_virus_only_whole_liver__VS=TRIM21_KO_uninfected_whole_liver.tsv	TRUE	NA	TRIM21_KO_virus_only_whole_liver__vs__TRIM21_KO_uninfected_whole_liver	TRIM21_KO_uninfected_whole_liver	whole liver	4	8	8	4	4	1	0.3009148121797322	10.108475056551475	9.807560244371743	0.40298133977685735	10.817834419172158	10.4148530793953	1	lfc0.75_k2_fdr0.05	0.75	2	0.05	external	acute_main	external_full_3_anchor_weights	NA	NA	NA
GSE119119	GSE119119_design__T=whole_liver__H=4__B=NA__G=WT_virus_only_whole_liver__VS=WT_uninfected_whole_liver	<upstream_project_root>/00_metadata/verified_metadata/splited/GSE119119_design/GSE119119_design__T=whole_liver__H=4__B=NA__G=WT_virus_only_whole_liver__VS=WT_uninfected_whole_liver.tsv	TRUE	NA	WT_virus_only_whole_liver__vs__WT_uninfected_whole_liver	WT_uninfected_whole_liver	whole liver	4	8	8	4	4	1	-0.30091481217973215	9.585245014500005	9.886159826679737	-0.3421989228215966	8.897815664591032	9.24001458741263	1	lfc0.75_k2_fdr0.05	0.75	2	0.05	external	acute_main	external_full_3_anchor_weights	NA	NA	NA
GSE119119	GSE119119_design__T=whole_liver__H=4__B=NA__G=WT_virus_plus_rh9C12_WT_whole_liver__VS=WT_uninfected_whole_liver	<upstream_project_root>/00_metadata/verified_metadata/splited/GSE119119_design/GSE119119_design__T=whole_liver__H=4__B=NA__G=WT_virus_plus_rh9C12_WT_whole_liver__VS=WT_uninfected_whole_liver.tsv	TRUE	NA	WT_virus_plus_rh9C12_WT_whole_liver__vs__WT_uninfected_whole_liver	WT_uninfected_whole_liver	whole liver	4	8	8	4	4	1	-0.30091481217973215	19.179999326511147	19.48091413869088	-0.3421989228215966	19.164919355662242	19.507118278483837	1	lfc0.75_k2_fdr0.05	0.75	2	0.05	external	acute_main	external_full_3_anchor_weights	NA	NA	NA
GSE139529	GSE139529_design__T=blood__H=24__B=NA__G=ad.mva__VS=none	<upstream_project_root>/00_metadata/verified_metadata/splited/GSE139529_design/GSE139529_design__T=blood__H=24__B=NA__G=ad.mva__VS=none.tsv	TRUE	NA	ad.mva__vs__none	none	blood	24	12	12	6	6	1	-4.625477518366283e-17	18.639402949072306	18.639402949072306	0.08352828466130593	17.83392725275057	17.750398968089264	1	lfc0.75_k2_fdr0.05	0.75	2	0.05	external	acute_main	external_full_3_anchor_weights	NA	NA	NA
GSE139529	GSE139529_design__T=blood__H=24__B=NA__G=ad_empty__VS=none	<upstream_project_root>/00_metadata/verified_metadata/splited/GSE139529_design/GSE139529_design__T=blood__H=24__B=NA__G=ad_empty__VS=none.tsv	TRUE	NA	ad_empty__vs__none	none	blood	24	12	12	6	6	1	-4.625477518366283e-17	19.05421797826992	19.05421797826992	0.08352828466130593	19.392969476921394	19.30944119226009	1	lfc0.75_k2_fdr0.05	0.75	2	0.05	external	acute_main	external_full_3_anchor_weights	NA	NA	NA
GSE139529	GSE139529_design__T=blood__H=24__B=NA__G=ad_fhbp__VS=none	<upstream_project_root>/00_metadata/verified_metadata/splited/GSE139529_design/GSE139529_design__T=blood__H=24__B=NA__G=ad_fhbp__VS=none.tsv	TRUE	NA	ad_fhbp__vs__none	none	blood	24	12	12	6	6	1	-4.625477518366283e-17	23.665948692799613	23.665948692799613	0.08352828466130593	23.36191134413066	23.278383059469355	1	lfc0.75_k2_fdr0.05	0.75	2	0.05	external	acute_main	external_full_3_anchor_weights	NA	NA	NA
GSE139529	GSE139529_design__T=blood__H=24__B=NA__G=ad_pref__VS=none	<upstream_project_root>/00_metadata/verified_metadata/splited/GSE139529_design/GSE139529_design__T=blood__H=24__B=NA__G=ad_pref__VS=none.tsv	TRUE	NA	ad_pref__vs__none	none	blood	24	12	12	6	6	1	-4.625477518366283e-17	1.3227306582150455	1.3227306582150455	0.08352828466130593	1.6886151719320417	1.6050868872707358	0.6388888888888888	lfc0.75_k2_fdr0.05	0.75	2	0.05	external	acute_main	external_full_3_anchor_weights	NA	NA	NA
GSE139529	GSE139529_design__T=blood__H=24__B=NA__G=mva.ad__VS=none	<upstream_project_root>/00_metadata/verified_metadata/splited/GSE139529_design/GSE139529_design__T=blood__H=24__B=NA__G=mva.ad__VS=none.tsv	TRUE	NA	mva.ad__vs__none	none	blood	24	12	12	6	6	1	-4.625477518366283e-17	27.646763319991308	27.646763319991308	0.08352828466130593	27.714860238258293	27.631331953596987	1	lfc0.75_k2_fdr0.05	0.75	2	0.05	external	acute_main	external_full_3_anchor_weights	NA	NA	NA
GSE139529	GSE139529_design__T=blood__H=24__B=NA__G=mva_fhbp__VS=none	<upstream_project_root>/00_metadata/verified_metadata/splited/GSE139529_design/GSE139529_design__T=blood__H=24__B=NA__G=mva_fhbp__VS=none.tsv	TRUE	NA	mva_fhbp__vs__none	none	blood	24	12	12	6	6	1	-4.625477518366283e-17	23.38478476371556	23.38478476371556	0.08352828466130593	22.99627756561474	22.912749280953435	1	lfc0.75_k2_fdr0.05	0.75	2	0.05	external	acute_main	external_full_3_anchor_weights	NA	NA	NA
GSE166655	GSE166655_design__T=Tibialis_anterior__H=672__B=NA__G=delivery_aav9_ar45__VS=delivery_untreated	<upstream_project_root>/00_metadata/verified_metadata/splited/GSE166655_design/GSE166655_design__T=Tibialis_anterior__H=672__B=NA__G=delivery_aav9_ar45__VS=delivery_untreated.tsv	TRUE	NA	delivery_aav9_ar45__vs__delivery_untreated	delivery_untreated	Tibialis anterior	672	6	6	3	3	1	1.8494682058981897e-17	6.831296434528442	6.831296434528442	-0.3133082860338558	5.896186115678521	6.2094944017123765	1	lfc0.75_k2_fdr0.05	0.75	2	0.05	external	extended_transfer	external_full_3_anchor_weights	NA	NA	NA
GSE166655	GSE166655_design__T=Tibialis_anterior__H=672__B=NA__G=delivery_aav9_gfp__VS=delivery_untreated	<upstream_project_root>/00_metadata/verified_metadata/splited/GSE166655_design/GSE166655_design__T=Tibialis_anterior__H=672__B=NA__G=delivery_aav9_gfp__VS=delivery_untreated.tsv	TRUE	NA	delivery_aav9_gfp__vs__delivery_untreated	delivery_untreated	Tibialis anterior	672	6	6	3	3	1	1.8494682058981897e-17	4.342119392807335	4.342119392807335	-0.3133082860338558	4.500158329505693	4.813466615539548	1	lfc0.75_k2_fdr0.05	0.75	2	0.05	external	extended_transfer	external_full_3_anchor_weights	NA	NA	NA
GSE178313	GSE178313_design__T=Liver__H=48__B=NA__G=mouse_repopulated_lnp__VS=mouse_repopulated_pbs	<upstream_project_root>/00_metadata/verified_metadata/splited/GSE178313_design/GSE178313_design__T=Liver__H=48__B=NA__G=mouse_repopulated_lnp__VS=mouse_repopulated_pbs.tsv	TRUE	NA	mouse_repopulated_lnp__vs__mouse_repopulated_pbs	mouse_repopulated_pbs	Liver	48	8	8	4	4	1	5.551115123125783e-17	6.000443825163811	6.000443825163811	-0.4495260938476126	4.979816640716756	5.4293427345643686	1	lfc0.75_k2_fdr0.05	0.75	2	0.05	external	extended_transfer	external_full_3_anchor_weights	NA	NA	NA
GSE262515_cell_line	GSE262515_cell_line__T=cell_line__H=72__B=NA__G=delivery_tlnp_sihbv_50nm__VS=baseline_0	<upstream_project_root>/00_metadata/verified_metadata/splited/GSE262515_cell_line_design/GSE262515_cell_line__T=cell_line__H=72__B=NA__G=delivery_tlnp_sihbv_50nm__VS=baseline_0.tsv	TRUE	NA	delivery_tlnp_sihbv_50nm__vs__baseline_0	baseline_0	cell line	72	6	6	3	3	1	-3.701646917227593e-17	1.737250714865357	1.737250714865357	-0.2520202561939323	1.2279106980316317	1.4799309542255639	0.8888888888888888	lfc0.75_k2_fdr0.05	0.75	2	0.05	calibration	extended_transfer	external_full_3_anchor_weights	NA	NA	NA
GSE262515_cell_line	GSE262515_cell_line__T=cell_line__H=72__B=NA__G=delivery_tlnp_sinc_50nm__VS=baseline_0	<upstream_project_root>/00_metadata/verified_metadata/splited/GSE262515_cell_line_design/GSE262515_cell_line__T=cell_line__H=72__B=NA__G=delivery_tlnp_sinc_50nm__VS=baseline_0.tsv	TRUE	NA	delivery_tlnp_sinc_50nm__vs__baseline_0	baseline_0	cell line	72	6	6	3	3	1	-3.701646917227593e-17	-2.3587966723637788	-2.3587966723637788	-0.2520202561939323	-2.0449895900229005	-1.7929693338289683	0	lfc0.75_k2_fdr0.05	0.75	2	0.05	calibration	extended_transfer	external_full_3_anchor_weights	NA	NA	NA
GSE262515_tissue	GSE262515_tissue__T=tissue__H=72__B=NA__G=delivery_tlnp_sihbv_1mg_kg__VS=baseline_0	<upstream_project_root>/00_metadata/verified_metadata/splited/GSE262515_tissue_design/GSE262515_tissue__T=tissue__H=72__B=NA__G=delivery_tlnp_sihbv_1mg_kg__VS=baseline_0.tsv	TRUE	NA	delivery_tlnp_sihbv_1mg_kg__vs__baseline_0	baseline_0	tissue	72	6	6	3	3	1	7.401486830834377e-17	3.205680982546247	3.205680982546247	-0.1304250979629542	3.6168600876030452	3.7472851855659997	1	lfc0.75_k2_fdr0.05	0.75	2	0.05	calibration	extended_transfer	external_full_3_anchor_weights	NA	NA	NA
GSE262515_tissue	GSE262515_tissue__T=tissue__H=72__B=NA__G=delivery_tlnp_sihbv_2_5mg_kg__VS=baseline_0	<upstream_project_root>/00_metadata/verified_metadata/splited/GSE262515_tissue_design/GSE262515_tissue__T=tissue__H=72__B=NA__G=delivery_tlnp_sihbv_2_5mg_kg__VS=baseline_0.tsv	TRUE	NA	delivery_tlnp_sihbv_2_5mg_kg__vs__baseline_0	baseline_0	tissue	72	6	6	3	3	1	7.401486830834377e-17	1.7909454854278364	1.7909454854278364	-0.1304250979629542	2.2737481945901723	2.4041732925531267	0.8888888888888888	lfc0.75_k2_fdr0.05	0.75	2	0.05	calibration	extended_transfer	external_full_3_anchor_weights	NA	NA	NA
GSE262515_tissue	GSE262515_tissue__T=tissue__H=72__B=NA__G=delivery_tlnp_sinc_1mg_kg__VS=baseline_0	<upstream_project_root>/00_metadata/verified_metadata/splited/GSE262515_tissue_design/GSE262515_tissue__T=tissue__H=72__B=NA__G=delivery_tlnp_sinc_1mg_kg__VS=baseline_0.tsv	TRUE	NA	delivery_tlnp_sinc_1mg_kg__vs__baseline_0	baseline_0	tissue	72	6	6	3	3	1	7.401486830834377e-17	2.869925734353656	2.869925734353656	-0.1304250979629542	2.837790788794095	2.968215886757049	1	lfc0.75_k2_fdr0.05	0.75	2	0.05	calibration	extended_transfer	external_full_3_anchor_weights	NA	NA	NA
GSE264344	GSE264344_design__T=Blood__H=72__B=NA__G=delivery_ad26__VS=baseline_0	<upstream_project_root>/00_metadata/verified_metadata/splited/GSE264344_design/GSE264344_design__T=Blood__H=72__B=NA__G=delivery_ad26__VS=baseline_0.tsv	TRUE	NA	delivery_ad26__vs__baseline_0	baseline_0	Blood	72	10	10	5	5	1	0.35984762030773615	0.7462511156275881	0.3864034953198519	0.3923339696355781	0.7939340289079434	0.4016000592723653	0.92	lfc0.75_k2_fdr0.05	0.75	2	0.05	external	extended_transfer	external_full_3_anchor_weights	NA	NA	NA
GSE264344	GSE264344_design__T=Blood__H=72__B=NA__G=delivery_ad5__VS=baseline_0	<upstream_project_root>/00_metadata/verified_metadata/splited/GSE264344_design/GSE264344_design__T=Blood__H=72__B=NA__G=delivery_ad5__VS=baseline_0.tsv	TRUE	NA	delivery_ad5__vs__baseline_0	baseline_0	Blood	72	10	10	5	5	1	0.35984762030773615	0.8887307241475317	0.5288831038397956	0.3923339696355781	0.86580230605624	0.4734683364206619	1	lfc0.75_k2_fdr0.05	0.75	2	0.05	external	extended_transfer	external_full_3_anchor_weights	NA	NA	NA
GSE264344	GSE264344_design__T=dLN__H=72__B=NA__G=delivery_ad26__VS=baseline_0	<upstream_project_root>/00_metadata/verified_metadata/splited/GSE264344_design/GSE264344_design__T=dLN__H=72__B=NA__G=delivery_ad26__VS=baseline_0.tsv	TRUE	NA	delivery_ad26__vs__baseline_0	baseline_0	dLN	72	10	10	5	5	1	0.9283458534150364	1.353702816028113	0.42535696261307665	0.8297020909560049	1.4038781053230085	0.5741760143670036	0.92	lfc0.75_k2_fdr0.05	0.75	2	0.05	external	extended_transfer	external_full_3_anchor_weights	NA	NA	NA
GSE264344	GSE264344_design__T=dLN__H=72__B=NA__G=delivery_ad5__VS=baseline_0	<upstream_project_root>/00_metadata/verified_metadata/splited/GSE264344_design/GSE264344_design__T=dLN__H=72__B=NA__G=delivery_ad5__VS=baseline_0.tsv	TRUE	NA	delivery_ad5__vs__baseline_0	baseline_0	dLN	72	10	10	5	5	1	0.9283458534150364	1.4755611115851575	0.5472152581701211	0.8297020909560049	1.4762050730511684	0.6465029820951635	0.96	lfc0.75_k2_fdr0.05	0.75	2	0.05	external	extended_transfer	external_full_3_anchor_weights	NA	NA	NA
GSE264344	GSE264344_design__T=Muscle__H=72__B=NA__G=delivery_ad26__VS=baseline_0	<upstream_project_root>/00_metadata/verified_metadata/splited/GSE264344_design/GSE264344_design__T=Muscle__H=72__B=NA__G=delivery_ad26__VS=baseline_0.tsv	TRUE	NA	delivery_ad26__vs__baseline_0	baseline_0	Muscle	72	10	10	5	5	1	-1.2881934737227725	0.257064813088855	1.5452582868116274	-1.29352029301112	0.6314522260579178	1.9249725190690379	1	lfc0.75_k2_fdr0.05	0.75	2	0.05	external	extended_transfer	external_full_3_anchor_weights	NA	NA	NA
GSE264344	GSE264344_design__T=Muscle__H=72__B=NA__G=delivery_ad5__VS=baseline_0	<upstream_project_root>/00_metadata/verified_metadata/splited/GSE264344_design/GSE264344_design__T=Muscle__H=72__B=NA__G=delivery_ad5__VS=baseline_0.tsv	TRUE	NA	delivery_ad5__vs__baseline_0	baseline_0	Muscle	72	10	10	5	5	1	-1.2881934737227725	0.5952008552332264	1.883394328955999	-1.29352029301112	0.3274771941652211	1.620997487176341	1	lfc0.75_k2_fdr0.05	0.75	2	0.05	external	extended_transfer	external_full_3_anchor_weights	NA	NA	NA
GSE279372	GSE279372_design__T=draining_lymph_nodes__H=24__B=NA__G=delivery_1000_g_lnps_injected__VS=baseline_0	<upstream_project_root>/00_metadata/verified_metadata/splited/GSE279372_design/GSE279372_design__T=draining_lymph_nodes__H=24__B=NA__G=delivery_1000_g_lnps_injected__VS=baseline_0.tsv	TRUE	NA	delivery_1000_g_lnps_injected__vs__baseline_0	baseline_0	draining lymph nodes	24	8	8	4	4	1	-4.163336342344337e-17	43.27601927946823	43.27601927946823	0.03397522623773766	43.70931532570165	43.67534009946392	1	lfc0.75_k2_fdr0.05	0.75	2	0.05	calibration	acute_main	external_full_3_anchor_weights	NA	NA	NA
GSE279372	GSE279372_design__T=draining_lymph_nodes__H=24__B=NA__G=delivery_250_g_alum_injected__VS=baseline_0	<upstream_project_root>/00_metadata/verified_metadata/splited/GSE279372_design/GSE279372_design__T=draining_lymph_nodes__H=24__B=NA__G=delivery_250_g_alum_injected__VS=baseline_0.tsv	TRUE	NA	delivery_250_g_alum_injected__vs__baseline_0	baseline_0	draining lymph nodes	24	8	8	4	4	1	-4.163336342344337e-17	1.1063139539381268	1.1063139539381268	0.03397522623773766	1.3992663623366686	1.3652911360989308	0.75	lfc0.75_k2_fdr0.05	0.75	2	0.05	calibration	acute_main	external_full_3_anchor_weights	NA	NA	NA
GSE279372	GSE279372_design__T=draining_lymph_nodes__H=24__B=NA__G=delivery_5_g_gi_1_gii_4_vlp__VS=baseline_0	<upstream_project_root>/00_metadata/verified_metadata/splited/GSE279372_design/GSE279372_design__T=draining_lymph_nodes__H=24__B=NA__G=delivery_5_g_gi_1_gii_4_vlp__VS=baseline_0.tsv	TRUE	NA	delivery_5_g_gi_1_gii_4_vlp__vs__baseline_0	baseline_0	draining lymph nodes	24	8	8	4	4	1	-4.163336342344337e-17	5.104539526047405	5.104539526047405	0.03397522623773766	4.762130067959765	4.728154841722027	1	lfc0.75_k2_fdr0.05	0.75	2	0.05	calibration	acute_main	external_full_3_anchor_weights	NA	NA	NA
GSE279372	GSE279372_design__T=draining_lymph_nodes__H=24__B=NA__G=GID00110503__VS=baseline_0	<upstream_project_root>/00_metadata/verified_metadata/splited/GSE279372_design/GSE279372_design__T=draining_lymph_nodes__H=24__B=NA__G=GID00110503__VS=baseline_0.tsv	TRUE	NA	delivery_250_g_alum_5_g_gi_1_gii_4_vlp_injected__vs__baseline_0	baseline_0	draining lymph nodes	24	8	8	4	4	1	-4.163336342344337e-17	2.542381266384164	2.542381266384164	0.03397522623773766	2.5018721831721282	2.4678969569343905	1	lfc0.75_k2_fdr0.05	0.75	2	0.05	calibration	acute_main	external_full_3_anchor_weights	NA	NA	NA
GSE279372	GSE279372_design__T=draining_lymph_nodes__H=24__B=NA__G=GID00110754__VS=baseline_0	<upstream_project_root>/00_metadata/verified_metadata/splited/GSE279372_design/GSE279372_design__T=draining_lymph_nodes__H=24__B=NA__G=GID00110754__VS=baseline_0.tsv	TRUE	NA	delivery_125_g_lnps_5_g_gi_1_gii_4_vlp_injected__vs__baseline_0	baseline_0	draining lymph nodes	24	8	8	4	4	1	-4.163336342344337e-17	31.291597757305194	31.291597757305194	0.03397522623773766	32.956864581059165	32.92288935482143	1	lfc0.75_k2_fdr0.05	0.75	2	0.05	calibration	acute_main	external_full_3_anchor_weights	NA	NA	NA
GSE279372	GSE279372_design__T=draining_lymph_nodes__H=24__B=NA__G=GID00114748__VS=baseline_0	<upstream_project_root>/00_metadata/verified_metadata/splited/GSE279372_design/GSE279372_design__T=draining_lymph_nodes__H=24__B=NA__G=GID00114748__VS=baseline_0.tsv	TRUE	NA	delivery_1000_g_lnps_5_g_gi_1_gii_4_vlp_injected__vs__baseline_0	baseline_0	draining lymph nodes	24	8	8	4	4	1	-4.163336342344337e-17	48.577532206972016	48.577532206972016	0.03397522623773766	49.58358691548006	49.549611689242326	1	lfc0.75_k2_fdr0.05	0.75	2	0.05	calibration	acute_main	external_full_3_anchor_weights	NA	NA	NA
GSE279743	GSE279743_design__T=Lymph_Node__H=6__B=NA__G=delivery_vaccination_with_sm102__VS=baseline_0	<upstream_project_root>/00_metadata/verified_metadata/splited/GSE279743_design/GSE279743_design__T=Lymph_Node__H=6__B=NA__G=delivery_vaccination_with_sm102__VS=baseline_0.tsv	TRUE	NA	delivery_vaccination_with_sm102__vs__baseline_0	baseline_0	Lymph Node	6	6	6	3	3	1	1.850371707708594e-17	17.416189983899212	17.416189983899212	-0.4182695630020547	18.87456345739946	19.292833020401517	1	lfc0.75_k2_fdr0.05	0.75	2	0.05	external	acute_main	external_full_3_anchor_weights	NA	NA	NA
GSE279743	GSE279743_design__T=Lymph_Node__H=6__B=NA__G=delivery_vaccination_with_ssop__VS=baseline_0	<upstream_project_root>/00_metadata/verified_metadata/splited/GSE279743_design/GSE279743_design__T=Lymph_Node__H=6__B=NA__G=delivery_vaccination_with_ssop__VS=baseline_0.tsv	TRUE	NA	delivery_vaccination_with_ssop__vs__baseline_0	baseline_0	Lymph Node	6	6	6	3	3	1	1.850371707708594e-17	2.8420939778768823	2.8420939778768823	-0.4182695630020547	2.8451255917577045	3.2633951547597593	1	lfc0.75_k2_fdr0.05	0.75	2	0.05	external	acute_main	external_full_3_anchor_weights	NA	NA	NA
GSE279744	GSE279744_design__T=lymph_node__H=6__B=NA__G=delivery_vaccination_with_sm102__VS=baseline_0	<upstream_project_root>/00_metadata/verified_metadata/splited/GSE279744_design/GSE279744_design__T=lymph_node__H=6__B=NA__G=delivery_vaccination_with_sm102__VS=baseline_0.tsv	TRUE	NA	delivery_vaccination_with_sm102__vs__baseline_0	baseline_0	lymph node	6	6	6	3	3	1	6.47630097698008e-17	73.58016861228974	73.58016861228974	0.23390850929059512	72.03678252549341	71.80287401620281	1	lfc0.75_k2_fdr0.05	0.75	2	0.05	calibration	acute_main	external_full_3_anchor_weights	NA	NA	NA
GSE279744	GSE279744_design__T=lymph_node__H=6__B=NA__G=delivery_vaccination_with_ssop__VS=baseline_0	<upstream_project_root>/00_metadata/verified_metadata/splited/GSE279744_design/GSE279744_design__T=lymph_node__H=6__B=NA__G=delivery_vaccination_with_ssop__VS=baseline_0.tsv	TRUE	NA	delivery_vaccination_with_ssop__vs__baseline_0	baseline_0	lymph node	6	6	6	3	3	1	6.47630097698008e-17	14.931604075485467	14.931604075485467	0.23390850929059512	13.93690990278109	13.703001393490496	1	lfc0.75_k2_fdr0.05	0.75	2	0.05	calibration	acute_main	external_full_3_anchor_weights	NA	NA	NA
GSE314070	GSE314070_design__T=small_intestine__H=336__B=NA__G=delivery_am80_lnp__VS=baseline_0	<upstream_project_root>/00_metadata/verified_metadata/splited/GSE314070_design/GSE314070_design__T=small_intestine__H=336__B=NA__G=delivery_am80_lnp__VS=baseline_0.tsv	TRUE	NA	delivery_am80_lnp__vs__baseline_0	baseline_0	small intestine	336	6	6	3	3	1	0	7.230023818297071	7.230023818297071	0.44838545532421403	6.526676752054828	6.078291296730614	0.6666666666666666	lfc0.75_k2_fdr0.05	0.75	2	0.05	external	extended_transfer	external_full_3_anchor_weights	NA	NA	NA
GSE314070	GSE314070_design__T=small_intestine__H=336__B=NA__G=delivery_sm102_lnp__VS=baseline_0	<upstream_project_root>/00_metadata/verified_metadata/splited/GSE314070_design/GSE314070_design__T=small_intestine__H=336__B=NA__G=delivery_sm102_lnp__VS=baseline_0.tsv	TRUE	NA	delivery_sm102_lnp__vs__baseline_0	baseline_0	small intestine	336	6	6	3	3	1	0	-0.3185496107845597	-0.3185496107845597	0.44838545532421403	-0.9811303481954438	-1.4295158035196578	0.4444444444444444	lfc0.75_k2_fdr0.05	0.75	2	0.05	external	extended_transfer	external_full_3_anchor_weights	NA	NA	NA
GSE264344	GSE264344_design__T=Blood__H=1__B=NA__G=delivery_ad26__VS=baseline_0	<upstream_project_root>/00_metadata/verified_metadata/splited/GSE264344_design/GSE264344_design__T=Blood__H=1__B=NA__G=delivery_ad26__VS=baseline_0.tsv	TRUE	NA	delivery_ad26__vs__baseline_0	baseline_0	Blood	1	10	10	5	5	1	0.5326849548297432	0.6405427189616766	0.10785776413193338	0.55195858533816	0.6490470136878835	0.09708842834972353	0.7200000000000001	lfc0.75_k2_fdr0.05	0.75	2	0.05	anchor	acute_main	loao_2_anchor_weights	GSE264344	GSE39129;GSE167521	596
GSE264344	GSE264344_design__T=Blood__H=1__B=NA__G=delivery_ad5__VS=baseline_0	<upstream_project_root>/00_metadata/verified_metadata/splited/GSE264344_design/GSE264344_design__T=Blood__H=1__B=NA__G=delivery_ad5__VS=baseline_0.tsv	TRUE	NA	delivery_ad5__vs__baseline_0	baseline_0	Blood	1	10	10	5	5	1	0.5326849548297432	0.7374215052590052	0.20473655042926198	0.55195858533816	0.7334836691328075	0.1815250837946475	0.96	lfc0.75_k2_fdr0.05	0.75	2	0.05	anchor	acute_main	loao_2_anchor_weights	GSE264344	GSE39129;GSE167521	596
GSE264344	GSE264344_design__T=Blood__H=12__B=NA__G=delivery_ad26__VS=baseline_0	<upstream_project_root>/00_metadata/verified_metadata/splited/GSE264344_design/GSE264344_design__T=Blood__H=12__B=NA__G=delivery_ad26__VS=baseline_0.tsv	TRUE	NA	delivery_ad26__vs__baseline_0	baseline_0	Blood	12	10	10	5	5	1	0.5326849548297432	3.342743618741432	2.810058663911689	0.55195858533816	3.236742193868675	2.684783608530515	1	lfc0.75_k2_fdr0.05	0.75	2	0.05	anchor	acute_main	loao_2_anchor_weights	GSE264344	GSE39129;GSE167521	596
GSE264344	GSE264344_design__T=Blood__H=12__B=NA__G=delivery_ad5__VS=baseline_0	<upstream_project_root>/00_metadata/verified_metadata/splited/GSE264344_design/GSE264344_design__T=Blood__H=12__B=NA__G=delivery_ad5__VS=baseline_0.tsv	TRUE	NA	delivery_ad5__vs__baseline_0	baseline_0	Blood	12	10	10	5	5	1	0.5326849548297432	2.17391823888216	1.6412332840524166	0.55195858533816	2.231556530419038	1.6795979450808778	1	lfc0.75_k2_fdr0.05	0.75	2	0.05	anchor	acute_main	loao_2_anchor_weights	GSE264344	GSE39129;GSE167521	596
GSE264344	GSE264344_design__T=Blood__H=24__B=NA__G=delivery_ad26__VS=baseline_0	<upstream_project_root>/00_metadata/verified_metadata/splited/GSE264344_design/GSE264344_design__T=Blood__H=24__B=NA__G=delivery_ad26__VS=baseline_0.tsv	TRUE	NA	delivery_ad26__vs__baseline_0	baseline_0	Blood	24	10	10	5	5	1	0.5326849548297432	2.2204750380298934	1.6877900832001502	0.55195858533816	2.274530782936811	1.7225721975986508	1	lfc0.75_k2_fdr0.05	0.75	2	0.05	anchor	acute_main	loao_2_anchor_weights	GSE264344	GSE39129;GSE167521	596
GSE264344	GSE264344_design__T=Blood__H=24__B=NA__G=delivery_ad5__VS=baseline_0	<upstream_project_root>/00_metadata/verified_metadata/splited/GSE264344_design/GSE264344_design__T=Blood__H=24__B=NA__G=delivery_ad5__VS=baseline_0.tsv	TRUE	NA	delivery_ad5__vs__baseline_0	baseline_0	Blood	24	10	10	5	5	1	0.5326849548297432	1.3519380986513063	0.8192531438215631	0.55195858533816	1.3375198143086855	0.7855612289705255	1	lfc0.75_k2_fdr0.05	0.75	2	0.05	anchor	acute_main	loao_2_anchor_weights	GSE264344	GSE39129;GSE167521	596
GSE264344	GSE264344_design__T=Blood__H=3__B=NA__G=delivery_ad26__VS=baseline_0	<upstream_project_root>/00_metadata/verified_metadata/splited/GSE264344_design/GSE264344_design__T=Blood__H=3__B=NA__G=delivery_ad26__VS=baseline_0.tsv	TRUE	NA	delivery_ad26__vs__baseline_0	baseline_0	Blood	3	10	10	5	5	1	0.5326849548297432	2.7507394454544825	2.2180544906247395	0.55195858533816	2.7432866579470017	2.1913280726088415	1	lfc0.75_k2_fdr0.05	0.75	2	0.05	anchor	acute_main	loao_2_anchor_weights	GSE264344	GSE39129;GSE167521	596
GSE264344	GSE264344_design__T=Blood__H=3__B=NA__G=delivery_ad5__VS=baseline_0	<upstream_project_root>/00_metadata/verified_metadata/splited/GSE264344_design/GSE264344_design__T=Blood__H=3__B=NA__G=delivery_ad5__VS=baseline_0.tsv	TRUE	NA	delivery_ad5__vs__baseline_0	baseline_0	Blood	3	10	10	5	5	1	0.5326849548297432	1.1805738277264786	0.6478888728967354	0.55195858533816	1.1689151619638043	0.6169565766256443	1	lfc0.75_k2_fdr0.05	0.75	2	0.05	anchor	acute_main	loao_2_anchor_weights	GSE264344	GSE39129;GSE167521	596
GSE264344	GSE264344_design__T=Blood__H=6__B=NA__G=delivery_ad26__VS=baseline_0	<upstream_project_root>/00_metadata/verified_metadata/splited/GSE264344_design/GSE264344_design__T=Blood__H=6__B=NA__G=delivery_ad26__VS=baseline_0.tsv	TRUE	NA	delivery_ad26__vs__baseline_0	baseline_0	Blood	6	10	10	5	5	1	0.5326849548297432	2.6498592867037303	2.1171743318739873	0.55195858533816	2.6859141180947836	2.1339555327566235	1	lfc0.75_k2_fdr0.05	0.75	2	0.05	anchor	acute_main	loao_2_anchor_weights	GSE264344	GSE39129;GSE167521	596
GSE264344	GSE264344_design__T=Blood__H=6__B=NA__G=delivery_ad5__VS=baseline_0	<upstream_project_root>/00_metadata/verified_metadata/splited/GSE264344_design/GSE264344_design__T=Blood__H=6__B=NA__G=delivery_ad5__VS=baseline_0.tsv	TRUE	NA	delivery_ad5__vs__baseline_0	baseline_0	Blood	6	10	10	5	5	1	0.5326849548297432	3.418853309911055	2.8861683550813115	0.55195858533816	3.5936071088575146	3.0416485235193544	1	lfc0.75_k2_fdr0.05	0.75	2	0.05	anchor	acute_main	loao_2_anchor_weights	GSE264344	GSE39129;GSE167521	596
GSE264344	GSE264344_design__T=dLN__H=1__B=NA__G=delivery_ad26__VS=baseline_0	<upstream_project_root>/00_metadata/verified_metadata/splited/GSE264344_design/GSE264344_design__T=dLN__H=1__B=NA__G=delivery_ad26__VS=baseline_0.tsv	TRUE	NA	delivery_ad26__vs__baseline_0	baseline_0	dLN	1	10	10	5	5	1	0.8052923022458929	1.1220880254251053	0.31679572317921245	0.6979655576202739	1.0036398718029291	0.3056743141826552	0.8400000000000001	lfc0.75_k2_fdr0.05	0.75	2	0.05	anchor	acute_main	loao_2_anchor_weights	GSE264344	GSE39129;GSE167521	596
GSE264344	GSE264344_design__T=dLN__H=1__B=NA__G=delivery_ad5__VS=baseline_0	<upstream_project_root>/00_metadata/verified_metadata/splited/GSE264344_design/GSE264344_design__T=dLN__H=1__B=NA__G=delivery_ad5__VS=baseline_0.tsv	TRUE	NA	delivery_ad5__vs__baseline_0	baseline_0	dLN	1	10	10	5	5	1	0.8052923022458929	1.3383000338411513	0.5330077315952584	0.6979655576202739	1.314198664573998	0.6162331069537241	0.96	lfc0.75_k2_fdr0.05	0.75	2	0.05	anchor	acute_main	loao_2_anchor_weights	GSE264344	GSE39129;GSE167521	596
GSE264344	GSE264344_design__T=dLN__H=12__B=NA__G=delivery_ad26__VS=baseline_0	<upstream_project_root>/00_metadata/verified_metadata/splited/GSE264344_design/GSE264344_design__T=dLN__H=12__B=NA__G=delivery_ad26__VS=baseline_0.tsv	TRUE	NA	delivery_ad26__vs__baseline_0	baseline_0	dLN	12	10	10	5	5	1	0.8052923022458929	4.378765151815102	3.5734728495692094	0.6979655576202739	4.373424034956063	3.675458477335789	1	lfc0.75_k2_fdr0.05	0.75	2	0.05	anchor	acute_main	loao_2_anchor_weights	GSE264344	GSE39129;GSE167521	596
GSE264344	GSE264344_design__T=dLN__H=12__B=NA__G=delivery_ad5__VS=baseline_0	<upstream_project_root>/00_metadata/verified_metadata/splited/GSE264344_design/GSE264344_design__T=dLN__H=12__B=NA__G=delivery_ad5__VS=baseline_0.tsv	TRUE	NA	delivery_ad5__vs__baseline_0	baseline_0	dLN	12	10	10	5	5	1	0.8052923022458929	3.720446405956164	2.9151541037102713	0.6979655576202739	3.7008937549617316	3.0029281973414577	1	lfc0.75_k2_fdr0.05	0.75	2	0.05	anchor	acute_main	loao_2_anchor_weights	GSE264344	GSE39129;GSE167521	596
GSE264344	GSE264344_design__T=dLN__H=24__B=NA__G=delivery_ad26__VS=baseline_0	<upstream_project_root>/00_metadata/verified_metadata/splited/GSE264344_design/GSE264344_design__T=dLN__H=24__B=NA__G=delivery_ad26__VS=baseline_0.tsv	TRUE	NA	delivery_ad26__vs__baseline_0	baseline_0	dLN	24	10	10	5	5	1	0.8052923022458929	2.9139466295736782	2.1086543273277853	0.6979655576202739	2.7399397732527544	2.0419742156324805	1	lfc0.75_k2_fdr0.05	0.75	2	0.05	anchor	acute_main	loao_2_anchor_weights	GSE264344	GSE39129;GSE167521	596
GSE264344	GSE264344_design__T=dLN__H=24__B=NA__G=delivery_ad5__VS=baseline_0	<upstream_project_root>/00_metadata/verified_metadata/splited/GSE264344_design/GSE264344_design__T=dLN__H=24__B=NA__G=delivery_ad5__VS=baseline_0.tsv	TRUE	NA	delivery_ad5__vs__baseline_0	baseline_0	dLN	24	10	10	5	5	1	0.8052923022458929	2.4253356495647598	1.620043347318867	0.6979655576202739	2.4292616589644407	1.7312961013441668	1	lfc0.75_k2_fdr0.05	0.75	2	0.05	anchor	acute_main	loao_2_anchor_weights	GSE264344	GSE39129;GSE167521	596
GSE264344	GSE264344_design__T=dLN__H=3__B=NA__G=delivery_ad26__VS=baseline_0	<upstream_project_root>/00_metadata/verified_metadata/splited/GSE264344_design/GSE264344_design__T=dLN__H=3__B=NA__G=delivery_ad26__VS=baseline_0.tsv	TRUE	NA	delivery_ad26__vs__baseline_0	baseline_0	dLN	3	10	10	5	5	1	0.8052923022458929	3.637562530164838	2.8322702279189453	0.6979655576202739	3.553168490594525	2.855202932974251	1	lfc0.75_k2_fdr0.05	0.75	2	0.05	anchor	acute_main	loao_2_anchor_weights	GSE264344	GSE39129;GSE167521	596
GSE264344	GSE264344_design__T=dLN__H=3__B=NA__G=delivery_ad5__VS=baseline_0	<upstream_project_root>/00_metadata/verified_metadata/splited/GSE264344_design/GSE264344_design__T=dLN__H=3__B=NA__G=delivery_ad5__VS=baseline_0.tsv	TRUE	NA	delivery_ad5__vs__baseline_0	baseline_0	dLN	3	10	10	5	5	1	0.8052923022458929	2.596151383065346	1.790859080819453	0.6979655576202739	2.604797281085754	1.90683172346548	1	lfc0.75_k2_fdr0.05	0.75	2	0.05	anchor	acute_main	loao_2_anchor_weights	GSE264344	GSE39129;GSE167521	596
GSE264344	GSE264344_design__T=dLN__H=6__B=NA__G=delivery_ad26__VS=baseline_0	<upstream_project_root>/00_metadata/verified_metadata/splited/GSE264344_design/GSE264344_design__T=dLN__H=6__B=NA__G=delivery_ad26__VS=baseline_0.tsv	TRUE	NA	delivery_ad26__vs__baseline_0	baseline_0	dLN	6	10	10	5	5	1	0.8052923022458929	4.429544773766604	3.6242524715207107	0.6979655576202739	4.474324319321585	3.7763587617013115	1	lfc0.75_k2_fdr0.05	0.75	2	0.05	anchor	acute_main	loao_2_anchor_weights	GSE264344	GSE39129;GSE167521	596
GSE264344	GSE264344_design__T=dLN__H=6__B=NA__G=delivery_ad5__VS=baseline_0	<upstream_project_root>/00_metadata/verified_metadata/splited/GSE264344_design/GSE264344_design__T=dLN__H=6__B=NA__G=delivery_ad5__VS=baseline_0.tsv	TRUE	NA	delivery_ad5__vs__baseline_0	baseline_0	dLN	6	10	10	5	5	1	0.8052923022458929	4.060635133538625	3.255342831292732	0.6979655576202739	4.2581405441069995	3.5601749864867256	1	lfc0.75_k2_fdr0.05	0.75	2	0.05	anchor	acute_main	loao_2_anchor_weights	GSE264344	GSE39129;GSE167521	596
GSE264344	GSE264344_design__T=Muscle__H=1__B=NA__G=delivery_ad26__VS=baseline_0	<upstream_project_root>/00_metadata/verified_metadata/splited/GSE264344_design/GSE264344_design__T=Muscle__H=1__B=NA__G=delivery_ad26__VS=baseline_0.tsv	TRUE	NA	delivery_ad26__vs__baseline_0	baseline_0	Muscle	1	10	10	5	5	1	-1.3379772570756359	-0.5614567810318208	0.776520476043815	-1.3070077356287768	-0.5392280731293181	0.7677796624994587	1	lfc0.75_k2_fdr0.05	0.75	2	0.05	anchor	acute_main	loao_2_anchor_weights	GSE264344	GSE39129;GSE167521	596
GSE264344	GSE264344_design__T=Muscle__H=1__B=NA__G=delivery_ad5__VS=baseline_0	<upstream_project_root>/00_metadata/verified_metadata/splited/GSE264344_design/GSE264344_design__T=Muscle__H=1__B=NA__G=delivery_ad5__VS=baseline_0.tsv	TRUE	NA	delivery_ad5__vs__baseline_0	baseline_0	Muscle	1	10	10	5	5	1	-1.3379772570756359	-0.5806975291184061	0.7572797279572298	-1.3070077356287768	-0.5426956711572326	0.7643120644715442	1	lfc0.75_k2_fdr0.05	0.75	2	0.05	anchor	acute_main	loao_2_anchor_weights	GSE264344	GSE39129;GSE167521	596
GSE264344	GSE264344_design__T=Muscle__H=12__B=NA__G=delivery_ad26__VS=baseline_0	<upstream_project_root>/00_metadata/verified_metadata/splited/GSE264344_design/GSE264344_design__T=Muscle__H=12__B=NA__G=delivery_ad26__VS=baseline_0.tsv	TRUE	NA	delivery_ad26__vs__baseline_0	baseline_0	Muscle	12	10	10	5	5	1	-1.3379772570756359	1.5628344035038575	2.9008116605794934	-1.3070077356287768	1.6324041635976174	2.9394118992263945	1	lfc0.75_k2_fdr0.05	0.75	2	0.05	anchor	acute_main	loao_2_anchor_weights	GSE264344	GSE39129;GSE167521	596
GSE264344	GSE264344_design__T=Muscle__H=12__B=NA__G=delivery_ad5__VS=baseline_0	<upstream_project_root>/00_metadata/verified_metadata/splited/GSE264344_design/GSE264344_design__T=Muscle__H=12__B=NA__G=delivery_ad5__VS=baseline_0.tsv	TRUE	NA	delivery_ad5__vs__baseline_0	baseline_0	Muscle	12	10	10	5	5	1	-1.3379772570756359	1.7970288248670443	3.13500608194268	-1.3070077356287768	1.8728167642190996	3.1798244998478764	1	lfc0.75_k2_fdr0.05	0.75	2	0.05	anchor	acute_main	loao_2_anchor_weights	GSE264344	GSE39129;GSE167521	596
GSE264344	GSE264344_design__T=Muscle__H=24__B=NA__G=delivery_ad26__VS=baseline_0	<upstream_project_root>/00_metadata/verified_metadata/splited/GSE264344_design/GSE264344_design__T=Muscle__H=24__B=NA__G=delivery_ad26__VS=baseline_0.tsv	TRUE	NA	delivery_ad26__vs__baseline_0	baseline_0	Muscle	24	10	10	5	5	1	-1.3379772570756359	1.0616245811672165	2.3996018382428526	-1.3070077356287768	1.2987418498147587	2.6057495854435357	1	lfc0.75_k2_fdr0.05	0.75	2	0.05	anchor	acute_main	loao_2_anchor_weights	GSE264344	GSE39129;GSE167521	596
GSE264344	GSE264344_design__T=Muscle__H=24__B=NA__G=delivery_ad5__VS=baseline_0	<upstream_project_root>/00_metadata/verified_metadata/splited/GSE264344_design/GSE264344_design__T=Muscle__H=24__B=NA__G=delivery_ad5__VS=baseline_0.tsv	TRUE	NA	delivery_ad5__vs__baseline_0	baseline_0	Muscle	24	10	10	5	5	1	-1.3379772570756359	1.0676810823673195	2.4056583394429554	-1.3070077356287768	1.4506332533489215	2.7576409889776983	1	lfc0.75_k2_fdr0.05	0.75	2	0.05	anchor	acute_main	loao_2_anchor_weights	GSE264344	GSE39129;GSE167521	596
GSE264344	GSE264344_design__T=Muscle__H=3__B=NA__G=delivery_ad26__VS=baseline_0	<upstream_project_root>/00_metadata/verified_metadata/splited/GSE264344_design/GSE264344_design__T=Muscle__H=3__B=NA__G=delivery_ad26__VS=baseline_0.tsv	TRUE	NA	delivery_ad26__vs__baseline_0	baseline_0	Muscle	3	10	10	5	5	1	-1.3379772570756359	1.1181605585278442	2.45613781560348	-1.3070077356287768	1.3820489685400907	2.6890567041688676	1	lfc0.75_k2_fdr0.05	0.75	2	0.05	anchor	acute_main	loao_2_anchor_weights	GSE264344	GSE39129;GSE167521	596
GSE264344	GSE264344_design__T=Muscle__H=3__B=NA__G=delivery_ad5__VS=baseline_0	<upstream_project_root>/00_metadata/verified_metadata/splited/GSE264344_design/GSE264344_design__T=Muscle__H=3__B=NA__G=delivery_ad5__VS=baseline_0.tsv	TRUE	NA	delivery_ad5__vs__baseline_0	baseline_0	Muscle	3	10	10	5	5	1	-1.3379772570756359	0.46946021772235436	1.8074374747979902	-1.3070077356287768	0.6391987914139531	1.94620652704273	1	lfc0.75_k2_fdr0.05	0.75	2	0.05	anchor	acute_main	loao_2_anchor_weights	GSE264344	GSE39129;GSE167521	596
GSE264344	GSE264344_design__T=Muscle__H=6__B=NA__G=delivery_ad26__VS=baseline_0	<upstream_project_root>/00_metadata/verified_metadata/splited/GSE264344_design/GSE264344_design__T=Muscle__H=6__B=NA__G=delivery_ad26__VS=baseline_0.tsv	TRUE	NA	delivery_ad26__vs__baseline_0	baseline_0	Muscle	6	10	10	5	5	1	-1.3379772570756359	1.62082837522276	2.9588056322983958	-1.3070077356287768	1.2887588824255545	2.5957666180543315	1	lfc0.75_k2_fdr0.05	0.75	2	0.05	anchor	acute_main	loao_2_anchor_weights	GSE264344	GSE39129;GSE167521	596
GSE264344	GSE264344_design__T=Muscle__H=6__B=NA__G=delivery_ad5__VS=baseline_0	<upstream_project_root>/00_metadata/verified_metadata/splited/GSE264344_design/GSE264344_design__T=Muscle__H=6__B=NA__G=delivery_ad5__VS=baseline_0.tsv	TRUE	NA	delivery_ad5__vs__baseline_0	baseline_0	Muscle	6	10	10	5	5	1	-1.3379772570756359	1.6903734280429368	3.0283506851185726	-1.3070077356287768	1.9230536794048163	3.2300614150335933	1	lfc0.75_k2_fdr0.05	0.75	2	0.05	anchor	acute_main	loao_2_anchor_weights	GSE264344	GSE39129;GSE167521	596
GSE39129	GSE39129_design__T=liver__H=4__B=NA__G=delivery_lentiviral_vector_lv__VS=delivery_none	<upstream_project_root>/00_metadata/verified_metadata/splited/GSE39129_design/GSE39129_design__T=liver__H=4__B=NA__G=delivery_lentiviral_vector_lv__VS=delivery_none.tsv	TRUE	NA	delivery_lentiviral_vector_lv___vs__delivery_none	delivery_none	liver	4	6	6	3	3	1	3.700743415417188e-17	53.74355744486623	53.74355744486623	0.38124600891918237	56.012774000073804	55.63152799115462	1	lfc0.75_k2_fdr0.05	0.75	2	0.05	anchor	acute_main	loao_2_anchor_weights	GSE39129	GSE264344;GSE167521	633
GSE167521	GSE167521_design__T=skin__H=24__B=NA__G=delivery_lnp__VS=baseline_0	<upstream_project_root>/00_metadata/verified_metadata/splited/GSE167521_design/GSE167521_design__T=skin__H=24__B=NA__G=delivery_lnp__VS=baseline_0.tsv	TRUE	NA	delivery_lnp__vs__baseline_0	baseline_0	skin	24	8	8	4	4	1	2.7755575615628914e-17	9.829915061460591	9.829915061460591	0.025919966729724575	9.642194715775144	9.61627474904542	1	lfc0.75_k2_fdr0.05	0.75	2	0.05	anchor	acute_main	loao_2_anchor_weights	GSE167521	GSE264344;GSE39129	449
GSE119119	GSE119119_design__T=whole_liver__H=4__B=NA__G=GID00069418__VS=WT_uninfected_whole_liver	<upstream_project_root>/00_metadata/verified_metadata/splited/GSE119119_design/GSE119119_design__T=whole_liver__H=4__B=NA__G=GID00069418__VS=WT_uninfected_whole_liver.tsv	TRUE	NA	WT_virus_plus_rh9C12_H433A_whole_liver__vs__WT_uninfected_whole_liver	WT_uninfected_whole_liver	whole liver	4	8	8	4	4	1	-0.3048303808711737	12.094940055968557	12.39977043683973	-0.3407141738497065	12.107693280946911	12.448407454796618	1	lfc0.75_k2_fdr0.1	0.75	2	0.1	external	acute_main	external_full_3_anchor_weights	NA	NA	NA
GSE119119	GSE119119_design__T=whole_liver__H=4__B=NA__G=GID00088542__VS=TRIM21_KO_uninfected_whole_liver	<upstream_project_root>/00_metadata/verified_metadata/splited/GSE119119_design/GSE119119_design__T=whole_liver__H=4__B=NA__G=GID00088542__VS=TRIM21_KO_uninfected_whole_liver.tsv	TRUE	NA	TRIM21_KO_virus_plus_rh9C12_WT_whole_liver__vs__TRIM21_KO_uninfected_whole_liver	TRIM21_KO_uninfected_whole_liver	whole liver	4	8	8	4	4	1	0.3048303808711737	11.600320955793114	11.29549057492194	0.3769186794931948	12.233055554555516	11.856136875062322	1	lfc0.75_k2_fdr0.1	0.75	2	0.1	external	acute_main	external_full_3_anchor_weights	NA	NA	NA
GSE119119	GSE119119_design__T=whole_liver__H=4__B=NA__G=GID00096342__VS=TRIM21_KO_uninfected_whole_liver	<upstream_project_root>/00_metadata/verified_metadata/splited/GSE119119_design/GSE119119_design__T=whole_liver__H=4__B=NA__G=GID00096342__VS=TRIM21_KO_uninfected_whole_liver.tsv	TRUE	NA	TRIM21_KO_virus_plus_rh9C12_H433A_whole_liver__vs__TRIM21_KO_uninfected_whole_liver	TRIM21_KO_uninfected_whole_liver	whole liver	4	8	8	4	4	1	0.3048303808711737	11.369736529168879	11.064906148297705	0.3769186794931948	11.2837260664506	10.906807386957405	1	lfc0.75_k2_fdr0.1	0.75	2	0.1	external	acute_main	external_full_3_anchor_weights	NA	NA	NA
GSE119119	GSE119119_design__T=whole_liver__H=4__B=NA__G=TRIM21_KO_virus_only_whole_liver__VS=TRIM21_KO_uninfected_whole_liver	<upstream_project_root>/00_metadata/verified_metadata/splited/GSE119119_design/GSE119119_design__T=whole_liver__H=4__B=NA__G=TRIM21_KO_virus_only_whole_liver__VS=TRIM21_KO_uninfected_whole_liver.tsv	TRUE	NA	TRIM21_KO_virus_only_whole_liver__vs__TRIM21_KO_uninfected_whole_liver	TRIM21_KO_uninfected_whole_liver	whole liver	4	8	8	4	4	1	0.3048303808711737	10.106622240328523	9.80179185945735	0.3769186794931948	10.836355165156618	10.459436485663424	1	lfc0.75_k2_fdr0.1	0.75	2	0.1	external	acute_main	external_full_3_anchor_weights	NA	NA	NA
GSE119119	GSE119119_design__T=whole_liver__H=4__B=NA__G=WT_virus_only_whole_liver__VS=WT_uninfected_whole_liver	<upstream_project_root>/00_metadata/verified_metadata/splited/GSE119119_design/GSE119119_design__T=whole_liver__H=4__B=NA__G=WT_virus_only_whole_liver__VS=WT_uninfected_whole_liver.tsv	TRUE	NA	WT_virus_only_whole_liver__vs__WT_uninfected_whole_liver	WT_uninfected_whole_liver	whole liver	4	8	8	4	4	1	-0.3048303808711737	9.715529127463835	10.020359508335009	-0.3407141738497065	9.035490829383988	9.376205003233695	1	lfc0.75_k2_fdr0.1	0.75	2	0.1	external	acute_main	external_full_3_anchor_weights	NA	NA	NA
GSE119119	GSE119119_design__T=whole_liver__H=4__B=NA__G=WT_virus_plus_rh9C12_WT_whole_liver__VS=WT_uninfected_whole_liver	<upstream_project_root>/00_metadata/verified_metadata/splited/GSE119119_design/GSE119119_design__T=whole_liver__H=4__B=NA__G=WT_virus_plus_rh9C12_WT_whole_liver__VS=WT_uninfected_whole_liver.tsv	TRUE	NA	WT_virus_plus_rh9C12_WT_whole_liver__vs__WT_uninfected_whole_liver	WT_uninfected_whole_liver	whole liver	4	8	8	4	4	1	-0.3048303808711737	18.75844343785597	19.063273818727144	-0.3407141738497065	18.738468767870415	19.079182941720124	1	lfc0.75_k2_fdr0.1	0.75	2	0.1	external	acute_main	external_full_3_anchor_weights	NA	NA	NA
GSE139529	GSE139529_design__T=blood__H=24__B=NA__G=ad.mva__VS=none	<upstream_project_root>/00_metadata/verified_metadata/splited/GSE139529_design/GSE139529_design__T=blood__H=24__B=NA__G=ad.mva__VS=none.tsv	TRUE	NA	ad.mva__vs__none	none	blood	24	12	12	6	6	1	4.6241222656506764e-17	17.598839533899415	17.598839533899415	0.10538623637838576	16.54433866003242	16.438952423654033	1	lfc0.75_k2_fdr0.1	0.75	2	0.1	external	acute_main	external_full_3_anchor_weights	NA	NA	NA
GSE139529	GSE139529_design__T=blood__H=24__B=NA__G=ad_empty__VS=none	<upstream_project_root>/00_metadata/verified_metadata/splited/GSE139529_design/GSE139529_design__T=blood__H=24__B=NA__G=ad_empty__VS=none.tsv	TRUE	NA	ad_empty__vs__none	none	blood	24	12	12	6	6	1	4.6241222656506764e-17	17.956567826829943	17.956567826829943	0.10538623637838576	18.09456222576612	17.989175989387732	1	lfc0.75_k2_fdr0.1	0.75	2	0.1	external	acute_main	external_full_3_anchor_weights	NA	NA	NA
GSE139529	GSE139529_design__T=blood__H=24__B=NA__G=ad_fhbp__VS=none	<upstream_project_root>/00_metadata/verified_metadata/splited/GSE139529_design/GSE139529_design__T=blood__H=24__B=NA__G=ad_fhbp__VS=none.tsv	TRUE	NA	ad_fhbp__vs__none	none	blood	24	12	12	6	6	1	4.6241222656506764e-17	22.40510650871359	22.40510650871359	0.10538623637838576	22.13544921990249	22.030062983524104	1	lfc0.75_k2_fdr0.1	0.75	2	0.1	external	acute_main	external_full_3_anchor_weights	NA	NA	NA
GSE139529	GSE139529_design__T=blood__H=24__B=NA__G=ad_pref__VS=none	<upstream_project_root>/00_metadata/verified_metadata/splited/GSE139529_design/GSE139529_design__T=blood__H=24__B=NA__G=ad_pref__VS=none.tsv	TRUE	NA	ad_pref__vs__none	none	blood	24	12	12	6	6	1	4.6241222656506764e-17	1.0509884093598563	1.0509884093598563	0.10538623637838576	1.3854664270019894	1.2800801906236037	0.6388888888888888	lfc0.75_k2_fdr0.1	0.75	2	0.1	external	acute_main	external_full_3_anchor_weights	NA	NA	NA
GSE139529	GSE139529_design__T=blood__H=24__B=NA__G=mva.ad__VS=none	<upstream_project_root>/00_metadata/verified_metadata/splited/GSE139529_design/GSE139529_design__T=blood__H=24__B=NA__G=mva.ad__VS=none.tsv	TRUE	NA	mva.ad__vs__none	none	blood	24	12	12	6	6	1	4.6241222656506764e-17	26.619575348152306	26.619575348152306	0.10538623637838576	26.706580655932658	26.601194419554272	1	lfc0.75_k2_fdr0.1	0.75	2	0.1	external	acute_main	external_full_3_anchor_weights	NA	NA	NA
GSE139529	GSE139529_design__T=blood__H=24__B=NA__G=mva_fhbp__VS=none	<upstream_project_root>/00_metadata/verified_metadata/splited/GSE139529_design/GSE139529_design__T=blood__H=24__B=NA__G=mva_fhbp__VS=none.tsv	TRUE	NA	mva_fhbp__vs__none	none	blood	24	12	12	6	6	1	4.6241222656506764e-17	22.55394832761446	22.55394832761446	0.10538623637838576	22.369618901904495	22.26423266552611	1	lfc0.75_k2_fdr0.1	0.75	2	0.1	external	acute_main	external_full_3_anchor_weights	NA	NA	NA
GSE166655	GSE166655_design__T=Tibialis_anterior__H=672__B=NA__G=delivery_aav9_ar45__VS=delivery_untreated	<upstream_project_root>/00_metadata/verified_metadata/splited/GSE166655_design/GSE166655_design__T=Tibialis_anterior__H=672__B=NA__G=delivery_aav9_ar45__VS=delivery_untreated.tsv	TRUE	NA	delivery_aav9_ar45__vs__delivery_untreated	delivery_untreated	Tibialis anterior	672	6	6	3	3	1	0	7.152843731240706	7.152843731240706	-0.3258042837989764	6.3981115705981555	6.723915854397132	1	lfc0.75_k2_fdr0.1	0.75	2	0.1	external	extended_transfer	external_full_3_anchor_weights	NA	NA	NA
GSE166655	GSE166655_design__T=Tibialis_anterior__H=672__B=NA__G=delivery_aav9_gfp__VS=delivery_untreated	<upstream_project_root>/00_metadata/verified_metadata/splited/GSE166655_design/GSE166655_design__T=Tibialis_anterior__H=672__B=NA__G=delivery_aav9_gfp__VS=delivery_untreated.tsv	TRUE	NA	delivery_aav9_gfp__vs__delivery_untreated	delivery_untreated	Tibialis anterior	672	6	6	3	3	1	0	4.655048766798239	4.655048766798239	-0.3258042837989764	4.774783965613515	5.100588249412491	1	lfc0.75_k2_fdr0.1	0.75	2	0.1	external	extended_transfer	external_full_3_anchor_weights	NA	NA	NA
GSE178313	GSE178313_design__T=Liver__H=48__B=NA__G=mouse_repopulated_lnp__VS=mouse_repopulated_pbs	<upstream_project_root>/00_metadata/verified_metadata/splited/GSE178313_design/GSE178313_design__T=Liver__H=48__B=NA__G=mouse_repopulated_lnp__VS=mouse_repopulated_pbs.tsv	TRUE	NA	mouse_repopulated_lnp__vs__mouse_repopulated_pbs	mouse_repopulated_pbs	Liver	48	8	8	4	4	1	0	5.925665318961716	5.925665318961716	-0.4398660547499522	4.839844077364673	5.279710132114626	1	lfc0.75_k2_fdr0.1	0.75	2	0.1	external	extended_transfer	external_full_3_anchor_weights	NA	NA	NA
GSE262515_cell_line	GSE262515_cell_line__T=cell_line__H=72__B=NA__G=delivery_tlnp_sihbv_50nm__VS=baseline_0	<upstream_project_root>/00_metadata/verified_metadata/splited/GSE262515_cell_line_design/GSE262515_cell_line__T=cell_line__H=72__B=NA__G=delivery_tlnp_sihbv_50nm__VS=baseline_0.tsv	TRUE	NA	delivery_tlnp_sihbv_50nm__vs__baseline_0	baseline_0	cell line	72	6	6	3	3	1	-3.701195166322391e-17	1.7010429794090078	1.7010429794090078	-0.18253432322823726	1.5030090808443675	1.6855434040726047	0.8888888888888888	lfc0.75_k2_fdr0.1	0.75	2	0.1	calibration	extended_transfer	external_full_3_anchor_weights	NA	NA	NA
GSE262515_cell_line	GSE262515_cell_line__T=cell_line__H=72__B=NA__G=delivery_tlnp_sinc_50nm__VS=baseline_0	<upstream_project_root>/00_metadata/verified_metadata/splited/GSE262515_cell_line_design/GSE262515_cell_line__T=cell_line__H=72__B=NA__G=delivery_tlnp_sinc_50nm__VS=baseline_0.tsv	TRUE	NA	delivery_tlnp_sinc_50nm__vs__baseline_0	baseline_0	cell line	72	6	6	3	3	1	-3.701195166322391e-17	-2.273773098706494	-2.273773098706494	-0.18253432322823726	-1.9393360009459688	-1.7568016777177315	0	lfc0.75_k2_fdr0.1	0.75	2	0.1	calibration	extended_transfer	external_full_3_anchor_weights	NA	NA	NA
GSE262515_tissue	GSE262515_tissue__T=tissue__H=72__B=NA__G=delivery_tlnp_sihbv_1mg_kg__VS=baseline_0	<upstream_project_root>/00_metadata/verified_metadata/splited/GSE262515_tissue_design/GSE262515_tissue__T=tissue__H=72__B=NA__G=delivery_tlnp_sihbv_1mg_kg__VS=baseline_0.tsv	TRUE	NA	delivery_tlnp_sihbv_1mg_kg__vs__baseline_0	baseline_0	tissue	72	6	6	3	3	1	-7.864079757761526e-17	3.5139096087376767	3.5139096087376767	-0.11333645468428534	3.997455964739432	4.110792419423717	1	lfc0.75_k2_fdr0.1	0.75	2	0.1	calibration	extended_transfer	external_full_3_anchor_weights	NA	NA	NA
GSE262515_tissue	GSE262515_tissue__T=tissue__H=72__B=NA__G=delivery_tlnp_sihbv_2_5mg_kg__VS=baseline_0	<upstream_project_root>/00_metadata/verified_metadata/splited/GSE262515_tissue_design/GSE262515_tissue__T=tissue__H=72__B=NA__G=delivery_tlnp_sihbv_2_5mg_kg__VS=baseline_0.tsv	TRUE	NA	delivery_tlnp_sihbv_2_5mg_kg__vs__baseline_0	baseline_0	tissue	72	6	6	3	3	1	-7.864079757761526e-17	1.8536596248030983	1.8536596248030983	-0.11333645468428534	2.200028585304528	2.3133650399888133	0.8888888888888888	lfc0.75_k2_fdr0.1	0.75	2	0.1	calibration	extended_transfer	external_full_3_anchor_weights	NA	NA	NA
GSE262515_tissue	GSE262515_tissue__T=tissue__H=72__B=NA__G=delivery_tlnp_sinc_1mg_kg__VS=baseline_0	<upstream_project_root>/00_metadata/verified_metadata/splited/GSE262515_tissue_design/GSE262515_tissue__T=tissue__H=72__B=NA__G=delivery_tlnp_sinc_1mg_kg__VS=baseline_0.tsv	TRUE	NA	delivery_tlnp_sinc_1mg_kg__vs__baseline_0	baseline_0	tissue	72	6	6	3	3	1	-7.864079757761526e-17	3.0741173918744824	3.0741173918744824	-0.11333645468428534	2.974921929861594	3.0882583845458793	1	lfc0.75_k2_fdr0.1	0.75	2	0.1	calibration	extended_transfer	external_full_3_anchor_weights	NA	NA	NA
GSE264344	GSE264344_design__T=Blood__H=72__B=NA__G=delivery_ad26__VS=baseline_0	<upstream_project_root>/00_metadata/verified_metadata/splited/GSE264344_design/GSE264344_design__T=Blood__H=72__B=NA__G=delivery_ad26__VS=baseline_0.tsv	TRUE	NA	delivery_ad26__vs__baseline_0	baseline_0	Blood	72	10	10	5	5	1	0.34610823179344224	0.7614420873740269	0.4153338555805846	0.38920571365221396	0.8284274353816268	0.4392217217294128	0.96	lfc0.75_k2_fdr0.1	0.75	2	0.1	external	extended_transfer	external_full_3_anchor_weights	NA	NA	NA
GSE264344	GSE264344_design__T=Blood__H=72__B=NA__G=delivery_ad5__VS=baseline_0	<upstream_project_root>/00_metadata/verified_metadata/splited/GSE264344_design/GSE264344_design__T=Blood__H=72__B=NA__G=delivery_ad5__VS=baseline_0.tsv	TRUE	NA	delivery_ad5__vs__baseline_0	baseline_0	Blood	72	10	10	5	5	1	0.34610823179344224	0.9110201968299626	0.5649119650365204	0.38920571365221396	0.8738266407362288	0.4846209270840149	1	lfc0.75_k2_fdr0.1	0.75	2	0.1	external	extended_transfer	external_full_3_anchor_weights	NA	NA	NA
GSE264344	GSE264344_design__T=dLN__H=72__B=NA__G=delivery_ad26__VS=baseline_0	<upstream_project_root>/00_metadata/verified_metadata/splited/GSE264344_design/GSE264344_design__T=dLN__H=72__B=NA__G=delivery_ad26__VS=baseline_0.tsv	TRUE	NA	delivery_ad26__vs__baseline_0	baseline_0	dLN	72	10	10	5	5	1	0.9357487745538263	1.3339465867681297	0.3981978122143034	0.8465164209749172	1.3729475981470842	0.526431177172167	0.88	lfc0.75_k2_fdr0.1	0.75	2	0.1	external	extended_transfer	external_full_3_anchor_weights	NA	NA	NA
GSE264344	GSE264344_design__T=dLN__H=72__B=NA__G=delivery_ad5__VS=baseline_0	<upstream_project_root>/00_metadata/verified_metadata/splited/GSE264344_design/GSE264344_design__T=dLN__H=72__B=NA__G=delivery_ad5__VS=baseline_0.tsv	TRUE	NA	delivery_ad5__vs__baseline_0	baseline_0	dLN	72	10	10	5	5	1	0.9357487745538263	1.4802318820651807	0.5444831075113544	0.8465164209749172	1.491980217414976	0.6454637964400589	0.96	lfc0.75_k2_fdr0.1	0.75	2	0.1	external	extended_transfer	external_full_3_anchor_weights	NA	NA	NA
GSE264344	GSE264344_design__T=Muscle__H=72__B=NA__G=delivery_ad26__VS=baseline_0	<upstream_project_root>/00_metadata/verified_metadata/splited/GSE264344_design/GSE264344_design__T=Muscle__H=72__B=NA__G=delivery_ad26__VS=baseline_0.tsv	TRUE	NA	delivery_ad26__vs__baseline_0	baseline_0	Muscle	72	10	10	5	5	1	-1.2818570063472685	0.2695282611953829	1.5513852675426514	-1.2759973758685959	0.6159428222102212	1.891940198078817	1	lfc0.75_k2_fdr0.1	0.75	2	0.1	external	extended_transfer	external_full_3_anchor_weights	NA	NA	NA
GSE264344	GSE264344_design__T=Muscle__H=72__B=NA__G=delivery_ad5__VS=baseline_0	<upstream_project_root>/00_metadata/verified_metadata/splited/GSE264344_design/GSE264344_design__T=Muscle__H=72__B=NA__G=delivery_ad5__VS=baseline_0.tsv	TRUE	NA	delivery_ad5__vs__baseline_0	baseline_0	Muscle	72	10	10	5	5	1	-1.2818570063472685	0.5868077802653917	1.8686647866126602	-1.2759973758685959	0.2869537855097516	1.5629511613783476	1	lfc0.75_k2_fdr0.1	0.75	2	0.1	external	extended_transfer	external_full_3_anchor_weights	NA	NA	NA
GSE279372	GSE279372_design__T=draining_lymph_nodes__H=24__B=NA__G=delivery_1000_g_lnps_injected__VS=baseline_0	<upstream_project_root>/00_metadata/verified_metadata/splited/GSE279372_design/GSE279372_design__T=draining_lymph_nodes__H=24__B=NA__G=delivery_1000_g_lnps_injected__VS=baseline_0.tsv	TRUE	NA	delivery_1000_g_lnps_injected__vs__baseline_0	baseline_0	draining lymph nodes	24	8	8	4	4	1	4.163336342344337e-17	40.96381247274046	40.96381247274046	0.002992617073633158	41.33750045626863	41.334507839195	1	lfc0.75_k2_fdr0.1	0.75	2	0.1	calibration	acute_main	external_full_3_anchor_weights	NA	NA	NA
GSE279372	GSE279372_design__T=draining_lymph_nodes__H=24__B=NA__G=delivery_250_g_alum_injected__VS=baseline_0	<upstream_project_root>/00_metadata/verified_metadata/splited/GSE279372_design/GSE279372_design__T=draining_lymph_nodes__H=24__B=NA__G=delivery_250_g_alum_injected__VS=baseline_0.tsv	TRUE	NA	delivery_250_g_alum_injected__vs__baseline_0	baseline_0	draining lymph nodes	24	8	8	4	4	1	4.163336342344337e-17	1.0868998166983235	1.0868998166983235	0.002992617073633158	1.2652313981350973	1.2622387810614641	0.75	lfc0.75_k2_fdr0.1	0.75	2	0.1	calibration	acute_main	external_full_3_anchor_weights	NA	NA	NA
GSE279372	GSE279372_design__T=draining_lymph_nodes__H=24__B=NA__G=delivery_5_g_gi_1_gii_4_vlp__VS=baseline_0	<upstream_project_root>/00_metadata/verified_metadata/splited/GSE279372_design/GSE279372_design__T=draining_lymph_nodes__H=24__B=NA__G=delivery_5_g_gi_1_gii_4_vlp__VS=baseline_0.tsv	TRUE	NA	delivery_5_g_gi_1_gii_4_vlp__vs__baseline_0	baseline_0	draining lymph nodes	24	8	8	4	4	1	4.163336342344337e-17	5.139160438598276	5.139160438598276	0.002992617073633158	4.771850127704894	4.768857510631261	1	lfc0.75_k2_fdr0.1	0.75	2	0.1	calibration	acute_main	external_full_3_anchor_weights	NA	NA	NA
GSE279372	GSE279372_design__T=draining_lymph_nodes__H=24__B=NA__G=GID00110503__VS=baseline_0	<upstream_project_root>/00_metadata/verified_metadata/splited/GSE279372_design/GSE279372_design__T=draining_lymph_nodes__H=24__B=NA__G=GID00110503__VS=baseline_0.tsv	TRUE	NA	delivery_250_g_alum_5_g_gi_1_gii_4_vlp_injected__vs__baseline_0	baseline_0	draining lymph nodes	24	8	8	4	4	1	4.163336342344337e-17	2.5090985525234313	2.5090985525234313	0.002992617073633158	2.577720559824236	2.574727942750603	1	lfc0.75_k2_fdr0.1	0.75	2	0.1	calibration	acute_main	external_full_3_anchor_weights	NA	NA	NA
GSE279372	GSE279372_design__T=draining_lymph_nodes__H=24__B=NA__G=GID00110754__VS=baseline_0	<upstream_project_root>/00_metadata/verified_metadata/splited/GSE279372_design/GSE279372_design__T=draining_lymph_nodes__H=24__B=NA__G=GID00110754__VS=baseline_0.tsv	TRUE	NA	delivery_125_g_lnps_5_g_gi_1_gii_4_vlp_injected__vs__baseline_0	baseline_0	draining lymph nodes	24	8	8	4	4	1	4.163336342344337e-17	29.78221608177543	29.78221608177543	0.002992617073633158	31.249403091766176	31.246410474692542	1	lfc0.75_k2_fdr0.1	0.75	2	0.1	calibration	acute_main	external_full_3_anchor_weights	NA	NA	NA
GSE279372	GSE279372_design__T=draining_lymph_nodes__H=24__B=NA__G=GID00114748__VS=baseline_0	<upstream_project_root>/00_metadata/verified_metadata/splited/GSE279372_design/GSE279372_design__T=draining_lymph_nodes__H=24__B=NA__G=GID00114748__VS=baseline_0.tsv	TRUE	NA	delivery_1000_g_lnps_5_g_gi_1_gii_4_vlp_injected__vs__baseline_0	baseline_0	draining lymph nodes	24	8	8	4	4	1	4.163336342344337e-17	46.17280065673627	46.17280065673627	0.002992617073633158	46.955484412764264	46.952491795690634	1	lfc0.75_k2_fdr0.1	0.75	2	0.1	calibration	acute_main	external_full_3_anchor_weights	NA	NA	NA
GSE279743	GSE279743_design__T=Lymph_Node__H=6__B=NA__G=delivery_vaccination_with_sm102__VS=baseline_0	<upstream_project_root>/00_metadata/verified_metadata/splited/GSE279743_design/GSE279743_design__T=Lymph_Node__H=6__B=NA__G=delivery_vaccination_with_sm102__VS=baseline_0.tsv	TRUE	NA	delivery_vaccination_with_sm102__vs__baseline_0	baseline_0	Lymph Node	6	6	6	3	3	1	-1.850371707708594e-17	18.182098244145138	18.182098244145138	-0.41714933220782097	19.657643072179898	20.07479240438772	1	lfc0.75_k2_fdr0.1	0.75	2	0.1	external	acute_main	external_full_3_anchor_weights	NA	NA	NA
GSE279743	GSE279743_design__T=Lymph_Node__H=6__B=NA__G=delivery_vaccination_with_ssop__VS=baseline_0	<upstream_project_root>/00_metadata/verified_metadata/splited/GSE279743_design/GSE279743_design__T=Lymph_Node__H=6__B=NA__G=delivery_vaccination_with_ssop__VS=baseline_0.tsv	TRUE	NA	delivery_vaccination_with_ssop__vs__baseline_0	baseline_0	Lymph Node	6	6	6	3	3	1	-1.850371707708594e-17	2.933731839243063	2.933731839243063	-0.41714933220782097	2.9912413690034176	3.4083907012112387	1	lfc0.75_k2_fdr0.1	0.75	2	0.1	external	acute_main	external_full_3_anchor_weights	NA	NA	NA
GSE279744	GSE279744_design__T=lymph_node__H=6__B=NA__G=delivery_vaccination_with_sm102__VS=baseline_0	<upstream_project_root>/00_metadata/verified_metadata/splited/GSE279744_design/GSE279744_design__T=lymph_node__H=6__B=NA__G=delivery_vaccination_with_sm102__VS=baseline_0.tsv	TRUE	NA	delivery_vaccination_with_sm102__vs__baseline_0	baseline_0	lymph node	6	6	6	3	3	1	-1.850371707708594e-17	75.25769590493657	75.25769590493657	0.3043558386169621	74.18130770610583	73.87695186748887	1	lfc0.75_k2_fdr0.1	0.75	2	0.1	calibration	acute_main	external_full_3_anchor_weights	NA	NA	NA
GSE279744	GSE279744_design__T=lymph_node__H=6__B=NA__G=delivery_vaccination_with_ssop__VS=baseline_0	<upstream_project_root>/00_metadata/verified_metadata/splited/GSE279744_design/GSE279744_design__T=lymph_node__H=6__B=NA__G=delivery_vaccination_with_ssop__VS=baseline_0.tsv	TRUE	NA	delivery_vaccination_with_ssop__vs__baseline_0	baseline_0	lymph node	6	6	6	3	3	1	-1.850371707708594e-17	15.26539294038149	15.26539294038149	0.3043558386169621	14.257010196227267	13.952654357610305	1	lfc0.75_k2_fdr0.1	0.75	2	0.1	calibration	acute_main	external_full_3_anchor_weights	NA	NA	NA
GSE314070	GSE314070_design__T=small_intestine__H=336__B=NA__G=delivery_am80_lnp__VS=baseline_0	<upstream_project_root>/00_metadata/verified_metadata/splited/GSE314070_design/GSE314070_design__T=small_intestine__H=336__B=NA__G=delivery_am80_lnp__VS=baseline_0.tsv	TRUE	NA	delivery_am80_lnp__vs__baseline_0	baseline_0	small intestine	336	6	6	3	3	1	-3.700743415417188e-17	7.519639208668173	7.519639208668173	0.38474764270920747	6.905564143235268	6.5208165005260605	0.6666666666666666	lfc0.75_k2_fdr0.1	0.75	2	0.1	external	extended_transfer	external_full_3_anchor_weights	NA	NA	NA
GSE314070	GSE314070_design__T=small_intestine__H=336__B=NA__G=delivery_sm102_lnp__VS=baseline_0	<upstream_project_root>/00_metadata/verified_metadata/splited/GSE314070_design/GSE314070_design__T=small_intestine__H=336__B=NA__G=delivery_sm102_lnp__VS=baseline_0.tsv	TRUE	NA	delivery_sm102_lnp__vs__baseline_0	baseline_0	small intestine	336	6	6	3	3	1	-3.700743415417188e-17	-0.14001491976379787	-0.14001491976379785	0.38474764270920747	-0.9961265562021153	-1.380874198911323	0.4444444444444444	lfc0.75_k2_fdr0.1	0.75	2	0.1	external	extended_transfer	external_full_3_anchor_weights	NA	NA	NA
GSE264344	GSE264344_design__T=Blood__H=1__B=NA__G=delivery_ad26__VS=baseline_0	<upstream_project_root>/00_metadata/verified_metadata/splited/GSE264344_design/GSE264344_design__T=Blood__H=1__B=NA__G=delivery_ad26__VS=baseline_0.tsv	TRUE	NA	delivery_ad26__vs__baseline_0	baseline_0	Blood	1	10	10	5	5	1	0.5125369373757281	0.6328033617989475	0.12026642442321933	0.5520406037127668	0.6394872848314372	0.08744668111867049	0.7200000000000001	lfc0.75_k2_fdr0.1	0.75	2	0.1	anchor	acute_main	loao_2_anchor_weights	GSE264344	GSE39129;GSE167521	661
GSE264344	GSE264344_design__T=Blood__H=1__B=NA__G=delivery_ad5__VS=baseline_0	<upstream_project_root>/00_metadata/verified_metadata/splited/GSE264344_design/GSE264344_design__T=Blood__H=1__B=NA__G=delivery_ad5__VS=baseline_0.tsv	TRUE	NA	delivery_ad5__vs__baseline_0	baseline_0	Blood	1	10	10	5	5	1	0.5125369373757281	0.7354631657946241	0.22292622841889598	0.5520406037127668	0.7244219800870523	0.17238137637428552	0.96	lfc0.75_k2_fdr0.1	0.75	2	0.1	anchor	acute_main	loao_2_anchor_weights	GSE264344	GSE39129;GSE167521	661
GSE264344	GSE264344_design__T=Blood__H=12__B=NA__G=delivery_ad26__VS=baseline_0	<upstream_project_root>/00_metadata/verified_metadata/splited/GSE264344_design/GSE264344_design__T=Blood__H=12__B=NA__G=delivery_ad26__VS=baseline_0.tsv	TRUE	NA	delivery_ad26__vs__baseline_0	baseline_0	Blood	12	10	10	5	5	1	0.5125369373757281	3.242336759197819	2.729799821822091	0.5520406037127668	3.14478713091568	2.5927465272029133	1	lfc0.75_k2_fdr0.1	0.75	2	0.1	anchor	acute_main	loao_2_anchor_weights	GSE264344	GSE39129;GSE167521	661
GSE264344	GSE264344_design__T=Blood__H=12__B=NA__G=delivery_ad5__VS=baseline_0	<upstream_project_root>/00_metadata/verified_metadata/splited/GSE264344_design/GSE264344_design__T=Blood__H=12__B=NA__G=delivery_ad5__VS=baseline_0.tsv	TRUE	NA	delivery_ad5__vs__baseline_0	baseline_0	Blood	12	10	10	5	5	1	0.5125369373757281	2.091998224004989	1.579461286629261	0.5520406037127668	2.160600898048589	1.6085602943358221	1	lfc0.75_k2_fdr0.1	0.75	2	0.1	anchor	acute_main	loao_2_anchor_weights	GSE264344	GSE39129;GSE167521	661
GSE264344	GSE264344_design__T=Blood__H=24__B=NA__G=delivery_ad26__VS=baseline_0	<upstream_project_root>/00_metadata/verified_metadata/splited/GSE264344_design/GSE264344_design__T=Blood__H=24__B=NA__G=delivery_ad26__VS=baseline_0.tsv	TRUE	NA	delivery_ad26__vs__baseline_0	baseline_0	Blood	24	10	10	5	5	1	0.5125369373757281	2.149829204046921	1.637292266671193	0.5520406037127668	2.1944295767495907	1.642388973036824	1	lfc0.75_k2_fdr0.1	0.75	2	0.1	anchor	acute_main	loao_2_anchor_weights	GSE264344	GSE39129;GSE167521	661
GSE264344	GSE264344_design__T=Blood__H=24__B=NA__G=delivery_ad5__VS=baseline_0	<upstream_project_root>/00_metadata/verified_metadata/splited/GSE264344_design/GSE264344_design__T=Blood__H=24__B=NA__G=delivery_ad5__VS=baseline_0.tsv	TRUE	NA	delivery_ad5__vs__baseline_0	baseline_0	Blood	24	10	10	5	5	1	0.5125369373757281	1.3029382688768936	0.7904013315011654	0.5520406037127668	1.2512301767539369	0.6991895730411701	1	lfc0.75_k2_fdr0.1	0.75	2	0.1	anchor	acute_main	loao_2_anchor_weights	GSE264344	GSE39129;GSE167521	661
GSE264344	GSE264344_design__T=Blood__H=3__B=NA__G=delivery_ad26__VS=baseline_0	<upstream_project_root>/00_metadata/verified_metadata/splited/GSE264344_design/GSE264344_design__T=Blood__H=3__B=NA__G=delivery_ad26__VS=baseline_0.tsv	TRUE	NA	delivery_ad26__vs__baseline_0	baseline_0	Blood	3	10	10	5	5	1	0.5125369373757281	2.720952710896625	2.208415773520897	0.5520406037127668	2.7450264973878373	2.1929858936750706	1	lfc0.75_k2_fdr0.1	0.75	2	0.1	anchor	acute_main	loao_2_anchor_weights	GSE264344	GSE39129;GSE167521	661
GSE264344	GSE264344_design__T=Blood__H=3__B=NA__G=delivery_ad5__VS=baseline_0	<upstream_project_root>/00_metadata/verified_metadata/splited/GSE264344_design/GSE264344_design__T=Blood__H=3__B=NA__G=delivery_ad5__VS=baseline_0.tsv	TRUE	NA	delivery_ad5__vs__baseline_0	baseline_0	Blood	3	10	10	5	5	1	0.5125369373757281	1.1528463990308924	0.6403094616551642	0.5520406037127668	1.1452624022238604	0.5932217985110937	1	lfc0.75_k2_fdr0.1	0.75	2	0.1	anchor	acute_main	loao_2_anchor_weights	GSE264344	GSE39129;GSE167521	661
GSE264344	GSE264344_design__T=Blood__H=6__B=NA__G=delivery_ad26__VS=baseline_0	<upstream_project_root>/00_metadata/verified_metadata/splited/GSE264344_design/GSE264344_design__T=Blood__H=6__B=NA__G=delivery_ad26__VS=baseline_0.tsv	TRUE	NA	delivery_ad26__vs__baseline_0	baseline_0	Blood	6	10	10	5	5	1	0.5125369373757281	2.5761174188329417	2.0635804814572136	0.5520406037127668	2.616903863893465	2.064863260180698	1	lfc0.75_k2_fdr0.1	0.75	2	0.1	anchor	acute_main	loao_2_anchor_weights	GSE264344	GSE39129;GSE167521	661
GSE264344	GSE264344_design__T=Blood__H=6__B=NA__G=delivery_ad5__VS=baseline_0	<upstream_project_root>/00_metadata/verified_metadata/splited/GSE264344_design/GSE264344_design__T=Blood__H=6__B=NA__G=delivery_ad5__VS=baseline_0.tsv	TRUE	NA	delivery_ad5__vs__baseline_0	baseline_0	Blood	6	10	10	5	5	1	0.5125369373757281	3.3336534971830662	2.821116559807338	0.5520406037127668	3.5197819172023252	2.9677413134895585	1	lfc0.75_k2_fdr0.1	0.75	2	0.1	anchor	acute_main	loao_2_anchor_weights	GSE264344	GSE39129;GSE167521	661
GSE264344	GSE264344_design__T=dLN__H=1__B=NA__G=delivery_ad26__VS=baseline_0	<upstream_project_root>/00_metadata/verified_metadata/splited/GSE264344_design/GSE264344_design__T=dLN__H=1__B=NA__G=delivery_ad26__VS=baseline_0.tsv	TRUE	NA	delivery_ad26__vs__baseline_0	baseline_0	dLN	1	10	10	5	5	1	0.8218278415597647	1.1219827964922988	0.3001549549325341	0.7226366178691853	0.9948066620986059	0.2721700442294206	0.8400000000000001	lfc0.75_k2_fdr0.1	0.75	2	0.1	anchor	acute_main	loao_2_anchor_weights	GSE264344	GSE39129;GSE167521	661
GSE264344	GSE264344_design__T=dLN__H=1__B=NA__G=delivery_ad5__VS=baseline_0	<upstream_project_root>/00_metadata/verified_metadata/splited/GSE264344_design/GSE264344_design__T=dLN__H=1__B=NA__G=delivery_ad5__VS=baseline_0.tsv	TRUE	NA	delivery_ad5__vs__baseline_0	baseline_0	dLN	1	10	10	5	5	1	0.8218278415597647	1.3389555589117306	0.5171277173519658	0.7226366178691853	1.3082123741352334	0.5855757562660481	0.96	lfc0.75_k2_fdr0.1	0.75	2	0.1	anchor	acute_main	loao_2_anchor_weights	GSE264344	GSE39129;GSE167521	661
GSE264344	GSE264344_design__T=dLN__H=12__B=NA__G=delivery_ad26__VS=baseline_0	<upstream_project_root>/00_metadata/verified_metadata/splited/GSE264344_design/GSE264344_design__T=dLN__H=12__B=NA__G=delivery_ad26__VS=baseline_0.tsv	TRUE	NA	delivery_ad26__vs__baseline_0	baseline_0	dLN	12	10	10	5	5	1	0.8218278415597647	4.297007172691592	3.4751793311318275	0.7226366178691853	4.266486464456303	3.543849846587118	1	lfc0.75_k2_fdr0.1	0.75	2	0.1	anchor	acute_main	loao_2_anchor_weights	GSE264344	GSE39129;GSE167521	661
GSE264344	GSE264344_design__T=dLN__H=12__B=NA__G=delivery_ad5__VS=baseline_0	<upstream_project_root>/00_metadata/verified_metadata/splited/GSE264344_design/GSE264344_design__T=dLN__H=12__B=NA__G=delivery_ad5__VS=baseline_0.tsv	TRUE	NA	delivery_ad5__vs__baseline_0	baseline_0	dLN	12	10	10	5	5	1	0.8218278415597647	3.646358075585833	2.824530234026068	0.7226366178691853	3.6254695141073108	2.9028328962381256	1	lfc0.75_k2_fdr0.1	0.75	2	0.1	anchor	acute_main	loao_2_anchor_weights	GSE264344	GSE39129;GSE167521	661
GSE264344	GSE264344_design__T=dLN__H=24__B=NA__G=delivery_ad26__VS=baseline_0	<upstream_project_root>/00_metadata/verified_metadata/splited/GSE264344_design/GSE264344_design__T=dLN__H=24__B=NA__G=delivery_ad26__VS=baseline_0.tsv	TRUE	NA	delivery_ad26__vs__baseline_0	baseline_0	dLN	24	10	10	5	5	1	0.8218278415597647	2.865428036144043	2.043600194584278	0.7226366178691853	2.6868783219168875	1.9642417040477023	1	lfc0.75_k2_fdr0.1	0.75	2	0.1	anchor	acute_main	loao_2_anchor_weights	GSE264344	GSE39129;GSE167521	661
GSE264344	GSE264344_design__T=dLN__H=24__B=NA__G=delivery_ad5__VS=baseline_0	<upstream_project_root>/00_metadata/verified_metadata/splited/GSE264344_design/GSE264344_design__T=dLN__H=24__B=NA__G=delivery_ad5__VS=baseline_0.tsv	TRUE	NA	delivery_ad5__vs__baseline_0	baseline_0	dLN	24	10	10	5	5	1	0.8218278415597647	2.398614361389248	1.5767865198294833	0.7226366178691853	2.406939137359618	1.6843025194904326	1	lfc0.75_k2_fdr0.1	0.75	2	0.1	anchor	acute_main	loao_2_anchor_weights	GSE264344	GSE39129;GSE167521	661
GSE264344	GSE264344_design__T=dLN__H=3__B=NA__G=delivery_ad26__VS=baseline_0	<upstream_project_root>/00_metadata/verified_metadata/splited/GSE264344_design/GSE264344_design__T=dLN__H=3__B=NA__G=delivery_ad26__VS=baseline_0.tsv	TRUE	NA	delivery_ad26__vs__baseline_0	baseline_0	dLN	3	10	10	5	5	1	0.8218278415597647	3.5908497657205913	2.7690219241608265	0.7226366178691853	3.509651649480453	2.7870150316112676	1	lfc0.75_k2_fdr0.1	0.75	2	0.1	anchor	acute_main	loao_2_anchor_weights	GSE264344	GSE39129;GSE167521	661
GSE264344	GSE264344_design__T=dLN__H=3__B=NA__G=delivery_ad5__VS=baseline_0	<upstream_project_root>/00_metadata/verified_metadata/splited/GSE264344_design/GSE264344_design__T=dLN__H=3__B=NA__G=delivery_ad5__VS=baseline_0.tsv	TRUE	NA	delivery_ad5__vs__baseline_0	baseline_0	dLN	3	10	10	5	5	1	0.8218278415597647	2.5516413105786366	1.7298134690188718	0.7226366178691853	2.5736232922854914	1.8509866744163062	1	lfc0.75_k2_fdr0.1	0.75	2	0.1	anchor	acute_main	loao_2_anchor_weights	GSE264344	GSE39129;GSE167521	661
GSE264344	GSE264344_design__T=dLN__H=6__B=NA__G=delivery_ad26__VS=baseline_0	<upstream_project_root>/00_metadata/verified_metadata/splited/GSE264344_design/GSE264344_design__T=dLN__H=6__B=NA__G=delivery_ad26__VS=baseline_0.tsv	TRUE	NA	delivery_ad26__vs__baseline_0	baseline_0	dLN	6	10	10	5	5	1	0.8218278415597647	4.332407616571269	3.5105797750115038	0.7226366178691853	4.376882096488011	3.6542454786188254	1	lfc0.75_k2_fdr0.1	0.75	2	0.1	anchor	acute_main	loao_2_anchor_weights	GSE264344	GSE39129;GSE167521	661
GSE264344	GSE264344_design__T=dLN__H=6__B=NA__G=delivery_ad5__VS=baseline_0	<upstream_project_root>/00_metadata/verified_metadata/splited/GSE264344_design/GSE264344_design__T=dLN__H=6__B=NA__G=delivery_ad5__VS=baseline_0.tsv	TRUE	NA	delivery_ad5__vs__baseline_0	baseline_0	dLN	6	10	10	5	5	1	0.8218278415597647	3.9644052804119436	3.1425774388521788	0.7226366178691853	4.167024896820764	3.4443882789515787	1	lfc0.75_k2_fdr0.1	0.75	2	0.1	anchor	acute_main	loao_2_anchor_weights	GSE264344	GSE39129;GSE167521	661
GSE264344	GSE264344_design__T=Muscle__H=1__B=NA__G=delivery_ad26__VS=baseline_0	<upstream_project_root>/00_metadata/verified_metadata/splited/GSE264344_design/GSE264344_design__T=Muscle__H=1__B=NA__G=delivery_ad26__VS=baseline_0.tsv	TRUE	NA	delivery_ad26__vs__baseline_0	baseline_0	Muscle	1	10	10	5	5	1	-1.3343647789354929	-0.5840736890340349	0.750291089901458	-1.291890151022552	-0.5902972063210709	0.7015929447014811	1	lfc0.75_k2_fdr0.1	0.75	2	0.1	anchor	acute_main	loao_2_anchor_weights	GSE264344	GSE39129;GSE167521	661
GSE264344	GSE264344_design__T=Muscle__H=1__B=NA__G=delivery_ad5__VS=baseline_0	<upstream_project_root>/00_metadata/verified_metadata/splited/GSE264344_design/GSE264344_design__T=Muscle__H=1__B=NA__G=delivery_ad5__VS=baseline_0.tsv	TRUE	NA	delivery_ad5__vs__baseline_0	baseline_0	Muscle	1	10	10	5	5	1	-1.3343647789354929	-0.5953616293562721	0.7390031495792208	-1.291890151022552	-0.555886855762682	0.73600329525987	1	lfc0.75_k2_fdr0.1	0.75	2	0.1	anchor	acute_main	loao_2_anchor_weights	GSE264344	GSE39129;GSE167521	661
GSE264344	GSE264344_design__T=Muscle__H=12__B=NA__G=delivery_ad26__VS=baseline_0	<upstream_project_root>/00_metadata/verified_metadata/splited/GSE264344_design/GSE264344_design__T=Muscle__H=12__B=NA__G=delivery_ad26__VS=baseline_0.tsv	TRUE	NA	delivery_ad26__vs__baseline_0	baseline_0	Muscle	12	10	10	5	5	1	-1.3343647789354929	1.4836354118463029	2.8180001907817958	-1.291890151022552	1.5592515520289045	2.8511417030514563	1	lfc0.75_k2_fdr0.1	0.75	2	0.1	anchor	acute_main	loao_2_anchor_weights	GSE264344	GSE39129;GSE167521	661
GSE264344	GSE264344_design__T=Muscle__H=12__B=NA__G=delivery_ad5__VS=baseline_0	<upstream_project_root>/00_metadata/verified_metadata/splited/GSE264344_design/GSE264344_design__T=Muscle__H=12__B=NA__G=delivery_ad5__VS=baseline_0.tsv	TRUE	NA	delivery_ad5__vs__baseline_0	baseline_0	Muscle	12	10	10	5	5	1	-1.3343647789354929	1.7096254346312474	3.0439902135667403	-1.291890151022552	1.7956844437946082	3.08757459481716	1	lfc0.75_k2_fdr0.1	0.75	2	0.1	anchor	acute_main	loao_2_anchor_weights	GSE264344	GSE39129;GSE167521	661
GSE264344	GSE264344_design__T=Muscle__H=24__B=NA__G=delivery_ad26__VS=baseline_0	<upstream_project_root>/00_metadata/verified_metadata/splited/GSE264344_design/GSE264344_design__T=Muscle__H=24__B=NA__G=delivery_ad26__VS=baseline_0.tsv	TRUE	NA	delivery_ad26__vs__baseline_0	baseline_0	Muscle	24	10	10	5	5	1	-1.3343647789354929	0.9937737724082679	2.328138551343761	-1.291890151022552	1.2048216045704707	2.4967117555930227	1	lfc0.75_k2_fdr0.1	0.75	2	0.1	anchor	acute_main	loao_2_anchor_weights	GSE264344	GSE39129;GSE167521	661
GSE264344	GSE264344_design__T=Muscle__H=24__B=NA__G=delivery_ad5__VS=baseline_0	<upstream_project_root>/00_metadata/verified_metadata/splited/GSE264344_design/GSE264344_design__T=Muscle__H=24__B=NA__G=delivery_ad5__VS=baseline_0.tsv	TRUE	NA	delivery_ad5__vs__baseline_0	baseline_0	Muscle	24	10	10	5	5	1	-1.3343647789354929	1.01762607271964	2.351990851655133	-1.291890151022552	1.3989489748019484	2.6908391258245006	1	lfc0.75_k2_fdr0.1	0.75	2	0.1	anchor	acute_main	loao_2_anchor_weights	GSE264344	GSE39129;GSE167521	661
GSE264344	GSE264344_design__T=Muscle__H=3__B=NA__G=delivery_ad26__VS=baseline_0	<upstream_project_root>/00_metadata/verified_metadata/splited/GSE264344_design/GSE264344_design__T=Muscle__H=3__B=NA__G=delivery_ad26__VS=baseline_0.tsv	TRUE	NA	delivery_ad26__vs__baseline_0	baseline_0	Muscle	3	10	10	5	5	1	-1.3343647789354929	1.0489949353888348	2.3833597143243277	-1.291890151022552	1.3162050315831717	2.608095182605724	1	lfc0.75_k2_fdr0.1	0.75	2	0.1	anchor	acute_main	loao_2_anchor_weights	GSE264344	GSE39129;GSE167521	661
GSE264344	GSE264344_design__T=Muscle__H=3__B=NA__G=delivery_ad5__VS=baseline_0	<upstream_project_root>/00_metadata/verified_metadata/splited/GSE264344_design/GSE264344_design__T=Muscle__H=3__B=NA__G=delivery_ad5__VS=baseline_0.tsv	TRUE	NA	delivery_ad5__vs__baseline_0	baseline_0	Muscle	3	10	10	5	5	1	-1.3343647789354929	0.39399353266750725	1.7283583116030001	-1.291890151022552	0.5575535651338148	1.8494437161563668	1	lfc0.75_k2_fdr0.1	0.75	2	0.1	anchor	acute_main	loao_2_anchor_weights	GSE264344	GSE39129;GSE167521	661
GSE264344	GSE264344_design__T=Muscle__H=6__B=NA__G=delivery_ad26__VS=baseline_0	<upstream_project_root>/00_metadata/verified_metadata/splited/GSE264344_design/GSE264344_design__T=Muscle__H=6__B=NA__G=delivery_ad26__VS=baseline_0.tsv	TRUE	NA	delivery_ad26__vs__baseline_0	baseline_0	Muscle	6	10	10	5	5	1	-1.3343647789354929	1.5431140115683806	2.8774787905038735	-1.291890151022552	1.231454565444599	2.523344716467151	1	lfc0.75_k2_fdr0.1	0.75	2	0.1	anchor	acute_main	loao_2_anchor_weights	GSE264344	GSE39129;GSE167521	661
GSE264344	GSE264344_design__T=Muscle__H=6__B=NA__G=delivery_ad5__VS=baseline_0	<upstream_project_root>/00_metadata/verified_metadata/splited/GSE264344_design/GSE264344_design__T=Muscle__H=6__B=NA__G=delivery_ad5__VS=baseline_0.tsv	TRUE	NA	delivery_ad5__vs__baseline_0	baseline_0	Muscle	6	10	10	5	5	1	-1.3343647789354929	1.6114973341530774	2.9458621130885705	-1.291890151022552	1.835746099528404	3.127636250550956	1	lfc0.75_k2_fdr0.1	0.75	2	0.1	anchor	acute_main	loao_2_anchor_weights	GSE264344	GSE39129;GSE167521	661
GSE39129	GSE39129_design__T=liver__H=4__B=NA__G=delivery_lentiviral_vector_lv__VS=delivery_none	<upstream_project_root>/00_metadata/verified_metadata/splited/GSE39129_design/GSE39129_design__T=liver__H=4__B=NA__G=delivery_lentiviral_vector_lv__VS=delivery_none.tsv	TRUE	NA	delivery_lentiviral_vector_lv___vs__delivery_none	delivery_none	liver	4	6	6	3	3	1	1.850371707708594e-17	58.03384033943544	58.03384033943544	0.41609699022960084	60.88631740386763	60.47022041363803	1	lfc0.75_k2_fdr0.1	0.75	2	0.1	anchor	acute_main	loao_2_anchor_weights	GSE39129	GSE264344;GSE167521	711
GSE167521	GSE167521_design__T=skin__H=24__B=NA__G=delivery_lnp__VS=baseline_0	<upstream_project_root>/00_metadata/verified_metadata/splited/GSE167521_design/GSE167521_design__T=skin__H=24__B=NA__G=delivery_lnp__VS=baseline_0.tsv	TRUE	NA	delivery_lnp__vs__baseline_0	baseline_0	skin	24	8	8	4	4	1	2.0816681711721685e-17	10.143209500468439	10.143209500468439	0.034028364870652125	9.944251961005735	9.910223596135083	1	lfc0.75_k2_fdr0.1	0.75	2	0.1	anchor	acute_main	loao_2_anchor_weights	GSE167521	GSE264344;GSE39129	476
GSE119119	GSE119119_design__T=whole_liver__H=4__B=NA__G=GID00069418__VS=WT_uninfected_whole_liver	<upstream_project_root>/00_metadata/verified_metadata/splited/GSE119119_design/GSE119119_design__T=whole_liver__H=4__B=NA__G=GID00069418__VS=WT_uninfected_whole_liver.tsv	TRUE	NA	WT_virus_plus_rh9C12_H433A_whole_liver__vs__WT_uninfected_whole_liver	WT_uninfected_whole_liver	whole liver	4	8	8	4	4	1	-0.3051515755391006	11.979698173420779	12.28484974895988	-0.2933689831246274	11.87394546433109	12.167314447455718	1	lfc0.75_k2_fdr0.2	0.75	2	0.2	external	acute_main	external_full_3_anchor_weights	NA	NA	NA
GSE119119	GSE119119_design__T=whole_liver__H=4__B=NA__G=GID00088542__VS=TRIM21_KO_uninfected_whole_liver	<upstream_project_root>/00_metadata/verified_metadata/splited/GSE119119_design/GSE119119_design__T=whole_liver__H=4__B=NA__G=GID00088542__VS=TRIM21_KO_uninfected_whole_liver.tsv	TRUE	NA	TRIM21_KO_virus_plus_rh9C12_WT_whole_liver__vs__TRIM21_KO_uninfected_whole_liver	TRIM21_KO_uninfected_whole_liver	whole liver	4	8	8	4	4	1	0.3051515755391006	11.631012696000015	11.325861120460914	0.36823950398855787	12.205807358641719	11.83756785465316	1	lfc0.75_k2_fdr0.2	0.75	2	0.2	external	acute_main	external_full_3_anchor_weights	NA	NA	NA
GSE119119	GSE119119_design__T=whole_liver__H=4__B=NA__G=GID00096342__VS=TRIM21_KO_uninfected_whole_liver	<upstream_project_root>/00_metadata/verified_metadata/splited/GSE119119_design/GSE119119_design__T=whole_liver__H=4__B=NA__G=GID00096342__VS=TRIM21_KO_uninfected_whole_liver.tsv	TRUE	NA	TRIM21_KO_virus_plus_rh9C12_H433A_whole_liver__vs__TRIM21_KO_uninfected_whole_liver	TRIM21_KO_uninfected_whole_liver	whole liver	4	8	8	4	4	1	0.3051515755391006	11.255028950365785	10.949877374826684	0.36823950398855787	11.23947043642843	10.871230932439872	1	lfc0.75_k2_fdr0.2	0.75	2	0.2	external	acute_main	external_full_3_anchor_weights	NA	NA	NA
GSE119119	GSE119119_design__T=whole_liver__H=4__B=NA__G=TRIM21_KO_virus_only_whole_liver__VS=TRIM21_KO_uninfected_whole_liver	<upstream_project_root>/00_metadata/verified_metadata/splited/GSE119119_design/GSE119119_design__T=whole_liver__H=4__B=NA__G=TRIM21_KO_virus_only_whole_liver__VS=TRIM21_KO_uninfected_whole_liver.tsv	TRUE	NA	TRIM21_KO_virus_only_whole_liver__vs__TRIM21_KO_uninfected_whole_liver	TRIM21_KO_uninfected_whole_liver	whole liver	4	8	8	4	4	1	0.3051515755391006	10.637337827548603	10.332186252009501	0.36823950398855787	11.31332803407182	10.945088530083261	1	lfc0.75_k2_fdr0.2	0.75	2	0.2	external	acute_main	external_full_3_anchor_weights	NA	NA	NA
GSE119119	GSE119119_design__T=whole_liver__H=4__B=NA__G=WT_virus_only_whole_liver__VS=WT_uninfected_whole_liver	<upstream_project_root>/00_metadata/verified_metadata/splited/GSE119119_design/GSE119119_design__T=whole_liver__H=4__B=NA__G=WT_virus_only_whole_liver__VS=WT_uninfected_whole_liver.tsv	TRUE	NA	WT_virus_only_whole_liver__vs__WT_uninfected_whole_liver	WT_uninfected_whole_liver	whole liver	4	8	8	4	4	1	-0.3051515755391006	9.661442457877735	9.966594033416836	-0.2933689831246274	9.152090791499514	9.445459774624142	1	lfc0.75_k2_fdr0.2	0.75	2	0.2	external	acute_main	external_full_3_anchor_weights	NA	NA	NA
GSE119119	GSE119119_design__T=whole_liver__H=4__B=NA__G=WT_virus_plus_rh9C12_WT_whole_liver__VS=WT_uninfected_whole_liver	<upstream_project_root>/00_metadata/verified_metadata/splited/GSE119119_design/GSE119119_design__T=whole_liver__H=4__B=NA__G=WT_virus_plus_rh9C12_WT_whole_liver__VS=WT_uninfected_whole_liver.tsv	TRUE	NA	WT_virus_plus_rh9C12_WT_whole_liver__vs__WT_uninfected_whole_liver	WT_uninfected_whole_liver	whole liver	4	8	8	4	4	1	-0.3051515755391006	18.966649341491664	19.271800917030763	-0.2933689831246274	18.95265179378613	19.246020776910758	1	lfc0.75_k2_fdr0.2	0.75	2	0.2	external	acute_main	external_full_3_anchor_weights	NA	NA	NA
GSE139529	GSE139529_design__T=blood__H=24__B=NA__G=ad.mva__VS=none	<upstream_project_root>/00_metadata/verified_metadata/splited/GSE139529_design/GSE139529_design__T=blood__H=24__B=NA__G=ad.mva__VS=none.tsv	TRUE	NA	ad.mva__vs__none	none	blood	24	12	12	6	6	1	0	16.403226007045518	16.403226007045518	0.04371372213646124	15.519802900201231	15.47608917806477	1	lfc0.75_k2_fdr0.2	0.75	2	0.2	external	acute_main	external_full_3_anchor_weights	NA	NA	NA
GSE139529	GSE139529_design__T=blood__H=24__B=NA__G=ad_empty__VS=none	<upstream_project_root>/00_metadata/verified_metadata/splited/GSE139529_design/GSE139529_design__T=blood__H=24__B=NA__G=ad_empty__VS=none.tsv	TRUE	NA	ad_empty__vs__none	none	blood	24	12	12	6	6	1	0	16.700982418651304	16.700982418651304	0.04371372213646124	16.765891829287217	16.722178107150754	1	lfc0.75_k2_fdr0.2	0.75	2	0.2	external	acute_main	external_full_3_anchor_weights	NA	NA	NA
GSE139529	GSE139529_design__T=blood__H=24__B=NA__G=ad_fhbp__VS=none	<upstream_project_root>/00_metadata/verified_metadata/splited/GSE139529_design/GSE139529_design__T=blood__H=24__B=NA__G=ad_fhbp__VS=none.tsv	TRUE	NA	ad_fhbp__vs__none	none	blood	24	12	12	6	6	1	0	21.286769052595243	21.286769052595243	0.04371372213646124	21.214895130443164	21.1711814083067	1	lfc0.75_k2_fdr0.2	0.75	2	0.2	external	acute_main	external_full_3_anchor_weights	NA	NA	NA
GSE139529	GSE139529_design__T=blood__H=24__B=NA__G=ad_pref__VS=none	<upstream_project_root>/00_metadata/verified_metadata/splited/GSE139529_design/GSE139529_design__T=blood__H=24__B=NA__G=ad_pref__VS=none.tsv	TRUE	NA	ad_pref__vs__none	none	blood	24	12	12	6	6	1	0	0.6300336944597493	0.6300336944597493	0.04371372213646124	0.9402141403688756	0.8965004182324143	0.5833333333333334	lfc0.75_k2_fdr0.2	0.75	2	0.2	external	acute_main	external_full_3_anchor_weights	NA	NA	NA
GSE139529	GSE139529_design__T=blood__H=24__B=NA__G=mva.ad__VS=none	<upstream_project_root>/00_metadata/verified_metadata/splited/GSE139529_design/GSE139529_design__T=blood__H=24__B=NA__G=mva.ad__VS=none.tsv	TRUE	NA	mva.ad__vs__none	none	blood	24	12	12	6	6	1	0	25.46174613491735	25.46174613491735	0.04371372213646124	25.772024643452095	25.728310921315632	1	lfc0.75_k2_fdr0.2	0.75	2	0.2	external	acute_main	external_full_3_anchor_weights	NA	NA	NA
GSE139529	GSE139529_design__T=blood__H=24__B=NA__G=mva_fhbp__VS=none	<upstream_project_root>/00_metadata/verified_metadata/splited/GSE139529_design/GSE139529_design__T=blood__H=24__B=NA__G=mva_fhbp__VS=none.tsv	TRUE	NA	mva_fhbp__vs__none	none	blood	24	12	12	6	6	1	0	21.57339561929893	21.57339561929893	0.04371372213646124	21.54140243558544	21.497688713448976	1	lfc0.75_k2_fdr0.2	0.75	2	0.2	external	acute_main	external_full_3_anchor_weights	NA	NA	NA
GSE166655	GSE166655_design__T=Tibialis_anterior__H=672__B=NA__G=delivery_aav9_ar45__VS=delivery_untreated	<upstream_project_root>/00_metadata/verified_metadata/splited/GSE166655_design/GSE166655_design__T=Tibialis_anterior__H=672__B=NA__G=delivery_aav9_ar45__VS=delivery_untreated.tsv	TRUE	NA	delivery_aav9_ar45__vs__delivery_untreated	delivery_untreated	Tibialis anterior	672	6	6	3	3	1	-5.551115123125783e-17	8.269533595021658	8.269533595021658	-0.35699045871728635	7.465715148830851	7.822705607548137	1	lfc0.75_k2_fdr0.2	0.75	2	0.2	external	extended_transfer	external_full_3_anchor_weights	NA	NA	NA
GSE166655	GSE166655_design__T=Tibialis_anterior__H=672__B=NA__G=delivery_aav9_gfp__VS=delivery_untreated	<upstream_project_root>/00_metadata/verified_metadata/splited/GSE166655_design/GSE166655_design__T=Tibialis_anterior__H=672__B=NA__G=delivery_aav9_gfp__VS=delivery_untreated.tsv	TRUE	NA	delivery_aav9_gfp__vs__delivery_untreated	delivery_untreated	Tibialis anterior	672	6	6	3	3	1	-5.551115123125783e-17	5.890448968151127	5.890448968151127	-0.35699045871728635	6.16308320339879	6.520073662116076	1	lfc0.75_k2_fdr0.2	0.75	2	0.2	external	extended_transfer	external_full_3_anchor_weights	NA	NA	NA
GSE178313	GSE178313_design__T=Liver__H=48__B=NA__G=mouse_repopulated_lnp__VS=mouse_repopulated_pbs	<upstream_project_root>/00_metadata/verified_metadata/splited/GSE178313_design/GSE178313_design__T=Liver__H=48__B=NA__G=mouse_repopulated_lnp__VS=mouse_repopulated_pbs.tsv	TRUE	NA	mouse_repopulated_lnp__vs__mouse_repopulated_pbs	mouse_repopulated_pbs	Liver	48	8	8	4	4	1	-4.163336342344337e-17	5.721082201362174	5.721082201362174	-0.42203888109230814	4.640362342085836	5.062401223178144	1	lfc0.75_k2_fdr0.2	0.75	2	0.2	external	extended_transfer	external_full_3_anchor_weights	NA	NA	NA
GSE262515_cell_line	GSE262515_cell_line__T=cell_line__H=72__B=NA__G=delivery_tlnp_sihbv_50nm__VS=baseline_0	<upstream_project_root>/00_metadata/verified_metadata/splited/GSE262515_cell_line_design/GSE262515_cell_line__T=cell_line__H=72__B=NA__G=delivery_tlnp_sihbv_50nm__VS=baseline_0.tsv	TRUE	NA	delivery_tlnp_sihbv_50nm__vs__baseline_0	baseline_0	cell line	72	6	6	3	3	1	-9.252310289448173e-17	1.45454370341784	1.45454370341784	-0.13681054445330815	0.9387497924527329	1.0755603369060411	0.7777777777777778	lfc0.75_k2_fdr0.2	0.75	2	0.2	calibration	extended_transfer	external_full_3_anchor_weights	NA	NA	NA
GSE262515_cell_line	GSE262515_cell_line__T=cell_line__H=72__B=NA__G=delivery_tlnp_sinc_50nm__VS=baseline_0	<upstream_project_root>/00_metadata/verified_metadata/splited/GSE262515_cell_line_design/GSE262515_cell_line__T=cell_line__H=72__B=NA__G=delivery_tlnp_sinc_50nm__VS=baseline_0.tsv	TRUE	NA	delivery_tlnp_sinc_50nm__vs__baseline_0	baseline_0	cell line	72	6	6	3	3	1	-9.252310289448173e-17	-2.5499648394118437	-2.5499648394118437	-0.13681054445330815	-2.433035090182914	-2.2962245457296055	0	lfc0.75_k2_fdr0.2	0.75	2	0.2	calibration	extended_transfer	external_full_3_anchor_weights	NA	NA	NA
GSE262515_tissue	GSE262515_tissue__T=tissue__H=72__B=NA__G=delivery_tlnp_sihbv_1mg_kg__VS=baseline_0	<upstream_project_root>/00_metadata/verified_metadata/splited/GSE262515_tissue_design/GSE262515_tissue__T=tissue__H=72__B=NA__G=delivery_tlnp_sihbv_1mg_kg__VS=baseline_0.tsv	TRUE	NA	delivery_tlnp_sihbv_1mg_kg__vs__baseline_0	baseline_0	tissue	72	6	6	3	3	1	1.3877787807814457e-17	4.126222733105103	4.126222733105103	-0.07501360116594598	4.561152071219019	4.636165672384965	1	lfc0.75_k2_fdr0.2	0.75	2	0.2	calibration	extended_transfer	external_full_3_anchor_weights	NA	NA	NA
GSE262515_tissue	GSE262515_tissue__T=tissue__H=72__B=NA__G=delivery_tlnp_sihbv_2_5mg_kg__VS=baseline_0	<upstream_project_root>/00_metadata/verified_metadata/splited/GSE262515_tissue_design/GSE262515_tissue__T=tissue__H=72__B=NA__G=delivery_tlnp_sihbv_2_5mg_kg__VS=baseline_0.tsv	TRUE	NA	delivery_tlnp_sihbv_2_5mg_kg__vs__baseline_0	baseline_0	tissue	72	6	6	3	3	1	1.3877787807814457e-17	2.290183794896034	2.290183794896034	-0.07501360116594598	2.4970482400821714	2.5720618412481175	1	lfc0.75_k2_fdr0.2	0.75	2	0.2	calibration	extended_transfer	external_full_3_anchor_weights	NA	NA	NA
GSE262515_tissue	GSE262515_tissue__T=tissue__H=72__B=NA__G=delivery_tlnp_sinc_1mg_kg__VS=baseline_0	<upstream_project_root>/00_metadata/verified_metadata/splited/GSE262515_tissue_design/GSE262515_tissue__T=tissue__H=72__B=NA__G=delivery_tlnp_sinc_1mg_kg__VS=baseline_0.tsv	TRUE	NA	delivery_tlnp_sinc_1mg_kg__vs__baseline_0	baseline_0	tissue	72	6	6	3	3	1	1.3877787807814457e-17	3.5768899946056294	3.5768899946056294	-0.07501360116594598	3.493428223750369	3.5684418249163152	1	lfc0.75_k2_fdr0.2	0.75	2	0.2	calibration	extended_transfer	external_full_3_anchor_weights	NA	NA	NA
GSE264344	GSE264344_design__T=Blood__H=72__B=NA__G=delivery_ad26__VS=baseline_0	<upstream_project_root>/00_metadata/verified_metadata/splited/GSE264344_design/GSE264344_design__T=Blood__H=72__B=NA__G=delivery_ad26__VS=baseline_0.tsv	TRUE	NA	delivery_ad26__vs__baseline_0	baseline_0	Blood	72	10	10	5	5	1	0.32318421202351266	0.7810433844736625	0.45785917245014984	0.3503365584459755	0.8555874097800829	0.5052508513341074	0.92	lfc0.75_k2_fdr0.2	0.75	2	0.2	external	extended_transfer	external_full_3_anchor_weights	NA	NA	NA
GSE264344	GSE264344_design__T=Blood__H=72__B=NA__G=delivery_ad5__VS=baseline_0	<upstream_project_root>/00_metadata/verified_metadata/splited/GSE264344_design/GSE264344_design__T=Blood__H=72__B=NA__G=delivery_ad5__VS=baseline_0.tsv	TRUE	NA	delivery_ad5__vs__baseline_0	baseline_0	Blood	72	10	10	5	5	1	0.32318421202351266	0.9719581160621383	0.6487739040386257	0.3503365584459755	0.9421133502995539	0.5917767918535783	1	lfc0.75_k2_fdr0.2	0.75	2	0.2	external	extended_transfer	external_full_3_anchor_weights	NA	NA	NA
GSE264344	GSE264344_design__T=dLN__H=72__B=NA__G=delivery_ad26__VS=baseline_0	<upstream_project_root>/00_metadata/verified_metadata/splited/GSE264344_design/GSE264344_design__T=dLN__H=72__B=NA__G=delivery_ad26__VS=baseline_0.tsv	TRUE	NA	delivery_ad26__vs__baseline_0	baseline_0	dLN	72	10	10	5	5	1	0.950620116826147	1.3265292482668174	0.3759091314406704	0.861513001966254	1.3107971324702037	0.44928413050394966	0.88	lfc0.75_k2_fdr0.2	0.75	2	0.2	external	extended_transfer	external_full_3_anchor_weights	NA	NA	NA
GSE264344	GSE264344_design__T=dLN__H=72__B=NA__G=delivery_ad5__VS=baseline_0	<upstream_project_root>/00_metadata/verified_metadata/splited/GSE264344_design/GSE264344_design__T=dLN__H=72__B=NA__G=delivery_ad5__VS=baseline_0.tsv	TRUE	NA	delivery_ad5__vs__baseline_0	baseline_0	dLN	72	10	10	5	5	1	0.950620116826147	1.468000298180239	0.5173801813540919	0.861513001966254	1.4710239023402125	0.6095109003739585	0.96	lfc0.75_k2_fdr0.2	0.75	2	0.2	external	extended_transfer	external_full_3_anchor_weights	NA	NA	NA
GSE264344	GSE264344_design__T=Muscle__H=72__B=NA__G=delivery_ad26__VS=baseline_0	<upstream_project_root>/00_metadata/verified_metadata/splited/GSE264344_design/GSE264344_design__T=Muscle__H=72__B=NA__G=delivery_ad26__VS=baseline_0.tsv	TRUE	NA	delivery_ad26__vs__baseline_0	baseline_0	Muscle	72	10	10	5	5	1	-1.2738043288496597	0.33031694720131555	1.604121276050975	-1.276535519585627	0.700280374080837	1.976815893666464	1	lfc0.75_k2_fdr0.2	0.75	2	0.2	external	extended_transfer	external_full_3_anchor_weights	NA	NA	NA
GSE264344	GSE264344_design__T=Muscle__H=72__B=NA__G=delivery_ad5__VS=baseline_0	<upstream_project_root>/00_metadata/verified_metadata/splited/GSE264344_design/GSE264344_design__T=Muscle__H=72__B=NA__G=delivery_ad5__VS=baseline_0.tsv	TRUE	NA	delivery_ad5__vs__baseline_0	baseline_0	Muscle	72	10	10	5	5	1	-1.2738043288496597	0.6750526353656074	1.948856964215267	-1.276535519585627	0.41279188543679696	1.6893274050224238	1	lfc0.75_k2_fdr0.2	0.75	2	0.2	external	extended_transfer	external_full_3_anchor_weights	NA	NA	NA
GSE279372	GSE279372_design__T=draining_lymph_nodes__H=24__B=NA__G=delivery_1000_g_lnps_injected__VS=baseline_0	<upstream_project_root>/00_metadata/verified_metadata/splited/GSE279372_design/GSE279372_design__T=draining_lymph_nodes__H=24__B=NA__G=delivery_1000_g_lnps_injected__VS=baseline_0.tsv	TRUE	NA	delivery_1000_g_lnps_injected__vs__baseline_0	baseline_0	draining lymph nodes	24	8	8	4	4	1	0	43.367894771655116	43.367894771655116	0.001528024662868055	43.86957730105587	43.868049276393	1	lfc0.75_k2_fdr0.2	0.75	2	0.2	calibration	acute_main	external_full_3_anchor_weights	NA	NA	NA
GSE279372	GSE279372_design__T=draining_lymph_nodes__H=24__B=NA__G=delivery_250_g_alum_injected__VS=baseline_0	<upstream_project_root>/00_metadata/verified_metadata/splited/GSE279372_design/GSE279372_design__T=draining_lymph_nodes__H=24__B=NA__G=delivery_250_g_alum_injected__VS=baseline_0.tsv	TRUE	NA	delivery_250_g_alum_injected__vs__baseline_0	baseline_0	draining lymph nodes	24	8	8	4	4	1	0	1.405964804036799	1.405964804036799	0.001528024662868055	1.6408393623077735	1.6393113376449056	0.8125	lfc0.75_k2_fdr0.2	0.75	2	0.2	calibration	acute_main	external_full_3_anchor_weights	NA	NA	NA
GSE279372	GSE279372_design__T=draining_lymph_nodes__H=24__B=NA__G=delivery_5_g_gi_1_gii_4_vlp__VS=baseline_0	<upstream_project_root>/00_metadata/verified_metadata/splited/GSE279372_design/GSE279372_design__T=draining_lymph_nodes__H=24__B=NA__G=delivery_5_g_gi_1_gii_4_vlp__VS=baseline_0.tsv	TRUE	NA	delivery_5_g_gi_1_gii_4_vlp__vs__baseline_0	baseline_0	draining lymph nodes	24	8	8	4	4	1	0	5.610103782304105	5.610103782304105	0.001528024662868055	5.221351689472099	5.2198236648092315	1	lfc0.75_k2_fdr0.2	0.75	2	0.2	calibration	acute_main	external_full_3_anchor_weights	NA	NA	NA
GSE279372	GSE279372_design__T=draining_lymph_nodes__H=24__B=NA__G=GID00110503__VS=baseline_0	<upstream_project_root>/00_metadata/verified_metadata/splited/GSE279372_design/GSE279372_design__T=draining_lymph_nodes__H=24__B=NA__G=GID00110503__VS=baseline_0.tsv	TRUE	NA	delivery_250_g_alum_5_g_gi_1_gii_4_vlp_injected__vs__baseline_0	baseline_0	draining lymph nodes	24	8	8	4	4	1	0	2.863644971440646	2.863644971440646	0.001528024662868055	2.869689732408484	2.8681617077456156	1	lfc0.75_k2_fdr0.2	0.75	2	0.2	calibration	acute_main	external_full_3_anchor_weights	NA	NA	NA
GSE279372	GSE279372_design__T=draining_lymph_nodes__H=24__B=NA__G=GID00110754__VS=baseline_0	<upstream_project_root>/00_metadata/verified_metadata/splited/GSE279372_design/GSE279372_design__T=draining_lymph_nodes__H=24__B=NA__G=GID00110754__VS=baseline_0.tsv	TRUE	NA	delivery_125_g_lnps_5_g_gi_1_gii_4_vlp_injected__vs__baseline_0	baseline_0	draining lymph nodes	24	8	8	4	4	1	0	31.641920162294902	31.641920162294902	0.001528024662868055	33.236036913067856	33.23450888840499	1	lfc0.75_k2_fdr0.2	0.75	2	0.2	calibration	acute_main	external_full_3_anchor_weights	NA	NA	NA
GSE279372	GSE279372_design__T=draining_lymph_nodes__H=24__B=NA__G=GID00114748__VS=baseline_0	<upstream_project_root>/00_metadata/verified_metadata/splited/GSE279372_design/GSE279372_design__T=draining_lymph_nodes__H=24__B=NA__G=GID00114748__VS=baseline_0.tsv	TRUE	NA	delivery_1000_g_lnps_5_g_gi_1_gii_4_vlp_injected__vs__baseline_0	baseline_0	draining lymph nodes	24	8	8	4	4	1	0	49.18604803472218	49.18604803472218	0.001528024662868055	49.874803598887084	49.873275574224216	1	lfc0.75_k2_fdr0.2	0.75	2	0.2	calibration	acute_main	external_full_3_anchor_weights	NA	NA	NA
GSE279743	GSE279743_design__T=Lymph_Node__H=6__B=NA__G=delivery_vaccination_with_sm102__VS=baseline_0	<upstream_project_root>/00_metadata/verified_metadata/splited/GSE279743_design/GSE279743_design__T=Lymph_Node__H=6__B=NA__G=delivery_vaccination_with_sm102__VS=baseline_0.tsv	TRUE	NA	delivery_vaccination_with_sm102__vs__baseline_0	baseline_0	Lymph Node	6	6	6	3	3	1	3.700743415417188e-17	18.929849257718576	18.929849257718576	-0.40782839470062493	20.40439190652833	20.812220301228955	1	lfc0.75_k2_fdr0.2	0.75	2	0.2	external	acute_main	external_full_3_anchor_weights	NA	NA	NA
GSE279743	GSE279743_design__T=Lymph_Node__H=6__B=NA__G=delivery_vaccination_with_ssop__VS=baseline_0	<upstream_project_root>/00_metadata/verified_metadata/splited/GSE279743_design/GSE279743_design__T=Lymph_Node__H=6__B=NA__G=delivery_vaccination_with_ssop__VS=baseline_0.tsv	TRUE	NA	delivery_vaccination_with_ssop__vs__baseline_0	baseline_0	Lymph Node	6	6	6	3	3	1	3.700743415417188e-17	3.140924158269079	3.140924158269079	-0.40782839470062493	3.1948359265372965	3.6026643212379215	1	lfc0.75_k2_fdr0.2	0.75	2	0.2	external	acute_main	external_full_3_anchor_weights	NA	NA	NA
GSE279744	GSE279744_design__T=lymph_node__H=6__B=NA__G=delivery_vaccination_with_sm102__VS=baseline_0	<upstream_project_root>/00_metadata/verified_metadata/splited/GSE279744_design/GSE279744_design__T=lymph_node__H=6__B=NA__G=delivery_vaccination_with_sm102__VS=baseline_0.tsv	TRUE	NA	delivery_vaccination_with_sm102__vs__baseline_0	baseline_0	lymph node	6	6	6	3	3	1	-3.700743415417188e-17	74.48335204699296	74.48335204699296	0.36751637824818095	74.97705885449915	74.60954247625097	1	lfc0.75_k2_fdr0.2	0.75	2	0.2	calibration	acute_main	external_full_3_anchor_weights	NA	NA	NA
GSE279744	GSE279744_design__T=lymph_node__H=6__B=NA__G=delivery_vaccination_with_ssop__VS=baseline_0	<upstream_project_root>/00_metadata/verified_metadata/splited/GSE279744_design/GSE279744_design__T=lymph_node__H=6__B=NA__G=delivery_vaccination_with_ssop__VS=baseline_0.tsv	TRUE	NA	delivery_vaccination_with_ssop__vs__baseline_0	baseline_0	lymph node	6	6	6	3	3	1	-3.700743415417188e-17	15.205592314233812	15.205592314233812	0.36751637824818095	13.935884530748028	13.568368152499847	1	lfc0.75_k2_fdr0.2	0.75	2	0.2	calibration	acute_main	external_full_3_anchor_weights	NA	NA	NA
GSE314070	GSE314070_design__T=small_intestine__H=336__B=NA__G=delivery_am80_lnp__VS=baseline_0	<upstream_project_root>/00_metadata/verified_metadata/splited/GSE314070_design/GSE314070_design__T=small_intestine__H=336__B=NA__G=delivery_am80_lnp__VS=baseline_0.tsv	TRUE	NA	delivery_am80_lnp__vs__baseline_0	baseline_0	small intestine	336	6	6	3	3	1	0	8.361168352018998	8.361168352018998	0.3689296337836575	7.578242063825005	7.209312430041348	0.6666666666666666	lfc0.75_k2_fdr0.2	0.75	2	0.2	external	extended_transfer	external_full_3_anchor_weights	NA	NA	NA
GSE314070	GSE314070_design__T=small_intestine__H=336__B=NA__G=delivery_sm102_lnp__VS=baseline_0	<upstream_project_root>/00_metadata/verified_metadata/splited/GSE314070_design/GSE314070_design__T=small_intestine__H=336__B=NA__G=delivery_sm102_lnp__VS=baseline_0.tsv	TRUE	NA	delivery_sm102_lnp__vs__baseline_0	baseline_0	small intestine	336	6	6	3	3	1	0	0.23282588267848578	0.23282588267848578	0.3689296337836575	-0.8663122794513409	-1.2352419132349985	0.4444444444444444	lfc0.75_k2_fdr0.2	0.75	2	0.2	external	extended_transfer	external_full_3_anchor_weights	NA	NA	NA
GSE264344	GSE264344_design__T=Blood__H=1__B=NA__G=delivery_ad26__VS=baseline_0	<upstream_project_root>/00_metadata/verified_metadata/splited/GSE264344_design/GSE264344_design__T=Blood__H=1__B=NA__G=delivery_ad26__VS=baseline_0.tsv	TRUE	NA	delivery_ad26__vs__baseline_0	baseline_0	Blood	1	10	10	5	5	1	0.48478911052999335	0.6087187129540144	0.12392960242402101	0.5234838521757434	0.6159078127897861	0.09242396061404268	0.7200000000000001	lfc0.75_k2_fdr0.2	0.75	2	0.2	anchor	acute_main	loao_2_anchor_weights	GSE264344	GSE39129;GSE167521	746
GSE264344	GSE264344_design__T=Blood__H=1__B=NA__G=delivery_ad5__VS=baseline_0	<upstream_project_root>/00_metadata/verified_metadata/splited/GSE264344_design/GSE264344_design__T=Blood__H=1__B=NA__G=delivery_ad5__VS=baseline_0.tsv	TRUE	NA	delivery_ad5__vs__baseline_0	baseline_0	Blood	1	10	10	5	5	1	0.48478911052999335	0.7041777808722839	0.21938867034229054	0.5234838521757434	0.693598276670622	0.17011442449487857	0.96	lfc0.75_k2_fdr0.2	0.75	2	0.2	anchor	acute_main	loao_2_anchor_weights	GSE264344	GSE39129;GSE167521	746
GSE264344	GSE264344_design__T=Blood__H=12__B=NA__G=delivery_ad26__VS=baseline_0	<upstream_project_root>/00_metadata/verified_metadata/splited/GSE264344_design/GSE264344_design__T=Blood__H=12__B=NA__G=delivery_ad26__VS=baseline_0.tsv	TRUE	NA	delivery_ad26__vs__baseline_0	baseline_0	Blood	12	10	10	5	5	1	0.48478911052999335	3.1289193019646313	2.644130191434638	0.5234838521757434	3.02565880900199	2.5021749568262464	1	lfc0.75_k2_fdr0.2	0.75	2	0.2	anchor	acute_main	loao_2_anchor_weights	GSE264344	GSE39129;GSE167521	746
GSE264344	GSE264344_design__T=Blood__H=12__B=NA__G=delivery_ad5__VS=baseline_0	<upstream_project_root>/00_metadata/verified_metadata/splited/GSE264344_design/GSE264344_design__T=Blood__H=12__B=NA__G=delivery_ad5__VS=baseline_0.tsv	TRUE	NA	delivery_ad5__vs__baseline_0	baseline_0	Blood	12	10	10	5	5	1	0.48478911052999335	1.9978640136945498	1.5130749031645565	0.5234838521757434	2.053937787896444	1.5304539357207005	1	lfc0.75_k2_fdr0.2	0.75	2	0.2	anchor	acute_main	loao_2_anchor_weights	GSE264344	GSE39129;GSE167521	746
GSE264344	GSE264344_design__T=Blood__H=24__B=NA__G=delivery_ad26__VS=baseline_0	<upstream_project_root>/00_metadata/verified_metadata/splited/GSE264344_design/GSE264344_design__T=Blood__H=24__B=NA__G=delivery_ad26__VS=baseline_0.tsv	TRUE	NA	delivery_ad26__vs__baseline_0	baseline_0	Blood	24	10	10	5	5	1	0.48478911052999335	2.0783571326717314	1.593568022141738	0.5234838521757434	2.126056105809526	1.6025722536337828	1	lfc0.75_k2_fdr0.2	0.75	2	0.2	anchor	acute_main	loao_2_anchor_weights	GSE264344	GSE39129;GSE167521	746
GSE264344	GSE264344_design__T=Blood__H=24__B=NA__G=delivery_ad5__VS=baseline_0	<upstream_project_root>/00_metadata/verified_metadata/splited/GSE264344_design/GSE264344_design__T=Blood__H=24__B=NA__G=delivery_ad5__VS=baseline_0.tsv	TRUE	NA	delivery_ad5__vs__baseline_0	baseline_0	Blood	24	10	10	5	5	1	0.48478911052999335	1.224013168326985	0.7392240577969917	0.5234838521757434	1.1725906474289696	0.6491067952532261	1	lfc0.75_k2_fdr0.2	0.75	2	0.2	anchor	acute_main	loao_2_anchor_weights	GSE264344	GSE39129;GSE167521	746
GSE264344	GSE264344_design__T=Blood__H=3__B=NA__G=delivery_ad26__VS=baseline_0	<upstream_project_root>/00_metadata/verified_metadata/splited/GSE264344_design/GSE264344_design__T=Blood__H=3__B=NA__G=delivery_ad26__VS=baseline_0.tsv	TRUE	NA	delivery_ad26__vs__baseline_0	baseline_0	Blood	3	10	10	5	5	1	0.48478911052999335	2.635671504115183	2.1508823935851895	0.5234838521757434	2.6796450107627154	2.156161158586972	1	lfc0.75_k2_fdr0.2	0.75	2	0.2	anchor	acute_main	loao_2_anchor_weights	GSE264344	GSE39129;GSE167521	746
GSE264344	GSE264344_design__T=Blood__H=3__B=NA__G=delivery_ad5__VS=baseline_0	<upstream_project_root>/00_metadata/verified_metadata/splited/GSE264344_design/GSE264344_design__T=Blood__H=3__B=NA__G=delivery_ad5__VS=baseline_0.tsv	TRUE	NA	delivery_ad5__vs__baseline_0	baseline_0	Blood	3	10	10	5	5	1	0.48478911052999335	1.112138154971009	0.6273490444410157	0.5234838521757434	1.113835118872342	0.5903512666965987	1	lfc0.75_k2_fdr0.2	0.75	2	0.2	anchor	acute_main	loao_2_anchor_weights	GSE264344	GSE39129;GSE167521	746
GSE264344	GSE264344_design__T=Blood__H=6__B=NA__G=delivery_ad26__VS=baseline_0	<upstream_project_root>/00_metadata/verified_metadata/splited/GSE264344_design/GSE264344_design__T=Blood__H=6__B=NA__G=delivery_ad26__VS=baseline_0.tsv	TRUE	NA	delivery_ad26__vs__baseline_0	baseline_0	Blood	6	10	10	5	5	1	0.48478911052999335	2.4796547420482926	1.9948656315182993	0.5234838521757434	2.5240061543217114	2.000522302145968	1	lfc0.75_k2_fdr0.2	0.75	2	0.2	anchor	acute_main	loao_2_anchor_weights	GSE264344	GSE39129;GSE167521	746
GSE264344	GSE264344_design__T=Blood__H=6__B=NA__G=delivery_ad5__VS=baseline_0	<upstream_project_root>/00_metadata/verified_metadata/splited/GSE264344_design/GSE264344_design__T=Blood__H=6__B=NA__G=delivery_ad5__VS=baseline_0.tsv	TRUE	NA	delivery_ad5__vs__baseline_0	baseline_0	Blood	6	10	10	5	5	1	0.48478911052999335	3.24630955468439	2.761520444154397	0.5234838521757434	3.428049794053987	2.9045659418782437	1	lfc0.75_k2_fdr0.2	0.75	2	0.2	anchor	acute_main	loao_2_anchor_weights	GSE264344	GSE39129;GSE167521	746
GSE264344	GSE264344_design__T=dLN__H=1__B=NA__G=delivery_ad26__VS=baseline_0	<upstream_project_root>/00_metadata/verified_metadata/splited/GSE264344_design/GSE264344_design__T=dLN__H=1__B=NA__G=delivery_ad26__VS=baseline_0.tsv	TRUE	NA	delivery_ad26__vs__baseline_0	baseline_0	dLN	1	10	10	5	5	1	0.8460065846281515	1.1477117560199648	0.3017051713918133	0.7558311602586628	1.0289161548397323	0.2730849945810695	0.8400000000000001	lfc0.75_k2_fdr0.2	0.75	2	0.2	anchor	acute_main	loao_2_anchor_weights	GSE264344	GSE39129;GSE167521	746
GSE264344	GSE264344_design__T=dLN__H=1__B=NA__G=delivery_ad5__VS=baseline_0	<upstream_project_root>/00_metadata/verified_metadata/splited/GSE264344_design/GSE264344_design__T=dLN__H=1__B=NA__G=delivery_ad5__VS=baseline_0.tsv	TRUE	NA	delivery_ad5__vs__baseline_0	baseline_0	dLN	1	10	10	5	5	1	0.8460065846281515	1.3626358375679979	0.5166292529398464	0.7558311602586628	1.3430133143983378	0.587182154139675	0.96	lfc0.75_k2_fdr0.2	0.75	2	0.2	anchor	acute_main	loao_2_anchor_weights	GSE264344	GSE39129;GSE167521	746
GSE264344	GSE264344_design__T=dLN__H=12__B=NA__G=delivery_ad26__VS=baseline_0	<upstream_project_root>/00_metadata/verified_metadata/splited/GSE264344_design/GSE264344_design__T=dLN__H=12__B=NA__G=delivery_ad26__VS=baseline_0.tsv	TRUE	NA	delivery_ad26__vs__baseline_0	baseline_0	dLN	12	10	10	5	5	1	0.8460065846281515	4.2212166945621	3.375210109933949	0.7558311602586628	4.2015078822814145	3.4456767220227515	1	lfc0.75_k2_fdr0.2	0.75	2	0.2	anchor	acute_main	loao_2_anchor_weights	GSE264344	GSE39129;GSE167521	746
GSE264344	GSE264344_design__T=dLN__H=12__B=NA__G=delivery_ad5__VS=baseline_0	<upstream_project_root>/00_metadata/verified_metadata/splited/GSE264344_design/GSE264344_design__T=dLN__H=12__B=NA__G=delivery_ad5__VS=baseline_0.tsv	TRUE	NA	delivery_ad5__vs__baseline_0	baseline_0	dLN	12	10	10	5	5	1	0.8460065846281515	3.5857861125784014	2.73977952795025	0.7558311602586628	3.5604293419089497	2.8045981816502867	1	lfc0.75_k2_fdr0.2	0.75	2	0.2	anchor	acute_main	loao_2_anchor_weights	GSE264344	GSE39129;GSE167521	746
GSE264344	GSE264344_design__T=dLN__H=24__B=NA__G=delivery_ad26__VS=baseline_0	<upstream_project_root>/00_metadata/verified_metadata/splited/GSE264344_design/GSE264344_design__T=dLN__H=24__B=NA__G=delivery_ad26__VS=baseline_0.tsv	TRUE	NA	delivery_ad26__vs__baseline_0	baseline_0	dLN	24	10	10	5	5	1	0.8460065846281515	2.823057700162689	1.9770511155345376	0.7558311602586628	2.6472595509133003	1.8914283906546374	1	lfc0.75_k2_fdr0.2	0.75	2	0.2	anchor	acute_main	loao_2_anchor_weights	GSE264344	GSE39129;GSE167521	746
GSE264344	GSE264344_design__T=dLN__H=24__B=NA__G=delivery_ad5__VS=baseline_0	<upstream_project_root>/00_metadata/verified_metadata/splited/GSE264344_design/GSE264344_design__T=dLN__H=24__B=NA__G=delivery_ad5__VS=baseline_0.tsv	TRUE	NA	delivery_ad5__vs__baseline_0	baseline_0	dLN	24	10	10	5	5	1	0.8460065846281515	2.3610873626301023	1.5150807780019508	0.7558311602586628	2.3656729808812957	1.6098418206226328	1	lfc0.75_k2_fdr0.2	0.75	2	0.2	anchor	acute_main	loao_2_anchor_weights	GSE264344	GSE39129;GSE167521	746
GSE264344	GSE264344_design__T=dLN__H=3__B=NA__G=delivery_ad26__VS=baseline_0	<upstream_project_root>/00_metadata/verified_metadata/splited/GSE264344_design/GSE264344_design__T=dLN__H=3__B=NA__G=delivery_ad26__VS=baseline_0.tsv	TRUE	NA	delivery_ad26__vs__baseline_0	baseline_0	dLN	3	10	10	5	5	1	0.8460065846281515	3.54529128154834	2.6992846969201887	0.7558311602586628	3.4673171295882526	2.7114859693295896	1	lfc0.75_k2_fdr0.2	0.75	2	0.2	anchor	acute_main	loao_2_anchor_weights	GSE264344	GSE39129;GSE167521	746
GSE264344	GSE264344_design__T=dLN__H=3__B=NA__G=delivery_ad5__VS=baseline_0	<upstream_project_root>/00_metadata/verified_metadata/splited/GSE264344_design/GSE264344_design__T=dLN__H=3__B=NA__G=delivery_ad5__VS=baseline_0.tsv	TRUE	NA	delivery_ad5__vs__baseline_0	baseline_0	dLN	3	10	10	5	5	1	0.8460065846281515	2.527160204711604	1.6811536200834525	0.7558311602586628	2.5556072574757698	1.7997760972171069	1	lfc0.75_k2_fdr0.2	0.75	2	0.2	anchor	acute_main	loao_2_anchor_weights	GSE264344	GSE39129;GSE167521	746
GSE264344	GSE264344_design__T=dLN__H=6__B=NA__G=delivery_ad26__VS=baseline_0	<upstream_project_root>/00_metadata/verified_metadata/splited/GSE264344_design/GSE264344_design__T=dLN__H=6__B=NA__G=delivery_ad26__VS=baseline_0.tsv	TRUE	NA	delivery_ad26__vs__baseline_0	baseline_0	dLN	6	10	10	5	5	1	0.8460065846281515	4.266232205711712	3.420225621083561	0.7558311602586628	4.3046395467551495	3.5488083864964866	1	lfc0.75_k2_fdr0.2	0.75	2	0.2	anchor	acute_main	loao_2_anchor_weights	GSE264344	GSE39129;GSE167521	746
GSE264344	GSE264344_design__T=dLN__H=6__B=NA__G=delivery_ad5__VS=baseline_0	<upstream_project_root>/00_metadata/verified_metadata/splited/GSE264344_design/GSE264344_design__T=dLN__H=6__B=NA__G=delivery_ad5__VS=baseline_0.tsv	TRUE	NA	delivery_ad5__vs__baseline_0	baseline_0	dLN	6	10	10	5	5	1	0.8460065846281515	3.902891860228943	3.0568852756007914	0.7558311602586628	4.105843569608397	3.350012409349734	1	lfc0.75_k2_fdr0.2	0.75	2	0.2	anchor	acute_main	loao_2_anchor_weights	GSE264344	GSE39129;GSE167521	746
GSE264344	GSE264344_design__T=Muscle__H=1__B=NA__G=delivery_ad26__VS=baseline_0	<upstream_project_root>/00_metadata/verified_metadata/splited/GSE264344_design/GSE264344_design__T=Muscle__H=1__B=NA__G=delivery_ad26__VS=baseline_0.tsv	TRUE	NA	delivery_ad26__vs__baseline_0	baseline_0	Muscle	1	10	10	5	5	1	-1.3307956951581448	-0.594030492653973	0.7367652025041718	-1.2778409844883076	-0.5995301519118862	0.6783108325764214	1	lfc0.75_k2_fdr0.2	0.75	2	0.2	anchor	acute_main	loao_2_anchor_weights	GSE264344	GSE39129;GSE167521	746
GSE264344	GSE264344_design__T=Muscle__H=1__B=NA__G=delivery_ad5__VS=baseline_0	<upstream_project_root>/00_metadata/verified_metadata/splited/GSE264344_design/GSE264344_design__T=Muscle__H=1__B=NA__G=delivery_ad5__VS=baseline_0.tsv	TRUE	NA	delivery_ad5__vs__baseline_0	baseline_0	Muscle	1	10	10	5	5	1	-1.3307956951581448	-0.6035155445724055	0.7272801505857392	-1.2778409844883076	-0.5669479457717955	0.7108930387165121	1	lfc0.75_k2_fdr0.2	0.75	2	0.2	anchor	acute_main	loao_2_anchor_weights	GSE264344	GSE39129;GSE167521	746
GSE264344	GSE264344_design__T=Muscle__H=12__B=NA__G=delivery_ad26__VS=baseline_0	<upstream_project_root>/00_metadata/verified_metadata/splited/GSE264344_design/GSE264344_design__T=Muscle__H=12__B=NA__G=delivery_ad26__VS=baseline_0.tsv	TRUE	NA	delivery_ad26__vs__baseline_0	baseline_0	Muscle	12	10	10	5	5	1	-1.3307956951581448	1.3958316156765485	2.7266273108346932	-1.2778409844883076	1.4626847756846224	2.74052576017293	1	lfc0.75_k2_fdr0.2	0.75	2	0.2	anchor	acute_main	loao_2_anchor_weights	GSE264344	GSE39129;GSE167521	746
GSE264344	GSE264344_design__T=Muscle__H=12__B=NA__G=delivery_ad5__VS=baseline_0	<upstream_project_root>/00_metadata/verified_metadata/splited/GSE264344_design/GSE264344_design__T=Muscle__H=12__B=NA__G=delivery_ad5__VS=baseline_0.tsv	TRUE	NA	delivery_ad5__vs__baseline_0	baseline_0	Muscle	12	10	10	5	5	1	-1.3307956951581448	1.6298802465295366	2.9606759416876813	-1.2778409844883076	1.7253569445387165	3.0031979290270243	1	lfc0.75_k2_fdr0.2	0.75	2	0.2	anchor	acute_main	loao_2_anchor_weights	GSE264344	GSE39129;GSE167521	746
GSE264344	GSE264344_design__T=Muscle__H=24__B=NA__G=delivery_ad26__VS=baseline_0	<upstream_project_root>/00_metadata/verified_metadata/splited/GSE264344_design/GSE264344_design__T=Muscle__H=24__B=NA__G=delivery_ad26__VS=baseline_0.tsv	TRUE	NA	delivery_ad26__vs__baseline_0	baseline_0	Muscle	24	10	10	5	5	1	-1.3307956951581448	0.9428594489657189	2.2736551441238637	-1.2778409844883076	1.1596678337508048	2.4375088182391123	1	lfc0.75_k2_fdr0.2	0.75	2	0.2	anchor	acute_main	loao_2_anchor_weights	GSE264344	GSE39129;GSE167521	746
GSE264344	GSE264344_design__T=Muscle__H=24__B=NA__G=delivery_ad5__VS=baseline_0	<upstream_project_root>/00_metadata/verified_metadata/splited/GSE264344_design/GSE264344_design__T=Muscle__H=24__B=NA__G=delivery_ad5__VS=baseline_0.tsv	TRUE	NA	delivery_ad5__vs__baseline_0	baseline_0	Muscle	24	10	10	5	5	1	-1.3307956951581448	0.9357864021897383	2.266582097347883	-1.2778409844883076	1.2929116390898252	2.570752623578133	1	lfc0.75_k2_fdr0.2	0.75	2	0.2	anchor	acute_main	loao_2_anchor_weights	GSE264344	GSE39129;GSE167521	746
GSE264344	GSE264344_design__T=Muscle__H=3__B=NA__G=delivery_ad26__VS=baseline_0	<upstream_project_root>/00_metadata/verified_metadata/splited/GSE264344_design/GSE264344_design__T=Muscle__H=3__B=NA__G=delivery_ad26__VS=baseline_0.tsv	TRUE	NA	delivery_ad26__vs__baseline_0	baseline_0	Muscle	3	10	10	5	5	1	-1.3307956951581448	0.9979221666044936	2.3287178617626383	-1.2778409844883076	1.2600140682920173	2.537855052780325	1	lfc0.75_k2_fdr0.2	0.75	2	0.2	anchor	acute_main	loao_2_anchor_weights	GSE264344	GSE39129;GSE167521	746
GSE264344	GSE264344_design__T=Muscle__H=3__B=NA__G=delivery_ad5__VS=baseline_0	<upstream_project_root>/00_metadata/verified_metadata/splited/GSE264344_design/GSE264344_design__T=Muscle__H=3__B=NA__G=delivery_ad5__VS=baseline_0.tsv	TRUE	NA	delivery_ad5__vs__baseline_0	baseline_0	Muscle	3	10	10	5	5	1	-1.3307956951581448	0.3683925461853968	1.6991882413435415	-1.2778409844883076	0.539711572074783	1.8175525565630908	1	lfc0.75_k2_fdr0.2	0.75	2	0.2	anchor	acute_main	loao_2_anchor_weights	GSE264344	GSE39129;GSE167521	746
GSE264344	GSE264344_design__T=Muscle__H=6__B=NA__G=delivery_ad26__VS=baseline_0	<upstream_project_root>/00_metadata/verified_metadata/splited/GSE264344_design/GSE264344_design__T=Muscle__H=6__B=NA__G=delivery_ad26__VS=baseline_0.tsv	TRUE	NA	delivery_ad26__vs__baseline_0	baseline_0	Muscle	6	10	10	5	5	1	-1.3307956951581448	1.460140841248585	2.79093653640673	-1.2778409844883076	1.1543256843053427	2.4321666687936503	1	lfc0.75_k2_fdr0.2	0.75	2	0.2	anchor	acute_main	loao_2_anchor_weights	GSE264344	GSE39129;GSE167521	746
GSE264344	GSE264344_design__T=Muscle__H=6__B=NA__G=delivery_ad5__VS=baseline_0	<upstream_project_root>/00_metadata/verified_metadata/splited/GSE264344_design/GSE264344_design__T=Muscle__H=6__B=NA__G=delivery_ad5__VS=baseline_0.tsv	TRUE	NA	delivery_ad5__vs__baseline_0	baseline_0	Muscle	6	10	10	5	5	1	-1.3307956951581448	1.5525068217561742	2.883302516914319	-1.2778409844883076	1.7761352717878156	3.0539762562761235	1	lfc0.75_k2_fdr0.2	0.75	2	0.2	anchor	acute_main	loao_2_anchor_weights	GSE264344	GSE39129;GSE167521	746
GSE39129	GSE39129_design__T=liver__H=4__B=NA__G=delivery_lentiviral_vector_lv__VS=delivery_none	<upstream_project_root>/00_metadata/verified_metadata/splited/GSE39129_design/GSE39129_design__T=liver__H=4__B=NA__G=delivery_lentiviral_vector_lv__VS=delivery_none.tsv	TRUE	NA	delivery_lentiviral_vector_lv___vs__delivery_none	delivery_none	liver	4	6	6	3	3	1	3.700743415417188e-17	60.18689796648097	60.18689796648097	0.37015107626168064	63.186058216549604	62.815907140287926	1	lfc0.75_k2_fdr0.2	0.75	2	0.2	anchor	acute_main	loao_2_anchor_weights	GSE39129	GSE264344;GSE167521	803
GSE167521	GSE167521_design__T=skin__H=24__B=NA__G=delivery_lnp__VS=baseline_0	<upstream_project_root>/00_metadata/verified_metadata/splited/GSE167521_design/GSE167521_design__T=skin__H=24__B=NA__G=delivery_lnp__VS=baseline_0.tsv	TRUE	NA	delivery_lnp__vs__baseline_0	baseline_0	skin	24	8	8	4	4	1	2.0816681711721685e-17	10.479901160692636	10.479901160692636	0.04830343154597398	10.336812297089129	10.288508865543154	1	lfc0.75_k2_fdr0.2	0.75	2	0.2	anchor	acute_main	loao_2_anchor_weights	GSE167521	GSE264344;GSE39129	532
GSE119119	GSE119119_design__T=whole_liver__H=4__B=NA__G=GID00069418__VS=WT_uninfected_whole_liver	<upstream_project_root>/00_metadata/verified_metadata/splited/GSE119119_design/GSE119119_design__T=whole_liver__H=4__B=NA__G=GID00069418__VS=WT_uninfected_whole_liver.tsv	TRUE	NA	WT_virus_plus_rh9C12_H433A_whole_liver__vs__WT_uninfected_whole_liver	WT_uninfected_whole_liver	whole liver	4	8	8	4	4	1	-0.2563023935239576	11.264769301846819	11.521071695370777	-0.3379346978141518	11.224935749930701	11.562870447744853	1	lfc0.75_k3_fdr0.05	0.75	3	0.05	external	acute_main	external_full_3_anchor_weights	NA	NA	NA
GSE119119	GSE119119_design__T=whole_liver__H=4__B=NA__G=GID00088542__VS=TRIM21_KO_uninfected_whole_liver	<upstream_project_root>/00_metadata/verified_metadata/splited/GSE119119_design/GSE119119_design__T=whole_liver__H=4__B=NA__G=GID00088542__VS=TRIM21_KO_uninfected_whole_liver.tsv	TRUE	NA	TRIM21_KO_virus_plus_rh9C12_WT_whole_liver__vs__TRIM21_KO_uninfected_whole_liver	TRIM21_KO_uninfected_whole_liver	whole liver	4	8	8	4	4	1	0.25630239352395773	11.053950942327358	10.7976485488034	0.4791780168701914	11.956548848410069	11.477370831539877	1	lfc0.75_k3_fdr0.05	0.75	3	0.05	external	acute_main	external_full_3_anchor_weights	NA	NA	NA
GSE119119	GSE119119_design__T=whole_liver__H=4__B=NA__G=GID00096342__VS=TRIM21_KO_uninfected_whole_liver	<upstream_project_root>/00_metadata/verified_metadata/splited/GSE119119_design/GSE119119_design__T=whole_liver__H=4__B=NA__G=GID00096342__VS=TRIM21_KO_uninfected_whole_liver.tsv	TRUE	NA	TRIM21_KO_virus_plus_rh9C12_H433A_whole_liver__vs__TRIM21_KO_uninfected_whole_liver	TRIM21_KO_uninfected_whole_liver	whole liver	4	8	8	4	4	1	0.25630239352395773	10.55887739267154	10.302574999147582	0.4791780168701914	10.616838567688681	10.13766055081849	1	lfc0.75_k3_fdr0.05	0.75	3	0.05	external	acute_main	external_full_3_anchor_weights	NA	NA	NA
GSE119119	GSE119119_design__T=whole_liver__H=4__B=NA__G=TRIM21_KO_virus_only_whole_liver__VS=TRIM21_KO_uninfected_whole_liver	<upstream_project_root>/00_metadata/verified_metadata/splited/GSE119119_design/GSE119119_design__T=whole_liver__H=4__B=NA__G=TRIM21_KO_virus_only_whole_liver__VS=TRIM21_KO_uninfected_whole_liver.tsv	TRUE	NA	TRIM21_KO_virus_only_whole_liver__vs__TRIM21_KO_uninfected_whole_liver	TRIM21_KO_uninfected_whole_liver	whole liver	4	8	8	4	4	1	0.25630239352395773	8.940411294361287	8.684108900837328	0.4791780168701914	9.291172267685976	8.811994250815784	1	lfc0.75_k3_fdr0.05	0.75	3	0.05	external	acute_main	external_full_3_anchor_weights	NA	NA	NA
GSE119119	GSE119119_design__T=whole_liver__H=4__B=NA__G=WT_virus_only_whole_liver__VS=WT_uninfected_whole_liver	<upstream_project_root>/00_metadata/verified_metadata/splited/GSE119119_design/GSE119119_design__T=whole_liver__H=4__B=NA__G=WT_virus_only_whole_liver__VS=WT_uninfected_whole_liver.tsv	TRUE	NA	WT_virus_only_whole_liver__vs__WT_uninfected_whole_liver	WT_uninfected_whole_liver	whole liver	4	8	8	4	4	1	-0.2563023935239576	9.32687844966731	9.583180843191268	-0.3379346978141518	9.350896467722936	9.688831165537088	1	lfc0.75_k3_fdr0.05	0.75	3	0.05	external	acute_main	external_full_3_anchor_weights	NA	NA	NA
GSE119119	GSE119119_design__T=whole_liver__H=4__B=NA__G=WT_virus_plus_rh9C12_WT_whole_liver__VS=WT_uninfected_whole_liver	<upstream_project_root>/00_metadata/verified_metadata/splited/GSE119119_design/GSE119119_design__T=whole_liver__H=4__B=NA__G=WT_virus_plus_rh9C12_WT_whole_liver__VS=WT_uninfected_whole_liver.tsv	TRUE	NA	WT_virus_plus_rh9C12_WT_whole_liver__vs__WT_uninfected_whole_liver	WT_uninfected_whole_liver	whole liver	4	8	8	4	4	1	-0.2563023935239576	15.687125767414805	15.943428160938764	-0.3379346978141518	15.915128783344102	16.253063481158254	1	lfc0.75_k3_fdr0.05	0.75	3	0.05	external	acute_main	external_full_3_anchor_weights	NA	NA	NA
GSE139529	GSE139529_design__T=blood__H=24__B=NA__G=ad.mva__VS=none	<upstream_project_root>/00_metadata/verified_metadata/splited/GSE139529_design/GSE139529_design__T=blood__H=24__B=NA__G=ad.mva__VS=none.tsv	TRUE	NA	ad.mva__vs__none	none	blood	24	12	12	6	6	1	-1.8476612022773804e-17	13.772401024572739	13.772401024572739	0.11794454174948082	13.217011554347593	13.099067012598113	1	lfc0.75_k3_fdr0.05	0.75	3	0.05	external	acute_main	external_full_3_anchor_weights	NA	NA	NA
GSE139529	GSE139529_design__T=blood__H=24__B=NA__G=ad_empty__VS=none	<upstream_project_root>/00_metadata/verified_metadata/splited/GSE139529_design/GSE139529_design__T=blood__H=24__B=NA__G=ad_empty__VS=none.tsv	TRUE	NA	ad_empty__vs__none	none	blood	24	12	12	6	6	1	-1.8476612022773804e-17	14.353885140245305	14.353885140245305	0.11794454174948082	14.869602976855493	14.751658435106012	1	lfc0.75_k3_fdr0.05	0.75	3	0.05	external	acute_main	external_full_3_anchor_weights	NA	NA	NA
GSE139529	GSE139529_design__T=blood__H=24__B=NA__G=ad_fhbp__VS=none	<upstream_project_root>/00_metadata/verified_metadata/splited/GSE139529_design/GSE139529_design__T=blood__H=24__B=NA__G=ad_fhbp__VS=none.tsv	TRUE	NA	ad_fhbp__vs__none	none	blood	24	12	12	6	6	1	-1.8476612022773804e-17	15.86898869019934	15.86898869019934	0.11794454174948082	15.943999249009135	15.826054707259654	1	lfc0.75_k3_fdr0.05	0.75	3	0.05	external	acute_main	external_full_3_anchor_weights	NA	NA	NA
GSE139529	GSE139529_design__T=blood__H=24__B=NA__G=ad_pref__VS=none	<upstream_project_root>/00_metadata/verified_metadata/splited/GSE139529_design/GSE139529_design__T=blood__H=24__B=NA__G=ad_pref__VS=none.tsv	TRUE	NA	ad_pref__vs__none	none	blood	24	12	12	6	6	1	-1.8476612022773804e-17	1.8153386574012955	1.8153386574012955	0.11794454174948082	1.6085910407767416	1.4906464990272608	0.6944444444444444	lfc0.75_k3_fdr0.05	0.75	3	0.05	external	acute_main	external_full_3_anchor_weights	NA	NA	NA
GSE139529	GSE139529_design__T=blood__H=24__B=NA__G=mva.ad__VS=none	<upstream_project_root>/00_metadata/verified_metadata/splited/GSE139529_design/GSE139529_design__T=blood__H=24__B=NA__G=mva.ad__VS=none.tsv	TRUE	NA	mva.ad__vs__none	none	blood	24	12	12	6	6	1	-1.8476612022773804e-17	17.36710325504498	17.36710325504498	0.11794454174948082	17.32989157118537	17.21194702943589	1	lfc0.75_k3_fdr0.05	0.75	3	0.05	external	acute_main	external_full_3_anchor_weights	NA	NA	NA
GSE139529	GSE139529_design__T=blood__H=24__B=NA__G=mva_fhbp__VS=none	<upstream_project_root>/00_metadata/verified_metadata/splited/GSE139529_design/GSE139529_design__T=blood__H=24__B=NA__G=mva_fhbp__VS=none.tsv	TRUE	NA	mva_fhbp__vs__none	none	blood	24	12	12	6	6	1	-1.8476612022773804e-17	15.741757400732293	15.741757400732293	0.11794454174948082	15.491964117880617	15.374019576131136	1	lfc0.75_k3_fdr0.05	0.75	3	0.05	external	acute_main	external_full_3_anchor_weights	NA	NA	NA
GSE166655	GSE166655_design__T=Tibialis_anterior__H=672__B=NA__G=delivery_aav9_ar45__VS=delivery_untreated	<upstream_project_root>/00_metadata/verified_metadata/splited/GSE166655_design/GSE166655_design__T=Tibialis_anterior__H=672__B=NA__G=delivery_aav9_ar45__VS=delivery_untreated.tsv	TRUE	NA	delivery_aav9_ar45__vs__delivery_untreated	delivery_untreated	Tibialis anterior	672	6	6	3	3	1	-3.701646917227593e-17	3.5047876832925136	3.5047876832925136	-0.44151205306603813	3.337694833405168	3.779206886471206	1	lfc0.75_k3_fdr0.05	0.75	3	0.05	external	extended_transfer	external_full_3_anchor_weights	NA	NA	NA
GSE166655	GSE166655_design__T=Tibialis_anterior__H=672__B=NA__G=delivery_aav9_gfp__VS=delivery_untreated	<upstream_project_root>/00_metadata/verified_metadata/splited/GSE166655_design/GSE166655_design__T=Tibialis_anterior__H=672__B=NA__G=delivery_aav9_gfp__VS=delivery_untreated.tsv	TRUE	NA	delivery_aav9_gfp__vs__delivery_untreated	delivery_untreated	Tibialis anterior	672	6	6	3	3	1	-3.701646917227593e-17	1.1213767640031203	1.1213767640031203	-0.44151205306603813	1.5880401519646337	2.029552205030672	0.8888888888888888	lfc0.75_k3_fdr0.05	0.75	3	0.05	external	extended_transfer	external_full_3_anchor_weights	NA	NA	NA
GSE178313	GSE178313_design__T=Liver__H=48__B=NA__G=mouse_repopulated_lnp__VS=mouse_repopulated_pbs	<upstream_project_root>/00_metadata/verified_metadata/splited/GSE178313_design/GSE178313_design__T=Liver__H=48__B=NA__G=mouse_repopulated_lnp__VS=mouse_repopulated_pbs.tsv	TRUE	NA	mouse_repopulated_lnp__vs__mouse_repopulated_pbs	mouse_repopulated_pbs	Liver	48	8	8	4	4	1	-1.3877787807814457e-17	6.547353639653107	6.547353639653107	-0.4595648949752571	5.518882222547967	5.978447117523224	1	lfc0.75_k3_fdr0.05	0.75	3	0.05	external	extended_transfer	external_full_3_anchor_weights	NA	NA	NA
GSE262515_cell_line	GSE262515_cell_line__T=cell_line__H=72__B=NA__G=delivery_tlnp_sihbv_50nm__VS=baseline_0	<upstream_project_root>/00_metadata/verified_metadata/splited/GSE262515_cell_line_design/GSE262515_cell_line__T=cell_line__H=72__B=NA__G=delivery_tlnp_sihbv_50nm__VS=baseline_0.tsv	TRUE	NA	delivery_tlnp_sihbv_50nm__vs__baseline_0	baseline_0	cell line	72	6	6	3	3	1	1.848564704087785e-17	3.2846144021733346	3.2846144021733346	-0.4019946826142094	3.7135299359307012	4.115524618544911	1	lfc0.75_k3_fdr0.05	0.75	3	0.05	calibration	extended_transfer	external_full_3_anchor_weights	NA	NA	NA
GSE262515_cell_line	GSE262515_cell_line__T=cell_line__H=72__B=NA__G=delivery_tlnp_sinc_50nm__VS=baseline_0	<upstream_project_root>/00_metadata/verified_metadata/splited/GSE262515_cell_line_design/GSE262515_cell_line__T=cell_line__H=72__B=NA__G=delivery_tlnp_sinc_50nm__VS=baseline_0.tsv	TRUE	NA	delivery_tlnp_sinc_50nm__vs__baseline_0	baseline_0	cell line	72	6	6	3	3	1	1.848564704087785e-17	-1.5687418740423742	-1.5687418740423742	-0.4019946826142094	-1.1338757563063395	-0.7318810736921302	0.2222222222222222	lfc0.75_k3_fdr0.05	0.75	3	0.05	calibration	extended_transfer	external_full_3_anchor_weights	NA	NA	NA
GSE262515_tissue	GSE262515_tissue__T=tissue__H=72__B=NA__G=delivery_tlnp_sihbv_1mg_kg__VS=baseline_0	<upstream_project_root>/00_metadata/verified_metadata/splited/GSE262515_tissue_design/GSE262515_tissue__T=tissue__H=72__B=NA__G=delivery_tlnp_sihbv_1mg_kg__VS=baseline_0.tsv	TRUE	NA	delivery_tlnp_sihbv_1mg_kg__vs__baseline_0	baseline_0	tissue	72	6	6	3	3	1	0	1.5250644931892832	1.5250644931892832	-0.2504061575224704	1.2378127857646968	1.4882189432871673	0.8888888888888888	lfc0.75_k3_fdr0.05	0.75	3	0.05	calibration	extended_transfer	external_full_3_anchor_weights	NA	NA	NA
GSE262515_tissue	GSE262515_tissue__T=tissue__H=72__B=NA__G=delivery_tlnp_sihbv_2_5mg_kg__VS=baseline_0	<upstream_project_root>/00_metadata/verified_metadata/splited/GSE262515_tissue_design/GSE262515_tissue__T=tissue__H=72__B=NA__G=delivery_tlnp_sihbv_2_5mg_kg__VS=baseline_0.tsv	TRUE	NA	delivery_tlnp_sihbv_2_5mg_kg__vs__baseline_0	baseline_0	tissue	72	6	6	3	3	1	0	1.0225755559700058	1.0225755559700058	-0.2504061575224704	1.1628999081194213	1.4133060656418919	0.8888888888888888	lfc0.75_k3_fdr0.05	0.75	3	0.05	calibration	extended_transfer	external_full_3_anchor_weights	NA	NA	NA
GSE262515_tissue	GSE262515_tissue__T=tissue__H=72__B=NA__G=delivery_tlnp_sinc_1mg_kg__VS=baseline_0	<upstream_project_root>/00_metadata/verified_metadata/splited/GSE262515_tissue_design/GSE262515_tissue__T=tissue__H=72__B=NA__G=delivery_tlnp_sinc_1mg_kg__VS=baseline_0.tsv	TRUE	NA	delivery_tlnp_sinc_1mg_kg__vs__baseline_0	baseline_0	tissue	72	6	6	3	3	1	0	1.2452999972667875	1.2452999972667875	-0.2504061575224704	1.1568862653222831	1.4072924228447534	0.8888888888888888	lfc0.75_k3_fdr0.05	0.75	3	0.05	calibration	extended_transfer	external_full_3_anchor_weights	NA	NA	NA
GSE264344	GSE264344_design__T=Blood__H=72__B=NA__G=delivery_ad26__VS=baseline_0	<upstream_project_root>/00_metadata/verified_metadata/splited/GSE264344_design/GSE264344_design__T=Blood__H=72__B=NA__G=delivery_ad26__VS=baseline_0.tsv	TRUE	NA	delivery_ad26__vs__baseline_0	baseline_0	Blood	72	10	10	5	5	1	0.5053645646923998	0.6156439043180516	0.11027933962565184	0.4380014320669292	0.5962068550149585	0.1582054229480293	0.68	lfc0.75_k3_fdr0.05	0.75	3	0.05	external	extended_transfer	external_full_3_anchor_weights	NA	NA	NA
GSE264344	GSE264344_design__T=Blood__H=72__B=NA__G=delivery_ad5__VS=baseline_0	<upstream_project_root>/00_metadata/verified_metadata/splited/GSE264344_design/GSE264344_design__T=Blood__H=72__B=NA__G=delivery_ad5__VS=baseline_0.tsv	TRUE	NA	delivery_ad5__vs__baseline_0	baseline_0	Blood	72	10	10	5	5	1	0.5053645646923998	0.8103718803185125	0.3050073156261127	0.4380014320669292	0.7840760045247476	0.34607457245781836	0.96	lfc0.75_k3_fdr0.05	0.75	3	0.05	external	extended_transfer	external_full_3_anchor_weights	NA	NA	NA
GSE264344	GSE264344_design__T=dLN__H=72__B=NA__G=delivery_ad26__VS=baseline_0	<upstream_project_root>/00_metadata/verified_metadata/splited/GSE264344_design/GSE264344_design__T=dLN__H=72__B=NA__G=delivery_ad26__VS=baseline_0.tsv	TRUE	NA	delivery_ad26__vs__baseline_0	baseline_0	dLN	72	10	10	5	5	1	0.8075829155111129	1.1758183209701716	0.36823540545905864	0.6507516785113353	1.1338611647720478	0.4831094862607125	0.8	lfc0.75_k3_fdr0.05	0.75	3	0.05	external	extended_transfer	external_full_3_anchor_weights	NA	NA	NA
GSE264344	GSE264344_design__T=dLN__H=72__B=NA__G=delivery_ad5__VS=baseline_0	<upstream_project_root>/00_metadata/verified_metadata/splited/GSE264344_design/GSE264344_design__T=dLN__H=72__B=NA__G=delivery_ad5__VS=baseline_0.tsv	TRUE	NA	delivery_ad5__vs__baseline_0	baseline_0	dLN	72	10	10	5	5	1	0.8075829155111129	1.2291304632349551	0.4215475477238422	0.6507516785113353	1.2673277756627641	0.6165760971514288	0.8	lfc0.75_k3_fdr0.05	0.75	3	0.05	external	extended_transfer	external_full_3_anchor_weights	NA	NA	NA
GSE264344	GSE264344_design__T=Muscle__H=72__B=NA__G=delivery_ad26__VS=baseline_0	<upstream_project_root>/00_metadata/verified_metadata/splited/GSE264344_design/GSE264344_design__T=Muscle__H=72__B=NA__G=delivery_ad26__VS=baseline_0.tsv	TRUE	NA	delivery_ad26__vs__baseline_0	baseline_0	Muscle	72	10	10	5	5	1	-1.3129474802035126	-0.258513962201806	1.0544335180017066	-1.2624428779023995	-0.15097924103970864	1.111463636862691	0.96	lfc0.75_k3_fdr0.05	0.75	3	0.05	external	extended_transfer	external_full_3_anchor_weights	NA	NA	NA
GSE264344	GSE264344_design__T=Muscle__H=72__B=NA__G=delivery_ad5__VS=baseline_0	<upstream_project_root>/00_metadata/verified_metadata/splited/GSE264344_design/GSE264344_design__T=Muscle__H=72__B=NA__G=delivery_ad5__VS=baseline_0.tsv	TRUE	NA	delivery_ad5__vs__baseline_0	baseline_0	Muscle	72	10	10	5	5	1	-1.3129474802035126	0.17208979367115462	1.485037273874667	-1.2624428779023995	-0.009632057147160382	1.252810820755239	1	lfc0.75_k3_fdr0.05	0.75	3	0.05	external	extended_transfer	external_full_3_anchor_weights	NA	NA	NA
GSE279372	GSE279372_design__T=draining_lymph_nodes__H=24__B=NA__G=delivery_1000_g_lnps_injected__VS=baseline_0	<upstream_project_root>/00_metadata/verified_metadata/splited/GSE279372_design/GSE279372_design__T=draining_lymph_nodes__H=24__B=NA__G=delivery_1000_g_lnps_injected__VS=baseline_0.tsv	TRUE	NA	delivery_1000_g_lnps_injected__vs__baseline_0	baseline_0	draining lymph nodes	24	8	8	4	4	1	2.7755575615628914e-17	30.49396690702677	30.49396690702677	0.14753527962883506	30.483036417633798	30.335501138004965	1	lfc0.75_k3_fdr0.05	0.75	3	0.05	calibration	acute_main	external_full_3_anchor_weights	NA	NA	NA
GSE279372	GSE279372_design__T=draining_lymph_nodes__H=24__B=NA__G=delivery_250_g_alum_injected__VS=baseline_0	<upstream_project_root>/00_metadata/verified_metadata/splited/GSE279372_design/GSE279372_design__T=draining_lymph_nodes__H=24__B=NA__G=delivery_250_g_alum_injected__VS=baseline_0.tsv	TRUE	NA	delivery_250_g_alum_injected__vs__baseline_0	baseline_0	draining lymph nodes	24	8	8	4	4	1	2.7755575615628914e-17	-0.6937577227251717	-0.6937577227251717	0.14753527962883506	-0.5150915515460877	-0.6626268311749227	0.25	lfc0.75_k3_fdr0.05	0.75	3	0.05	calibration	acute_main	external_full_3_anchor_weights	NA	NA	NA
GSE279372	GSE279372_design__T=draining_lymph_nodes__H=24__B=NA__G=delivery_5_g_gi_1_gii_4_vlp__VS=baseline_0	<upstream_project_root>/00_metadata/verified_metadata/splited/GSE279372_design/GSE279372_design__T=draining_lymph_nodes__H=24__B=NA__G=delivery_5_g_gi_1_gii_4_vlp__VS=baseline_0.tsv	TRUE	NA	delivery_5_g_gi_1_gii_4_vlp__vs__baseline_0	baseline_0	draining lymph nodes	24	8	8	4	4	1	2.7755575615628914e-17	2.645261688227354	2.645261688227354	0.14753527962883506	2.4886134338285792	2.341078154199744	1	lfc0.75_k3_fdr0.05	0.75	3	0.05	calibration	acute_main	external_full_3_anchor_weights	NA	NA	NA
GSE279372	GSE279372_design__T=draining_lymph_nodes__H=24__B=NA__G=GID00110503__VS=baseline_0	<upstream_project_root>/00_metadata/verified_metadata/splited/GSE279372_design/GSE279372_design__T=draining_lymph_nodes__H=24__B=NA__G=GID00110503__VS=baseline_0.tsv	TRUE	NA	delivery_250_g_alum_5_g_gi_1_gii_4_vlp_injected__vs__baseline_0	baseline_0	draining lymph nodes	24	8	8	4	4	1	2.7755575615628914e-17	0.11155038736448217	0.11155038736448214	0.14753527962883506	-0.07344114833763632	-0.22097642796647138	0.4375	lfc0.75_k3_fdr0.05	0.75	3	0.05	calibration	acute_main	external_full_3_anchor_weights	NA	NA	NA
GSE279372	GSE279372_design__T=draining_lymph_nodes__H=24__B=NA__G=GID00110754__VS=baseline_0	<upstream_project_root>/00_metadata/verified_metadata/splited/GSE279372_design/GSE279372_design__T=draining_lymph_nodes__H=24__B=NA__G=GID00110754__VS=baseline_0.tsv	TRUE	NA	delivery_125_g_lnps_5_g_gi_1_gii_4_vlp_injected__vs__baseline_0	baseline_0	draining lymph nodes	24	8	8	4	4	1	2.7755575615628914e-17	23.57763966490849	23.57763966490849	0.14753527962883506	24.55294150863595	24.405406229007117	1	lfc0.75_k3_fdr0.05	0.75	3	0.05	calibration	acute_main	external_full_3_anchor_weights	NA	NA	NA
GSE279372	GSE279372_design__T=draining_lymph_nodes__H=24__B=NA__G=GID00114748__VS=baseline_0	<upstream_project_root>/00_metadata/verified_metadata/splited/GSE279372_design/GSE279372_design__T=draining_lymph_nodes__H=24__B=NA__G=GID00114748__VS=baseline_0.tsv	TRUE	NA	delivery_1000_g_lnps_5_g_gi_1_gii_4_vlp_injected__vs__baseline_0	baseline_0	draining lymph nodes	24	8	8	4	4	1	2.7755575615628914e-17	31.65653066986158	31.65653066986158	0.14753527962883506	31.63975134816565	31.492216068536816	1	lfc0.75_k3_fdr0.05	0.75	3	0.05	calibration	acute_main	external_full_3_anchor_weights	NA	NA	NA
GSE279743	GSE279743_design__T=Lymph_Node__H=6__B=NA__G=delivery_vaccination_with_sm102__VS=baseline_0	<upstream_project_root>/00_metadata/verified_metadata/splited/GSE279743_design/GSE279743_design__T=Lymph_Node__H=6__B=NA__G=delivery_vaccination_with_sm102__VS=baseline_0.tsv	TRUE	NA	delivery_vaccination_with_sm102__vs__baseline_0	baseline_0	Lymph Node	6	6	6	3	3	1	-1.850371707708594e-17	14.350232685022407	14.350232685022407	-0.38224106938807506	15.208327413523776	15.59056848291185	1	lfc0.75_k3_fdr0.05	0.75	3	0.05	external	acute_main	external_full_3_anchor_weights	NA	NA	NA
GSE279743	GSE279743_design__T=Lymph_Node__H=6__B=NA__G=delivery_vaccination_with_ssop__VS=baseline_0	<upstream_project_root>/00_metadata/verified_metadata/splited/GSE279743_design/GSE279743_design__T=Lymph_Node__H=6__B=NA__G=delivery_vaccination_with_ssop__VS=baseline_0.tsv	TRUE	NA	delivery_vaccination_with_ssop__vs__baseline_0	baseline_0	Lymph Node	6	6	6	3	3	1	-1.850371707708594e-17	2.2294185114396217	2.2294185114396217	-0.38224106938807506	2.3864231584879634	2.7686642278760383	0.8888888888888888	lfc0.75_k3_fdr0.05	0.75	3	0.05	external	acute_main	external_full_3_anchor_weights	NA	NA	NA
GSE279744	GSE279744_design__T=lymph_node__H=6__B=NA__G=delivery_vaccination_with_sm102__VS=baseline_0	<upstream_project_root>/00_metadata/verified_metadata/splited/GSE279744_design/GSE279744_design__T=lymph_node__H=6__B=NA__G=delivery_vaccination_with_sm102__VS=baseline_0.tsv	TRUE	NA	delivery_vaccination_with_sm102__vs__baseline_0	baseline_0	lymph node	6	6	6	3	3	1	2.7755575615628914e-17	55.2378664541564	55.2378664541564	0.2427296118037404	54.93120323203427	54.68847362023053	1	lfc0.75_k3_fdr0.05	0.75	3	0.05	calibration	acute_main	external_full_3_anchor_weights	NA	NA	NA
GSE279744	GSE279744_design__T=lymph_node__H=6__B=NA__G=delivery_vaccination_with_ssop__VS=baseline_0	<upstream_project_root>/00_metadata/verified_metadata/splited/GSE279744_design/GSE279744_design__T=lymph_node__H=6__B=NA__G=delivery_vaccination_with_ssop__VS=baseline_0.tsv	TRUE	NA	delivery_vaccination_with_ssop__vs__baseline_0	baseline_0	lymph node	6	6	6	3	3	1	2.7755575615628914e-17	12.85884451871257	12.85884451871257	0.2427296118037404	13.095835572335812	12.853105960532071	1	lfc0.75_k3_fdr0.05	0.75	3	0.05	calibration	acute_main	external_full_3_anchor_weights	NA	NA	NA
GSE314070	GSE314070_design__T=small_intestine__H=336__B=NA__G=delivery_am80_lnp__VS=baseline_0	<upstream_project_root>/00_metadata/verified_metadata/splited/GSE314070_design/GSE314070_design__T=small_intestine__H=336__B=NA__G=delivery_am80_lnp__VS=baseline_0.tsv	TRUE	NA	delivery_am80_lnp__vs__baseline_0	baseline_0	small intestine	336	6	6	3	3	1	0	5.059565599527967	5.059565599527967	0.401924929367955	6.220305135244478	5.818380205876522	0.6666666666666666	lfc0.75_k3_fdr0.05	0.75	3	0.05	external	extended_transfer	external_full_3_anchor_weights	NA	NA	NA
GSE314070	GSE314070_design__T=small_intestine__H=336__B=NA__G=delivery_sm102_lnp__VS=baseline_0	<upstream_project_root>/00_metadata/verified_metadata/splited/GSE314070_design/GSE314070_design__T=small_intestine__H=336__B=NA__G=delivery_sm102_lnp__VS=baseline_0.tsv	TRUE	NA	delivery_sm102_lnp__vs__baseline_0	baseline_0	small intestine	336	6	6	3	3	1	0	-1.3734557144353525	-1.3734557144353525	0.401924929367955	-1.9462233462894372	-2.348148275657392	0.3333333333333333	lfc0.75_k3_fdr0.05	0.75	3	0.05	external	extended_transfer	external_full_3_anchor_weights	NA	NA	NA
GSE264344	GSE264344_design__T=Blood__H=1__B=NA__G=delivery_ad26__VS=baseline_0	<upstream_project_root>/00_metadata/verified_metadata/splited/GSE264344_design/GSE264344_design__T=Blood__H=1__B=NA__G=delivery_ad26__VS=baseline_0.tsv	TRUE	NA	delivery_ad26__vs__baseline_0	baseline_0	Blood	1	10	10	5	5	1	0.5326849548297432	0.6405427189616766	0.10785776413193338	0.55195858533816	0.6490470136878835	0.09708842834972353	0.7200000000000001	lfc0.75_k3_fdr0.05	0.75	3	0.05	anchor	acute_main	loao_2_anchor_weights	GSE264344	GSE39129;GSE167521	596
GSE264344	GSE264344_design__T=Blood__H=1__B=NA__G=delivery_ad5__VS=baseline_0	<upstream_project_root>/00_metadata/verified_metadata/splited/GSE264344_design/GSE264344_design__T=Blood__H=1__B=NA__G=delivery_ad5__VS=baseline_0.tsv	TRUE	NA	delivery_ad5__vs__baseline_0	baseline_0	Blood	1	10	10	5	5	1	0.5326849548297432	0.7374215052590052	0.20473655042926198	0.55195858533816	0.7334836691328075	0.1815250837946475	0.96	lfc0.75_k3_fdr0.05	0.75	3	0.05	anchor	acute_main	loao_2_anchor_weights	GSE264344	GSE39129;GSE167521	596
GSE264344	GSE264344_design__T=Blood__H=12__B=NA__G=delivery_ad26__VS=baseline_0	<upstream_project_root>/00_metadata/verified_metadata/splited/GSE264344_design/GSE264344_design__T=Blood__H=12__B=NA__G=delivery_ad26__VS=baseline_0.tsv	TRUE	NA	delivery_ad26__vs__baseline_0	baseline_0	Blood	12	10	10	5	5	1	0.5326849548297432	3.342743618741432	2.810058663911689	0.55195858533816	3.236742193868675	2.684783608530515	1	lfc0.75_k3_fdr0.05	0.75	3	0.05	anchor	acute_main	loao_2_anchor_weights	GSE264344	GSE39129;GSE167521	596
GSE264344	GSE264344_design__T=Blood__H=12__B=NA__G=delivery_ad5__VS=baseline_0	<upstream_project_root>/00_metadata/verified_metadata/splited/GSE264344_design/GSE264344_design__T=Blood__H=12__B=NA__G=delivery_ad5__VS=baseline_0.tsv	TRUE	NA	delivery_ad5__vs__baseline_0	baseline_0	Blood	12	10	10	5	5	1	0.5326849548297432	2.17391823888216	1.6412332840524166	0.55195858533816	2.231556530419038	1.6795979450808778	1	lfc0.75_k3_fdr0.05	0.75	3	0.05	anchor	acute_main	loao_2_anchor_weights	GSE264344	GSE39129;GSE167521	596
GSE264344	GSE264344_design__T=Blood__H=24__B=NA__G=delivery_ad26__VS=baseline_0	<upstream_project_root>/00_metadata/verified_metadata/splited/GSE264344_design/GSE264344_design__T=Blood__H=24__B=NA__G=delivery_ad26__VS=baseline_0.tsv	TRUE	NA	delivery_ad26__vs__baseline_0	baseline_0	Blood	24	10	10	5	5	1	0.5326849548297432	2.2204750380298934	1.6877900832001502	0.55195858533816	2.274530782936811	1.7225721975986508	1	lfc0.75_k3_fdr0.05	0.75	3	0.05	anchor	acute_main	loao_2_anchor_weights	GSE264344	GSE39129;GSE167521	596
GSE264344	GSE264344_design__T=Blood__H=24__B=NA__G=delivery_ad5__VS=baseline_0	<upstream_project_root>/00_metadata/verified_metadata/splited/GSE264344_design/GSE264344_design__T=Blood__H=24__B=NA__G=delivery_ad5__VS=baseline_0.tsv	TRUE	NA	delivery_ad5__vs__baseline_0	baseline_0	Blood	24	10	10	5	5	1	0.5326849548297432	1.3519380986513063	0.8192531438215631	0.55195858533816	1.3375198143086855	0.7855612289705255	1	lfc0.75_k3_fdr0.05	0.75	3	0.05	anchor	acute_main	loao_2_anchor_weights	GSE264344	GSE39129;GSE167521	596
GSE264344	GSE264344_design__T=Blood__H=3__B=NA__G=delivery_ad26__VS=baseline_0	<upstream_project_root>/00_metadata/verified_metadata/splited/GSE264344_design/GSE264344_design__T=Blood__H=3__B=NA__G=delivery_ad26__VS=baseline_0.tsv	TRUE	NA	delivery_ad26__vs__baseline_0	baseline_0	Blood	3	10	10	5	5	1	0.5326849548297432	2.7507394454544825	2.2180544906247395	0.55195858533816	2.7432866579470017	2.1913280726088415	1	lfc0.75_k3_fdr0.05	0.75	3	0.05	anchor	acute_main	loao_2_anchor_weights	GSE264344	GSE39129;GSE167521	596
GSE264344	GSE264344_design__T=Blood__H=3__B=NA__G=delivery_ad5__VS=baseline_0	<upstream_project_root>/00_metadata/verified_metadata/splited/GSE264344_design/GSE264344_design__T=Blood__H=3__B=NA__G=delivery_ad5__VS=baseline_0.tsv	TRUE	NA	delivery_ad5__vs__baseline_0	baseline_0	Blood	3	10	10	5	5	1	0.5326849548297432	1.1805738277264786	0.6478888728967354	0.55195858533816	1.1689151619638043	0.6169565766256443	1	lfc0.75_k3_fdr0.05	0.75	3	0.05	anchor	acute_main	loao_2_anchor_weights	GSE264344	GSE39129;GSE167521	596
GSE264344	GSE264344_design__T=Blood__H=6__B=NA__G=delivery_ad26__VS=baseline_0	<upstream_project_root>/00_metadata/verified_metadata/splited/GSE264344_design/GSE264344_design__T=Blood__H=6__B=NA__G=delivery_ad26__VS=baseline_0.tsv	TRUE	NA	delivery_ad26__vs__baseline_0	baseline_0	Blood	6	10	10	5	5	1	0.5326849548297432	2.6498592867037303	2.1171743318739873	0.55195858533816	2.6859141180947836	2.1339555327566235	1	lfc0.75_k3_fdr0.05	0.75	3	0.05	anchor	acute_main	loao_2_anchor_weights	GSE264344	GSE39129;GSE167521	596
GSE264344	GSE264344_design__T=Blood__H=6__B=NA__G=delivery_ad5__VS=baseline_0	<upstream_project_root>/00_metadata/verified_metadata/splited/GSE264344_design/GSE264344_design__T=Blood__H=6__B=NA__G=delivery_ad5__VS=baseline_0.tsv	TRUE	NA	delivery_ad5__vs__baseline_0	baseline_0	Blood	6	10	10	5	5	1	0.5326849548297432	3.418853309911055	2.8861683550813115	0.55195858533816	3.5936071088575146	3.0416485235193544	1	lfc0.75_k3_fdr0.05	0.75	3	0.05	anchor	acute_main	loao_2_anchor_weights	GSE264344	GSE39129;GSE167521	596
GSE264344	GSE264344_design__T=dLN__H=1__B=NA__G=delivery_ad26__VS=baseline_0	<upstream_project_root>/00_metadata/verified_metadata/splited/GSE264344_design/GSE264344_design__T=dLN__H=1__B=NA__G=delivery_ad26__VS=baseline_0.tsv	TRUE	NA	delivery_ad26__vs__baseline_0	baseline_0	dLN	1	10	10	5	5	1	0.8052923022458929	1.1220880254251053	0.31679572317921245	0.6979655576202739	1.0036398718029291	0.3056743141826552	0.8400000000000001	lfc0.75_k3_fdr0.05	0.75	3	0.05	anchor	acute_main	loao_2_anchor_weights	GSE264344	GSE39129;GSE167521	596
GSE264344	GSE264344_design__T=dLN__H=1__B=NA__G=delivery_ad5__VS=baseline_0	<upstream_project_root>/00_metadata/verified_metadata/splited/GSE264344_design/GSE264344_design__T=dLN__H=1__B=NA__G=delivery_ad5__VS=baseline_0.tsv	TRUE	NA	delivery_ad5__vs__baseline_0	baseline_0	dLN	1	10	10	5	5	1	0.8052923022458929	1.3383000338411513	0.5330077315952584	0.6979655576202739	1.314198664573998	0.6162331069537241	0.96	lfc0.75_k3_fdr0.05	0.75	3	0.05	anchor	acute_main	loao_2_anchor_weights	GSE264344	GSE39129;GSE167521	596
GSE264344	GSE264344_design__T=dLN__H=12__B=NA__G=delivery_ad26__VS=baseline_0	<upstream_project_root>/00_metadata/verified_metadata/splited/GSE264344_design/GSE264344_design__T=dLN__H=12__B=NA__G=delivery_ad26__VS=baseline_0.tsv	TRUE	NA	delivery_ad26__vs__baseline_0	baseline_0	dLN	12	10	10	5	5	1	0.8052923022458929	4.378765151815102	3.5734728495692094	0.6979655576202739	4.373424034956063	3.675458477335789	1	lfc0.75_k3_fdr0.05	0.75	3	0.05	anchor	acute_main	loao_2_anchor_weights	GSE264344	GSE39129;GSE167521	596
GSE264344	GSE264344_design__T=dLN__H=12__B=NA__G=delivery_ad5__VS=baseline_0	<upstream_project_root>/00_metadata/verified_metadata/splited/GSE264344_design/GSE264344_design__T=dLN__H=12__B=NA__G=delivery_ad5__VS=baseline_0.tsv	TRUE	NA	delivery_ad5__vs__baseline_0	baseline_0	dLN	12	10	10	5	5	1	0.8052923022458929	3.720446405956164	2.9151541037102713	0.6979655576202739	3.7008937549617316	3.0029281973414577	1	lfc0.75_k3_fdr0.05	0.75	3	0.05	anchor	acute_main	loao_2_anchor_weights	GSE264344	GSE39129;GSE167521	596
GSE264344	GSE264344_design__T=dLN__H=24__B=NA__G=delivery_ad26__VS=baseline_0	<upstream_project_root>/00_metadata/verified_metadata/splited/GSE264344_design/GSE264344_design__T=dLN__H=24__B=NA__G=delivery_ad26__VS=baseline_0.tsv	TRUE	NA	delivery_ad26__vs__baseline_0	baseline_0	dLN	24	10	10	5	5	1	0.8052923022458929	2.9139466295736782	2.1086543273277853	0.6979655576202739	2.7399397732527544	2.0419742156324805	1	lfc0.75_k3_fdr0.05	0.75	3	0.05	anchor	acute_main	loao_2_anchor_weights	GSE264344	GSE39129;GSE167521	596
GSE264344	GSE264344_design__T=dLN__H=24__B=NA__G=delivery_ad5__VS=baseline_0	<upstream_project_root>/00_metadata/verified_metadata/splited/GSE264344_design/GSE264344_design__T=dLN__H=24__B=NA__G=delivery_ad5__VS=baseline_0.tsv	TRUE	NA	delivery_ad5__vs__baseline_0	baseline_0	dLN	24	10	10	5	5	1	0.8052923022458929	2.4253356495647598	1.620043347318867	0.6979655576202739	2.4292616589644407	1.7312961013441668	1	lfc0.75_k3_fdr0.05	0.75	3	0.05	anchor	acute_main	loao_2_anchor_weights	GSE264344	GSE39129;GSE167521	596
GSE264344	GSE264344_design__T=dLN__H=3__B=NA__G=delivery_ad26__VS=baseline_0	<upstream_project_root>/00_metadata/verified_metadata/splited/GSE264344_design/GSE264344_design__T=dLN__H=3__B=NA__G=delivery_ad26__VS=baseline_0.tsv	TRUE	NA	delivery_ad26__vs__baseline_0	baseline_0	dLN	3	10	10	5	5	1	0.8052923022458929	3.637562530164838	2.8322702279189453	0.6979655576202739	3.553168490594525	2.855202932974251	1	lfc0.75_k3_fdr0.05	0.75	3	0.05	anchor	acute_main	loao_2_anchor_weights	GSE264344	GSE39129;GSE167521	596
GSE264344	GSE264344_design__T=dLN__H=3__B=NA__G=delivery_ad5__VS=baseline_0	<upstream_project_root>/00_metadata/verified_metadata/splited/GSE264344_design/GSE264344_design__T=dLN__H=3__B=NA__G=delivery_ad5__VS=baseline_0.tsv	TRUE	NA	delivery_ad5__vs__baseline_0	baseline_0	dLN	3	10	10	5	5	1	0.8052923022458929	2.596151383065346	1.790859080819453	0.6979655576202739	2.604797281085754	1.90683172346548	1	lfc0.75_k3_fdr0.05	0.75	3	0.05	anchor	acute_main	loao_2_anchor_weights	GSE264344	GSE39129;GSE167521	596
GSE264344	GSE264344_design__T=dLN__H=6__B=NA__G=delivery_ad26__VS=baseline_0	<upstream_project_root>/00_metadata/verified_metadata/splited/GSE264344_design/GSE264344_design__T=dLN__H=6__B=NA__G=delivery_ad26__VS=baseline_0.tsv	TRUE	NA	delivery_ad26__vs__baseline_0	baseline_0	dLN	6	10	10	5	5	1	0.8052923022458929	4.429544773766604	3.6242524715207107	0.6979655576202739	4.474324319321585	3.7763587617013115	1	lfc0.75_k3_fdr0.05	0.75	3	0.05	anchor	acute_main	loao_2_anchor_weights	GSE264344	GSE39129;GSE167521	596
GSE264344	GSE264344_design__T=dLN__H=6__B=NA__G=delivery_ad5__VS=baseline_0	<upstream_project_root>/00_metadata/verified_metadata/splited/GSE264344_design/GSE264344_design__T=dLN__H=6__B=NA__G=delivery_ad5__VS=baseline_0.tsv	TRUE	NA	delivery_ad5__vs__baseline_0	baseline_0	dLN	6	10	10	5	5	1	0.8052923022458929	4.060635133538625	3.255342831292732	0.6979655576202739	4.2581405441069995	3.5601749864867256	1	lfc0.75_k3_fdr0.05	0.75	3	0.05	anchor	acute_main	loao_2_anchor_weights	GSE264344	GSE39129;GSE167521	596
GSE264344	GSE264344_design__T=Muscle__H=1__B=NA__G=delivery_ad26__VS=baseline_0	<upstream_project_root>/00_metadata/verified_metadata/splited/GSE264344_design/GSE264344_design__T=Muscle__H=1__B=NA__G=delivery_ad26__VS=baseline_0.tsv	TRUE	NA	delivery_ad26__vs__baseline_0	baseline_0	Muscle	1	10	10	5	5	1	-1.3379772570756359	-0.5614567810318208	0.776520476043815	-1.3070077356287768	-0.5392280731293181	0.7677796624994587	1	lfc0.75_k3_fdr0.05	0.75	3	0.05	anchor	acute_main	loao_2_anchor_weights	GSE264344	GSE39129;GSE167521	596
GSE264344	GSE264344_design__T=Muscle__H=1__B=NA__G=delivery_ad5__VS=baseline_0	<upstream_project_root>/00_metadata/verified_metadata/splited/GSE264344_design/GSE264344_design__T=Muscle__H=1__B=NA__G=delivery_ad5__VS=baseline_0.tsv	TRUE	NA	delivery_ad5__vs__baseline_0	baseline_0	Muscle	1	10	10	5	5	1	-1.3379772570756359	-0.5806975291184061	0.7572797279572298	-1.3070077356287768	-0.5426956711572326	0.7643120644715442	1	lfc0.75_k3_fdr0.05	0.75	3	0.05	anchor	acute_main	loao_2_anchor_weights	GSE264344	GSE39129;GSE167521	596
GSE264344	GSE264344_design__T=Muscle__H=12__B=NA__G=delivery_ad26__VS=baseline_0	<upstream_project_root>/00_metadata/verified_metadata/splited/GSE264344_design/GSE264344_design__T=Muscle__H=12__B=NA__G=delivery_ad26__VS=baseline_0.tsv	TRUE	NA	delivery_ad26__vs__baseline_0	baseline_0	Muscle	12	10	10	5	5	1	-1.3379772570756359	1.5628344035038575	2.9008116605794934	-1.3070077356287768	1.6324041635976174	2.9394118992263945	1	lfc0.75_k3_fdr0.05	0.75	3	0.05	anchor	acute_main	loao_2_anchor_weights	GSE264344	GSE39129;GSE167521	596
GSE264344	GSE264344_design__T=Muscle__H=12__B=NA__G=delivery_ad5__VS=baseline_0	<upstream_project_root>/00_metadata/verified_metadata/splited/GSE264344_design/GSE264344_design__T=Muscle__H=12__B=NA__G=delivery_ad5__VS=baseline_0.tsv	TRUE	NA	delivery_ad5__vs__baseline_0	baseline_0	Muscle	12	10	10	5	5	1	-1.3379772570756359	1.7970288248670443	3.13500608194268	-1.3070077356287768	1.8728167642190996	3.1798244998478764	1	lfc0.75_k3_fdr0.05	0.75	3	0.05	anchor	acute_main	loao_2_anchor_weights	GSE264344	GSE39129;GSE167521	596
GSE264344	GSE264344_design__T=Muscle__H=24__B=NA__G=delivery_ad26__VS=baseline_0	<upstream_project_root>/00_metadata/verified_metadata/splited/GSE264344_design/GSE264344_design__T=Muscle__H=24__B=NA__G=delivery_ad26__VS=baseline_0.tsv	TRUE	NA	delivery_ad26__vs__baseline_0	baseline_0	Muscle	24	10	10	5	5	1	-1.3379772570756359	1.0616245811672165	2.3996018382428526	-1.3070077356287768	1.2987418498147587	2.6057495854435357	1	lfc0.75_k3_fdr0.05	0.75	3	0.05	anchor	acute_main	loao_2_anchor_weights	GSE264344	GSE39129;GSE167521	596
GSE264344	GSE264344_design__T=Muscle__H=24__B=NA__G=delivery_ad5__VS=baseline_0	<upstream_project_root>/00_metadata/verified_metadata/splited/GSE264344_design/GSE264344_design__T=Muscle__H=24__B=NA__G=delivery_ad5__VS=baseline_0.tsv	TRUE	NA	delivery_ad5__vs__baseline_0	baseline_0	Muscle	24	10	10	5	5	1	-1.3379772570756359	1.0676810823673195	2.4056583394429554	-1.3070077356287768	1.4506332533489215	2.7576409889776983	1	lfc0.75_k3_fdr0.05	0.75	3	0.05	anchor	acute_main	loao_2_anchor_weights	GSE264344	GSE39129;GSE167521	596
GSE264344	GSE264344_design__T=Muscle__H=3__B=NA__G=delivery_ad26__VS=baseline_0	<upstream_project_root>/00_metadata/verified_metadata/splited/GSE264344_design/GSE264344_design__T=Muscle__H=3__B=NA__G=delivery_ad26__VS=baseline_0.tsv	TRUE	NA	delivery_ad26__vs__baseline_0	baseline_0	Muscle	3	10	10	5	5	1	-1.3379772570756359	1.1181605585278442	2.45613781560348	-1.3070077356287768	1.3820489685400907	2.6890567041688676	1	lfc0.75_k3_fdr0.05	0.75	3	0.05	anchor	acute_main	loao_2_anchor_weights	GSE264344	GSE39129;GSE167521	596
GSE264344	GSE264344_design__T=Muscle__H=3__B=NA__G=delivery_ad5__VS=baseline_0	<upstream_project_root>/00_metadata/verified_metadata/splited/GSE264344_design/GSE264344_design__T=Muscle__H=3__B=NA__G=delivery_ad5__VS=baseline_0.tsv	TRUE	NA	delivery_ad5__vs__baseline_0	baseline_0	Muscle	3	10	10	5	5	1	-1.3379772570756359	0.46946021772235436	1.8074374747979902	-1.3070077356287768	0.6391987914139531	1.94620652704273	1	lfc0.75_k3_fdr0.05	0.75	3	0.05	anchor	acute_main	loao_2_anchor_weights	GSE264344	GSE39129;GSE167521	596
GSE264344	GSE264344_design__T=Muscle__H=6__B=NA__G=delivery_ad26__VS=baseline_0	<upstream_project_root>/00_metadata/verified_metadata/splited/GSE264344_design/GSE264344_design__T=Muscle__H=6__B=NA__G=delivery_ad26__VS=baseline_0.tsv	TRUE	NA	delivery_ad26__vs__baseline_0	baseline_0	Muscle	6	10	10	5	5	1	-1.3379772570756359	1.62082837522276	2.9588056322983958	-1.3070077356287768	1.2887588824255545	2.5957666180543315	1	lfc0.75_k3_fdr0.05	0.75	3	0.05	anchor	acute_main	loao_2_anchor_weights	GSE264344	GSE39129;GSE167521	596
GSE264344	GSE264344_design__T=Muscle__H=6__B=NA__G=delivery_ad5__VS=baseline_0	<upstream_project_root>/00_metadata/verified_metadata/splited/GSE264344_design/GSE264344_design__T=Muscle__H=6__B=NA__G=delivery_ad5__VS=baseline_0.tsv	TRUE	NA	delivery_ad5__vs__baseline_0	baseline_0	Muscle	6	10	10	5	5	1	-1.3379772570756359	1.6903734280429368	3.0283506851185726	-1.3070077356287768	1.9230536794048163	3.2300614150335933	1	lfc0.75_k3_fdr0.05	0.75	3	0.05	anchor	acute_main	loao_2_anchor_weights	GSE264344	GSE39129;GSE167521	596
GSE39129	GSE39129_design__T=liver__H=4__B=NA__G=delivery_lentiviral_vector_lv__VS=delivery_none	<upstream_project_root>/00_metadata/verified_metadata/splited/GSE39129_design/GSE39129_design__T=liver__H=4__B=NA__G=delivery_lentiviral_vector_lv__VS=delivery_none.tsv	TRUE	NA	delivery_lentiviral_vector_lv___vs__delivery_none	delivery_none	liver	4	6	6	3	3	1	3.700743415417188e-17	53.74355744486623	53.74355744486623	0.38124600891918237	56.012774000073804	55.63152799115462	1	lfc0.75_k3_fdr0.05	0.75	3	0.05	anchor	acute_main	loao_2_anchor_weights	GSE39129	GSE264344;GSE167521	633
GSE167521	GSE167521_design__T=skin__H=24__B=NA__G=delivery_lnp__VS=baseline_0	<upstream_project_root>/00_metadata/verified_metadata/splited/GSE167521_design/GSE167521_design__T=skin__H=24__B=NA__G=delivery_lnp__VS=baseline_0.tsv	TRUE	NA	delivery_lnp__vs__baseline_0	baseline_0	skin	24	8	8	4	4	1	2.7755575615628914e-17	9.829915061460591	9.829915061460591	0.025919966729724575	9.642194715775144	9.61627474904542	1	lfc0.75_k3_fdr0.05	0.75	3	0.05	anchor	acute_main	loao_2_anchor_weights	GSE167521	GSE264344;GSE39129	449
GSE119119	GSE119119_design__T=whole_liver__H=4__B=NA__G=GID00069418__VS=WT_uninfected_whole_liver	<upstream_project_root>/00_metadata/verified_metadata/splited/GSE119119_design/GSE119119_design__T=whole_liver__H=4__B=NA__G=GID00069418__VS=WT_uninfected_whole_liver.tsv	TRUE	NA	WT_virus_plus_rh9C12_H433A_whole_liver__vs__WT_uninfected_whole_liver	WT_uninfected_whole_liver	whole liver	4	8	8	4	4	1	-0.2808534404177635	11.31908891014751	11.599942350565273	-0.37858431439396023	11.312350227738628	11.690934542132588	1	lfc0.75_k3_fdr0.1	0.75	3	0.1	external	acute_main	external_full_3_anchor_weights	NA	NA	NA
GSE119119	GSE119119_design__T=whole_liver__H=4__B=NA__G=GID00088542__VS=TRIM21_KO_uninfected_whole_liver	<upstream_project_root>/00_metadata/verified_metadata/splited/GSE119119_design/GSE119119_design__T=whole_liver__H=4__B=NA__G=GID00088542__VS=TRIM21_KO_uninfected_whole_liver.tsv	TRUE	NA	TRIM21_KO_virus_plus_rh9C12_WT_whole_liver__vs__TRIM21_KO_uninfected_whole_liver	TRIM21_KO_uninfected_whole_liver	whole liver	4	8	8	4	4	1	0.28085344041776344	11.18888403783605	10.908030597418287	0.507445166084546	12.10008506059472	11.592639894510175	1	lfc0.75_k3_fdr0.1	0.75	3	0.1	external	acute_main	external_full_3_anchor_weights	NA	NA	NA
GSE119119	GSE119119_design__T=whole_liver__H=4__B=NA__G=GID00096342__VS=TRIM21_KO_uninfected_whole_liver	<upstream_project_root>/00_metadata/verified_metadata/splited/GSE119119_design/GSE119119_design__T=whole_liver__H=4__B=NA__G=GID00096342__VS=TRIM21_KO_uninfected_whole_liver.tsv	TRUE	NA	TRIM21_KO_virus_plus_rh9C12_H433A_whole_liver__vs__TRIM21_KO_uninfected_whole_liver	TRIM21_KO_uninfected_whole_liver	whole liver	4	8	8	4	4	1	0.28085344041776344	10.647667478778153	10.36681403836039	0.507445166084546	10.8295168117445	10.322071645659955	1	lfc0.75_k3_fdr0.1	0.75	3	0.1	external	acute_main	external_full_3_anchor_weights	NA	NA	NA
GSE119119	GSE119119_design__T=whole_liver__H=4__B=NA__G=TRIM21_KO_virus_only_whole_liver__VS=TRIM21_KO_uninfected_whole_liver	<upstream_project_root>/00_metadata/verified_metadata/splited/GSE119119_design/GSE119119_design__T=whole_liver__H=4__B=NA__G=TRIM21_KO_virus_only_whole_liver__VS=TRIM21_KO_uninfected_whole_liver.tsv	TRUE	NA	TRIM21_KO_virus_only_whole_liver__vs__TRIM21_KO_uninfected_whole_liver	TRIM21_KO_uninfected_whole_liver	whole liver	4	8	8	4	4	1	0.28085344041776344	9.17942411453129	8.898570674113527	0.507445166084546	9.729494202028366	9.22204903594382	1	lfc0.75_k3_fdr0.1	0.75	3	0.1	external	acute_main	external_full_3_anchor_weights	NA	NA	NA
GSE119119	GSE119119_design__T=whole_liver__H=4__B=NA__G=WT_virus_only_whole_liver__VS=WT_uninfected_whole_liver	<upstream_project_root>/00_metadata/verified_metadata/splited/GSE119119_design/GSE119119_design__T=whole_liver__H=4__B=NA__G=WT_virus_only_whole_liver__VS=WT_uninfected_whole_liver.tsv	TRUE	NA	WT_virus_only_whole_liver__vs__WT_uninfected_whole_liver	WT_uninfected_whole_liver	whole liver	4	8	8	4	4	1	-0.2808534404177635	9.241631298411887	9.52248473882965	-0.37858431439396023	9.224761955502064	9.603346269896024	1	lfc0.75_k3_fdr0.1	0.75	3	0.1	external	acute_main	external_full_3_anchor_weights	NA	NA	NA
GSE119119	GSE119119_design__T=whole_liver__H=4__B=NA__G=WT_virus_plus_rh9C12_WT_whole_liver__VS=WT_uninfected_whole_liver	<upstream_project_root>/00_metadata/verified_metadata/splited/GSE119119_design/GSE119119_design__T=whole_liver__H=4__B=NA__G=WT_virus_plus_rh9C12_WT_whole_liver__VS=WT_uninfected_whole_liver.tsv	TRUE	NA	WT_virus_plus_rh9C12_WT_whole_liver__vs__WT_uninfected_whole_liver	WT_uninfected_whole_liver	whole liver	4	8	8	4	4	1	-0.2808534404177635	16.189441203104014	16.47029464352178	-0.37858431439396023	16.344473575822896	16.723057890216857	1	lfc0.75_k3_fdr0.1	0.75	3	0.1	external	acute_main	external_full_3_anchor_weights	NA	NA	NA
GSE139529	GSE139529_design__T=blood__H=24__B=NA__G=ad.mva__VS=none	<upstream_project_root>/00_metadata/verified_metadata/splited/GSE139529_design/GSE139529_design__T=blood__H=24__B=NA__G=ad.mva__VS=none.tsv	TRUE	NA	ad.mva__vs__none	none	blood	24	12	12	6	6	1	1.8494682058981897e-17	14.5631951871524	14.5631951871524	0.0979765949036456	14.072469551571452	13.974492956667806	1	lfc0.75_k3_fdr0.1	0.75	3	0.1	external	acute_main	external_full_3_anchor_weights	NA	NA	NA
GSE139529	GSE139529_design__T=blood__H=24__B=NA__G=ad_empty__VS=none	<upstream_project_root>/00_metadata/verified_metadata/splited/GSE139529_design/GSE139529_design__T=blood__H=24__B=NA__G=ad_empty__VS=none.tsv	TRUE	NA	ad_empty__vs__none	none	blood	24	12	12	6	6	1	1.8494682058981897e-17	15.012139334550069	15.012139334550069	0.0979765949036456	15.560949271088028	15.462972676184382	1	lfc0.75_k3_fdr0.1	0.75	3	0.1	external	acute_main	external_full_3_anchor_weights	NA	NA	NA
GSE139529	GSE139529_design__T=blood__H=24__B=NA__G=ad_fhbp__VS=none	<upstream_project_root>/00_metadata/verified_metadata/splited/GSE139529_design/GSE139529_design__T=blood__H=24__B=NA__G=ad_fhbp__VS=none.tsv	TRUE	NA	ad_fhbp__vs__none	none	blood	24	12	12	6	6	1	1.8494682058981897e-17	16.70827893289698	16.70827893289698	0.0979765949036456	16.739025064772804	16.64104846986916	1	lfc0.75_k3_fdr0.1	0.75	3	0.1	external	acute_main	external_full_3_anchor_weights	NA	NA	NA
GSE139529	GSE139529_design__T=blood__H=24__B=NA__G=ad_pref__VS=none	<upstream_project_root>/00_metadata/verified_metadata/splited/GSE139529_design/GSE139529_design__T=blood__H=24__B=NA__G=ad_pref__VS=none.tsv	TRUE	NA	ad_pref__vs__none	none	blood	24	12	12	6	6	1	1.8494682058981897e-17	1.7111301603307747	1.7111301603307747	0.0979765949036456	1.435508552420809	1.3375319575171636	0.6944444444444444	lfc0.75_k3_fdr0.1	0.75	3	0.1	external	acute_main	external_full_3_anchor_weights	NA	NA	NA
GSE139529	GSE139529_design__T=blood__H=24__B=NA__G=mva.ad__VS=none	<upstream_project_root>/00_metadata/verified_metadata/splited/GSE139529_design/GSE139529_design__T=blood__H=24__B=NA__G=mva.ad__VS=none.tsv	TRUE	NA	mva.ad__vs__none	none	blood	24	12	12	6	6	1	1.8494682058981897e-17	18.371217271937564	18.371217271937564	0.0979765949036456	18.395869625019415	18.29789303011577	1	lfc0.75_k3_fdr0.1	0.75	3	0.1	external	acute_main	external_full_3_anchor_weights	NA	NA	NA
GSE139529	GSE139529_design__T=blood__H=24__B=NA__G=mva_fhbp__VS=none	<upstream_project_root>/00_metadata/verified_metadata/splited/GSE139529_design/GSE139529_design__T=blood__H=24__B=NA__G=mva_fhbp__VS=none.tsv	TRUE	NA	mva_fhbp__vs__none	none	blood	24	12	12	6	6	1	1.8494682058981897e-17	16.762196583479692	16.762196583479692	0.0979765949036456	16.506830565943307	16.40885397103966	1	lfc0.75_k3_fdr0.1	0.75	3	0.1	external	acute_main	external_full_3_anchor_weights	NA	NA	NA
GSE166655	GSE166655_design__T=Tibialis_anterior__H=672__B=NA__G=delivery_aav9_ar45__VS=delivery_untreated	<upstream_project_root>/00_metadata/verified_metadata/splited/GSE166655_design/GSE166655_design__T=Tibialis_anterior__H=672__B=NA__G=delivery_aav9_ar45__VS=delivery_untreated.tsv	TRUE	NA	delivery_aav9_ar45__vs__delivery_untreated	delivery_untreated	Tibialis anterior	672	6	6	3	3	1	1.8494682058981897e-17	3.3028841813187055	3.3028841813187055	-0.36599850549129814	3.240112555886938	3.606111061378236	1	lfc0.75_k3_fdr0.1	0.75	3	0.1	external	extended_transfer	external_full_3_anchor_weights	NA	NA	NA
GSE166655	GSE166655_design__T=Tibialis_anterior__H=672__B=NA__G=delivery_aav9_gfp__VS=delivery_untreated	<upstream_project_root>/00_metadata/verified_metadata/splited/GSE166655_design/GSE166655_design__T=Tibialis_anterior__H=672__B=NA__G=delivery_aav9_gfp__VS=delivery_untreated.tsv	TRUE	NA	delivery_aav9_gfp__vs__delivery_untreated	delivery_untreated	Tibialis anterior	672	6	6	3	3	1	1.8494682058981897e-17	0.8815411983410888	0.8815411983410888	-0.36599850549129814	1.3547265556012953	1.7207250610925935	0.8888888888888888	lfc0.75_k3_fdr0.1	0.75	3	0.1	external	extended_transfer	external_full_3_anchor_weights	NA	NA	NA
GSE178313	GSE178313_design__T=Liver__H=48__B=NA__G=mouse_repopulated_lnp__VS=mouse_repopulated_pbs	<upstream_project_root>/00_metadata/verified_metadata/splited/GSE178313_design/GSE178313_design__T=Liver__H=48__B=NA__G=mouse_repopulated_lnp__VS=mouse_repopulated_pbs.tsv	TRUE	NA	mouse_repopulated_lnp__vs__mouse_repopulated_pbs	mouse_repopulated_pbs	Liver	48	8	8	4	4	1	0	6.481497564934693	6.481497564934693	-0.4597234004960703	5.571783272818221	6.031506673314292	1	lfc0.75_k3_fdr0.1	0.75	3	0.1	external	extended_transfer	external_full_3_anchor_weights	NA	NA	NA
GSE262515_cell_line	GSE262515_cell_line__T=cell_line__H=72__B=NA__G=delivery_tlnp_sihbv_50nm__VS=baseline_0	<upstream_project_root>/00_metadata/verified_metadata/splited/GSE262515_cell_line_design/GSE262515_cell_line__T=cell_line__H=72__B=NA__G=delivery_tlnp_sihbv_50nm__VS=baseline_0.tsv	TRUE	NA	delivery_tlnp_sihbv_50nm__vs__baseline_0	baseline_0	cell line	72	6	6	3	3	1	-3.7025504190379976e-17	2.332701854293206	2.332701854293206	-0.3108308399774583	2.9307096392136396	3.241540479191098	0.8888888888888888	lfc0.75_k3_fdr0.1	0.75	3	0.1	calibration	extended_transfer	external_full_3_anchor_weights	NA	NA	NA
GSE262515_cell_line	GSE262515_cell_line__T=cell_line__H=72__B=NA__G=delivery_tlnp_sinc_50nm__VS=baseline_0	<upstream_project_root>/00_metadata/verified_metadata/splited/GSE262515_cell_line_design/GSE262515_cell_line__T=cell_line__H=72__B=NA__G=delivery_tlnp_sinc_50nm__VS=baseline_0.tsv	TRUE	NA	delivery_tlnp_sinc_50nm__vs__baseline_0	baseline_0	cell line	72	6	6	3	3	1	-3.7025504190379976e-17	-2.2299509888106215	-2.2299509888106215	-0.3108308399774583	-1.9160193861760664	-1.6051885461986082	0.2222222222222222	lfc0.75_k3_fdr0.1	0.75	3	0.1	calibration	extended_transfer	external_full_3_anchor_weights	NA	NA	NA
GSE262515_tissue	GSE262515_tissue__T=tissue__H=72__B=NA__G=delivery_tlnp_sihbv_1mg_kg__VS=baseline_0	<upstream_project_root>/00_metadata/verified_metadata/splited/GSE262515_tissue_design/GSE262515_tissue__T=tissue__H=72__B=NA__G=delivery_tlnp_sihbv_1mg_kg__VS=baseline_0.tsv	TRUE	NA	delivery_tlnp_sihbv_1mg_kg__vs__baseline_0	baseline_0	tissue	72	6	6	3	3	1	-9.25185853854297e-18	1.5296316600576536	1.5296316600576536	-0.22343595652718876	1.2657519203954102	1.489187876922599	0.8888888888888888	lfc0.75_k3_fdr0.1	0.75	3	0.1	calibration	extended_transfer	external_full_3_anchor_weights	NA	NA	NA
GSE262515_tissue	GSE262515_tissue__T=tissue__H=72__B=NA__G=delivery_tlnp_sihbv_2_5mg_kg__VS=baseline_0	<upstream_project_root>/00_metadata/verified_metadata/splited/GSE262515_tissue_design/GSE262515_tissue__T=tissue__H=72__B=NA__G=delivery_tlnp_sihbv_2_5mg_kg__VS=baseline_0.tsv	TRUE	NA	delivery_tlnp_sihbv_2_5mg_kg__vs__baseline_0	baseline_0	tissue	72	6	6	3	3	1	-9.25185853854297e-18	1.05196226898349	1.05196226898349	-0.22343595652718876	1.2529448679808852	1.476380824508074	0.8888888888888888	lfc0.75_k3_fdr0.1	0.75	3	0.1	calibration	extended_transfer	external_full_3_anchor_weights	NA	NA	NA
GSE262515_tissue	GSE262515_tissue__T=tissue__H=72__B=NA__G=delivery_tlnp_sinc_1mg_kg__VS=baseline_0	<upstream_project_root>/00_metadata/verified_metadata/splited/GSE262515_tissue_design/GSE262515_tissue__T=tissue__H=72__B=NA__G=delivery_tlnp_sinc_1mg_kg__VS=baseline_0.tsv	TRUE	NA	delivery_tlnp_sinc_1mg_kg__vs__baseline_0	baseline_0	tissue	72	6	6	3	3	1	-9.25185853854297e-18	1.2434810558720775	1.2434810558720775	-0.22343595652718876	1.1424042620063026	1.3658402185334915	1	lfc0.75_k3_fdr0.1	0.75	3	0.1	calibration	extended_transfer	external_full_3_anchor_weights	NA	NA	NA
GSE264344	GSE264344_design__T=Blood__H=72__B=NA__G=delivery_ad26__VS=baseline_0	<upstream_project_root>/00_metadata/verified_metadata/splited/GSE264344_design/GSE264344_design__T=Blood__H=72__B=NA__G=delivery_ad26__VS=baseline_0.tsv	TRUE	NA	delivery_ad26__vs__baseline_0	baseline_0	Blood	72	10	10	5	5	1	0.4810551867003807	0.6036807399795416	0.12262555327916091	0.44575465036255807	0.5708490807722748	0.12509443040971674	0.7200000000000001	lfc0.75_k3_fdr0.1	0.75	3	0.1	external	extended_transfer	external_full_3_anchor_weights	NA	NA	NA
GSE264344	GSE264344_design__T=Blood__H=72__B=NA__G=delivery_ad5__VS=baseline_0	<upstream_project_root>/00_metadata/verified_metadata/splited/GSE264344_design/GSE264344_design__T=Blood__H=72__B=NA__G=delivery_ad5__VS=baseline_0.tsv	TRUE	NA	delivery_ad5__vs__baseline_0	baseline_0	Blood	72	10	10	5	5	1	0.4810551867003807	0.7985115292987285	0.31745634259834776	0.44575465036255807	0.7741511638002901	0.3283965134377321	0.96	lfc0.75_k3_fdr0.1	0.75	3	0.1	external	extended_transfer	external_full_3_anchor_weights	NA	NA	NA
GSE264344	GSE264344_design__T=dLN__H=72__B=NA__G=delivery_ad26__VS=baseline_0	<upstream_project_root>/00_metadata/verified_metadata/splited/GSE264344_design/GSE264344_design__T=dLN__H=72__B=NA__G=delivery_ad26__VS=baseline_0.tsv	TRUE	NA	delivery_ad26__vs__baseline_0	baseline_0	dLN	72	10	10	5	5	1	0.8273698348086699	1.1693624495803614	0.3419926147716915	0.6783709111209197	1.1210035421940414	0.4426326310731217	0.8	lfc0.75_k3_fdr0.1	0.75	3	0.1	external	extended_transfer	external_full_3_anchor_weights	NA	NA	NA
GSE264344	GSE264344_design__T=dLN__H=72__B=NA__G=delivery_ad5__VS=baseline_0	<upstream_project_root>/00_metadata/verified_metadata/splited/GSE264344_design/GSE264344_design__T=dLN__H=72__B=NA__G=delivery_ad5__VS=baseline_0.tsv	TRUE	NA	delivery_ad5__vs__baseline_0	baseline_0	dLN	72	10	10	5	5	1	0.8273698348086699	1.22794733316766	0.40057749835899015	0.6783709111209197	1.266589422508511	0.5882185113875913	0.8	lfc0.75_k3_fdr0.1	0.75	3	0.1	external	extended_transfer	external_full_3_anchor_weights	NA	NA	NA
GSE264344	GSE264344_design__T=Muscle__H=72__B=NA__G=delivery_ad26__VS=baseline_0	<upstream_project_root>/00_metadata/verified_metadata/splited/GSE264344_design/GSE264344_design__T=Muscle__H=72__B=NA__G=delivery_ad26__VS=baseline_0.tsv	TRUE	NA	delivery_ad26__vs__baseline_0	baseline_0	Muscle	72	10	10	5	5	1	-1.3084250215090507	-0.24590813779853932	1.0625168837105115	-1.2322622684238163	-0.10436199465499135	1.1279002737688248	0.96	lfc0.75_k3_fdr0.1	0.75	3	0.1	external	extended_transfer	external_full_3_anchor_weights	NA	NA	NA
GSE264344	GSE264344_design__T=Muscle__H=72__B=NA__G=delivery_ad5__VS=baseline_0	<upstream_project_root>/00_metadata/verified_metadata/splited/GSE264344_design/GSE264344_design__T=Muscle__H=72__B=NA__G=delivery_ad5__VS=baseline_0.tsv	TRUE	NA	delivery_ad5__vs__baseline_0	baseline_0	Muscle	72	10	10	5	5	1	-1.3084250215090507	0.1891827380144235	1.4976077595234742	-1.2322622684238163	0.0042558858544845465	1.2365181542783008	1	lfc0.75_k3_fdr0.1	0.75	3	0.1	external	extended_transfer	external_full_3_anchor_weights	NA	NA	NA
GSE279372	GSE279372_design__T=draining_lymph_nodes__H=24__B=NA__G=delivery_1000_g_lnps_injected__VS=baseline_0	<upstream_project_root>/00_metadata/verified_metadata/splited/GSE279372_design/GSE279372_design__T=draining_lymph_nodes__H=24__B=NA__G=delivery_1000_g_lnps_injected__VS=baseline_0.tsv	TRUE	NA	delivery_1000_g_lnps_injected__vs__baseline_0	baseline_0	draining lymph nodes	24	8	8	4	4	1	0	31.13812450074942	31.13812450074942	0.17620326993786345	31.176303121129653	31.000099851191788	1	lfc0.75_k3_fdr0.1	0.75	3	0.1	calibration	acute_main	external_full_3_anchor_weights	NA	NA	NA
GSE279372	GSE279372_design__T=draining_lymph_nodes__H=24__B=NA__G=delivery_250_g_alum_injected__VS=baseline_0	<upstream_project_root>/00_metadata/verified_metadata/splited/GSE279372_design/GSE279372_design__T=draining_lymph_nodes__H=24__B=NA__G=delivery_250_g_alum_injected__VS=baseline_0.tsv	TRUE	NA	delivery_250_g_alum_injected__vs__baseline_0	baseline_0	draining lymph nodes	24	8	8	4	4	1	0	-0.785103896764286	-0.785103896764286	0.17620326993786345	-0.6062063592162983	-0.7824096291541618	0.3125	lfc0.75_k3_fdr0.1	0.75	3	0.1	calibration	acute_main	external_full_3_anchor_weights	NA	NA	NA
GSE279372	GSE279372_design__T=draining_lymph_nodes__H=24__B=NA__G=delivery_5_g_gi_1_gii_4_vlp__VS=baseline_0	<upstream_project_root>/00_metadata/verified_metadata/splited/GSE279372_design/GSE279372_design__T=draining_lymph_nodes__H=24__B=NA__G=delivery_5_g_gi_1_gii_4_vlp__VS=baseline_0.tsv	TRUE	NA	delivery_5_g_gi_1_gii_4_vlp__vs__baseline_0	baseline_0	draining lymph nodes	24	8	8	4	4	1	0	2.5465707102715207	2.5465707102715207	0.17620326993786345	2.498167437247428	2.321964167309565	1	lfc0.75_k3_fdr0.1	0.75	3	0.1	calibration	acute_main	external_full_3_anchor_weights	NA	NA	NA
GSE279372	GSE279372_design__T=draining_lymph_nodes__H=24__B=NA__G=GID00110503__VS=baseline_0	<upstream_project_root>/00_metadata/verified_metadata/splited/GSE279372_design/GSE279372_design__T=draining_lymph_nodes__H=24__B=NA__G=GID00110503__VS=baseline_0.tsv	TRUE	NA	delivery_250_g_alum_5_g_gi_1_gii_4_vlp_injected__vs__baseline_0	baseline_0	draining lymph nodes	24	8	8	4	4	1	0	0.18183806814751097	0.18183806814751097	0.17620326993786345	0.021924136651150228	-0.15427913328671322	0.5625	lfc0.75_k3_fdr0.1	0.75	3	0.1	calibration	acute_main	external_full_3_anchor_weights	NA	NA	NA
GSE279372	GSE279372_design__T=draining_lymph_nodes__H=24__B=NA__G=GID00110754__VS=baseline_0	<upstream_project_root>/00_metadata/verified_metadata/splited/GSE279372_design/GSE279372_design__T=draining_lymph_nodes__H=24__B=NA__G=GID00110754__VS=baseline_0.tsv	TRUE	NA	delivery_125_g_lnps_5_g_gi_1_gii_4_vlp_injected__vs__baseline_0	baseline_0	draining lymph nodes	24	8	8	4	4	1	0	24.040396192790627	24.040396192790627	0.17620326993786345	25.057322218910585	24.88111894897272	1	lfc0.75_k3_fdr0.1	0.75	3	0.1	calibration	acute_main	external_full_3_anchor_weights	NA	NA	NA
GSE279372	GSE279372_design__T=draining_lymph_nodes__H=24__B=NA__G=GID00114748__VS=baseline_0	<upstream_project_root>/00_metadata/verified_metadata/splited/GSE279372_design/GSE279372_design__T=draining_lymph_nodes__H=24__B=NA__G=GID00114748__VS=baseline_0.tsv	TRUE	NA	delivery_1000_g_lnps_5_g_gi_1_gii_4_vlp_injected__vs__baseline_0	baseline_0	draining lymph nodes	24	8	8	4	4	1	0	32.37173234870593	32.37173234870593	0.17620326993786345	32.34088882303882	32.16468555310095	1	lfc0.75_k3_fdr0.1	0.75	3	0.1	calibration	acute_main	external_full_3_anchor_weights	NA	NA	NA
GSE279743	GSE279743_design__T=Lymph_Node__H=6__B=NA__G=delivery_vaccination_with_sm102__VS=baseline_0	<upstream_project_root>/00_metadata/verified_metadata/splited/GSE279743_design/GSE279743_design__T=Lymph_Node__H=6__B=NA__G=delivery_vaccination_with_sm102__VS=baseline_0.tsv	TRUE	NA	delivery_vaccination_with_sm102__vs__baseline_0	baseline_0	Lymph Node	6	6	6	3	3	1	-1.850371707708594e-17	14.596364900401287	14.596364900401287	-0.4094962162398455	15.603558900053581	16.013055116293426	1	lfc0.75_k3_fdr0.1	0.75	3	0.1	external	acute_main	external_full_3_anchor_weights	NA	NA	NA
GSE279743	GSE279743_design__T=Lymph_Node__H=6__B=NA__G=delivery_vaccination_with_ssop__VS=baseline_0	<upstream_project_root>/00_metadata/verified_metadata/splited/GSE279743_design/GSE279743_design__T=Lymph_Node__H=6__B=NA__G=delivery_vaccination_with_ssop__VS=baseline_0.tsv	TRUE	NA	delivery_vaccination_with_ssop__vs__baseline_0	baseline_0	Lymph Node	6	6	6	3	3	1	-1.850371707708594e-17	2.2804812643424937	2.2804812643424937	-0.4094962162398455	2.4105721577213837	2.820068373961229	0.8888888888888888	lfc0.75_k3_fdr0.1	0.75	3	0.1	external	acute_main	external_full_3_anchor_weights	NA	NA	NA
GSE279744	GSE279744_design__T=lymph_node__H=6__B=NA__G=delivery_vaccination_with_sm102__VS=baseline_0	<upstream_project_root>/00_metadata/verified_metadata/splited/GSE279744_design/GSE279744_design__T=lymph_node__H=6__B=NA__G=delivery_vaccination_with_sm102__VS=baseline_0.tsv	TRUE	NA	delivery_vaccination_with_sm102__vs__baseline_0	baseline_0	lymph node	6	6	6	3	3	1	-3.700743415417188e-17	59.6458020738465	59.6458020738465	0.3093773867649334	59.38749989192393	59.078122505158994	1	lfc0.75_k3_fdr0.1	0.75	3	0.1	calibration	acute_main	external_full_3_anchor_weights	NA	NA	NA
GSE279744	GSE279744_design__T=lymph_node__H=6__B=NA__G=delivery_vaccination_with_ssop__VS=baseline_0	<upstream_project_root>/00_metadata/verified_metadata/splited/GSE279744_design/GSE279744_design__T=lymph_node__H=6__B=NA__G=delivery_vaccination_with_ssop__VS=baseline_0.tsv	TRUE	NA	delivery_vaccination_with_ssop__vs__baseline_0	baseline_0	lymph node	6	6	6	3	3	1	-3.700743415417188e-17	13.495328405824928	13.495328405824928	0.3093773867649334	13.777505483781695	13.468128097016763	1	lfc0.75_k3_fdr0.1	0.75	3	0.1	calibration	acute_main	external_full_3_anchor_weights	NA	NA	NA
GSE314070	GSE314070_design__T=small_intestine__H=336__B=NA__G=delivery_am80_lnp__VS=baseline_0	<upstream_project_root>/00_metadata/verified_metadata/splited/GSE314070_design/GSE314070_design__T=small_intestine__H=336__B=NA__G=delivery_am80_lnp__VS=baseline_0.tsv	TRUE	NA	delivery_am80_lnp__vs__baseline_0	baseline_0	small intestine	336	6	6	3	3	1	0	5.568597058759877	5.568597058759877	0.47025842227697934	6.702558885862717	6.232300463585738	0.6666666666666666	lfc0.75_k3_fdr0.1	0.75	3	0.1	external	extended_transfer	external_full_3_anchor_weights	NA	NA	NA
GSE314070	GSE314070_design__T=small_intestine__H=336__B=NA__G=delivery_sm102_lnp__VS=baseline_0	<upstream_project_root>/00_metadata/verified_metadata/splited/GSE314070_design/GSE314070_design__T=small_intestine__H=336__B=NA__G=delivery_sm102_lnp__VS=baseline_0.tsv	TRUE	NA	delivery_sm102_lnp__vs__baseline_0	baseline_0	small intestine	336	6	6	3	3	1	0	-1.3153437728496806	-1.3153437728496806	0.47025842227697934	-1.674285673606503	-2.1445440958834823	0.3333333333333333	lfc0.75_k3_fdr0.1	0.75	3	0.1	external	extended_transfer	external_full_3_anchor_weights	NA	NA	NA
GSE264344	GSE264344_design__T=Blood__H=1__B=NA__G=delivery_ad26__VS=baseline_0	<upstream_project_root>/00_metadata/verified_metadata/splited/GSE264344_design/GSE264344_design__T=Blood__H=1__B=NA__G=delivery_ad26__VS=baseline_0.tsv	TRUE	NA	delivery_ad26__vs__baseline_0	baseline_0	Blood	1	10	10	5	5	1	0.5125369373757281	0.6328033617989475	0.12026642442321933	0.5520406037127668	0.6394872848314372	0.08744668111867049	0.7200000000000001	lfc0.75_k3_fdr0.1	0.75	3	0.1	anchor	acute_main	loao_2_anchor_weights	GSE264344	GSE39129;GSE167521	661
GSE264344	GSE264344_design__T=Blood__H=1__B=NA__G=delivery_ad5__VS=baseline_0	<upstream_project_root>/00_metadata/verified_metadata/splited/GSE264344_design/GSE264344_design__T=Blood__H=1__B=NA__G=delivery_ad5__VS=baseline_0.tsv	TRUE	NA	delivery_ad5__vs__baseline_0	baseline_0	Blood	1	10	10	5	5	1	0.5125369373757281	0.7354631657946241	0.22292622841889598	0.5520406037127668	0.7244219800870523	0.17238137637428552	0.96	lfc0.75_k3_fdr0.1	0.75	3	0.1	anchor	acute_main	loao_2_anchor_weights	GSE264344	GSE39129;GSE167521	661
GSE264344	GSE264344_design__T=Blood__H=12__B=NA__G=delivery_ad26__VS=baseline_0	<upstream_project_root>/00_metadata/verified_metadata/splited/GSE264344_design/GSE264344_design__T=Blood__H=12__B=NA__G=delivery_ad26__VS=baseline_0.tsv	TRUE	NA	delivery_ad26__vs__baseline_0	baseline_0	Blood	12	10	10	5	5	1	0.5125369373757281	3.242336759197819	2.729799821822091	0.5520406037127668	3.14478713091568	2.5927465272029133	1	lfc0.75_k3_fdr0.1	0.75	3	0.1	anchor	acute_main	loao_2_anchor_weights	GSE264344	GSE39129;GSE167521	661
GSE264344	GSE264344_design__T=Blood__H=12__B=NA__G=delivery_ad5__VS=baseline_0	<upstream_project_root>/00_metadata/verified_metadata/splited/GSE264344_design/GSE264344_design__T=Blood__H=12__B=NA__G=delivery_ad5__VS=baseline_0.tsv	TRUE	NA	delivery_ad5__vs__baseline_0	baseline_0	Blood	12	10	10	5	5	1	0.5125369373757281	2.091998224004989	1.579461286629261	0.5520406037127668	2.160600898048589	1.6085602943358221	1	lfc0.75_k3_fdr0.1	0.75	3	0.1	anchor	acute_main	loao_2_anchor_weights	GSE264344	GSE39129;GSE167521	661
GSE264344	GSE264344_design__T=Blood__H=24__B=NA__G=delivery_ad26__VS=baseline_0	<upstream_project_root>/00_metadata/verified_metadata/splited/GSE264344_design/GSE264344_design__T=Blood__H=24__B=NA__G=delivery_ad26__VS=baseline_0.tsv	TRUE	NA	delivery_ad26__vs__baseline_0	baseline_0	Blood	24	10	10	5	5	1	0.5125369373757281	2.149829204046921	1.637292266671193	0.5520406037127668	2.1944295767495907	1.642388973036824	1	lfc0.75_k3_fdr0.1	0.75	3	0.1	anchor	acute_main	loao_2_anchor_weights	GSE264344	GSE39129;GSE167521	661
GSE264344	GSE264344_design__T=Blood__H=24__B=NA__G=delivery_ad5__VS=baseline_0	<upstream_project_root>/00_metadata/verified_metadata/splited/GSE264344_design/GSE264344_design__T=Blood__H=24__B=NA__G=delivery_ad5__VS=baseline_0.tsv	TRUE	NA	delivery_ad5__vs__baseline_0	baseline_0	Blood	24	10	10	5	5	1	0.5125369373757281	1.3029382688768936	0.7904013315011654	0.5520406037127668	1.2512301767539369	0.6991895730411701	1	lfc0.75_k3_fdr0.1	0.75	3	0.1	anchor	acute_main	loao_2_anchor_weights	GSE264344	GSE39129;GSE167521	661
GSE264344	GSE264344_design__T=Blood__H=3__B=NA__G=delivery_ad26__VS=baseline_0	<upstream_project_root>/00_metadata/verified_metadata/splited/GSE264344_design/GSE264344_design__T=Blood__H=3__B=NA__G=delivery_ad26__VS=baseline_0.tsv	TRUE	NA	delivery_ad26__vs__baseline_0	baseline_0	Blood	3	10	10	5	5	1	0.5125369373757281	2.720952710896625	2.208415773520897	0.5520406037127668	2.7450264973878373	2.1929858936750706	1	lfc0.75_k3_fdr0.1	0.75	3	0.1	anchor	acute_main	loao_2_anchor_weights	GSE264344	GSE39129;GSE167521	661
GSE264344	GSE264344_design__T=Blood__H=3__B=NA__G=delivery_ad5__VS=baseline_0	<upstream_project_root>/00_metadata/verified_metadata/splited/GSE264344_design/GSE264344_design__T=Blood__H=3__B=NA__G=delivery_ad5__VS=baseline_0.tsv	TRUE	NA	delivery_ad5__vs__baseline_0	baseline_0	Blood	3	10	10	5	5	1	0.5125369373757281	1.1528463990308924	0.6403094616551642	0.5520406037127668	1.1452624022238604	0.5932217985110937	1	lfc0.75_k3_fdr0.1	0.75	3	0.1	anchor	acute_main	loao_2_anchor_weights	GSE264344	GSE39129;GSE167521	661
GSE264344	GSE264344_design__T=Blood__H=6__B=NA__G=delivery_ad26__VS=baseline_0	<upstream_project_root>/00_metadata/verified_metadata/splited/GSE264344_design/GSE264344_design__T=Blood__H=6__B=NA__G=delivery_ad26__VS=baseline_0.tsv	TRUE	NA	delivery_ad26__vs__baseline_0	baseline_0	Blood	6	10	10	5	5	1	0.5125369373757281	2.5761174188329417	2.0635804814572136	0.5520406037127668	2.616903863893465	2.064863260180698	1	lfc0.75_k3_fdr0.1	0.75	3	0.1	anchor	acute_main	loao_2_anchor_weights	GSE264344	GSE39129;GSE167521	661
GSE264344	GSE264344_design__T=Blood__H=6__B=NA__G=delivery_ad5__VS=baseline_0	<upstream_project_root>/00_metadata/verified_metadata/splited/GSE264344_design/GSE264344_design__T=Blood__H=6__B=NA__G=delivery_ad5__VS=baseline_0.tsv	TRUE	NA	delivery_ad5__vs__baseline_0	baseline_0	Blood	6	10	10	5	5	1	0.5125369373757281	3.3336534971830662	2.821116559807338	0.5520406037127668	3.5197819172023252	2.9677413134895585	1	lfc0.75_k3_fdr0.1	0.75	3	0.1	anchor	acute_main	loao_2_anchor_weights	GSE264344	GSE39129;GSE167521	661
GSE264344	GSE264344_design__T=dLN__H=1__B=NA__G=delivery_ad26__VS=baseline_0	<upstream_project_root>/00_metadata/verified_metadata/splited/GSE264344_design/GSE264344_design__T=dLN__H=1__B=NA__G=delivery_ad26__VS=baseline_0.tsv	TRUE	NA	delivery_ad26__vs__baseline_0	baseline_0	dLN	1	10	10	5	5	1	0.8218278415597647	1.1219827964922988	0.3001549549325341	0.7226366178691853	0.9948066620986059	0.2721700442294206	0.8400000000000001	lfc0.75_k3_fdr0.1	0.75	3	0.1	anchor	acute_main	loao_2_anchor_weights	GSE264344	GSE39129;GSE167521	661
GSE264344	GSE264344_design__T=dLN__H=1__B=NA__G=delivery_ad5__VS=baseline_0	<upstream_project_root>/00_metadata/verified_metadata/splited/GSE264344_design/GSE264344_design__T=dLN__H=1__B=NA__G=delivery_ad5__VS=baseline_0.tsv	TRUE	NA	delivery_ad5__vs__baseline_0	baseline_0	dLN	1	10	10	5	5	1	0.8218278415597647	1.3389555589117306	0.5171277173519658	0.7226366178691853	1.3082123741352334	0.5855757562660481	0.96	lfc0.75_k3_fdr0.1	0.75	3	0.1	anchor	acute_main	loao_2_anchor_weights	GSE264344	GSE39129;GSE167521	661
GSE264344	GSE264344_design__T=dLN__H=12__B=NA__G=delivery_ad26__VS=baseline_0	<upstream_project_root>/00_metadata/verified_metadata/splited/GSE264344_design/GSE264344_design__T=dLN__H=12__B=NA__G=delivery_ad26__VS=baseline_0.tsv	TRUE	NA	delivery_ad26__vs__baseline_0	baseline_0	dLN	12	10	10	5	5	1	0.8218278415597647	4.297007172691592	3.4751793311318275	0.7226366178691853	4.266486464456303	3.543849846587118	1	lfc0.75_k3_fdr0.1	0.75	3	0.1	anchor	acute_main	loao_2_anchor_weights	GSE264344	GSE39129;GSE167521	661
GSE264344	GSE264344_design__T=dLN__H=12__B=NA__G=delivery_ad5__VS=baseline_0	<upstream_project_root>/00_metadata/verified_metadata/splited/GSE264344_design/GSE264344_design__T=dLN__H=12__B=NA__G=delivery_ad5__VS=baseline_0.tsv	TRUE	NA	delivery_ad5__vs__baseline_0	baseline_0	dLN	12	10	10	5	5	1	0.8218278415597647	3.646358075585833	2.824530234026068	0.7226366178691853	3.6254695141073108	2.9028328962381256	1	lfc0.75_k3_fdr0.1	0.75	3	0.1	anchor	acute_main	loao_2_anchor_weights	GSE264344	GSE39129;GSE167521	661
GSE264344	GSE264344_design__T=dLN__H=24__B=NA__G=delivery_ad26__VS=baseline_0	<upstream_project_root>/00_metadata/verified_metadata/splited/GSE264344_design/GSE264344_design__T=dLN__H=24__B=NA__G=delivery_ad26__VS=baseline_0.tsv	TRUE	NA	delivery_ad26__vs__baseline_0	baseline_0	dLN	24	10	10	5	5	1	0.8218278415597647	2.865428036144043	2.043600194584278	0.7226366178691853	2.6868783219168875	1.9642417040477023	1	lfc0.75_k3_fdr0.1	0.75	3	0.1	anchor	acute_main	loao_2_anchor_weights	GSE264344	GSE39129;GSE167521	661
GSE264344	GSE264344_design__T=dLN__H=24__B=NA__G=delivery_ad5__VS=baseline_0	<upstream_project_root>/00_metadata/verified_metadata/splited/GSE264344_design/GSE264344_design__T=dLN__H=24__B=NA__G=delivery_ad5__VS=baseline_0.tsv	TRUE	NA	delivery_ad5__vs__baseline_0	baseline_0	dLN	24	10	10	5	5	1	0.8218278415597647	2.398614361389248	1.5767865198294833	0.7226366178691853	2.406939137359618	1.6843025194904326	1	lfc0.75_k3_fdr0.1	0.75	3	0.1	anchor	acute_main	loao_2_anchor_weights	GSE264344	GSE39129;GSE167521	661
GSE264344	GSE264344_design__T=dLN__H=3__B=NA__G=delivery_ad26__VS=baseline_0	<upstream_project_root>/00_metadata/verified_metadata/splited/GSE264344_design/GSE264344_design__T=dLN__H=3__B=NA__G=delivery_ad26__VS=baseline_0.tsv	TRUE	NA	delivery_ad26__vs__baseline_0	baseline_0	dLN	3	10	10	5	5	1	0.8218278415597647	3.5908497657205913	2.7690219241608265	0.7226366178691853	3.509651649480453	2.7870150316112676	1	lfc0.75_k3_fdr0.1	0.75	3	0.1	anchor	acute_main	loao_2_anchor_weights	GSE264344	GSE39129;GSE167521	661
GSE264344	GSE264344_design__T=dLN__H=3__B=NA__G=delivery_ad5__VS=baseline_0	<upstream_project_root>/00_metadata/verified_metadata/splited/GSE264344_design/GSE264344_design__T=dLN__H=3__B=NA__G=delivery_ad5__VS=baseline_0.tsv	TRUE	NA	delivery_ad5__vs__baseline_0	baseline_0	dLN	3	10	10	5	5	1	0.8218278415597647	2.5516413105786366	1.7298134690188718	0.7226366178691853	2.5736232922854914	1.8509866744163062	1	lfc0.75_k3_fdr0.1	0.75	3	0.1	anchor	acute_main	loao_2_anchor_weights	GSE264344	GSE39129;GSE167521	661
GSE264344	GSE264344_design__T=dLN__H=6__B=NA__G=delivery_ad26__VS=baseline_0	<upstream_project_root>/00_metadata/verified_metadata/splited/GSE264344_design/GSE264344_design__T=dLN__H=6__B=NA__G=delivery_ad26__VS=baseline_0.tsv	TRUE	NA	delivery_ad26__vs__baseline_0	baseline_0	dLN	6	10	10	5	5	1	0.8218278415597647	4.332407616571269	3.5105797750115038	0.7226366178691853	4.376882096488011	3.6542454786188254	1	lfc0.75_k3_fdr0.1	0.75	3	0.1	anchor	acute_main	loao_2_anchor_weights	GSE264344	GSE39129;GSE167521	661
GSE264344	GSE264344_design__T=dLN__H=6__B=NA__G=delivery_ad5__VS=baseline_0	<upstream_project_root>/00_metadata/verified_metadata/splited/GSE264344_design/GSE264344_design__T=dLN__H=6__B=NA__G=delivery_ad5__VS=baseline_0.tsv	TRUE	NA	delivery_ad5__vs__baseline_0	baseline_0	dLN	6	10	10	5	5	1	0.8218278415597647	3.9644052804119436	3.1425774388521788	0.7226366178691853	4.167024896820764	3.4443882789515787	1	lfc0.75_k3_fdr0.1	0.75	3	0.1	anchor	acute_main	loao_2_anchor_weights	GSE264344	GSE39129;GSE167521	661
GSE264344	GSE264344_design__T=Muscle__H=1__B=NA__G=delivery_ad26__VS=baseline_0	<upstream_project_root>/00_metadata/verified_metadata/splited/GSE264344_design/GSE264344_design__T=Muscle__H=1__B=NA__G=delivery_ad26__VS=baseline_0.tsv	TRUE	NA	delivery_ad26__vs__baseline_0	baseline_0	Muscle	1	10	10	5	5	1	-1.3343647789354929	-0.5840736890340349	0.750291089901458	-1.291890151022552	-0.5902972063210709	0.7015929447014811	1	lfc0.75_k3_fdr0.1	0.75	3	0.1	anchor	acute_main	loao_2_anchor_weights	GSE264344	GSE39129;GSE167521	661
GSE264344	GSE264344_design__T=Muscle__H=1__B=NA__G=delivery_ad5__VS=baseline_0	<upstream_project_root>/00_metadata/verified_metadata/splited/GSE264344_design/GSE264344_design__T=Muscle__H=1__B=NA__G=delivery_ad5__VS=baseline_0.tsv	TRUE	NA	delivery_ad5__vs__baseline_0	baseline_0	Muscle	1	10	10	5	5	1	-1.3343647789354929	-0.5953616293562721	0.7390031495792208	-1.291890151022552	-0.555886855762682	0.73600329525987	1	lfc0.75_k3_fdr0.1	0.75	3	0.1	anchor	acute_main	loao_2_anchor_weights	GSE264344	GSE39129;GSE167521	661
GSE264344	GSE264344_design__T=Muscle__H=12__B=NA__G=delivery_ad26__VS=baseline_0	<upstream_project_root>/00_metadata/verified_metadata/splited/GSE264344_design/GSE264344_design__T=Muscle__H=12__B=NA__G=delivery_ad26__VS=baseline_0.tsv	TRUE	NA	delivery_ad26__vs__baseline_0	baseline_0	Muscle	12	10	10	5	5	1	-1.3343647789354929	1.4836354118463029	2.8180001907817958	-1.291890151022552	1.5592515520289045	2.8511417030514563	1	lfc0.75_k3_fdr0.1	0.75	3	0.1	anchor	acute_main	loao_2_anchor_weights	GSE264344	GSE39129;GSE167521	661
GSE264344	GSE264344_design__T=Muscle__H=12__B=NA__G=delivery_ad5__VS=baseline_0	<upstream_project_root>/00_metadata/verified_metadata/splited/GSE264344_design/GSE264344_design__T=Muscle__H=12__B=NA__G=delivery_ad5__VS=baseline_0.tsv	TRUE	NA	delivery_ad5__vs__baseline_0	baseline_0	Muscle	12	10	10	5	5	1	-1.3343647789354929	1.7096254346312474	3.0439902135667403	-1.291890151022552	1.7956844437946082	3.08757459481716	1	lfc0.75_k3_fdr0.1	0.75	3	0.1	anchor	acute_main	loao_2_anchor_weights	GSE264344	GSE39129;GSE167521	661
GSE264344	GSE264344_design__T=Muscle__H=24__B=NA__G=delivery_ad26__VS=baseline_0	<upstream_project_root>/00_metadata/verified_metadata/splited/GSE264344_design/GSE264344_design__T=Muscle__H=24__B=NA__G=delivery_ad26__VS=baseline_0.tsv	TRUE	NA	delivery_ad26__vs__baseline_0	baseline_0	Muscle	24	10	10	5	5	1	-1.3343647789354929	0.9937737724082679	2.328138551343761	-1.291890151022552	1.2048216045704707	2.4967117555930227	1	lfc0.75_k3_fdr0.1	0.75	3	0.1	anchor	acute_main	loao_2_anchor_weights	GSE264344	GSE39129;GSE167521	661
GSE264344	GSE264344_design__T=Muscle__H=24__B=NA__G=delivery_ad5__VS=baseline_0	<upstream_project_root>/00_metadata/verified_metadata/splited/GSE264344_design/GSE264344_design__T=Muscle__H=24__B=NA__G=delivery_ad5__VS=baseline_0.tsv	TRUE	NA	delivery_ad5__vs__baseline_0	baseline_0	Muscle	24	10	10	5	5	1	-1.3343647789354929	1.01762607271964	2.351990851655133	-1.291890151022552	1.3989489748019484	2.6908391258245006	1	lfc0.75_k3_fdr0.1	0.75	3	0.1	anchor	acute_main	loao_2_anchor_weights	GSE264344	GSE39129;GSE167521	661
GSE264344	GSE264344_design__T=Muscle__H=3__B=NA__G=delivery_ad26__VS=baseline_0	<upstream_project_root>/00_metadata/verified_metadata/splited/GSE264344_design/GSE264344_design__T=Muscle__H=3__B=NA__G=delivery_ad26__VS=baseline_0.tsv	TRUE	NA	delivery_ad26__vs__baseline_0	baseline_0	Muscle	3	10	10	5	5	1	-1.3343647789354929	1.0489949353888348	2.3833597143243277	-1.291890151022552	1.3162050315831717	2.608095182605724	1	lfc0.75_k3_fdr0.1	0.75	3	0.1	anchor	acute_main	loao_2_anchor_weights	GSE264344	GSE39129;GSE167521	661
GSE264344	GSE264344_design__T=Muscle__H=3__B=NA__G=delivery_ad5__VS=baseline_0	<upstream_project_root>/00_metadata/verified_metadata/splited/GSE264344_design/GSE264344_design__T=Muscle__H=3__B=NA__G=delivery_ad5__VS=baseline_0.tsv	TRUE	NA	delivery_ad5__vs__baseline_0	baseline_0	Muscle	3	10	10	5	5	1	-1.3343647789354929	0.39399353266750725	1.7283583116030001	-1.291890151022552	0.5575535651338148	1.8494437161563668	1	lfc0.75_k3_fdr0.1	0.75	3	0.1	anchor	acute_main	loao_2_anchor_weights	GSE264344	GSE39129;GSE167521	661
GSE264344	GSE264344_design__T=Muscle__H=6__B=NA__G=delivery_ad26__VS=baseline_0	<upstream_project_root>/00_metadata/verified_metadata/splited/GSE264344_design/GSE264344_design__T=Muscle__H=6__B=NA__G=delivery_ad26__VS=baseline_0.tsv	TRUE	NA	delivery_ad26__vs__baseline_0	baseline_0	Muscle	6	10	10	5	5	1	-1.3343647789354929	1.5431140115683806	2.8774787905038735	-1.291890151022552	1.231454565444599	2.523344716467151	1	lfc0.75_k3_fdr0.1	0.75	3	0.1	anchor	acute_main	loao_2_anchor_weights	GSE264344	GSE39129;GSE167521	661
GSE264344	GSE264344_design__T=Muscle__H=6__B=NA__G=delivery_ad5__VS=baseline_0	<upstream_project_root>/00_metadata/verified_metadata/splited/GSE264344_design/GSE264344_design__T=Muscle__H=6__B=NA__G=delivery_ad5__VS=baseline_0.tsv	TRUE	NA	delivery_ad5__vs__baseline_0	baseline_0	Muscle	6	10	10	5	5	1	-1.3343647789354929	1.6114973341530774	2.9458621130885705	-1.291890151022552	1.835746099528404	3.127636250550956	1	lfc0.75_k3_fdr0.1	0.75	3	0.1	anchor	acute_main	loao_2_anchor_weights	GSE264344	GSE39129;GSE167521	661
GSE39129	GSE39129_design__T=liver__H=4__B=NA__G=delivery_lentiviral_vector_lv__VS=delivery_none	<upstream_project_root>/00_metadata/verified_metadata/splited/GSE39129_design/GSE39129_design__T=liver__H=4__B=NA__G=delivery_lentiviral_vector_lv__VS=delivery_none.tsv	TRUE	NA	delivery_lentiviral_vector_lv___vs__delivery_none	delivery_none	liver	4	6	6	3	3	1	1.850371707708594e-17	58.03384033943544	58.03384033943544	0.41609699022960084	60.88631740386763	60.47022041363803	1	lfc0.75_k3_fdr0.1	0.75	3	0.1	anchor	acute_main	loao_2_anchor_weights	GSE39129	GSE264344;GSE167521	711
GSE167521	GSE167521_design__T=skin__H=24__B=NA__G=delivery_lnp__VS=baseline_0	<upstream_project_root>/00_metadata/verified_metadata/splited/GSE167521_design/GSE167521_design__T=skin__H=24__B=NA__G=delivery_lnp__VS=baseline_0.tsv	TRUE	NA	delivery_lnp__vs__baseline_0	baseline_0	skin	24	8	8	4	4	1	2.0816681711721685e-17	10.143209500468439	10.143209500468439	0.034028364870652125	9.944251961005735	9.910223596135083	1	lfc0.75_k3_fdr0.1	0.75	3	0.1	anchor	acute_main	loao_2_anchor_weights	GSE167521	GSE264344;GSE39129	476
GSE119119	GSE119119_design__T=whole_liver__H=4__B=NA__G=GID00069418__VS=WT_uninfected_whole_liver	<upstream_project_root>/00_metadata/verified_metadata/splited/GSE119119_design/GSE119119_design__T=whole_liver__H=4__B=NA__G=GID00069418__VS=WT_uninfected_whole_liver.tsv	TRUE	NA	WT_virus_plus_rh9C12_H433A_whole_liver__vs__WT_uninfected_whole_liver	WT_uninfected_whole_liver	whole liver	4	8	8	4	4	1	-0.29746140372826757	11.392969576352922	11.690430980081189	-0.38606442376442496	11.410461616477969	11.796526040242394	1	lfc0.75_k3_fdr0.2	0.75	3	0.2	external	acute_main	external_full_3_anchor_weights	NA	NA	NA
GSE119119	GSE119119_design__T=whole_liver__H=4__B=NA__G=GID00088542__VS=TRIM21_KO_uninfected_whole_liver	<upstream_project_root>/00_metadata/verified_metadata/splited/GSE119119_design/GSE119119_design__T=whole_liver__H=4__B=NA__G=GID00088542__VS=TRIM21_KO_uninfected_whole_liver.tsv	TRUE	NA	TRIM21_KO_virus_plus_rh9C12_WT_whole_liver__vs__TRIM21_KO_uninfected_whole_liver	TRIM21_KO_uninfected_whole_liver	whole liver	4	8	8	4	4	1	0.29746140372826757	11.165752019353885	10.868290615625618	0.5020953553069958	11.924475024614253	11.422379669307258	1	lfc0.75_k3_fdr0.2	0.75	3	0.2	external	acute_main	external_full_3_anchor_weights	NA	NA	NA
GSE119119	GSE119119_design__T=whole_liver__H=4__B=NA__G=GID00096342__VS=TRIM21_KO_uninfected_whole_liver	<upstream_project_root>/00_metadata/verified_metadata/splited/GSE119119_design/GSE119119_design__T=whole_liver__H=4__B=NA__G=GID00096342__VS=TRIM21_KO_uninfected_whole_liver.tsv	TRUE	NA	TRIM21_KO_virus_plus_rh9C12_H433A_whole_liver__vs__TRIM21_KO_uninfected_whole_liver	TRIM21_KO_uninfected_whole_liver	whole liver	4	8	8	4	4	1	0.29746140372826757	10.277961293501363	9.980499889773096	0.5020953553069958	10.323028491557196	9.8209331362502	1	lfc0.75_k3_fdr0.2	0.75	3	0.2	external	acute_main	external_full_3_anchor_weights	NA	NA	NA
GSE119119	GSE119119_design__T=whole_liver__H=4__B=NA__G=TRIM21_KO_virus_only_whole_liver__VS=TRIM21_KO_uninfected_whole_liver	<upstream_project_root>/00_metadata/verified_metadata/splited/GSE119119_design/GSE119119_design__T=whole_liver__H=4__B=NA__G=TRIM21_KO_virus_only_whole_liver__VS=TRIM21_KO_uninfected_whole_liver.tsv	TRUE	NA	TRIM21_KO_virus_only_whole_liver__vs__TRIM21_KO_uninfected_whole_liver	TRIM21_KO_uninfected_whole_liver	whole liver	4	8	8	4	4	1	0.29746140372826757	9.227817069333701	8.930355665605434	0.5020953553069958	9.810659091295229	9.308563735988233	1	lfc0.75_k3_fdr0.2	0.75	3	0.2	external	acute_main	external_full_3_anchor_weights	NA	NA	NA
GSE119119	GSE119119_design__T=whole_liver__H=4__B=NA__G=WT_virus_only_whole_liver__VS=WT_uninfected_whole_liver	<upstream_project_root>/00_metadata/verified_metadata/splited/GSE119119_design/GSE119119_design__T=whole_liver__H=4__B=NA__G=WT_virus_only_whole_liver__VS=WT_uninfected_whole_liver.tsv	TRUE	NA	WT_virus_only_whole_liver__vs__WT_uninfected_whole_liver	WT_uninfected_whole_liver	whole liver	4	8	8	4	4	1	-0.29746140372826757	9.30861188093788	9.606073284666147	-0.38606442376442496	9.288913463932804	9.67497788769723	1	lfc0.75_k3_fdr0.2	0.75	3	0.2	external	acute_main	external_full_3_anchor_weights	NA	NA	NA
GSE119119	GSE119119_design__T=whole_liver__H=4__B=NA__G=WT_virus_plus_rh9C12_WT_whole_liver__VS=WT_uninfected_whole_liver	<upstream_project_root>/00_metadata/verified_metadata/splited/GSE119119_design/GSE119119_design__T=whole_liver__H=4__B=NA__G=WT_virus_plus_rh9C12_WT_whole_liver__VS=WT_uninfected_whole_liver.tsv	TRUE	NA	WT_virus_plus_rh9C12_WT_whole_liver__vs__WT_uninfected_whole_liver	WT_uninfected_whole_liver	whole liver	4	8	8	4	4	1	-0.29746140372826757	16.12977049239093	16.427231896119196	-0.38606442376442496	16.140986248715596	16.52705067248002	1	lfc0.75_k3_fdr0.2	0.75	3	0.2	external	acute_main	external_full_3_anchor_weights	NA	NA	NA
GSE139529	GSE139529_design__T=blood__H=24__B=NA__G=ad.mva__VS=none	<upstream_project_root>/00_metadata/verified_metadata/splited/GSE139529_design/GSE139529_design__T=blood__H=24__B=NA__G=ad.mva__VS=none.tsv	TRUE	NA	ad.mva__vs__none	none	blood	24	12	12	6	6	1	9.269928574751063e-18	14.655744755901207	14.655744755901207	0.15128716679345672	14.181047632539183	14.029760465745726	1	lfc0.75_k3_fdr0.2	0.75	3	0.2	external	acute_main	external_full_3_anchor_weights	NA	NA	NA
GSE139529	GSE139529_design__T=blood__H=24__B=NA__G=ad_empty__VS=none	<upstream_project_root>/00_metadata/verified_metadata/splited/GSE139529_design/GSE139529_design__T=blood__H=24__B=NA__G=ad_empty__VS=none.tsv	TRUE	NA	ad_empty__vs__none	none	blood	24	12	12	6	6	1	9.269928574751063e-18	15.121213962538135	15.121213962538135	0.15128716679345672	15.607497333075292	15.456210166281835	1	lfc0.75_k3_fdr0.2	0.75	3	0.2	external	acute_main	external_full_3_anchor_weights	NA	NA	NA
GSE139529	GSE139529_design__T=blood__H=24__B=NA__G=ad_fhbp__VS=none	<upstream_project_root>/00_metadata/verified_metadata/splited/GSE139529_design/GSE139529_design__T=blood__H=24__B=NA__G=ad_fhbp__VS=none.tsv	TRUE	NA	ad_fhbp__vs__none	none	blood	24	12	12	6	6	1	9.269928574751063e-18	16.961341399516947	16.961341399516947	0.15128716679345672	17.058579130729107	16.907291963935652	1	lfc0.75_k3_fdr0.2	0.75	3	0.2	external	acute_main	external_full_3_anchor_weights	NA	NA	NA
GSE139529	GSE139529_design__T=blood__H=24__B=NA__G=ad_pref__VS=none	<upstream_project_root>/00_metadata/verified_metadata/splited/GSE139529_design/GSE139529_design__T=blood__H=24__B=NA__G=ad_pref__VS=none.tsv	TRUE	NA	ad_pref__vs__none	none	blood	24	12	12	6	6	1	9.269928574751063e-18	1.570373777618872	1.570373777618872	0.15128716679345672	1.2597540739739472	1.1084669071804905	0.6944444444444444	lfc0.75_k3_fdr0.2	0.75	3	0.2	external	acute_main	external_full_3_anchor_weights	NA	NA	NA
GSE139529	GSE139529_design__T=blood__H=24__B=NA__G=mva.ad__VS=none	<upstream_project_root>/00_metadata/verified_metadata/splited/GSE139529_design/GSE139529_design__T=blood__H=24__B=NA__G=mva.ad__VS=none.tsv	TRUE	NA	mva.ad__vs__none	none	blood	24	12	12	6	6	1	9.269928574751063e-18	18.632210227463343	18.632210227463343	0.15128716679345672	18.760235084001124	18.60894791720767	1	lfc0.75_k3_fdr0.2	0.75	3	0.2	external	acute_main	external_full_3_anchor_weights	NA	NA	NA
GSE139529	GSE139529_design__T=blood__H=24__B=NA__G=mva_fhbp__VS=none	<upstream_project_root>/00_metadata/verified_metadata/splited/GSE139529_design/GSE139529_design__T=blood__H=24__B=NA__G=mva_fhbp__VS=none.tsv	TRUE	NA	mva_fhbp__vs__none	none	blood	24	12	12	6	6	1	9.269928574751063e-18	17.034259332198328	17.034259332198328	0.15128716679345672	16.80111109972499	16.649823932931536	1	lfc0.75_k3_fdr0.2	0.75	3	0.2	external	acute_main	external_full_3_anchor_weights	NA	NA	NA
GSE166655	GSE166655_design__T=Tibialis_anterior__H=672__B=NA__G=delivery_aav9_ar45__VS=delivery_untreated	<upstream_project_root>/00_metadata/verified_metadata/splited/GSE166655_design/GSE166655_design__T=Tibialis_anterior__H=672__B=NA__G=delivery_aav9_ar45__VS=delivery_untreated.tsv	TRUE	NA	delivery_aav9_ar45__vs__delivery_untreated	delivery_untreated	Tibialis anterior	672	6	6	3	3	1	-1.8494682058981897e-17	3.1007442238879634	3.1007442238879634	-0.406762945756822	2.910260767662386	3.317023713419208	1	lfc0.75_k3_fdr0.2	0.75	3	0.2	external	extended_transfer	external_full_3_anchor_weights	NA	NA	NA
GSE166655	GSE166655_design__T=Tibialis_anterior__H=672__B=NA__G=delivery_aav9_gfp__VS=delivery_untreated	<upstream_project_root>/00_metadata/verified_metadata/splited/GSE166655_design/GSE166655_design__T=Tibialis_anterior__H=672__B=NA__G=delivery_aav9_gfp__VS=delivery_untreated.tsv	TRUE	NA	delivery_aav9_gfp__vs__delivery_untreated	delivery_untreated	Tibialis anterior	672	6	6	3	3	1	-1.8494682058981897e-17	0.966518333319843	0.966518333319843	-0.406762945756822	1.3573713623967636	1.7641343081535856	0.8888888888888888	lfc0.75_k3_fdr0.2	0.75	3	0.2	external	extended_transfer	external_full_3_anchor_weights	NA	NA	NA
GSE178313	GSE178313_design__T=Liver__H=48__B=NA__G=mouse_repopulated_lnp__VS=mouse_repopulated_pbs	<upstream_project_root>/00_metadata/verified_metadata/splited/GSE178313_design/GSE178313_design__T=Liver__H=48__B=NA__G=mouse_repopulated_lnp__VS=mouse_repopulated_pbs.tsv	TRUE	NA	mouse_repopulated_lnp__vs__mouse_repopulated_pbs	mouse_repopulated_pbs	Liver	48	8	8	4	4	1	-6.938893903907228e-17	6.035378819445917	6.035378819445917	-0.4617211514771298	5.1354405532765	5.5971617047536295	1	lfc0.75_k3_fdr0.2	0.75	3	0.2	external	extended_transfer	external_full_3_anchor_weights	NA	NA	NA
GSE262515_cell_line	GSE262515_cell_line__T=cell_line__H=72__B=NA__G=delivery_tlnp_sihbv_50nm__VS=baseline_0	<upstream_project_root>/00_metadata/verified_metadata/splited/GSE262515_cell_line_design/GSE262515_cell_line__T=cell_line__H=72__B=NA__G=delivery_tlnp_sihbv_50nm__VS=baseline_0.tsv	TRUE	NA	delivery_tlnp_sihbv_50nm__vs__baseline_0	baseline_0	cell line	72	6	6	3	3	1	3.7025504190379976e-17	2.557737512197381	2.557737512197381	-0.3209911188637077	3.0582871189080483	3.379278237771756	0.8888888888888888	lfc0.75_k3_fdr0.2	0.75	3	0.2	calibration	extended_transfer	external_full_3_anchor_weights	NA	NA	NA
GSE262515_cell_line	GSE262515_cell_line__T=cell_line__H=72__B=NA__G=delivery_tlnp_sinc_50nm__VS=baseline_0	<upstream_project_root>/00_metadata/verified_metadata/splited/GSE262515_cell_line_design/GSE262515_cell_line__T=cell_line__H=72__B=NA__G=delivery_tlnp_sinc_50nm__VS=baseline_0.tsv	TRUE	NA	delivery_tlnp_sinc_50nm__vs__baseline_0	baseline_0	cell line	72	6	6	3	3	1	3.7025504190379976e-17	-2.1548413465850604	-2.1548413465850604	-0.3209911188637077	-2.000036431250764	-1.6790453123870566	0.2222222222222222	lfc0.75_k3_fdr0.2	0.75	3	0.2	calibration	extended_transfer	external_full_3_anchor_weights	NA	NA	NA
GSE262515_tissue	GSE262515_tissue__T=tissue__H=72__B=NA__G=delivery_tlnp_sihbv_1mg_kg__VS=baseline_0	<upstream_project_root>/00_metadata/verified_metadata/splited/GSE262515_tissue_design/GSE262515_tissue__T=tissue__H=72__B=NA__G=delivery_tlnp_sihbv_1mg_kg__VS=baseline_0.tsv	TRUE	NA	delivery_tlnp_sihbv_1mg_kg__vs__baseline_0	baseline_0	tissue	72	6	6	3	3	1	-7.401486830834377e-17	1.5392961536613208	1.5392961536613208	-0.19534496011645186	1.261135833997066	1.4564807941135178	0.8888888888888888	lfc0.75_k3_fdr0.2	0.75	3	0.2	calibration	extended_transfer	external_full_3_anchor_weights	NA	NA	NA
GSE262515_tissue	GSE262515_tissue__T=tissue__H=72__B=NA__G=delivery_tlnp_sihbv_2_5mg_kg__VS=baseline_0	<upstream_project_root>/00_metadata/verified_metadata/splited/GSE262515_tissue_design/GSE262515_tissue__T=tissue__H=72__B=NA__G=delivery_tlnp_sihbv_2_5mg_kg__VS=baseline_0.tsv	TRUE	NA	delivery_tlnp_sihbv_2_5mg_kg__vs__baseline_0	baseline_0	tissue	72	6	6	3	3	1	-7.401486830834377e-17	1.0861133236782377	1.0861133236782377	-0.19534496011645186	1.428116526596611	1.6234614867130628	0.8888888888888888	lfc0.75_k3_fdr0.2	0.75	3	0.2	calibration	extended_transfer	external_full_3_anchor_weights	NA	NA	NA
GSE262515_tissue	GSE262515_tissue__T=tissue__H=72__B=NA__G=delivery_tlnp_sinc_1mg_kg__VS=baseline_0	<upstream_project_root>/00_metadata/verified_metadata/splited/GSE262515_tissue_design/GSE262515_tissue__T=tissue__H=72__B=NA__G=delivery_tlnp_sinc_1mg_kg__VS=baseline_0.tsv	TRUE	NA	delivery_tlnp_sinc_1mg_kg__vs__baseline_0	baseline_0	tissue	72	6	6	3	3	1	-7.401486830834377e-17	1.34160244131008	1.34160244131008	-0.19534496011645186	1.3455814153736585	1.5409263754901104	1	lfc0.75_k3_fdr0.2	0.75	3	0.2	calibration	extended_transfer	external_full_3_anchor_weights	NA	NA	NA
GSE264344	GSE264344_design__T=Blood__H=72__B=NA__G=delivery_ad26__VS=baseline_0	<upstream_project_root>/00_metadata/verified_metadata/splited/GSE264344_design/GSE264344_design__T=Blood__H=72__B=NA__G=delivery_ad26__VS=baseline_0.tsv	TRUE	NA	delivery_ad26__vs__baseline_0	baseline_0	Blood	72	10	10	5	5	1	0.4531646296524171	0.6003452510760249	0.14718062142360777	0.420469967351507	0.633085476500257	0.21261550914875005	0.7200000000000001	lfc0.75_k3_fdr0.2	0.75	3	0.2	external	extended_transfer	external_full_3_anchor_weights	NA	NA	NA
GSE264344	GSE264344_design__T=Blood__H=72__B=NA__G=delivery_ad5__VS=baseline_0	<upstream_project_root>/00_metadata/verified_metadata/splited/GSE264344_design/GSE264344_design__T=Blood__H=72__B=NA__G=delivery_ad5__VS=baseline_0.tsv	TRUE	NA	delivery_ad5__vs__baseline_0	baseline_0	Blood	72	10	10	5	5	1	0.4531646296524171	0.792619419261736	0.33945478960931885	0.420469967351507	0.804732642311301	0.38426267495979405	0.96	lfc0.75_k3_fdr0.2	0.75	3	0.2	external	extended_transfer	external_full_3_anchor_weights	NA	NA	NA
GSE264344	GSE264344_design__T=dLN__H=72__B=NA__G=delivery_ad26__VS=baseline_0	<upstream_project_root>/00_metadata/verified_metadata/splited/GSE264344_design/GSE264344_design__T=dLN__H=72__B=NA__G=delivery_ad26__VS=baseline_0.tsv	TRUE	NA	delivery_ad26__vs__baseline_0	baseline_0	dLN	72	10	10	5	5	1	0.8525477650052522	1.176279912471337	0.3237321474660848	0.7163655253125799	1.1277887240152884	0.4114231987027085	0.8	lfc0.75_k3_fdr0.2	0.75	3	0.2	external	extended_transfer	external_full_3_anchor_weights	NA	NA	NA
GSE264344	GSE264344_design__T=dLN__H=72__B=NA__G=delivery_ad5__VS=baseline_0	<upstream_project_root>/00_metadata/verified_metadata/splited/GSE264344_design/GSE264344_design__T=dLN__H=72__B=NA__G=delivery_ad5__VS=baseline_0.tsv	TRUE	NA	delivery_ad5__vs__baseline_0	baseline_0	dLN	72	10	10	5	5	1	0.8525477650052522	1.222441551899687	0.36989378689443475	0.7163655253125799	1.2433969972996022	0.5270314719870223	0.8	lfc0.75_k3_fdr0.2	0.75	3	0.2	external	extended_transfer	external_full_3_anchor_weights	NA	NA	NA
GSE264344	GSE264344_design__T=Muscle__H=72__B=NA__G=delivery_ad26__VS=baseline_0	<upstream_project_root>/00_metadata/verified_metadata/splited/GSE264344_design/GSE264344_design__T=Muscle__H=72__B=NA__G=delivery_ad26__VS=baseline_0.tsv	TRUE	NA	delivery_ad26__vs__baseline_0	baseline_0	Muscle	72	10	10	5	5	1	-1.3057123946576692	-0.21235815362242214	1.093354241035247	-1.2402128032735567	-0.03791053169513486	1.2023022715784217	0.96	lfc0.75_k3_fdr0.2	0.75	3	0.2	external	extended_transfer	external_full_3_anchor_weights	NA	NA	NA
GSE264344	GSE264344_design__T=Muscle__H=72__B=NA__G=delivery_ad5__VS=baseline_0	<upstream_project_root>/00_metadata/verified_metadata/splited/GSE264344_design/GSE264344_design__T=Muscle__H=72__B=NA__G=delivery_ad5__VS=baseline_0.tsv	TRUE	NA	delivery_ad5__vs__baseline_0	baseline_0	Muscle	72	10	10	5	5	1	-1.3057123946576692	0.2049827424572616	1.5106951371149309	-1.2402128032735567	0.019427217964823624	1.2596400212383803	1	lfc0.75_k3_fdr0.2	0.75	3	0.2	external	extended_transfer	external_full_3_anchor_weights	NA	NA	NA
GSE279372	GSE279372_design__T=draining_lymph_nodes__H=24__B=NA__G=delivery_1000_g_lnps_injected__VS=baseline_0	<upstream_project_root>/00_metadata/verified_metadata/splited/GSE279372_design/GSE279372_design__T=draining_lymph_nodes__H=24__B=NA__G=delivery_1000_g_lnps_injected__VS=baseline_0.tsv	TRUE	NA	delivery_1000_g_lnps_injected__vs__baseline_0	baseline_0	draining lymph nodes	24	8	8	4	4	1	-2.7755575615628914e-17	31.493572904334002	31.493572904334002	0.16124492024459391	31.523386253451065	31.36214133320647	1	lfc0.75_k3_fdr0.2	0.75	3	0.2	calibration	acute_main	external_full_3_anchor_weights	NA	NA	NA
GSE279372	GSE279372_design__T=draining_lymph_nodes__H=24__B=NA__G=delivery_250_g_alum_injected__VS=baseline_0	<upstream_project_root>/00_metadata/verified_metadata/splited/GSE279372_design/GSE279372_design__T=draining_lymph_nodes__H=24__B=NA__G=delivery_250_g_alum_injected__VS=baseline_0.tsv	TRUE	NA	delivery_250_g_alum_injected__vs__baseline_0	baseline_0	draining lymph nodes	24	8	8	4	4	1	-2.7755575615628914e-17	-0.7203531865540882	-0.7203531865540882	0.16124492024459391	-0.5362161290637831	-0.697461049308377	0.3125	lfc0.75_k3_fdr0.2	0.75	3	0.2	calibration	acute_main	external_full_3_anchor_weights	NA	NA	NA
GSE279372	GSE279372_design__T=draining_lymph_nodes__H=24__B=NA__G=delivery_5_g_gi_1_gii_4_vlp__VS=baseline_0	<upstream_project_root>/00_metadata/verified_metadata/splited/GSE279372_design/GSE279372_design__T=draining_lymph_nodes__H=24__B=NA__G=delivery_5_g_gi_1_gii_4_vlp__VS=baseline_0.tsv	TRUE	NA	delivery_5_g_gi_1_gii_4_vlp__vs__baseline_0	baseline_0	draining lymph nodes	24	8	8	4	4	1	-2.7755575615628914e-17	2.6299777366305235	2.6299777366305235	0.16124492024459391	2.6148925862960324	2.4536476660514386	1	lfc0.75_k3_fdr0.2	0.75	3	0.2	calibration	acute_main	external_full_3_anchor_weights	NA	NA	NA
GSE279372	GSE279372_design__T=draining_lymph_nodes__H=24__B=NA__G=GID00110503__VS=baseline_0	<upstream_project_root>/00_metadata/verified_metadata/splited/GSE279372_design/GSE279372_design__T=draining_lymph_nodes__H=24__B=NA__G=GID00110503__VS=baseline_0.tsv	TRUE	NA	delivery_250_g_alum_5_g_gi_1_gii_4_vlp_injected__vs__baseline_0	baseline_0	draining lymph nodes	24	8	8	4	4	1	-2.7755575615628914e-17	0.21417518081965792	0.21417518081965795	0.16124492024459391	9.581182174946967e-4	-0.16028680202709922	0.5625	lfc0.75_k3_fdr0.2	0.75	3	0.2	calibration	acute_main	external_full_3_anchor_weights	NA	NA	NA
GSE279372	GSE279372_design__T=draining_lymph_nodes__H=24__B=NA__G=GID00110754__VS=baseline_0	<upstream_project_root>/00_metadata/verified_metadata/splited/GSE279372_design/GSE279372_design__T=draining_lymph_nodes__H=24__B=NA__G=GID00110754__VS=baseline_0.tsv	TRUE	NA	delivery_125_g_lnps_5_g_gi_1_gii_4_vlp_injected__vs__baseline_0	baseline_0	draining lymph nodes	24	8	8	4	4	1	-2.7755575615628914e-17	24.433816041837346	24.433816041837346	0.16124492024459391	25.43369130464991	25.272446384405313	1	lfc0.75_k3_fdr0.2	0.75	3	0.2	calibration	acute_main	external_full_3_anchor_weights	NA	NA	NA
GSE279372	GSE279372_design__T=draining_lymph_nodes__H=24__B=NA__G=GID00114748__VS=baseline_0	<upstream_project_root>/00_metadata/verified_metadata/splited/GSE279372_design/GSE279372_design__T=draining_lymph_nodes__H=24__B=NA__G=GID00114748__VS=baseline_0.tsv	TRUE	NA	delivery_1000_g_lnps_5_g_gi_1_gii_4_vlp_injected__vs__baseline_0	baseline_0	draining lymph nodes	24	8	8	4	4	1	-2.7755575615628914e-17	32.93639840144695	32.93639840144695	0.16124492024459391	32.814972978806246	32.653728058561654	1	lfc0.75_k3_fdr0.2	0.75	3	0.2	calibration	acute_main	external_full_3_anchor_weights	NA	NA	NA
GSE279743	GSE279743_design__T=Lymph_Node__H=6__B=NA__G=delivery_vaccination_with_sm102__VS=baseline_0	<upstream_project_root>/00_metadata/verified_metadata/splited/GSE279743_design/GSE279743_design__T=Lymph_Node__H=6__B=NA__G=delivery_vaccination_with_sm102__VS=baseline_0.tsv	TRUE	NA	delivery_vaccination_with_sm102__vs__baseline_0	baseline_0	Lymph Node	6	6	6	3	3	1	0	14.152038793595626	14.152038793595626	-0.39628562804968515	15.117642585975762	15.513928214025448	1	lfc0.75_k3_fdr0.2	0.75	3	0.2	external	acute_main	external_full_3_anchor_weights	NA	NA	NA
GSE279743	GSE279743_design__T=Lymph_Node__H=6__B=NA__G=delivery_vaccination_with_ssop__VS=baseline_0	<upstream_project_root>/00_metadata/verified_metadata/splited/GSE279743_design/GSE279743_design__T=Lymph_Node__H=6__B=NA__G=delivery_vaccination_with_ssop__VS=baseline_0.tsv	TRUE	NA	delivery_vaccination_with_ssop__vs__baseline_0	baseline_0	Lymph Node	6	6	6	3	3	1	0	2.172417825971083	2.172417825971083	-0.39628562804968515	2.295301410819032	2.6915870388687173	0.8888888888888888	lfc0.75_k3_fdr0.2	0.75	3	0.2	external	acute_main	external_full_3_anchor_weights	NA	NA	NA
GSE279744	GSE279744_design__T=lymph_node__H=6__B=NA__G=delivery_vaccination_with_sm102__VS=baseline_0	<upstream_project_root>/00_metadata/verified_metadata/splited/GSE279744_design/GSE279744_design__T=lymph_node__H=6__B=NA__G=delivery_vaccination_with_sm102__VS=baseline_0.tsv	TRUE	NA	delivery_vaccination_with_sm102__vs__baseline_0	baseline_0	lymph node	6	6	6	3	3	1	-3.700743415417188e-17	58.12117829067211	58.12117829067211	0.29006162365797883	57.34494785238897	57.05488622873099	1	lfc0.75_k3_fdr0.2	0.75	3	0.2	calibration	acute_main	external_full_3_anchor_weights	NA	NA	NA
GSE279744	GSE279744_design__T=lymph_node__H=6__B=NA__G=delivery_vaccination_with_ssop__VS=baseline_0	<upstream_project_root>/00_metadata/verified_metadata/splited/GSE279744_design/GSE279744_design__T=lymph_node__H=6__B=NA__G=delivery_vaccination_with_ssop__VS=baseline_0.tsv	TRUE	NA	delivery_vaccination_with_ssop__vs__baseline_0	baseline_0	lymph node	6	6	6	3	3	1	-3.700743415417188e-17	12.741370825102658	12.741370825102658	0.29006162365797883	13.044702546488432	12.754640922830454	1	lfc0.75_k3_fdr0.2	0.75	3	0.2	calibration	acute_main	external_full_3_anchor_weights	NA	NA	NA
GSE314070	GSE314070_design__T=small_intestine__H=336__B=NA__G=delivery_am80_lnp__VS=baseline_0	<upstream_project_root>/00_metadata/verified_metadata/splited/GSE314070_design/GSE314070_design__T=small_intestine__H=336__B=NA__G=delivery_am80_lnp__VS=baseline_0.tsv	TRUE	NA	delivery_am80_lnp__vs__baseline_0	baseline_0	small intestine	336	6	6	3	3	1	3.700743415417188e-17	6.280180981604043	6.280180981604043	0.4841884636337339	7.2330067421556885	6.748818278521955	0.6666666666666666	lfc0.75_k3_fdr0.2	0.75	3	0.2	external	extended_transfer	external_full_3_anchor_weights	NA	NA	NA
GSE314070	GSE314070_design__T=small_intestine__H=336__B=NA__G=delivery_sm102_lnp__VS=baseline_0	<upstream_project_root>/00_metadata/verified_metadata/splited/GSE314070_design/GSE314070_design__T=small_intestine__H=336__B=NA__G=delivery_sm102_lnp__VS=baseline_0.tsv	TRUE	NA	delivery_sm102_lnp__vs__baseline_0	baseline_0	small intestine	336	6	6	3	3	1	3.700743415417188e-17	-1.4626722000493562	-1.4626722000493562	0.4841884636337339	-1.7337846952362785	-2.2179731588700125	0.3333333333333333	lfc0.75_k3_fdr0.2	0.75	3	0.2	external	extended_transfer	external_full_3_anchor_weights	NA	NA	NA
GSE264344	GSE264344_design__T=Blood__H=1__B=NA__G=delivery_ad26__VS=baseline_0	<upstream_project_root>/00_metadata/verified_metadata/splited/GSE264344_design/GSE264344_design__T=Blood__H=1__B=NA__G=delivery_ad26__VS=baseline_0.tsv	TRUE	NA	delivery_ad26__vs__baseline_0	baseline_0	Blood	1	10	10	5	5	1	0.48478911052999335	0.6087187129540144	0.12392960242402101	0.5234838521757434	0.6159078127897861	0.09242396061404268	0.7200000000000001	lfc0.75_k3_fdr0.2	0.75	3	0.2	anchor	acute_main	loao_2_anchor_weights	GSE264344	GSE39129;GSE167521	746
GSE264344	GSE264344_design__T=Blood__H=1__B=NA__G=delivery_ad5__VS=baseline_0	<upstream_project_root>/00_metadata/verified_metadata/splited/GSE264344_design/GSE264344_design__T=Blood__H=1__B=NA__G=delivery_ad5__VS=baseline_0.tsv	TRUE	NA	delivery_ad5__vs__baseline_0	baseline_0	Blood	1	10	10	5	5	1	0.48478911052999335	0.7041777808722839	0.21938867034229054	0.5234838521757434	0.693598276670622	0.17011442449487857	0.96	lfc0.75_k3_fdr0.2	0.75	3	0.2	anchor	acute_main	loao_2_anchor_weights	GSE264344	GSE39129;GSE167521	746
GSE264344	GSE264344_design__T=Blood__H=12__B=NA__G=delivery_ad26__VS=baseline_0	<upstream_project_root>/00_metadata/verified_metadata/splited/GSE264344_design/GSE264344_design__T=Blood__H=12__B=NA__G=delivery_ad26__VS=baseline_0.tsv	TRUE	NA	delivery_ad26__vs__baseline_0	baseline_0	Blood	12	10	10	5	5	1	0.48478911052999335	3.1289193019646313	2.644130191434638	0.5234838521757434	3.02565880900199	2.5021749568262464	1	lfc0.75_k3_fdr0.2	0.75	3	0.2	anchor	acute_main	loao_2_anchor_weights	GSE264344	GSE39129;GSE167521	746
GSE264344	GSE264344_design__T=Blood__H=12__B=NA__G=delivery_ad5__VS=baseline_0	<upstream_project_root>/00_metadata/verified_metadata/splited/GSE264344_design/GSE264344_design__T=Blood__H=12__B=NA__G=delivery_ad5__VS=baseline_0.tsv	TRUE	NA	delivery_ad5__vs__baseline_0	baseline_0	Blood	12	10	10	5	5	1	0.48478911052999335	1.9978640136945498	1.5130749031645565	0.5234838521757434	2.053937787896444	1.5304539357207005	1	lfc0.75_k3_fdr0.2	0.75	3	0.2	anchor	acute_main	loao_2_anchor_weights	GSE264344	GSE39129;GSE167521	746
GSE264344	GSE264344_design__T=Blood__H=24__B=NA__G=delivery_ad26__VS=baseline_0	<upstream_project_root>/00_metadata/verified_metadata/splited/GSE264344_design/GSE264344_design__T=Blood__H=24__B=NA__G=delivery_ad26__VS=baseline_0.tsv	TRUE	NA	delivery_ad26__vs__baseline_0	baseline_0	Blood	24	10	10	5	5	1	0.48478911052999335	2.0783571326717314	1.593568022141738	0.5234838521757434	2.126056105809526	1.6025722536337828	1	lfc0.75_k3_fdr0.2	0.75	3	0.2	anchor	acute_main	loao_2_anchor_weights	GSE264344	GSE39129;GSE167521	746
GSE264344	GSE264344_design__T=Blood__H=24__B=NA__G=delivery_ad5__VS=baseline_0	<upstream_project_root>/00_metadata/verified_metadata/splited/GSE264344_design/GSE264344_design__T=Blood__H=24__B=NA__G=delivery_ad5__VS=baseline_0.tsv	TRUE	NA	delivery_ad5__vs__baseline_0	baseline_0	Blood	24	10	10	5	5	1	0.48478911052999335	1.224013168326985	0.7392240577969917	0.5234838521757434	1.1725906474289696	0.6491067952532261	1	lfc0.75_k3_fdr0.2	0.75	3	0.2	anchor	acute_main	loao_2_anchor_weights	GSE264344	GSE39129;GSE167521	746
GSE264344	GSE264344_design__T=Blood__H=3__B=NA__G=delivery_ad26__VS=baseline_0	<upstream_project_root>/00_metadata/verified_metadata/splited/GSE264344_design/GSE264344_design__T=Blood__H=3__B=NA__G=delivery_ad26__VS=baseline_0.tsv	TRUE	NA	delivery_ad26__vs__baseline_0	baseline_0	Blood	3	10	10	5	5	1	0.48478911052999335	2.635671504115183	2.1508823935851895	0.5234838521757434	2.6796450107627154	2.156161158586972	1	lfc0.75_k3_fdr0.2	0.75	3	0.2	anchor	acute_main	loao_2_anchor_weights	GSE264344	GSE39129;GSE167521	746
GSE264344	GSE264344_design__T=Blood__H=3__B=NA__G=delivery_ad5__VS=baseline_0	<upstream_project_root>/00_metadata/verified_metadata/splited/GSE264344_design/GSE264344_design__T=Blood__H=3__B=NA__G=delivery_ad5__VS=baseline_0.tsv	TRUE	NA	delivery_ad5__vs__baseline_0	baseline_0	Blood	3	10	10	5	5	1	0.48478911052999335	1.112138154971009	0.6273490444410157	0.5234838521757434	1.113835118872342	0.5903512666965987	1	lfc0.75_k3_fdr0.2	0.75	3	0.2	anchor	acute_main	loao_2_anchor_weights	GSE264344	GSE39129;GSE167521	746
GSE264344	GSE264344_design__T=Blood__H=6__B=NA__G=delivery_ad26__VS=baseline_0	<upstream_project_root>/00_metadata/verified_metadata/splited/GSE264344_design/GSE264344_design__T=Blood__H=6__B=NA__G=delivery_ad26__VS=baseline_0.tsv	TRUE	NA	delivery_ad26__vs__baseline_0	baseline_0	Blood	6	10	10	5	5	1	0.48478911052999335	2.4796547420482926	1.9948656315182993	0.5234838521757434	2.5240061543217114	2.000522302145968	1	lfc0.75_k3_fdr0.2	0.75	3	0.2	anchor	acute_main	loao_2_anchor_weights	GSE264344	GSE39129;GSE167521	746
GSE264344	GSE264344_design__T=Blood__H=6__B=NA__G=delivery_ad5__VS=baseline_0	<upstream_project_root>/00_metadata/verified_metadata/splited/GSE264344_design/GSE264344_design__T=Blood__H=6__B=NA__G=delivery_ad5__VS=baseline_0.tsv	TRUE	NA	delivery_ad5__vs__baseline_0	baseline_0	Blood	6	10	10	5	5	1	0.48478911052999335	3.24630955468439	2.761520444154397	0.5234838521757434	3.428049794053987	2.9045659418782437	1	lfc0.75_k3_fdr0.2	0.75	3	0.2	anchor	acute_main	loao_2_anchor_weights	GSE264344	GSE39129;GSE167521	746
GSE264344	GSE264344_design__T=dLN__H=1__B=NA__G=delivery_ad26__VS=baseline_0	<upstream_project_root>/00_metadata/verified_metadata/splited/GSE264344_design/GSE264344_design__T=dLN__H=1__B=NA__G=delivery_ad26__VS=baseline_0.tsv	TRUE	NA	delivery_ad26__vs__baseline_0	baseline_0	dLN	1	10	10	5	5	1	0.8460065846281515	1.1477117560199648	0.3017051713918133	0.7558311602586628	1.0289161548397323	0.2730849945810695	0.8400000000000001	lfc0.75_k3_fdr0.2	0.75	3	0.2	anchor	acute_main	loao_2_anchor_weights	GSE264344	GSE39129;GSE167521	746
GSE264344	GSE264344_design__T=dLN__H=1__B=NA__G=delivery_ad5__VS=baseline_0	<upstream_project_root>/00_metadata/verified_metadata/splited/GSE264344_design/GSE264344_design__T=dLN__H=1__B=NA__G=delivery_ad5__VS=baseline_0.tsv	TRUE	NA	delivery_ad5__vs__baseline_0	baseline_0	dLN	1	10	10	5	5	1	0.8460065846281515	1.3626358375679979	0.5166292529398464	0.7558311602586628	1.3430133143983378	0.587182154139675	0.96	lfc0.75_k3_fdr0.2	0.75	3	0.2	anchor	acute_main	loao_2_anchor_weights	GSE264344	GSE39129;GSE167521	746
GSE264344	GSE264344_design__T=dLN__H=12__B=NA__G=delivery_ad26__VS=baseline_0	<upstream_project_root>/00_metadata/verified_metadata/splited/GSE264344_design/GSE264344_design__T=dLN__H=12__B=NA__G=delivery_ad26__VS=baseline_0.tsv	TRUE	NA	delivery_ad26__vs__baseline_0	baseline_0	dLN	12	10	10	5	5	1	0.8460065846281515	4.2212166945621	3.375210109933949	0.7558311602586628	4.2015078822814145	3.4456767220227515	1	lfc0.75_k3_fdr0.2	0.75	3	0.2	anchor	acute_main	loao_2_anchor_weights	GSE264344	GSE39129;GSE167521	746
GSE264344	GSE264344_design__T=dLN__H=12__B=NA__G=delivery_ad5__VS=baseline_0	<upstream_project_root>/00_metadata/verified_metadata/splited/GSE264344_design/GSE264344_design__T=dLN__H=12__B=NA__G=delivery_ad5__VS=baseline_0.tsv	TRUE	NA	delivery_ad5__vs__baseline_0	baseline_0	dLN	12	10	10	5	5	1	0.8460065846281515	3.5857861125784014	2.73977952795025	0.7558311602586628	3.5604293419089497	2.8045981816502867	1	lfc0.75_k3_fdr0.2	0.75	3	0.2	anchor	acute_main	loao_2_anchor_weights	GSE264344	GSE39129;GSE167521	746
GSE264344	GSE264344_design__T=dLN__H=24__B=NA__G=delivery_ad26__VS=baseline_0	<upstream_project_root>/00_metadata/verified_metadata/splited/GSE264344_design/GSE264344_design__T=dLN__H=24__B=NA__G=delivery_ad26__VS=baseline_0.tsv	TRUE	NA	delivery_ad26__vs__baseline_0	baseline_0	dLN	24	10	10	5	5	1	0.8460065846281515	2.823057700162689	1.9770511155345376	0.7558311602586628	2.6472595509133003	1.8914283906546374	1	lfc0.75_k3_fdr0.2	0.75	3	0.2	anchor	acute_main	loao_2_anchor_weights	GSE264344	GSE39129;GSE167521	746
GSE264344	GSE264344_design__T=dLN__H=24__B=NA__G=delivery_ad5__VS=baseline_0	<upstream_project_root>/00_metadata/verified_metadata/splited/GSE264344_design/GSE264344_design__T=dLN__H=24__B=NA__G=delivery_ad5__VS=baseline_0.tsv	TRUE	NA	delivery_ad5__vs__baseline_0	baseline_0	dLN	24	10	10	5	5	1	0.8460065846281515	2.3610873626301023	1.5150807780019508	0.7558311602586628	2.3656729808812957	1.6098418206226328	1	lfc0.75_k3_fdr0.2	0.75	3	0.2	anchor	acute_main	loao_2_anchor_weights	GSE264344	GSE39129;GSE167521	746
GSE264344	GSE264344_design__T=dLN__H=3__B=NA__G=delivery_ad26__VS=baseline_0	<upstream_project_root>/00_metadata/verified_metadata/splited/GSE264344_design/GSE264344_design__T=dLN__H=3__B=NA__G=delivery_ad26__VS=baseline_0.tsv	TRUE	NA	delivery_ad26__vs__baseline_0	baseline_0	dLN	3	10	10	5	5	1	0.8460065846281515	3.54529128154834	2.6992846969201887	0.7558311602586628	3.4673171295882526	2.7114859693295896	1	lfc0.75_k3_fdr0.2	0.75	3	0.2	anchor	acute_main	loao_2_anchor_weights	GSE264344	GSE39129;GSE167521	746
GSE264344	GSE264344_design__T=dLN__H=3__B=NA__G=delivery_ad5__VS=baseline_0	<upstream_project_root>/00_metadata/verified_metadata/splited/GSE264344_design/GSE264344_design__T=dLN__H=3__B=NA__G=delivery_ad5__VS=baseline_0.tsv	TRUE	NA	delivery_ad5__vs__baseline_0	baseline_0	dLN	3	10	10	5	5	1	0.8460065846281515	2.527160204711604	1.6811536200834525	0.7558311602586628	2.5556072574757698	1.7997760972171069	1	lfc0.75_k3_fdr0.2	0.75	3	0.2	anchor	acute_main	loao_2_anchor_weights	GSE264344	GSE39129;GSE167521	746
GSE264344	GSE264344_design__T=dLN__H=6__B=NA__G=delivery_ad26__VS=baseline_0	<upstream_project_root>/00_metadata/verified_metadata/splited/GSE264344_design/GSE264344_design__T=dLN__H=6__B=NA__G=delivery_ad26__VS=baseline_0.tsv	TRUE	NA	delivery_ad26__vs__baseline_0	baseline_0	dLN	6	10	10	5	5	1	0.8460065846281515	4.266232205711712	3.420225621083561	0.7558311602586628	4.3046395467551495	3.5488083864964866	1	lfc0.75_k3_fdr0.2	0.75	3	0.2	anchor	acute_main	loao_2_anchor_weights	GSE264344	GSE39129;GSE167521	746
GSE264344	GSE264344_design__T=dLN__H=6__B=NA__G=delivery_ad5__VS=baseline_0	<upstream_project_root>/00_metadata/verified_metadata/splited/GSE264344_design/GSE264344_design__T=dLN__H=6__B=NA__G=delivery_ad5__VS=baseline_0.tsv	TRUE	NA	delivery_ad5__vs__baseline_0	baseline_0	dLN	6	10	10	5	5	1	0.8460065846281515	3.902891860228943	3.0568852756007914	0.7558311602586628	4.105843569608397	3.350012409349734	1	lfc0.75_k3_fdr0.2	0.75	3	0.2	anchor	acute_main	loao_2_anchor_weights	GSE264344	GSE39129;GSE167521	746
GSE264344	GSE264344_design__T=Muscle__H=1__B=NA__G=delivery_ad26__VS=baseline_0	<upstream_project_root>/00_metadata/verified_metadata/splited/GSE264344_design/GSE264344_design__T=Muscle__H=1__B=NA__G=delivery_ad26__VS=baseline_0.tsv	TRUE	NA	delivery_ad26__vs__baseline_0	baseline_0	Muscle	1	10	10	5	5	1	-1.3307956951581448	-0.594030492653973	0.7367652025041718	-1.2778409844883076	-0.5995301519118862	0.6783108325764214	1	lfc0.75_k3_fdr0.2	0.75	3	0.2	anchor	acute_main	loao_2_anchor_weights	GSE264344	GSE39129;GSE167521	746
GSE264344	GSE264344_design__T=Muscle__H=1__B=NA__G=delivery_ad5__VS=baseline_0	<upstream_project_root>/00_metadata/verified_metadata/splited/GSE264344_design/GSE264344_design__T=Muscle__H=1__B=NA__G=delivery_ad5__VS=baseline_0.tsv	TRUE	NA	delivery_ad5__vs__baseline_0	baseline_0	Muscle	1	10	10	5	5	1	-1.3307956951581448	-0.6035155445724055	0.7272801505857392	-1.2778409844883076	-0.5669479457717955	0.7108930387165121	1	lfc0.75_k3_fdr0.2	0.75	3	0.2	anchor	acute_main	loao_2_anchor_weights	GSE264344	GSE39129;GSE167521	746
GSE264344	GSE264344_design__T=Muscle__H=12__B=NA__G=delivery_ad26__VS=baseline_0	<upstream_project_root>/00_metadata/verified_metadata/splited/GSE264344_design/GSE264344_design__T=Muscle__H=12__B=NA__G=delivery_ad26__VS=baseline_0.tsv	TRUE	NA	delivery_ad26__vs__baseline_0	baseline_0	Muscle	12	10	10	5	5	1	-1.3307956951581448	1.3958316156765485	2.7266273108346932	-1.2778409844883076	1.4626847756846224	2.74052576017293	1	lfc0.75_k3_fdr0.2	0.75	3	0.2	anchor	acute_main	loao_2_anchor_weights	GSE264344	GSE39129;GSE167521	746
GSE264344	GSE264344_design__T=Muscle__H=12__B=NA__G=delivery_ad5__VS=baseline_0	<upstream_project_root>/00_metadata/verified_metadata/splited/GSE264344_design/GSE264344_design__T=Muscle__H=12__B=NA__G=delivery_ad5__VS=baseline_0.tsv	TRUE	NA	delivery_ad5__vs__baseline_0	baseline_0	Muscle	12	10	10	5	5	1	-1.3307956951581448	1.6298802465295366	2.9606759416876813	-1.2778409844883076	1.7253569445387165	3.0031979290270243	1	lfc0.75_k3_fdr0.2	0.75	3	0.2	anchor	acute_main	loao_2_anchor_weights	GSE264344	GSE39129;GSE167521	746
GSE264344	GSE264344_design__T=Muscle__H=24__B=NA__G=delivery_ad26__VS=baseline_0	<upstream_project_root>/00_metadata/verified_metadata/splited/GSE264344_design/GSE264344_design__T=Muscle__H=24__B=NA__G=delivery_ad26__VS=baseline_0.tsv	TRUE	NA	delivery_ad26__vs__baseline_0	baseline_0	Muscle	24	10	10	5	5	1	-1.3307956951581448	0.9428594489657189	2.2736551441238637	-1.2778409844883076	1.1596678337508048	2.4375088182391123	1	lfc0.75_k3_fdr0.2	0.75	3	0.2	anchor	acute_main	loao_2_anchor_weights	GSE264344	GSE39129;GSE167521	746
GSE264344	GSE264344_design__T=Muscle__H=24__B=NA__G=delivery_ad5__VS=baseline_0	<upstream_project_root>/00_metadata/verified_metadata/splited/GSE264344_design/GSE264344_design__T=Muscle__H=24__B=NA__G=delivery_ad5__VS=baseline_0.tsv	TRUE	NA	delivery_ad5__vs__baseline_0	baseline_0	Muscle	24	10	10	5	5	1	-1.3307956951581448	0.9357864021897383	2.266582097347883	-1.2778409844883076	1.2929116390898252	2.570752623578133	1	lfc0.75_k3_fdr0.2	0.75	3	0.2	anchor	acute_main	loao_2_anchor_weights	GSE264344	GSE39129;GSE167521	746
GSE264344	GSE264344_design__T=Muscle__H=3__B=NA__G=delivery_ad26__VS=baseline_0	<upstream_project_root>/00_metadata/verified_metadata/splited/GSE264344_design/GSE264344_design__T=Muscle__H=3__B=NA__G=delivery_ad26__VS=baseline_0.tsv	TRUE	NA	delivery_ad26__vs__baseline_0	baseline_0	Muscle	3	10	10	5	5	1	-1.3307956951581448	0.9979221666044936	2.3287178617626383	-1.2778409844883076	1.2600140682920173	2.537855052780325	1	lfc0.75_k3_fdr0.2	0.75	3	0.2	anchor	acute_main	loao_2_anchor_weights	GSE264344	GSE39129;GSE167521	746
GSE264344	GSE264344_design__T=Muscle__H=3__B=NA__G=delivery_ad5__VS=baseline_0	<upstream_project_root>/00_metadata/verified_metadata/splited/GSE264344_design/GSE264344_design__T=Muscle__H=3__B=NA__G=delivery_ad5__VS=baseline_0.tsv	TRUE	NA	delivery_ad5__vs__baseline_0	baseline_0	Muscle	3	10	10	5	5	1	-1.3307956951581448	0.3683925461853968	1.6991882413435415	-1.2778409844883076	0.539711572074783	1.8175525565630908	1	lfc0.75_k3_fdr0.2	0.75	3	0.2	anchor	acute_main	loao_2_anchor_weights	GSE264344	GSE39129;GSE167521	746
GSE264344	GSE264344_design__T=Muscle__H=6__B=NA__G=delivery_ad26__VS=baseline_0	<upstream_project_root>/00_metadata/verified_metadata/splited/GSE264344_design/GSE264344_design__T=Muscle__H=6__B=NA__G=delivery_ad26__VS=baseline_0.tsv	TRUE	NA	delivery_ad26__vs__baseline_0	baseline_0	Muscle	6	10	10	5	5	1	-1.3307956951581448	1.460140841248585	2.79093653640673	-1.2778409844883076	1.1543256843053427	2.4321666687936503	1	lfc0.75_k3_fdr0.2	0.75	3	0.2	anchor	acute_main	loao_2_anchor_weights	GSE264344	GSE39129;GSE167521	746
GSE264344	GSE264344_design__T=Muscle__H=6__B=NA__G=delivery_ad5__VS=baseline_0	<upstream_project_root>/00_metadata/verified_metadata/splited/GSE264344_design/GSE264344_design__T=Muscle__H=6__B=NA__G=delivery_ad5__VS=baseline_0.tsv	TRUE	NA	delivery_ad5__vs__baseline_0	baseline_0	Muscle	6	10	10	5	5	1	-1.3307956951581448	1.5525068217561742	2.883302516914319	-1.2778409844883076	1.7761352717878156	3.0539762562761235	1	lfc0.75_k3_fdr0.2	0.75	3	0.2	anchor	acute_main	loao_2_anchor_weights	GSE264344	GSE39129;GSE167521	746
GSE39129	GSE39129_design__T=liver__H=4__B=NA__G=delivery_lentiviral_vector_lv__VS=delivery_none	<upstream_project_root>/00_metadata/verified_metadata/splited/GSE39129_design/GSE39129_design__T=liver__H=4__B=NA__G=delivery_lentiviral_vector_lv__VS=delivery_none.tsv	TRUE	NA	delivery_lentiviral_vector_lv___vs__delivery_none	delivery_none	liver	4	6	6	3	3	1	3.700743415417188e-17	60.18689796648097	60.18689796648097	0.37015107626168064	63.186058216549604	62.815907140287926	1	lfc0.75_k3_fdr0.2	0.75	3	0.2	anchor	acute_main	loao_2_anchor_weights	GSE39129	GSE264344;GSE167521	803
GSE167521	GSE167521_design__T=skin__H=24__B=NA__G=delivery_lnp__VS=baseline_0	<upstream_project_root>/00_metadata/verified_metadata/splited/GSE167521_design/GSE167521_design__T=skin__H=24__B=NA__G=delivery_lnp__VS=baseline_0.tsv	TRUE	NA	delivery_lnp__vs__baseline_0	baseline_0	skin	24	8	8	4	4	1	2.0816681711721685e-17	10.479901160692636	10.479901160692636	0.04830343154597398	10.336812297089129	10.288508865543154	1	lfc0.75_k3_fdr0.2	0.75	3	0.2	anchor	acute_main	loao_2_anchor_weights	GSE167521	GSE264344;GSE39129	532
