file	relative_path	inferred_manual_or_generated	curation_type	dataset_id_if_applicable	used_in_stage	used_in_figure_or_table	evidence_of_manual_edit	source_file_or_publication	notes
<local_project_root>\00_metadata\verified_metadata\GSE119119_design.tsv	00_metadata/verified_metadata/GSE119119_design.tsv	manual_or_curated_input	treatment_control_label; tissue_timepoint_annotation; split_definition	GSE119119_design	02_design_and_split_generation; 07_split_contrast_transfer_evaluation	Supplementary Table S2; validation figures	filename/path indicates verified, curated, role, context, mapping, or manual caption source; values not regenerated here	verified metadata directory	Recorded as a manual/curated input or generated table documenting curated inputs.
<local_project_root>\00_metadata\verified_metadata\GSE139529_design.tsv	00_metadata/verified_metadata/GSE139529_design.tsv	manual_or_curated_input	treatment_control_label; tissue_timepoint_annotation; split_definition	GSE139529_design	02_design_and_split_generation; 07_split_contrast_transfer_evaluation	Supplementary Table S2; validation figures	filename/path indicates verified, curated, role, context, mapping, or manual caption source; values not regenerated here	verified metadata directory	Recorded as a manual/curated input or generated table documenting curated inputs.
<local_project_root>\00_metadata\verified_metadata\GSE166655_design.tsv	00_metadata/verified_metadata/GSE166655_design.tsv	manual_or_curated_input	treatment_control_label; tissue_timepoint_annotation; split_definition	GSE166655_design	02_design_and_split_generation; 07_split_contrast_transfer_evaluation	Supplementary Table S2; validation figures	filename/path indicates verified, curated, role, context, mapping, or manual caption source; values not regenerated here	verified metadata directory	Recorded as a manual/curated input or generated table documenting curated inputs.
<local_project_root>\00_metadata\verified_metadata\GSE167521_design.tsv	00_metadata/verified_metadata/GSE167521_design.tsv	manual_or_curated_input	treatment_control_label; tissue_timepoint_annotation; split_definition	GSE167521_design	02_design_and_split_generation; 07_split_contrast_transfer_evaluation	Supplementary Table S2; validation figures	filename/path indicates verified, curated, role, context, mapping, or manual caption source; values not regenerated here	verified metadata directory	Recorded as a manual/curated input or generated table documenting curated inputs.
<local_project_root>\00_metadata\verified_metadata\GSE178313_design.tsv	00_metadata/verified_metadata/GSE178313_design.tsv	manual_or_curated_input	treatment_control_label; tissue_timepoint_annotation; split_definition	GSE178313_design	02_design_and_split_generation; 07_split_contrast_transfer_evaluation	Supplementary Table S2; validation figures	filename/path indicates verified, curated, role, context, mapping, or manual caption source; values not regenerated here	verified metadata directory	Recorded as a manual/curated input or generated table documenting curated inputs.
<local_project_root>\00_metadata\verified_metadata\GSE190850_HUMAN_design.tsv	00_metadata/verified_metadata/GSE190850_HUMAN_design.tsv	manual_or_curated_input	treatment_control_label; tissue_timepoint_annotation; split_definition	GSE190850_HUMAN	02_design_and_split_generation; 07_split_contrast_transfer_evaluation	Supplementary Table S2; validation figures	filename/path indicates verified, curated, role, context, mapping, or manual caption source; values not regenerated here	verified metadata directory	Recorded as a manual/curated input or generated table documenting curated inputs.
<local_project_root>\00_metadata\verified_metadata\GSE237068_design.tsv	00_metadata/verified_metadata/GSE237068_design.tsv	manual_or_curated_input	treatment_control_label; tissue_timepoint_annotation; split_definition	GSE237068_design	02_design_and_split_generation; 07_split_contrast_transfer_evaluation	Supplementary Table S2; validation figures	filename/path indicates verified, curated, role, context, mapping, or manual caption source; values not regenerated here	verified metadata directory	Recorded as a manual/curated input or generated table documenting curated inputs.
<local_project_root>\00_metadata\verified_metadata\GSE262515_design.tsv	00_metadata/verified_metadata/GSE262515_design.tsv	manual_or_curated_input	treatment_control_label; tissue_timepoint_annotation; split_definition	GSE262515_design	02_design_and_split_generation; 07_split_contrast_transfer_evaluation	Supplementary Table S2; validation figures	filename/path indicates verified, curated, role, context, mapping, or manual caption source; values not regenerated here	verified metadata directory	Recorded as a manual/curated input or generated table documenting curated inputs.
<local_project_root>\00_metadata\verified_metadata\GSE264344_design.tsv	00_metadata/verified_metadata/GSE264344_design.tsv	manual_or_curated_input	treatment_control_label; tissue_timepoint_annotation; split_definition	GSE264344_design	02_design_and_split_generation; 07_split_contrast_transfer_evaluation	Supplementary Table S2; validation figures	filename/path indicates verified, curated, role, context, mapping, or manual caption source; values not regenerated here	verified metadata directory	Recorded as a manual/curated input or generated table documenting curated inputs.
<local_project_root>\00_metadata\verified_metadata\GSE279372_design.tsv	00_metadata/verified_metadata/GSE279372_design.tsv	manual_or_curated_input	treatment_control_label; tissue_timepoint_annotation; split_definition	GSE279372_design	02_design_and_split_generation; 07_split_contrast_transfer_evaluation	Supplementary Table S2; validation figures	filename/path indicates verified, curated, role, context, mapping, or manual caption source; values not regenerated here	verified metadata directory	Recorded as a manual/curated input or generated table documenting curated inputs.
<local_project_root>\00_metadata\verified_metadata\GSE279743_design.tsv	00_metadata/verified_metadata/GSE279743_design.tsv	manual_or_curated_input	treatment_control_label; tissue_timepoint_annotation; split_definition	GSE279743_design	02_design_and_split_generation; 07_split_contrast_transfer_evaluation	Supplementary Table S2; validation figures	filename/path indicates verified, curated, role, context, mapping, or manual caption source; values not regenerated here	verified metadata directory	Recorded as a manual/curated input or generated table documenting curated inputs.
<local_project_root>\00_metadata\verified_metadata\GSE279744_design.tsv	00_metadata/verified_metadata/GSE279744_design.tsv	manual_or_curated_input	treatment_control_label; tissue_timepoint_annotation; split_definition	GSE279744_design	02_design_and_split_generation; 07_split_contrast_transfer_evaluation	Supplementary Table S2; validation figures	filename/path indicates verified, curated, role, context, mapping, or manual caption source; values not regenerated here	verified metadata directory	Recorded as a manual/curated input or generated table documenting curated inputs.
<local_project_root>\00_metadata\verified_metadata\GSE314070_design.tsv	00_metadata/verified_metadata/GSE314070_design.tsv	manual_or_curated_input	treatment_control_label; tissue_timepoint_annotation; split_definition	GSE314070_design	02_design_and_split_generation; 07_split_contrast_transfer_evaluation	Supplementary Table S2; validation figures	filename/path indicates verified, curated, role, context, mapping, or manual caption source; values not regenerated here	verified metadata directory	Recorded as a manual/curated input or generated table documenting curated inputs.
<local_project_root>\00_metadata\verified_metadata\GSE39129_design.tsv	00_metadata/verified_metadata/GSE39129_design.tsv	manual_or_curated_input	treatment_control_label; tissue_timepoint_annotation; split_definition	GSE39129_design	02_design_and_split_generation; 07_split_contrast_transfer_evaluation	Supplementary Table S2; validation figures	filename/path indicates verified, curated, role, context, mapping, or manual caption source; values not regenerated here	verified metadata directory	Recorded as a manual/curated input or generated table documenting curated inputs.
<local_project_root>\00_metadata\verified_metadata\scoring\control_audit.tsv	00_metadata/verified_metadata/scoring/control_audit.tsv	manual_or_curated_input	treatment_control_label; tissue_timepoint_annotation; split_definition	NA	02_design_and_split_generation; 07_split_contrast_transfer_evaluation	Supplementary Table S2; validation figures	filename/path indicates verified, curated, role, context, mapping, or manual caption source; values not regenerated here	verified metadata directory	Recorded as a manual/curated input or generated table documenting curated inputs.
<local_project_root>\00_metadata\verified_metadata\scoring\GSE119119\GSE119119_design.tsv	00_metadata/verified_metadata/scoring/GSE119119/GSE119119_design.tsv	manual_or_curated_input	treatment_control_label; tissue_timepoint_annotation; split_definition	GSE119119	02_design_and_split_generation; 07_split_contrast_transfer_evaluation	Supplementary Table S2; validation figures	filename/path indicates verified, curated, role, context, mapping, or manual caption source; values not regenerated here	verified metadata directory	Recorded as a manual/curated input or generated table documenting curated inputs.
<local_project_root>\00_metadata\verified_metadata\scoring\GSE139529\GSE139529_design.tsv	00_metadata/verified_metadata/scoring/GSE139529/GSE139529_design.tsv	manual_or_curated_input	treatment_control_label; tissue_timepoint_annotation; split_definition	GSE139529	02_design_and_split_generation; 07_split_contrast_transfer_evaluation	Supplementary Table S2; validation figures	filename/path indicates verified, curated, role, context, mapping, or manual caption source; values not regenerated here	verified metadata directory	Recorded as a manual/curated input or generated table documenting curated inputs.
<local_project_root>\00_metadata\verified_metadata\scoring\GSE166655\GSE166655_design.tsv	00_metadata/verified_metadata/scoring/GSE166655/GSE166655_design.tsv	manual_or_curated_input	treatment_control_label; tissue_timepoint_annotation; split_definition	GSE166655	02_design_and_split_generation; 07_split_contrast_transfer_evaluation	Supplementary Table S2; validation figures	filename/path indicates verified, curated, role, context, mapping, or manual caption source; values not regenerated here	verified metadata directory	Recorded as a manual/curated input or generated table documenting curated inputs.
<local_project_root>\00_metadata\verified_metadata\scoring\GSE167521\GSE167521_design.tsv	00_metadata/verified_metadata/scoring/GSE167521/GSE167521_design.tsv	manual_or_curated_input	treatment_control_label; tissue_timepoint_annotation; split_definition	GSE167521	02_design_and_split_generation; 07_split_contrast_transfer_evaluation	Supplementary Table S2; validation figures	filename/path indicates verified, curated, role, context, mapping, or manual caption source; values not regenerated here	verified metadata directory	Recorded as a manual/curated input or generated table documenting curated inputs.
<local_project_root>\00_metadata\verified_metadata\scoring\GSE178313\GSE178313_design.tsv	00_metadata/verified_metadata/scoring/GSE178313/GSE178313_design.tsv	manual_or_curated_input	treatment_control_label; tissue_timepoint_annotation; split_definition	GSE178313	02_design_and_split_generation; 07_split_contrast_transfer_evaluation	Supplementary Table S2; validation figures	filename/path indicates verified, curated, role, context, mapping, or manual caption source; values not regenerated here	verified metadata directory	Recorded as a manual/curated input or generated table documenting curated inputs.
<local_project_root>\00_metadata\verified_metadata\scoring\GSE190850_HUMAN\GSE190850_HUMAN_design.tsv	00_metadata/verified_metadata/scoring/GSE190850_HUMAN/GSE190850_HUMAN_design.tsv	manual_or_curated_input	treatment_control_label; tissue_timepoint_annotation; split_definition	GSE190850_HUMAN	02_design_and_split_generation; 07_split_contrast_transfer_evaluation	Supplementary Table S2; validation figures	filename/path indicates verified, curated, role, context, mapping, or manual caption source; values not regenerated here	verified metadata directory	Recorded as a manual/curated input or generated table documenting curated inputs.
<local_project_root>\00_metadata\verified_metadata\scoring\GSE262515_cell_line\GSE262515_cell_line_design.tsv	00_metadata/verified_metadata/scoring/GSE262515_cell_line/GSE262515_cell_line_design.tsv	manual_or_curated_input	treatment_control_label; tissue_timepoint_annotation; split_definition	GSE262515_cell	02_design_and_split_generation; 07_split_contrast_transfer_evaluation	Supplementary Table S2; validation figures	filename/path indicates verified, curated, role, context, mapping, or manual caption source; values not regenerated here	verified metadata directory	Recorded as a manual/curated input or generated table documenting curated inputs.
<local_project_root>\00_metadata\verified_metadata\scoring\GSE262515_split_summary.tsv	00_metadata/verified_metadata/scoring/GSE262515_split_summary.tsv	manual_or_curated_input	treatment_control_label; tissue_timepoint_annotation; split_definition	GSE262515_split	02_design_and_split_generation; 07_split_contrast_transfer_evaluation	Supplementary Table S2; validation figures	filename/path indicates verified, curated, role, context, mapping, or manual caption source; values not regenerated here	verified metadata directory	Recorded as a manual/curated input or generated table documenting curated inputs.
<local_project_root>\00_metadata\verified_metadata\scoring\GSE262515_tissue\GSE262515_tissue_design.tsv	00_metadata/verified_metadata/scoring/GSE262515_tissue/GSE262515_tissue_design.tsv	manual_or_curated_input	treatment_control_label; tissue_timepoint_annotation; split_definition	GSE262515_tissue	02_design_and_split_generation; 07_split_contrast_transfer_evaluation	Supplementary Table S2; validation figures	filename/path indicates verified, curated, role, context, mapping, or manual caption source; values not regenerated here	verified metadata directory	Recorded as a manual/curated input or generated table documenting curated inputs.
<local_project_root>\00_metadata\verified_metadata\scoring\GSE264344\GSE264344_design.tsv	00_metadata/verified_metadata/scoring/GSE264344/GSE264344_design.tsv	manual_or_curated_input	treatment_control_label; tissue_timepoint_annotation; split_definition	GSE264344	02_design_and_split_generation; 07_split_contrast_transfer_evaluation	Supplementary Table S2; validation figures	filename/path indicates verified, curated, role, context, mapping, or manual caption source; values not regenerated here	verified metadata directory	Recorded as a manual/curated input or generated table documenting curated inputs.
<local_project_root>\00_metadata\verified_metadata\scoring\GSE279372\GSE279372_design.tsv	00_metadata/verified_metadata/scoring/GSE279372/GSE279372_design.tsv	manual_or_curated_input	treatment_control_label; tissue_timepoint_annotation; split_definition	GSE279372	02_design_and_split_generation; 07_split_contrast_transfer_evaluation	Supplementary Table S2; validation figures	filename/path indicates verified, curated, role, context, mapping, or manual caption source; values not regenerated here	verified metadata directory	Recorded as a manual/curated input or generated table documenting curated inputs.
<local_project_root>\00_metadata\verified_metadata\scoring\GSE279743\GSE279743_design.tsv	00_metadata/verified_metadata/scoring/GSE279743/GSE279743_design.tsv	manual_or_curated_input	treatment_control_label; tissue_timepoint_annotation; split_definition	GSE279743	02_design_and_split_generation; 07_split_contrast_transfer_evaluation	Supplementary Table S2; validation figures	filename/path indicates verified, curated, role, context, mapping, or manual caption source; values not regenerated here	verified metadata directory	Recorded as a manual/curated input or generated table documenting curated inputs.
<local_project_root>\00_metadata\verified_metadata\scoring\GSE279744\GSE279744_design.tsv	00_metadata/verified_metadata/scoring/GSE279744/GSE279744_design.tsv	manual_or_curated_input	treatment_control_label; tissue_timepoint_annotation; split_definition	GSE279744	02_design_and_split_generation; 07_split_contrast_transfer_evaluation	Supplementary Table S2; validation figures	filename/path indicates verified, curated, role, context, mapping, or manual caption source; values not regenerated here	verified metadata directory	Recorded as a manual/curated input or generated table documenting curated inputs.
<local_project_root>\00_metadata\verified_metadata\scoring\GSE314070\GSE314070_design.tsv	00_metadata/verified_metadata/scoring/GSE314070/GSE314070_design.tsv	manual_or_curated_input	treatment_control_label; tissue_timepoint_annotation; split_definition	GSE314070	02_design_and_split_generation; 07_split_contrast_transfer_evaluation	Supplementary Table S2; validation figures	filename/path indicates verified, curated, role, context, mapping, or manual caption source; values not regenerated here	verified metadata directory	Recorded as a manual/curated input or generated table documenting curated inputs.
<local_project_root>\00_metadata\verified_metadata\scoring\GSE39129\GSE39129_design.tsv	00_metadata/verified_metadata/scoring/GSE39129/GSE39129_design.tsv	manual_or_curated_input	treatment_control_label; tissue_timepoint_annotation; split_definition	GSE39129	02_design_and_split_generation; 07_split_contrast_transfer_evaluation	Supplementary Table S2; validation figures	filename/path indicates verified, curated, role, context, mapping, or manual caption source; values not regenerated here	verified metadata directory	Recorded as a manual/curated input or generated table documenting curated inputs.
<local_project_root>\00_metadata\verified_metadata\splited\control_report.tsv	00_metadata/verified_metadata/splited/control_report.tsv	manual_or_curated_input	treatment_control_label; tissue_timepoint_annotation; split_definition	NA	02_design_and_split_generation; 07_split_contrast_transfer_evaluation	Supplementary Table S2; validation figures	filename/path indicates verified, curated, role, context, mapping, or manual caption source; values not regenerated here	verified metadata directory	Recorded as a manual/curated input or generated table documenting curated inputs.
<local_project_root>\00_metadata\verified_metadata\splited\GSE119119_design\GSE119119_design__contrast_index.tsv	00_metadata/verified_metadata/splited/GSE119119_design/GSE119119_design__contrast_index.tsv	manual_or_curated_input	treatment_control_label; tissue_timepoint_annotation; split_definition	GSE119119_design	02_design_and_split_generation; 07_split_contrast_transfer_evaluation	Supplementary Table S2; validation figures	filename/path indicates verified, curated, role, context, mapping, or manual caption source; values not regenerated here	verified metadata directory	Recorded as a manual/curated input or generated table documenting curated inputs.
<local_project_root>\00_metadata\verified_metadata\splited\GSE119119_design\GSE119119_design__group_map.tsv	00_metadata/verified_metadata/splited/GSE119119_design/GSE119119_design__group_map.tsv	manual_or_curated_input	treatment_control_label; tissue_timepoint_annotation; split_definition	GSE119119_design	02_design_and_split_generation; 07_split_contrast_transfer_evaluation	Supplementary Table S2; validation figures	filename/path indicates verified, curated, role, context, mapping, or manual caption source; values not regenerated here	verified metadata directory	Recorded as a manual/curated input or generated table documenting curated inputs.
<local_project_root>\00_metadata\verified_metadata\splited\GSE119119_design\GSE119119_design__T=whole_liver__H=4__B=NA__G=GID00069418__VS=WT_uninfected_whole_liver.tsv	00_metadata/verified_metadata/splited/GSE119119_design/GSE119119_design__T=whole_liver__H=4__B=NA__G=GID00069418__VS=WT_uninfected_whole_liver.tsv	manual_or_curated_input	treatment_control_label; tissue_timepoint_annotation; split_definition	GSE119119_design	02_design_and_split_generation; 07_split_contrast_transfer_evaluation	Supplementary Table S2; validation figures	filename/path indicates verified, curated, role, context, mapping, or manual caption source; values not regenerated here	verified metadata directory	Recorded as a manual/curated input or generated table documenting curated inputs.
<local_project_root>\00_metadata\verified_metadata\splited\GSE119119_design\GSE119119_design__T=whole_liver__H=4__B=NA__G=GID00088542__VS=TRIM21_KO_uninfected_whole_liver.tsv	00_metadata/verified_metadata/splited/GSE119119_design/GSE119119_design__T=whole_liver__H=4__B=NA__G=GID00088542__VS=TRIM21_KO_uninfected_whole_liver.tsv	manual_or_curated_input	treatment_control_label; tissue_timepoint_annotation; split_definition	GSE119119_design	02_design_and_split_generation; 07_split_contrast_transfer_evaluation	Supplementary Table S2; validation figures	filename/path indicates verified, curated, role, context, mapping, or manual caption source; values not regenerated here	verified metadata directory	Recorded as a manual/curated input or generated table documenting curated inputs.
<local_project_root>\00_metadata\verified_metadata\splited\GSE119119_design\GSE119119_design__T=whole_liver__H=4__B=NA__G=GID00096342__VS=TRIM21_KO_uninfected_whole_liver.tsv	00_metadata/verified_metadata/splited/GSE119119_design/GSE119119_design__T=whole_liver__H=4__B=NA__G=GID00096342__VS=TRIM21_KO_uninfected_whole_liver.tsv	manual_or_curated_input	treatment_control_label; tissue_timepoint_annotation; split_definition	GSE119119_design	02_design_and_split_generation; 07_split_contrast_transfer_evaluation	Supplementary Table S2; validation figures	filename/path indicates verified, curated, role, context, mapping, or manual caption source; values not regenerated here	verified metadata directory	Recorded as a manual/curated input or generated table documenting curated inputs.
<local_project_root>\00_metadata\verified_metadata\splited\GSE119119_design\GSE119119_design__T=whole_liver__H=4__B=NA__G=TRIM21_KO_virus_only_whole_liver__VS=TRIM21_KO_uninfected_whole_liver.tsv	00_metadata/verified_metadata/splited/GSE119119_design/GSE119119_design__T=whole_liver__H=4__B=NA__G=TRIM21_KO_virus_only_whole_liver__VS=TRIM21_KO_uninfected_whole_liver.tsv	manual_or_curated_input	treatment_control_label; tissue_timepoint_annotation; split_definition	GSE119119_design	02_design_and_split_generation; 07_split_contrast_transfer_evaluation	Supplementary Table S2; validation figures	filename/path indicates verified, curated, role, context, mapping, or manual caption source; values not regenerated here	verified metadata directory	Recorded as a manual/curated input or generated table documenting curated inputs.
<local_project_root>\00_metadata\verified_metadata\splited\GSE119119_design\GSE119119_design__T=whole_liver__H=4__B=NA__G=WT_virus_only_whole_liver__VS=WT_uninfected_whole_liver.tsv	00_metadata/verified_metadata/splited/GSE119119_design/GSE119119_design__T=whole_liver__H=4__B=NA__G=WT_virus_only_whole_liver__VS=WT_uninfected_whole_liver.tsv	manual_or_curated_input	treatment_control_label; tissue_timepoint_annotation; split_definition	GSE119119_design	02_design_and_split_generation; 07_split_contrast_transfer_evaluation	Supplementary Table S2; validation figures	filename/path indicates verified, curated, role, context, mapping, or manual caption source; values not regenerated here	verified metadata directory	Recorded as a manual/curated input or generated table documenting curated inputs.
<local_project_root>\00_metadata\verified_metadata\splited\GSE119119_design\GSE119119_design__T=whole_liver__H=4__B=NA__G=WT_virus_plus_rh9C12_WT_whole_liver__VS=WT_uninfected_whole_liver.tsv	00_metadata/verified_metadata/splited/GSE119119_design/GSE119119_design__T=whole_liver__H=4__B=NA__G=WT_virus_plus_rh9C12_WT_whole_liver__VS=WT_uninfected_whole_liver.tsv	manual_or_curated_input	treatment_control_label; tissue_timepoint_annotation; split_definition	GSE119119_design	02_design_and_split_generation; 07_split_contrast_transfer_evaluation	Supplementary Table S2; validation figures	filename/path indicates verified, curated, role, context, mapping, or manual caption source; values not regenerated here	verified metadata directory	Recorded as a manual/curated input or generated table documenting curated inputs.
<local_project_root>\00_metadata\verified_metadata\splited\GSE139529_design\GSE139529_design__contrast_index.tsv	00_metadata/verified_metadata/splited/GSE139529_design/GSE139529_design__contrast_index.tsv	manual_or_curated_input	treatment_control_label; tissue_timepoint_annotation; split_definition	GSE139529_design	02_design_and_split_generation; 07_split_contrast_transfer_evaluation	Supplementary Table S2; validation figures	filename/path indicates verified, curated, role, context, mapping, or manual caption source; values not regenerated here	verified metadata directory	Recorded as a manual/curated input or generated table documenting curated inputs.
<local_project_root>\00_metadata\verified_metadata\splited\GSE139529_design\GSE139529_design__group_map.tsv	00_metadata/verified_metadata/splited/GSE139529_design/GSE139529_design__group_map.tsv	manual_or_curated_input	treatment_control_label; tissue_timepoint_annotation; split_definition	GSE139529_design	02_design_and_split_generation; 07_split_contrast_transfer_evaluation	Supplementary Table S2; validation figures	filename/path indicates verified, curated, role, context, mapping, or manual caption source; values not regenerated here	verified metadata directory	Recorded as a manual/curated input or generated table documenting curated inputs.
<local_project_root>\00_metadata\verified_metadata\splited\GSE139529_design\GSE139529_design__T=blood__H=24__B=NA__G=ad_empty__VS=none.tsv	00_metadata/verified_metadata/splited/GSE139529_design/GSE139529_design__T=blood__H=24__B=NA__G=ad_empty__VS=none.tsv	manual_or_curated_input	treatment_control_label; tissue_timepoint_annotation; split_definition	GSE139529_design	02_design_and_split_generation; 07_split_contrast_transfer_evaluation	Supplementary Table S2; validation figures	filename/path indicates verified, curated, role, context, mapping, or manual caption source; values not regenerated here	verified metadata directory	Recorded as a manual/curated input or generated table documenting curated inputs.
<local_project_root>\00_metadata\verified_metadata\splited\GSE139529_design\GSE139529_design__T=blood__H=24__B=NA__G=ad_fhbp__VS=none.tsv	00_metadata/verified_metadata/splited/GSE139529_design/GSE139529_design__T=blood__H=24__B=NA__G=ad_fhbp__VS=none.tsv	manual_or_curated_input	treatment_control_label; tissue_timepoint_annotation; split_definition	GSE139529_design	02_design_and_split_generation; 07_split_contrast_transfer_evaluation	Supplementary Table S2; validation figures	filename/path indicates verified, curated, role, context, mapping, or manual caption source; values not regenerated here	verified metadata directory	Recorded as a manual/curated input or generated table documenting curated inputs.
<local_project_root>\00_metadata\verified_metadata\splited\GSE139529_design\GSE139529_design__T=blood__H=24__B=NA__G=ad_pref__VS=none.tsv	00_metadata/verified_metadata/splited/GSE139529_design/GSE139529_design__T=blood__H=24__B=NA__G=ad_pref__VS=none.tsv	manual_or_curated_input	treatment_control_label; tissue_timepoint_annotation; split_definition	GSE139529_design	02_design_and_split_generation; 07_split_contrast_transfer_evaluation	Supplementary Table S2; validation figures	filename/path indicates verified, curated, role, context, mapping, or manual caption source; values not regenerated here	verified metadata directory	Recorded as a manual/curated input or generated table documenting curated inputs.
<local_project_root>\00_metadata\verified_metadata\splited\GSE139529_design\GSE139529_design__T=blood__H=24__B=NA__G=ad.mva__VS=none.tsv	00_metadata/verified_metadata/splited/GSE139529_design/GSE139529_design__T=blood__H=24__B=NA__G=ad.mva__VS=none.tsv	manual_or_curated_input	treatment_control_label; tissue_timepoint_annotation; split_definition	GSE139529_design	02_design_and_split_generation; 07_split_contrast_transfer_evaluation	Supplementary Table S2; validation figures	filename/path indicates verified, curated, role, context, mapping, or manual caption source; values not regenerated here	verified metadata directory	Recorded as a manual/curated input or generated table documenting curated inputs.
<local_project_root>\00_metadata\verified_metadata\splited\GSE139529_design\GSE139529_design__T=blood__H=24__B=NA__G=mva_fhbp__VS=none.tsv	00_metadata/verified_metadata/splited/GSE139529_design/GSE139529_design__T=blood__H=24__B=NA__G=mva_fhbp__VS=none.tsv	manual_or_curated_input	treatment_control_label; tissue_timepoint_annotation; split_definition	GSE139529_design	02_design_and_split_generation; 07_split_contrast_transfer_evaluation	Supplementary Table S2; validation figures	filename/path indicates verified, curated, role, context, mapping, or manual caption source; values not regenerated here	verified metadata directory	Recorded as a manual/curated input or generated table documenting curated inputs.
<local_project_root>\00_metadata\verified_metadata\splited\GSE139529_design\GSE139529_design__T=blood__H=24__B=NA__G=mva.ad__VS=none.tsv	00_metadata/verified_metadata/splited/GSE139529_design/GSE139529_design__T=blood__H=24__B=NA__G=mva.ad__VS=none.tsv	manual_or_curated_input	treatment_control_label; tissue_timepoint_annotation; split_definition	GSE139529_design	02_design_and_split_generation; 07_split_contrast_transfer_evaluation	Supplementary Table S2; validation figures	filename/path indicates verified, curated, role, context, mapping, or manual caption source; values not regenerated here	verified metadata directory	Recorded as a manual/curated input or generated table documenting curated inputs.
<local_project_root>\00_metadata\verified_metadata\splited\GSE166655_design\GSE166655_design__contrast_index.tsv	00_metadata/verified_metadata/splited/GSE166655_design/GSE166655_design__contrast_index.tsv	manual_or_curated_input	treatment_control_label; tissue_timepoint_annotation; split_definition	GSE166655_design	02_design_and_split_generation; 07_split_contrast_transfer_evaluation	Supplementary Table S2; validation figures	filename/path indicates verified, curated, role, context, mapping, or manual caption source; values not regenerated here	verified metadata directory	Recorded as a manual/curated input or generated table documenting curated inputs.
<local_project_root>\00_metadata\verified_metadata\splited\GSE166655_design\GSE166655_design__group_map.tsv	00_metadata/verified_metadata/splited/GSE166655_design/GSE166655_design__group_map.tsv	manual_or_curated_input	treatment_control_label; tissue_timepoint_annotation; split_definition	GSE166655_design	02_design_and_split_generation; 07_split_contrast_transfer_evaluation	Supplementary Table S2; validation figures	filename/path indicates verified, curated, role, context, mapping, or manual caption source; values not regenerated here	verified metadata directory	Recorded as a manual/curated input or generated table documenting curated inputs.
<local_project_root>\00_metadata\verified_metadata\splited\GSE166655_design\GSE166655_design__T=Tibialis_anterior__H=672__B=NA__G=delivery_aav9_ar45__VS=delivery_untreated.tsv	00_metadata/verified_metadata/splited/GSE166655_design/GSE166655_design__T=Tibialis_anterior__H=672__B=NA__G=delivery_aav9_ar45__VS=delivery_untreated.tsv	manual_or_curated_input	treatment_control_label; tissue_timepoint_annotation; split_definition	GSE166655_design	02_design_and_split_generation; 07_split_contrast_transfer_evaluation	Supplementary Table S2; validation figures	filename/path indicates verified, curated, role, context, mapping, or manual caption source; values not regenerated here	verified metadata directory	Recorded as a manual/curated input or generated table documenting curated inputs.
<local_project_root>\00_metadata\verified_metadata\splited\GSE166655_design\GSE166655_design__T=Tibialis_anterior__H=672__B=NA__G=delivery_aav9_gfp__VS=delivery_untreated.tsv	00_metadata/verified_metadata/splited/GSE166655_design/GSE166655_design__T=Tibialis_anterior__H=672__B=NA__G=delivery_aav9_gfp__VS=delivery_untreated.tsv	manual_or_curated_input	treatment_control_label; tissue_timepoint_annotation; split_definition	GSE166655_design	02_design_and_split_generation; 07_split_contrast_transfer_evaluation	Supplementary Table S2; validation figures	filename/path indicates verified, curated, role, context, mapping, or manual caption source; values not regenerated here	verified metadata directory	Recorded as a manual/curated input or generated table documenting curated inputs.
<local_project_root>\00_metadata\verified_metadata\splited\GSE167521_design\GSE167521_design__contrast_index.tsv	00_metadata/verified_metadata/splited/GSE167521_design/GSE167521_design__contrast_index.tsv	manual_or_curated_input	treatment_control_label; tissue_timepoint_annotation; split_definition	GSE167521_design	02_design_and_split_generation; 07_split_contrast_transfer_evaluation	Supplementary Table S2; validation figures	filename/path indicates verified, curated, role, context, mapping, or manual caption source; values not regenerated here	verified metadata directory	Recorded as a manual/curated input or generated table documenting curated inputs.
<local_project_root>\00_metadata\verified_metadata\splited\GSE167521_design\GSE167521_design__group_map.tsv	00_metadata/verified_metadata/splited/GSE167521_design/GSE167521_design__group_map.tsv	manual_or_curated_input	treatment_control_label; tissue_timepoint_annotation; split_definition	GSE167521_design	02_design_and_split_generation; 07_split_contrast_transfer_evaluation	Supplementary Table S2; validation figures	filename/path indicates verified, curated, role, context, mapping, or manual caption source; values not regenerated here	verified metadata directory	Recorded as a manual/curated input or generated table documenting curated inputs.
<local_project_root>\00_metadata\verified_metadata\splited\GSE167521_design\GSE167521_design__T=skin__H=24__B=NA__G=delivery_lnp__VS=baseline_0.tsv	00_metadata/verified_metadata/splited/GSE167521_design/GSE167521_design__T=skin__H=24__B=NA__G=delivery_lnp__VS=baseline_0.tsv	manual_or_curated_input	treatment_control_label; tissue_timepoint_annotation; split_definition	GSE167521_design	02_design_and_split_generation; 07_split_contrast_transfer_evaluation	Supplementary Table S2; validation figures	filename/path indicates verified, curated, role, context, mapping, or manual caption source; values not regenerated here	verified metadata directory	Recorded as a manual/curated input or generated table documenting curated inputs.
<local_project_root>\00_metadata\verified_metadata\splited\GSE178313_design\GSE178313_design__contrast_index.tsv	00_metadata/verified_metadata/splited/GSE178313_design/GSE178313_design__contrast_index.tsv	manual_or_curated_input	treatment_control_label; tissue_timepoint_annotation; split_definition	GSE178313_design	02_design_and_split_generation; 07_split_contrast_transfer_evaluation	Supplementary Table S2; validation figures	filename/path indicates verified, curated, role, context, mapping, or manual caption source; values not regenerated here	verified metadata directory	Recorded as a manual/curated input or generated table documenting curated inputs.
<local_project_root>\00_metadata\verified_metadata\splited\GSE178313_design\GSE178313_design__group_map.tsv	00_metadata/verified_metadata/splited/GSE178313_design/GSE178313_design__group_map.tsv	manual_or_curated_input	treatment_control_label; tissue_timepoint_annotation; split_definition	GSE178313_design	02_design_and_split_generation; 07_split_contrast_transfer_evaluation	Supplementary Table S2; validation figures	filename/path indicates verified, curated, role, context, mapping, or manual caption source; values not regenerated here	verified metadata directory	Recorded as a manual/curated input or generated table documenting curated inputs.
<local_project_root>\00_metadata\verified_metadata\splited\GSE178313_design\GSE178313_design__T=Liver__H=48__B=NA__G=mouse_repopulated_lnp__VS=mouse_repopulated_pbs.tsv	00_metadata/verified_metadata/splited/GSE178313_design/GSE178313_design__T=Liver__H=48__B=NA__G=mouse_repopulated_lnp__VS=mouse_repopulated_pbs.tsv	manual_or_curated_input	treatment_control_label; tissue_timepoint_annotation; split_definition	GSE178313_design	02_design_and_split_generation; 07_split_contrast_transfer_evaluation	Supplementary Table S2; validation figures	filename/path indicates verified, curated, role, context, mapping, or manual caption source; values not regenerated here	verified metadata directory	Recorded as a manual/curated input or generated table documenting curated inputs.
<local_project_root>\00_metadata\verified_metadata\splited\GSE190850_HUMAN_design\GSE190850_HUMAN_design__contrast_index.tsv	00_metadata/verified_metadata/splited/GSE190850_HUMAN_design/GSE190850_HUMAN_design__contrast_index.tsv	manual_or_curated_input	treatment_control_label; tissue_timepoint_annotation; split_definition	GSE190850_HUMAN	02_design_and_split_generation; 07_split_contrast_transfer_evaluation	Supplementary Table S2; validation figures	filename/path indicates verified, curated, role, context, mapping, or manual caption source; values not regenerated here	verified metadata directory	Recorded as a manual/curated input or generated table documenting curated inputs.
<local_project_root>\00_metadata\verified_metadata\splited\GSE190850_HUMAN_design\GSE190850_HUMAN_design__group_map.tsv	00_metadata/verified_metadata/splited/GSE190850_HUMAN_design/GSE190850_HUMAN_design__group_map.tsv	manual_or_curated_input	treatment_control_label; tissue_timepoint_annotation; split_definition	GSE190850_HUMAN	02_design_and_split_generation; 07_split_contrast_transfer_evaluation	Supplementary Table S2; validation figures	filename/path indicates verified, curated, role, context, mapping, or manual caption source; values not regenerated here	verified metadata directory	Recorded as a manual/curated input or generated table documenting curated inputs.
<local_project_root>\00_metadata\verified_metadata\splited\GSE190850_HUMAN_design\GSE190850_HUMAN_design__T=BALF__H=1344__B=NA__G=GID00119535__VS=delivery_unstimulated.tsv	00_metadata/verified_metadata/splited/GSE190850_HUMAN_design/GSE190850_HUMAN_design__T=BALF__H=1344__B=NA__G=GID00119535__VS=delivery_unstimulated.tsv	manual_or_curated_input	treatment_control_label; tissue_timepoint_annotation; split_definition	GSE190850_HUMAN	02_design_and_split_generation; 07_split_contrast_transfer_evaluation	Supplementary Table S2; validation figures	filename/path indicates verified, curated, role, context, mapping, or manual caption source; values not regenerated here	verified metadata directory	Recorded as a manual/curated input or generated table documenting curated inputs.
<local_project_root>\00_metadata\verified_metadata\splited\GSE262515_cell_line_design\GSE262515_cell_line__contrast_index.tsv	00_metadata/verified_metadata/splited/GSE262515_cell_line_design/GSE262515_cell_line__contrast_index.tsv	manual_or_curated_input	treatment_control_label; tissue_timepoint_annotation; split_definition	GSE262515_cell	02_design_and_split_generation; 07_split_contrast_transfer_evaluation	Supplementary Table S2; validation figures	filename/path indicates verified, curated, role, context, mapping, or manual caption source; values not regenerated here	verified metadata directory	Recorded as a manual/curated input or generated table documenting curated inputs.
<local_project_root>\00_metadata\verified_metadata\splited\GSE262515_cell_line_design\GSE262515_cell_line__group_map.tsv	00_metadata/verified_metadata/splited/GSE262515_cell_line_design/GSE262515_cell_line__group_map.tsv	manual_or_curated_input	treatment_control_label; tissue_timepoint_annotation; split_definition	GSE262515_cell	02_design_and_split_generation; 07_split_contrast_transfer_evaluation	Supplementary Table S2; validation figures	filename/path indicates verified, curated, role, context, mapping, or manual caption source; values not regenerated here	verified metadata directory	Recorded as a manual/curated input or generated table documenting curated inputs.
<local_project_root>\00_metadata\verified_metadata\splited\GSE262515_cell_line_design\GSE262515_cell_line__T=cell_line__H=72__B=NA__G=delivery_tlnp_sihbv_50nm__VS=baseline_0.tsv	00_metadata/verified_metadata/splited/GSE262515_cell_line_design/GSE262515_cell_line__T=cell_line__H=72__B=NA__G=delivery_tlnp_sihbv_50nm__VS=baseline_0.tsv	manual_or_curated_input	treatment_control_label; tissue_timepoint_annotation; split_definition	GSE262515_cell	02_design_and_split_generation; 07_split_contrast_transfer_evaluation	Supplementary Table S2; validation figures	filename/path indicates verified, curated, role, context, mapping, or manual caption source; values not regenerated here	verified metadata directory	Recorded as a manual/curated input or generated table documenting curated inputs.
<local_project_root>\00_metadata\verified_metadata\splited\GSE262515_cell_line_design\GSE262515_cell_line__T=cell_line__H=72__B=NA__G=delivery_tlnp_sinc_50nm__VS=baseline_0.tsv	00_metadata/verified_metadata/splited/GSE262515_cell_line_design/GSE262515_cell_line__T=cell_line__H=72__B=NA__G=delivery_tlnp_sinc_50nm__VS=baseline_0.tsv	manual_or_curated_input	treatment_control_label; tissue_timepoint_annotation; split_definition	GSE262515_cell	02_design_and_split_generation; 07_split_contrast_transfer_evaluation	Supplementary Table S2; validation figures	filename/path indicates verified, curated, role, context, mapping, or manual caption source; values not regenerated here	verified metadata directory	Recorded as a manual/curated input or generated table documenting curated inputs.
<local_project_root>\00_metadata\verified_metadata\splited\GSE262515_design\GSE262515_design__contrast_index.tsv	00_metadata/verified_metadata/splited/GSE262515_design/GSE262515_design__contrast_index.tsv	manual_or_curated_input	treatment_control_label; tissue_timepoint_annotation; split_definition	GSE262515_design	02_design_and_split_generation; 07_split_contrast_transfer_evaluation	Supplementary Table S2; validation figures	filename/path indicates verified, curated, role, context, mapping, or manual caption source; values not regenerated here	verified metadata directory	Recorded as a manual/curated input or generated table documenting curated inputs.
<local_project_root>\00_metadata\verified_metadata\splited\GSE262515_design\GSE262515_design__group_map.tsv	00_metadata/verified_metadata/splited/GSE262515_design/GSE262515_design__group_map.tsv	manual_or_curated_input	treatment_control_label; tissue_timepoint_annotation; split_definition	GSE262515_design	02_design_and_split_generation; 07_split_contrast_transfer_evaluation	Supplementary Table S2; validation figures	filename/path indicates verified, curated, role, context, mapping, or manual caption source; values not regenerated here	verified metadata directory	Recorded as a manual/curated input or generated table documenting curated inputs.
<local_project_root>\00_metadata\verified_metadata\splited\GSE262515_design\GSE262515_design__T=cell_line__H=72__B=NA__G=delivery_tlnp_sihbv_50nm__VS=baseline_0.tsv	00_metadata/verified_metadata/splited/GSE262515_design/GSE262515_design__T=cell_line__H=72__B=NA__G=delivery_tlnp_sihbv_50nm__VS=baseline_0.tsv	manual_or_curated_input	treatment_control_label; tissue_timepoint_annotation; split_definition	GSE262515_design	02_design_and_split_generation; 07_split_contrast_transfer_evaluation	Supplementary Table S2; validation figures	filename/path indicates verified, curated, role, context, mapping, or manual caption source; values not regenerated here	verified metadata directory	Recorded as a manual/curated input or generated table documenting curated inputs.
<local_project_root>\00_metadata\verified_metadata\splited\GSE262515_design\GSE262515_design__T=cell_line__H=72__B=NA__G=delivery_tlnp_sinc_50nm__VS=baseline_0.tsv	00_metadata/verified_metadata/splited/GSE262515_design/GSE262515_design__T=cell_line__H=72__B=NA__G=delivery_tlnp_sinc_50nm__VS=baseline_0.tsv	manual_or_curated_input	treatment_control_label; tissue_timepoint_annotation; split_definition	GSE262515_design	02_design_and_split_generation; 07_split_contrast_transfer_evaluation	Supplementary Table S2; validation figures	filename/path indicates verified, curated, role, context, mapping, or manual caption source; values not regenerated here	verified metadata directory	Recorded as a manual/curated input or generated table documenting curated inputs.
<local_project_root>\00_metadata\verified_metadata\splited\GSE262515_design\GSE262515_design__T=tissue__H=72__B=NA__G=delivery_tlnp_sihbv_1mg_kg__VS=baseline_0.tsv	00_metadata/verified_metadata/splited/GSE262515_design/GSE262515_design__T=tissue__H=72__B=NA__G=delivery_tlnp_sihbv_1mg_kg__VS=baseline_0.tsv	manual_or_curated_input	treatment_control_label; tissue_timepoint_annotation; split_definition	GSE262515_design	02_design_and_split_generation; 07_split_contrast_transfer_evaluation	Supplementary Table S2; validation figures	filename/path indicates verified, curated, role, context, mapping, or manual caption source; values not regenerated here	verified metadata directory	Recorded as a manual/curated input or generated table documenting curated inputs.
<local_project_root>\00_metadata\verified_metadata\splited\GSE262515_design\GSE262515_design__T=tissue__H=72__B=NA__G=delivery_tlnp_sihbv_2_5mg_kg__VS=baseline_0.tsv	00_metadata/verified_metadata/splited/GSE262515_design/GSE262515_design__T=tissue__H=72__B=NA__G=delivery_tlnp_sihbv_2_5mg_kg__VS=baseline_0.tsv	manual_or_curated_input	treatment_control_label; tissue_timepoint_annotation; split_definition	GSE262515_design	02_design_and_split_generation; 07_split_contrast_transfer_evaluation	Supplementary Table S2; validation figures	filename/path indicates verified, curated, role, context, mapping, or manual caption source; values not regenerated here	verified metadata directory	Recorded as a manual/curated input or generated table documenting curated inputs.
<local_project_root>\00_metadata\verified_metadata\splited\GSE262515_design\GSE262515_design__T=tissue__H=72__B=NA__G=delivery_tlnp_sinc_1mg_kg__VS=baseline_0.tsv	00_metadata/verified_metadata/splited/GSE262515_design/GSE262515_design__T=tissue__H=72__B=NA__G=delivery_tlnp_sinc_1mg_kg__VS=baseline_0.tsv	manual_or_curated_input	treatment_control_label; tissue_timepoint_annotation; split_definition	GSE262515_design	02_design_and_split_generation; 07_split_contrast_transfer_evaluation	Supplementary Table S2; validation figures	filename/path indicates verified, curated, role, context, mapping, or manual caption source; values not regenerated here	verified metadata directory	Recorded as a manual/curated input or generated table documenting curated inputs.
<local_project_root>\00_metadata\verified_metadata\splited\GSE262515_tissue_design\GSE262515_tissue__contrast_index.tsv	00_metadata/verified_metadata/splited/GSE262515_tissue_design/GSE262515_tissue__contrast_index.tsv	manual_or_curated_input	treatment_control_label; tissue_timepoint_annotation; split_definition	GSE262515_tissue	02_design_and_split_generation; 07_split_contrast_transfer_evaluation	Supplementary Table S2; validation figures	filename/path indicates verified, curated, role, context, mapping, or manual caption source; values not regenerated here	verified metadata directory	Recorded as a manual/curated input or generated table documenting curated inputs.
<local_project_root>\00_metadata\verified_metadata\splited\GSE262515_tissue_design\GSE262515_tissue__group_map.tsv	00_metadata/verified_metadata/splited/GSE262515_tissue_design/GSE262515_tissue__group_map.tsv	manual_or_curated_input	treatment_control_label; tissue_timepoint_annotation; split_definition	GSE262515_tissue	02_design_and_split_generation; 07_split_contrast_transfer_evaluation	Supplementary Table S2; validation figures	filename/path indicates verified, curated, role, context, mapping, or manual caption source; values not regenerated here	verified metadata directory	Recorded as a manual/curated input or generated table documenting curated inputs.
<local_project_root>\00_metadata\verified_metadata\splited\GSE262515_tissue_design\GSE262515_tissue__T=tissue__H=72__B=NA__G=delivery_tlnp_sihbv_1mg_kg__VS=baseline_0.tsv	00_metadata/verified_metadata/splited/GSE262515_tissue_design/GSE262515_tissue__T=tissue__H=72__B=NA__G=delivery_tlnp_sihbv_1mg_kg__VS=baseline_0.tsv	manual_or_curated_input	treatment_control_label; tissue_timepoint_annotation; split_definition	GSE262515_tissue	02_design_and_split_generation; 07_split_contrast_transfer_evaluation	Supplementary Table S2; validation figures	filename/path indicates verified, curated, role, context, mapping, or manual caption source; values not regenerated here	verified metadata directory	Recorded as a manual/curated input or generated table documenting curated inputs.
<local_project_root>\00_metadata\verified_metadata\splited\GSE262515_tissue_design\GSE262515_tissue__T=tissue__H=72__B=NA__G=delivery_tlnp_sihbv_2_5mg_kg__VS=baseline_0.tsv	00_metadata/verified_metadata/splited/GSE262515_tissue_design/GSE262515_tissue__T=tissue__H=72__B=NA__G=delivery_tlnp_sihbv_2_5mg_kg__VS=baseline_0.tsv	manual_or_curated_input	treatment_control_label; tissue_timepoint_annotation; split_definition	GSE262515_tissue	02_design_and_split_generation; 07_split_contrast_transfer_evaluation	Supplementary Table S2; validation figures	filename/path indicates verified, curated, role, context, mapping, or manual caption source; values not regenerated here	verified metadata directory	Recorded as a manual/curated input or generated table documenting curated inputs.
<local_project_root>\00_metadata\verified_metadata\splited\GSE262515_tissue_design\GSE262515_tissue__T=tissue__H=72__B=NA__G=delivery_tlnp_sinc_1mg_kg__VS=baseline_0.tsv	00_metadata/verified_metadata/splited/GSE262515_tissue_design/GSE262515_tissue__T=tissue__H=72__B=NA__G=delivery_tlnp_sinc_1mg_kg__VS=baseline_0.tsv	manual_or_curated_input	treatment_control_label; tissue_timepoint_annotation; split_definition	GSE262515_tissue	02_design_and_split_generation; 07_split_contrast_transfer_evaluation	Supplementary Table S2; validation figures	filename/path indicates verified, curated, role, context, mapping, or manual caption source; values not regenerated here	verified metadata directory	Recorded as a manual/curated input or generated table documenting curated inputs.
<local_project_root>\00_metadata\verified_metadata\splited\GSE264344_design\GSE264344_design__contrast_index.tsv	00_metadata/verified_metadata/splited/GSE264344_design/GSE264344_design__contrast_index.tsv	manual_or_curated_input	treatment_control_label; tissue_timepoint_annotation; split_definition	GSE264344_design	02_design_and_split_generation; 07_split_contrast_transfer_evaluation	Supplementary Table S2; validation figures	filename/path indicates verified, curated, role, context, mapping, or manual caption source; values not regenerated here	verified metadata directory	Recorded as a manual/curated input or generated table documenting curated inputs.
<local_project_root>\00_metadata\verified_metadata\splited\GSE264344_design\GSE264344_design__group_map.tsv	00_metadata/verified_metadata/splited/GSE264344_design/GSE264344_design__group_map.tsv	manual_or_curated_input	treatment_control_label; tissue_timepoint_annotation; split_definition	GSE264344_design	02_design_and_split_generation; 07_split_contrast_transfer_evaluation	Supplementary Table S2; validation figures	filename/path indicates verified, curated, role, context, mapping, or manual caption source; values not regenerated here	verified metadata directory	Recorded as a manual/curated input or generated table documenting curated inputs.
<local_project_root>\00_metadata\verified_metadata\splited\GSE264344_design\GSE264344_design__T=Blood__H=1__B=NA__G=delivery_ad26__VS=baseline_0.tsv	00_metadata/verified_metadata/splited/GSE264344_design/GSE264344_design__T=Blood__H=1__B=NA__G=delivery_ad26__VS=baseline_0.tsv	manual_or_curated_input	treatment_control_label; tissue_timepoint_annotation; split_definition	GSE264344_design	02_design_and_split_generation; 07_split_contrast_transfer_evaluation	Supplementary Table S2; validation figures	filename/path indicates verified, curated, role, context, mapping, or manual caption source; values not regenerated here	verified metadata directory	Recorded as a manual/curated input or generated table documenting curated inputs.
<local_project_root>\00_metadata\verified_metadata\splited\GSE264344_design\GSE264344_design__T=Blood__H=1__B=NA__G=delivery_ad5__VS=baseline_0.tsv	00_metadata/verified_metadata/splited/GSE264344_design/GSE264344_design__T=Blood__H=1__B=NA__G=delivery_ad5__VS=baseline_0.tsv	manual_or_curated_input	treatment_control_label; tissue_timepoint_annotation; split_definition	GSE264344_design	02_design_and_split_generation; 07_split_contrast_transfer_evaluation	Supplementary Table S2; validation figures	filename/path indicates verified, curated, role, context, mapping, or manual caption source; values not regenerated here	verified metadata directory	Recorded as a manual/curated input or generated table documenting curated inputs.
<local_project_root>\00_metadata\verified_metadata\splited\GSE264344_design\GSE264344_design__T=Blood__H=12__B=NA__G=delivery_ad26__VS=baseline_0.tsv	00_metadata/verified_metadata/splited/GSE264344_design/GSE264344_design__T=Blood__H=12__B=NA__G=delivery_ad26__VS=baseline_0.tsv	manual_or_curated_input	treatment_control_label; tissue_timepoint_annotation; split_definition	GSE264344_design	02_design_and_split_generation; 07_split_contrast_transfer_evaluation	Supplementary Table S2; validation figures	filename/path indicates verified, curated, role, context, mapping, or manual caption source; values not regenerated here	verified metadata directory	Recorded as a manual/curated input or generated table documenting curated inputs.
<local_project_root>\00_metadata\verified_metadata\splited\GSE264344_design\GSE264344_design__T=Blood__H=12__B=NA__G=delivery_ad5__VS=baseline_0.tsv	00_metadata/verified_metadata/splited/GSE264344_design/GSE264344_design__T=Blood__H=12__B=NA__G=delivery_ad5__VS=baseline_0.tsv	manual_or_curated_input	treatment_control_label; tissue_timepoint_annotation; split_definition	GSE264344_design	02_design_and_split_generation; 07_split_contrast_transfer_evaluation	Supplementary Table S2; validation figures	filename/path indicates verified, curated, role, context, mapping, or manual caption source; values not regenerated here	verified metadata directory	Recorded as a manual/curated input or generated table documenting curated inputs.
<local_project_root>\00_metadata\verified_metadata\splited\GSE264344_design\GSE264344_design__T=Blood__H=24__B=NA__G=delivery_ad26__VS=baseline_0.tsv	00_metadata/verified_metadata/splited/GSE264344_design/GSE264344_design__T=Blood__H=24__B=NA__G=delivery_ad26__VS=baseline_0.tsv	manual_or_curated_input	treatment_control_label; tissue_timepoint_annotation; split_definition	GSE264344_design	02_design_and_split_generation; 07_split_contrast_transfer_evaluation	Supplementary Table S2; validation figures	filename/path indicates verified, curated, role, context, mapping, or manual caption source; values not regenerated here	verified metadata directory	Recorded as a manual/curated input or generated table documenting curated inputs.
<local_project_root>\00_metadata\verified_metadata\splited\GSE264344_design\GSE264344_design__T=Blood__H=24__B=NA__G=delivery_ad5__VS=baseline_0.tsv	00_metadata/verified_metadata/splited/GSE264344_design/GSE264344_design__T=Blood__H=24__B=NA__G=delivery_ad5__VS=baseline_0.tsv	manual_or_curated_input	treatment_control_label; tissue_timepoint_annotation; split_definition	GSE264344_design	02_design_and_split_generation; 07_split_contrast_transfer_evaluation	Supplementary Table S2; validation figures	filename/path indicates verified, curated, role, context, mapping, or manual caption source; values not regenerated here	verified metadata directory	Recorded as a manual/curated input or generated table documenting curated inputs.
<local_project_root>\00_metadata\verified_metadata\splited\GSE264344_design\GSE264344_design__T=Blood__H=3__B=NA__G=delivery_ad26__VS=baseline_0.tsv	00_metadata/verified_metadata/splited/GSE264344_design/GSE264344_design__T=Blood__H=3__B=NA__G=delivery_ad26__VS=baseline_0.tsv	manual_or_curated_input	treatment_control_label; tissue_timepoint_annotation; split_definition	GSE264344_design	02_design_and_split_generation; 07_split_contrast_transfer_evaluation	Supplementary Table S2; validation figures	filename/path indicates verified, curated, role, context, mapping, or manual caption source; values not regenerated here	verified metadata directory	Recorded as a manual/curated input or generated table documenting curated inputs.
<local_project_root>\00_metadata\verified_metadata\splited\GSE264344_design\GSE264344_design__T=Blood__H=3__B=NA__G=delivery_ad5__VS=baseline_0.tsv	00_metadata/verified_metadata/splited/GSE264344_design/GSE264344_design__T=Blood__H=3__B=NA__G=delivery_ad5__VS=baseline_0.tsv	manual_or_curated_input	treatment_control_label; tissue_timepoint_annotation; split_definition	GSE264344_design	02_design_and_split_generation; 07_split_contrast_transfer_evaluation	Supplementary Table S2; validation figures	filename/path indicates verified, curated, role, context, mapping, or manual caption source; values not regenerated here	verified metadata directory	Recorded as a manual/curated input or generated table documenting curated inputs.
<local_project_root>\00_metadata\verified_metadata\splited\GSE264344_design\GSE264344_design__T=Blood__H=6__B=NA__G=delivery_ad26__VS=baseline_0.tsv	00_metadata/verified_metadata/splited/GSE264344_design/GSE264344_design__T=Blood__H=6__B=NA__G=delivery_ad26__VS=baseline_0.tsv	manual_or_curated_input	treatment_control_label; tissue_timepoint_annotation; split_definition	GSE264344_design	02_design_and_split_generation; 07_split_contrast_transfer_evaluation	Supplementary Table S2; validation figures	filename/path indicates verified, curated, role, context, mapping, or manual caption source; values not regenerated here	verified metadata directory	Recorded as a manual/curated input or generated table documenting curated inputs.
<local_project_root>\00_metadata\verified_metadata\splited\GSE264344_design\GSE264344_design__T=Blood__H=6__B=NA__G=delivery_ad5__VS=baseline_0.tsv	00_metadata/verified_metadata/splited/GSE264344_design/GSE264344_design__T=Blood__H=6__B=NA__G=delivery_ad5__VS=baseline_0.tsv	manual_or_curated_input	treatment_control_label; tissue_timepoint_annotation; split_definition	GSE264344_design	02_design_and_split_generation; 07_split_contrast_transfer_evaluation	Supplementary Table S2; validation figures	filename/path indicates verified, curated, role, context, mapping, or manual caption source; values not regenerated here	verified metadata directory	Recorded as a manual/curated input or generated table documenting curated inputs.
<local_project_root>\00_metadata\verified_metadata\splited\GSE264344_design\GSE264344_design__T=Blood__H=72__B=NA__G=delivery_ad26__VS=baseline_0.tsv	00_metadata/verified_metadata/splited/GSE264344_design/GSE264344_design__T=Blood__H=72__B=NA__G=delivery_ad26__VS=baseline_0.tsv	manual_or_curated_input	treatment_control_label; tissue_timepoint_annotation; split_definition	GSE264344_design	02_design_and_split_generation; 07_split_contrast_transfer_evaluation	Supplementary Table S2; validation figures	filename/path indicates verified, curated, role, context, mapping, or manual caption source; values not regenerated here	verified metadata directory	Recorded as a manual/curated input or generated table documenting curated inputs.
<local_project_root>\00_metadata\verified_metadata\splited\GSE264344_design\GSE264344_design__T=Blood__H=72__B=NA__G=delivery_ad5__VS=baseline_0.tsv	00_metadata/verified_metadata/splited/GSE264344_design/GSE264344_design__T=Blood__H=72__B=NA__G=delivery_ad5__VS=baseline_0.tsv	manual_or_curated_input	treatment_control_label; tissue_timepoint_annotation; split_definition	GSE264344_design	02_design_and_split_generation; 07_split_contrast_transfer_evaluation	Supplementary Table S2; validation figures	filename/path indicates verified, curated, role, context, mapping, or manual caption source; values not regenerated here	verified metadata directory	Recorded as a manual/curated input or generated table documenting curated inputs.
<local_project_root>\00_metadata\verified_metadata\splited\GSE264344_design\GSE264344_design__T=dLN__H=1__B=NA__G=delivery_ad26__VS=baseline_0.tsv	00_metadata/verified_metadata/splited/GSE264344_design/GSE264344_design__T=dLN__H=1__B=NA__G=delivery_ad26__VS=baseline_0.tsv	manual_or_curated_input	treatment_control_label; tissue_timepoint_annotation; split_definition	GSE264344_design	02_design_and_split_generation; 07_split_contrast_transfer_evaluation	Supplementary Table S2; validation figures	filename/path indicates verified, curated, role, context, mapping, or manual caption source; values not regenerated here	verified metadata directory	Recorded as a manual/curated input or generated table documenting curated inputs.
<local_project_root>\00_metadata\verified_metadata\splited\GSE264344_design\GSE264344_design__T=dLN__H=1__B=NA__G=delivery_ad5__VS=baseline_0.tsv	00_metadata/verified_metadata/splited/GSE264344_design/GSE264344_design__T=dLN__H=1__B=NA__G=delivery_ad5__VS=baseline_0.tsv	manual_or_curated_input	treatment_control_label; tissue_timepoint_annotation; split_definition	GSE264344_design	02_design_and_split_generation; 07_split_contrast_transfer_evaluation	Supplementary Table S2; validation figures	filename/path indicates verified, curated, role, context, mapping, or manual caption source; values not regenerated here	verified metadata directory	Recorded as a manual/curated input or generated table documenting curated inputs.
<local_project_root>\00_metadata\verified_metadata\splited\GSE264344_design\GSE264344_design__T=dLN__H=12__B=NA__G=delivery_ad26__VS=baseline_0.tsv	00_metadata/verified_metadata/splited/GSE264344_design/GSE264344_design__T=dLN__H=12__B=NA__G=delivery_ad26__VS=baseline_0.tsv	manual_or_curated_input	treatment_control_label; tissue_timepoint_annotation; split_definition	GSE264344_design	02_design_and_split_generation; 07_split_contrast_transfer_evaluation	Supplementary Table S2; validation figures	filename/path indicates verified, curated, role, context, mapping, or manual caption source; values not regenerated here	verified metadata directory	Recorded as a manual/curated input or generated table documenting curated inputs.
<local_project_root>\00_metadata\verified_metadata\splited\GSE264344_design\GSE264344_design__T=dLN__H=12__B=NA__G=delivery_ad5__VS=baseline_0.tsv	00_metadata/verified_metadata/splited/GSE264344_design/GSE264344_design__T=dLN__H=12__B=NA__G=delivery_ad5__VS=baseline_0.tsv	manual_or_curated_input	treatment_control_label; tissue_timepoint_annotation; split_definition	GSE264344_design	02_design_and_split_generation; 07_split_contrast_transfer_evaluation	Supplementary Table S2; validation figures	filename/path indicates verified, curated, role, context, mapping, or manual caption source; values not regenerated here	verified metadata directory	Recorded as a manual/curated input or generated table documenting curated inputs.
<local_project_root>\00_metadata\verified_metadata\splited\GSE264344_design\GSE264344_design__T=dLN__H=24__B=NA__G=delivery_ad26__VS=baseline_0.tsv	00_metadata/verified_metadata/splited/GSE264344_design/GSE264344_design__T=dLN__H=24__B=NA__G=delivery_ad26__VS=baseline_0.tsv	manual_or_curated_input	treatment_control_label; tissue_timepoint_annotation; split_definition	GSE264344_design	02_design_and_split_generation; 07_split_contrast_transfer_evaluation	Supplementary Table S2; validation figures	filename/path indicates verified, curated, role, context, mapping, or manual caption source; values not regenerated here	verified metadata directory	Recorded as a manual/curated input or generated table documenting curated inputs.
<local_project_root>\00_metadata\verified_metadata\splited\GSE264344_design\GSE264344_design__T=dLN__H=24__B=NA__G=delivery_ad5__VS=baseline_0.tsv	00_metadata/verified_metadata/splited/GSE264344_design/GSE264344_design__T=dLN__H=24__B=NA__G=delivery_ad5__VS=baseline_0.tsv	manual_or_curated_input	treatment_control_label; tissue_timepoint_annotation; split_definition	GSE264344_design	02_design_and_split_generation; 07_split_contrast_transfer_evaluation	Supplementary Table S2; validation figures	filename/path indicates verified, curated, role, context, mapping, or manual caption source; values not regenerated here	verified metadata directory	Recorded as a manual/curated input or generated table documenting curated inputs.
<local_project_root>\00_metadata\verified_metadata\splited\GSE264344_design\GSE264344_design__T=dLN__H=3__B=NA__G=delivery_ad26__VS=baseline_0.tsv	00_metadata/verified_metadata/splited/GSE264344_design/GSE264344_design__T=dLN__H=3__B=NA__G=delivery_ad26__VS=baseline_0.tsv	manual_or_curated_input	treatment_control_label; tissue_timepoint_annotation; split_definition	GSE264344_design	02_design_and_split_generation; 07_split_contrast_transfer_evaluation	Supplementary Table S2; validation figures	filename/path indicates verified, curated, role, context, mapping, or manual caption source; values not regenerated here	verified metadata directory	Recorded as a manual/curated input or generated table documenting curated inputs.
<local_project_root>\00_metadata\verified_metadata\splited\GSE264344_design\GSE264344_design__T=dLN__H=3__B=NA__G=delivery_ad5__VS=baseline_0.tsv	00_metadata/verified_metadata/splited/GSE264344_design/GSE264344_design__T=dLN__H=3__B=NA__G=delivery_ad5__VS=baseline_0.tsv	manual_or_curated_input	treatment_control_label; tissue_timepoint_annotation; split_definition	GSE264344_design	02_design_and_split_generation; 07_split_contrast_transfer_evaluation	Supplementary Table S2; validation figures	filename/path indicates verified, curated, role, context, mapping, or manual caption source; values not regenerated here	verified metadata directory	Recorded as a manual/curated input or generated table documenting curated inputs.
<local_project_root>\00_metadata\verified_metadata\splited\GSE264344_design\GSE264344_design__T=dLN__H=6__B=NA__G=delivery_ad26__VS=baseline_0.tsv	00_metadata/verified_metadata/splited/GSE264344_design/GSE264344_design__T=dLN__H=6__B=NA__G=delivery_ad26__VS=baseline_0.tsv	manual_or_curated_input	treatment_control_label; tissue_timepoint_annotation; split_definition	GSE264344_design	02_design_and_split_generation; 07_split_contrast_transfer_evaluation	Supplementary Table S2; validation figures	filename/path indicates verified, curated, role, context, mapping, or manual caption source; values not regenerated here	verified metadata directory	Recorded as a manual/curated input or generated table documenting curated inputs.
<local_project_root>\00_metadata\verified_metadata\splited\GSE264344_design\GSE264344_design__T=dLN__H=6__B=NA__G=delivery_ad5__VS=baseline_0.tsv	00_metadata/verified_metadata/splited/GSE264344_design/GSE264344_design__T=dLN__H=6__B=NA__G=delivery_ad5__VS=baseline_0.tsv	manual_or_curated_input	treatment_control_label; tissue_timepoint_annotation; split_definition	GSE264344_design	02_design_and_split_generation; 07_split_contrast_transfer_evaluation	Supplementary Table S2; validation figures	filename/path indicates verified, curated, role, context, mapping, or manual caption source; values not regenerated here	verified metadata directory	Recorded as a manual/curated input or generated table documenting curated inputs.
<local_project_root>\00_metadata\verified_metadata\splited\GSE264344_design\GSE264344_design__T=dLN__H=72__B=NA__G=delivery_ad26__VS=baseline_0.tsv	00_metadata/verified_metadata/splited/GSE264344_design/GSE264344_design__T=dLN__H=72__B=NA__G=delivery_ad26__VS=baseline_0.tsv	manual_or_curated_input	treatment_control_label; tissue_timepoint_annotation; split_definition	GSE264344_design	02_design_and_split_generation; 07_split_contrast_transfer_evaluation	Supplementary Table S2; validation figures	filename/path indicates verified, curated, role, context, mapping, or manual caption source; values not regenerated here	verified metadata directory	Recorded as a manual/curated input or generated table documenting curated inputs.
<local_project_root>\00_metadata\verified_metadata\splited\GSE264344_design\GSE264344_design__T=dLN__H=72__B=NA__G=delivery_ad5__VS=baseline_0.tsv	00_metadata/verified_metadata/splited/GSE264344_design/GSE264344_design__T=dLN__H=72__B=NA__G=delivery_ad5__VS=baseline_0.tsv	manual_or_curated_input	treatment_control_label; tissue_timepoint_annotation; split_definition	GSE264344_design	02_design_and_split_generation; 07_split_contrast_transfer_evaluation	Supplementary Table S2; validation figures	filename/path indicates verified, curated, role, context, mapping, or manual caption source; values not regenerated here	verified metadata directory	Recorded as a manual/curated input or generated table documenting curated inputs.
<local_project_root>\00_metadata\verified_metadata\splited\GSE264344_design\GSE264344_design__T=Muscle__H=1__B=NA__G=delivery_ad26__VS=baseline_0.tsv	00_metadata/verified_metadata/splited/GSE264344_design/GSE264344_design__T=Muscle__H=1__B=NA__G=delivery_ad26__VS=baseline_0.tsv	manual_or_curated_input	treatment_control_label; tissue_timepoint_annotation; split_definition	GSE264344_design	02_design_and_split_generation; 07_split_contrast_transfer_evaluation	Supplementary Table S2; validation figures	filename/path indicates verified, curated, role, context, mapping, or manual caption source; values not regenerated here	verified metadata directory	Recorded as a manual/curated input or generated table documenting curated inputs.
<local_project_root>\00_metadata\verified_metadata\splited\GSE264344_design\GSE264344_design__T=Muscle__H=1__B=NA__G=delivery_ad5__VS=baseline_0.tsv	00_metadata/verified_metadata/splited/GSE264344_design/GSE264344_design__T=Muscle__H=1__B=NA__G=delivery_ad5__VS=baseline_0.tsv	manual_or_curated_input	treatment_control_label; tissue_timepoint_annotation; split_definition	GSE264344_design	02_design_and_split_generation; 07_split_contrast_transfer_evaluation	Supplementary Table S2; validation figures	filename/path indicates verified, curated, role, context, mapping, or manual caption source; values not regenerated here	verified metadata directory	Recorded as a manual/curated input or generated table documenting curated inputs.
<local_project_root>\00_metadata\verified_metadata\splited\GSE264344_design\GSE264344_design__T=Muscle__H=12__B=NA__G=delivery_ad26__VS=baseline_0.tsv	00_metadata/verified_metadata/splited/GSE264344_design/GSE264344_design__T=Muscle__H=12__B=NA__G=delivery_ad26__VS=baseline_0.tsv	manual_or_curated_input	treatment_control_label; tissue_timepoint_annotation; split_definition	GSE264344_design	02_design_and_split_generation; 07_split_contrast_transfer_evaluation	Supplementary Table S2; validation figures	filename/path indicates verified, curated, role, context, mapping, or manual caption source; values not regenerated here	verified metadata directory	Recorded as a manual/curated input or generated table documenting curated inputs.
<local_project_root>\00_metadata\verified_metadata\splited\GSE264344_design\GSE264344_design__T=Muscle__H=12__B=NA__G=delivery_ad5__VS=baseline_0.tsv	00_metadata/verified_metadata/splited/GSE264344_design/GSE264344_design__T=Muscle__H=12__B=NA__G=delivery_ad5__VS=baseline_0.tsv	manual_or_curated_input	treatment_control_label; tissue_timepoint_annotation; split_definition	GSE264344_design	02_design_and_split_generation; 07_split_contrast_transfer_evaluation	Supplementary Table S2; validation figures	filename/path indicates verified, curated, role, context, mapping, or manual caption source; values not regenerated here	verified metadata directory	Recorded as a manual/curated input or generated table documenting curated inputs.
<local_project_root>\00_metadata\verified_metadata\splited\GSE264344_design\GSE264344_design__T=Muscle__H=24__B=NA__G=delivery_ad26__VS=baseline_0.tsv	00_metadata/verified_metadata/splited/GSE264344_design/GSE264344_design__T=Muscle__H=24__B=NA__G=delivery_ad26__VS=baseline_0.tsv	manual_or_curated_input	treatment_control_label; tissue_timepoint_annotation; split_definition	GSE264344_design	02_design_and_split_generation; 07_split_contrast_transfer_evaluation	Supplementary Table S2; validation figures	filename/path indicates verified, curated, role, context, mapping, or manual caption source; values not regenerated here	verified metadata directory	Recorded as a manual/curated input or generated table documenting curated inputs.
<local_project_root>\00_metadata\verified_metadata\splited\GSE264344_design\GSE264344_design__T=Muscle__H=24__B=NA__G=delivery_ad5__VS=baseline_0.tsv	00_metadata/verified_metadata/splited/GSE264344_design/GSE264344_design__T=Muscle__H=24__B=NA__G=delivery_ad5__VS=baseline_0.tsv	manual_or_curated_input	treatment_control_label; tissue_timepoint_annotation; split_definition	GSE264344_design	02_design_and_split_generation; 07_split_contrast_transfer_evaluation	Supplementary Table S2; validation figures	filename/path indicates verified, curated, role, context, mapping, or manual caption source; values not regenerated here	verified metadata directory	Recorded as a manual/curated input or generated table documenting curated inputs.
<local_project_root>\00_metadata\verified_metadata\splited\GSE264344_design\GSE264344_design__T=Muscle__H=3__B=NA__G=delivery_ad26__VS=baseline_0.tsv	00_metadata/verified_metadata/splited/GSE264344_design/GSE264344_design__T=Muscle__H=3__B=NA__G=delivery_ad26__VS=baseline_0.tsv	manual_or_curated_input	treatment_control_label; tissue_timepoint_annotation; split_definition	GSE264344_design	02_design_and_split_generation; 07_split_contrast_transfer_evaluation	Supplementary Table S2; validation figures	filename/path indicates verified, curated, role, context, mapping, or manual caption source; values not regenerated here	verified metadata directory	Recorded as a manual/curated input or generated table documenting curated inputs.
<local_project_root>\00_metadata\verified_metadata\splited\GSE264344_design\GSE264344_design__T=Muscle__H=3__B=NA__G=delivery_ad5__VS=baseline_0.tsv	00_metadata/verified_metadata/splited/GSE264344_design/GSE264344_design__T=Muscle__H=3__B=NA__G=delivery_ad5__VS=baseline_0.tsv	manual_or_curated_input	treatment_control_label; tissue_timepoint_annotation; split_definition	GSE264344_design	02_design_and_split_generation; 07_split_contrast_transfer_evaluation	Supplementary Table S2; validation figures	filename/path indicates verified, curated, role, context, mapping, or manual caption source; values not regenerated here	verified metadata directory	Recorded as a manual/curated input or generated table documenting curated inputs.
<local_project_root>\00_metadata\verified_metadata\splited\GSE264344_design\GSE264344_design__T=Muscle__H=6__B=NA__G=delivery_ad26__VS=baseline_0.tsv	00_metadata/verified_metadata/splited/GSE264344_design/GSE264344_design__T=Muscle__H=6__B=NA__G=delivery_ad26__VS=baseline_0.tsv	manual_or_curated_input	treatment_control_label; tissue_timepoint_annotation; split_definition	GSE264344_design	02_design_and_split_generation; 07_split_contrast_transfer_evaluation	Supplementary Table S2; validation figures	filename/path indicates verified, curated, role, context, mapping, or manual caption source; values not regenerated here	verified metadata directory	Recorded as a manual/curated input or generated table documenting curated inputs.
<local_project_root>\00_metadata\verified_metadata\splited\GSE264344_design\GSE264344_design__T=Muscle__H=6__B=NA__G=delivery_ad5__VS=baseline_0.tsv	00_metadata/verified_metadata/splited/GSE264344_design/GSE264344_design__T=Muscle__H=6__B=NA__G=delivery_ad5__VS=baseline_0.tsv	manual_or_curated_input	treatment_control_label; tissue_timepoint_annotation; split_definition	GSE264344_design	02_design_and_split_generation; 07_split_contrast_transfer_evaluation	Supplementary Table S2; validation figures	filename/path indicates verified, curated, role, context, mapping, or manual caption source; values not regenerated here	verified metadata directory	Recorded as a manual/curated input or generated table documenting curated inputs.
<local_project_root>\00_metadata\verified_metadata\splited\GSE264344_design\GSE264344_design__T=Muscle__H=72__B=NA__G=delivery_ad26__VS=baseline_0.tsv	00_metadata/verified_metadata/splited/GSE264344_design/GSE264344_design__T=Muscle__H=72__B=NA__G=delivery_ad26__VS=baseline_0.tsv	manual_or_curated_input	treatment_control_label; tissue_timepoint_annotation; split_definition	GSE264344_design	02_design_and_split_generation; 07_split_contrast_transfer_evaluation	Supplementary Table S2; validation figures	filename/path indicates verified, curated, role, context, mapping, or manual caption source; values not regenerated here	verified metadata directory	Recorded as a manual/curated input or generated table documenting curated inputs.
<local_project_root>\00_metadata\verified_metadata\splited\GSE264344_design\GSE264344_design__T=Muscle__H=72__B=NA__G=delivery_ad5__VS=baseline_0.tsv	00_metadata/verified_metadata/splited/GSE264344_design/GSE264344_design__T=Muscle__H=72__B=NA__G=delivery_ad5__VS=baseline_0.tsv	manual_or_curated_input	treatment_control_label; tissue_timepoint_annotation; split_definition	GSE264344_design	02_design_and_split_generation; 07_split_contrast_transfer_evaluation	Supplementary Table S2; validation figures	filename/path indicates verified, curated, role, context, mapping, or manual caption source; values not regenerated here	verified metadata directory	Recorded as a manual/curated input or generated table documenting curated inputs.
<local_project_root>\00_metadata\verified_metadata\splited\GSE279372_design\GSE279372_design__contrast_index.tsv	00_metadata/verified_metadata/splited/GSE279372_design/GSE279372_design__contrast_index.tsv	manual_or_curated_input	treatment_control_label; tissue_timepoint_annotation; split_definition	GSE279372_design	02_design_and_split_generation; 07_split_contrast_transfer_evaluation	Supplementary Table S2; validation figures	filename/path indicates verified, curated, role, context, mapping, or manual caption source; values not regenerated here	verified metadata directory	Recorded as a manual/curated input or generated table documenting curated inputs.
<local_project_root>\00_metadata\verified_metadata\splited\GSE279372_design\GSE279372_design__group_map.tsv	00_metadata/verified_metadata/splited/GSE279372_design/GSE279372_design__group_map.tsv	manual_or_curated_input	treatment_control_label; tissue_timepoint_annotation; split_definition	GSE279372_design	02_design_and_split_generation; 07_split_contrast_transfer_evaluation	Supplementary Table S2; validation figures	filename/path indicates verified, curated, role, context, mapping, or manual caption source; values not regenerated here	verified metadata directory	Recorded as a manual/curated input or generated table documenting curated inputs.
<local_project_root>\00_metadata\verified_metadata\splited\GSE279372_design\GSE279372_design__T=draining_lymph_nodes__H=24__B=NA__G=delivery_1000_g_lnps_injected__VS=baseline_0.tsv	00_metadata/verified_metadata/splited/GSE279372_design/GSE279372_design__T=draining_lymph_nodes__H=24__B=NA__G=delivery_1000_g_lnps_injected__VS=baseline_0.tsv	manual_or_curated_input	treatment_control_label; tissue_timepoint_annotation; split_definition	GSE279372_design	02_design_and_split_generation; 07_split_contrast_transfer_evaluation	Supplementary Table S2; validation figures	filename/path indicates verified, curated, role, context, mapping, or manual caption source; values not regenerated here	verified metadata directory	Recorded as a manual/curated input or generated table documenting curated inputs.
<local_project_root>\00_metadata\verified_metadata\splited\GSE279372_design\GSE279372_design__T=draining_lymph_nodes__H=24__B=NA__G=delivery_250_g_alum_injected__VS=baseline_0.tsv	00_metadata/verified_metadata/splited/GSE279372_design/GSE279372_design__T=draining_lymph_nodes__H=24__B=NA__G=delivery_250_g_alum_injected__VS=baseline_0.tsv	manual_or_curated_input	treatment_control_label; tissue_timepoint_annotation; split_definition	GSE279372_design	02_design_and_split_generation; 07_split_contrast_transfer_evaluation	Supplementary Table S2; validation figures	filename/path indicates verified, curated, role, context, mapping, or manual caption source; values not regenerated here	verified metadata directory	Recorded as a manual/curated input or generated table documenting curated inputs.
<local_project_root>\00_metadata\verified_metadata\splited\GSE279372_design\GSE279372_design__T=draining_lymph_nodes__H=24__B=NA__G=delivery_5_g_gi_1_gii_4_vlp__VS=baseline_0.tsv	00_metadata/verified_metadata/splited/GSE279372_design/GSE279372_design__T=draining_lymph_nodes__H=24__B=NA__G=delivery_5_g_gi_1_gii_4_vlp__VS=baseline_0.tsv	manual_or_curated_input	treatment_control_label; tissue_timepoint_annotation; split_definition	GSE279372_design	02_design_and_split_generation; 07_split_contrast_transfer_evaluation	Supplementary Table S2; validation figures	filename/path indicates verified, curated, role, context, mapping, or manual caption source; values not regenerated here	verified metadata directory	Recorded as a manual/curated input or generated table documenting curated inputs.
<local_project_root>\00_metadata\verified_metadata\splited\GSE279372_design\GSE279372_design__T=draining_lymph_nodes__H=24__B=NA__G=GID00110503__VS=baseline_0.tsv	00_metadata/verified_metadata/splited/GSE279372_design/GSE279372_design__T=draining_lymph_nodes__H=24__B=NA__G=GID00110503__VS=baseline_0.tsv	manual_or_curated_input	treatment_control_label; tissue_timepoint_annotation; split_definition	GSE279372_design	02_design_and_split_generation; 07_split_contrast_transfer_evaluation	Supplementary Table S2; validation figures	filename/path indicates verified, curated, role, context, mapping, or manual caption source; values not regenerated here	verified metadata directory	Recorded as a manual/curated input or generated table documenting curated inputs.
<local_project_root>\00_metadata\verified_metadata\splited\GSE279372_design\GSE279372_design__T=draining_lymph_nodes__H=24__B=NA__G=GID00110754__VS=baseline_0.tsv	00_metadata/verified_metadata/splited/GSE279372_design/GSE279372_design__T=draining_lymph_nodes__H=24__B=NA__G=GID00110754__VS=baseline_0.tsv	manual_or_curated_input	treatment_control_label; tissue_timepoint_annotation; split_definition	GSE279372_design	02_design_and_split_generation; 07_split_contrast_transfer_evaluation	Supplementary Table S2; validation figures	filename/path indicates verified, curated, role, context, mapping, or manual caption source; values not regenerated here	verified metadata directory	Recorded as a manual/curated input or generated table documenting curated inputs.
<local_project_root>\00_metadata\verified_metadata\splited\GSE279372_design\GSE279372_design__T=draining_lymph_nodes__H=24__B=NA__G=GID00114748__VS=baseline_0.tsv	00_metadata/verified_metadata/splited/GSE279372_design/GSE279372_design__T=draining_lymph_nodes__H=24__B=NA__G=GID00114748__VS=baseline_0.tsv	manual_or_curated_input	treatment_control_label; tissue_timepoint_annotation; split_definition	GSE279372_design	02_design_and_split_generation; 07_split_contrast_transfer_evaluation	Supplementary Table S2; validation figures	filename/path indicates verified, curated, role, context, mapping, or manual caption source; values not regenerated here	verified metadata directory	Recorded as a manual/curated input or generated table documenting curated inputs.
<local_project_root>\00_metadata\verified_metadata\splited\GSE279743_design\GSE279743_design__contrast_index.tsv	00_metadata/verified_metadata/splited/GSE279743_design/GSE279743_design__contrast_index.tsv	manual_or_curated_input	treatment_control_label; tissue_timepoint_annotation; split_definition	GSE279743_design	02_design_and_split_generation; 07_split_contrast_transfer_evaluation	Supplementary Table S2; validation figures	filename/path indicates verified, curated, role, context, mapping, or manual caption source; values not regenerated here	verified metadata directory	Recorded as a manual/curated input or generated table documenting curated inputs.
<local_project_root>\00_metadata\verified_metadata\splited\GSE279743_design\GSE279743_design__group_map.tsv	00_metadata/verified_metadata/splited/GSE279743_design/GSE279743_design__group_map.tsv	manual_or_curated_input	treatment_control_label; tissue_timepoint_annotation; split_definition	GSE279743_design	02_design_and_split_generation; 07_split_contrast_transfer_evaluation	Supplementary Table S2; validation figures	filename/path indicates verified, curated, role, context, mapping, or manual caption source; values not regenerated here	verified metadata directory	Recorded as a manual/curated input or generated table documenting curated inputs.
<local_project_root>\00_metadata\verified_metadata\splited\GSE279743_design\GSE279743_design__T=Lymph_Node__H=6__B=NA__G=delivery_vaccination_with_sm102__VS=baseline_0.tsv	00_metadata/verified_metadata/splited/GSE279743_design/GSE279743_design__T=Lymph_Node__H=6__B=NA__G=delivery_vaccination_with_sm102__VS=baseline_0.tsv	manual_or_curated_input	treatment_control_label; tissue_timepoint_annotation; split_definition	GSE279743_design	02_design_and_split_generation; 07_split_contrast_transfer_evaluation	Supplementary Table S2; validation figures	filename/path indicates verified, curated, role, context, mapping, or manual caption source; values not regenerated here	verified metadata directory	Recorded as a manual/curated input or generated table documenting curated inputs.
<local_project_root>\00_metadata\verified_metadata\splited\GSE279743_design\GSE279743_design__T=Lymph_Node__H=6__B=NA__G=delivery_vaccination_with_ssop__VS=baseline_0.tsv	00_metadata/verified_metadata/splited/GSE279743_design/GSE279743_design__T=Lymph_Node__H=6__B=NA__G=delivery_vaccination_with_ssop__VS=baseline_0.tsv	manual_or_curated_input	treatment_control_label; tissue_timepoint_annotation; split_definition	GSE279743_design	02_design_and_split_generation; 07_split_contrast_transfer_evaluation	Supplementary Table S2; validation figures	filename/path indicates verified, curated, role, context, mapping, or manual caption source; values not regenerated here	verified metadata directory	Recorded as a manual/curated input or generated table documenting curated inputs.
<local_project_root>\00_metadata\verified_metadata\splited\GSE279744_design\GSE279744_design__contrast_index.tsv	00_metadata/verified_metadata/splited/GSE279744_design/GSE279744_design__contrast_index.tsv	manual_or_curated_input	treatment_control_label; tissue_timepoint_annotation; split_definition	GSE279744_design	02_design_and_split_generation; 07_split_contrast_transfer_evaluation	Supplementary Table S2; validation figures	filename/path indicates verified, curated, role, context, mapping, or manual caption source; values not regenerated here	verified metadata directory	Recorded as a manual/curated input or generated table documenting curated inputs.
<local_project_root>\00_metadata\verified_metadata\splited\GSE279744_design\GSE279744_design__group_map.tsv	00_metadata/verified_metadata/splited/GSE279744_design/GSE279744_design__group_map.tsv	manual_or_curated_input	treatment_control_label; tissue_timepoint_annotation; split_definition	GSE279744_design	02_design_and_split_generation; 07_split_contrast_transfer_evaluation	Supplementary Table S2; validation figures	filename/path indicates verified, curated, role, context, mapping, or manual caption source; values not regenerated here	verified metadata directory	Recorded as a manual/curated input or generated table documenting curated inputs.
<local_project_root>\00_metadata\verified_metadata\splited\GSE279744_design\GSE279744_design__T=lymph_node__H=6__B=NA__G=delivery_vaccination_with_sm102__VS=baseline_0.tsv	00_metadata/verified_metadata/splited/GSE279744_design/GSE279744_design__T=lymph_node__H=6__B=NA__G=delivery_vaccination_with_sm102__VS=baseline_0.tsv	manual_or_curated_input	treatment_control_label; tissue_timepoint_annotation; split_definition	GSE279744_design	02_design_and_split_generation; 07_split_contrast_transfer_evaluation	Supplementary Table S2; validation figures	filename/path indicates verified, curated, role, context, mapping, or manual caption source; values not regenerated here	verified metadata directory	Recorded as a manual/curated input or generated table documenting curated inputs.
<local_project_root>\00_metadata\verified_metadata\splited\GSE279744_design\GSE279744_design__T=lymph_node__H=6__B=NA__G=delivery_vaccination_with_ssop__VS=baseline_0.tsv	00_metadata/verified_metadata/splited/GSE279744_design/GSE279744_design__T=lymph_node__H=6__B=NA__G=delivery_vaccination_with_ssop__VS=baseline_0.tsv	manual_or_curated_input	treatment_control_label; tissue_timepoint_annotation; split_definition	GSE279744_design	02_design_and_split_generation; 07_split_contrast_transfer_evaluation	Supplementary Table S2; validation figures	filename/path indicates verified, curated, role, context, mapping, or manual caption source; values not regenerated here	verified metadata directory	Recorded as a manual/curated input or generated table documenting curated inputs.
<local_project_root>\00_metadata\verified_metadata\splited\GSE314070_design\GSE314070_design__contrast_index.tsv	00_metadata/verified_metadata/splited/GSE314070_design/GSE314070_design__contrast_index.tsv	manual_or_curated_input	treatment_control_label; tissue_timepoint_annotation; split_definition	GSE314070_design	02_design_and_split_generation; 07_split_contrast_transfer_evaluation	Supplementary Table S2; validation figures	filename/path indicates verified, curated, role, context, mapping, or manual caption source; values not regenerated here	verified metadata directory	Recorded as a manual/curated input or generated table documenting curated inputs.
<local_project_root>\00_metadata\verified_metadata\splited\GSE314070_design\GSE314070_design__group_map.tsv	00_metadata/verified_metadata/splited/GSE314070_design/GSE314070_design__group_map.tsv	manual_or_curated_input	treatment_control_label; tissue_timepoint_annotation; split_definition	GSE314070_design	02_design_and_split_generation; 07_split_contrast_transfer_evaluation	Supplementary Table S2; validation figures	filename/path indicates verified, curated, role, context, mapping, or manual caption source; values not regenerated here	verified metadata directory	Recorded as a manual/curated input or generated table documenting curated inputs.
<local_project_root>\00_metadata\verified_metadata\splited\GSE314070_design\GSE314070_design__T=small_intestine__H=336__B=NA__G=delivery_am80_lnp__VS=baseline_0.tsv	00_metadata/verified_metadata/splited/GSE314070_design/GSE314070_design__T=small_intestine__H=336__B=NA__G=delivery_am80_lnp__VS=baseline_0.tsv	manual_or_curated_input	treatment_control_label; tissue_timepoint_annotation; split_definition	GSE314070_design	02_design_and_split_generation; 07_split_contrast_transfer_evaluation	Supplementary Table S2; validation figures	filename/path indicates verified, curated, role, context, mapping, or manual caption source; values not regenerated here	verified metadata directory	Recorded as a manual/curated input or generated table documenting curated inputs.
<local_project_root>\00_metadata\verified_metadata\splited\GSE314070_design\GSE314070_design__T=small_intestine__H=336__B=NA__G=delivery_sm102_lnp__VS=baseline_0.tsv	00_metadata/verified_metadata/splited/GSE314070_design/GSE314070_design__T=small_intestine__H=336__B=NA__G=delivery_sm102_lnp__VS=baseline_0.tsv	manual_or_curated_input	treatment_control_label; tissue_timepoint_annotation; split_definition	GSE314070_design	02_design_and_split_generation; 07_split_contrast_transfer_evaluation	Supplementary Table S2; validation figures	filename/path indicates verified, curated, role, context, mapping, or manual caption source; values not regenerated here	verified metadata directory	Recorded as a manual/curated input or generated table documenting curated inputs.
<local_project_root>\00_metadata\verified_metadata\splited\GSE39129_design\GSE39129_design__contrast_index.tsv	00_metadata/verified_metadata/splited/GSE39129_design/GSE39129_design__contrast_index.tsv	manual_or_curated_input	treatment_control_label; tissue_timepoint_annotation; split_definition	GSE39129_design	02_design_and_split_generation; 07_split_contrast_transfer_evaluation	Supplementary Table S2; validation figures	filename/path indicates verified, curated, role, context, mapping, or manual caption source; values not regenerated here	verified metadata directory	Recorded as a manual/curated input or generated table documenting curated inputs.
<local_project_root>\00_metadata\verified_metadata\splited\GSE39129_design\GSE39129_design__group_map.tsv	00_metadata/verified_metadata/splited/GSE39129_design/GSE39129_design__group_map.tsv	manual_or_curated_input	treatment_control_label; tissue_timepoint_annotation; split_definition	GSE39129_design	02_design_and_split_generation; 07_split_contrast_transfer_evaluation	Supplementary Table S2; validation figures	filename/path indicates verified, curated, role, context, mapping, or manual caption source; values not regenerated here	verified metadata directory	Recorded as a manual/curated input or generated table documenting curated inputs.
<local_project_root>\00_metadata\verified_metadata\splited\GSE39129_design\GSE39129_design__T=liver__H=4__B=NA__G=delivery_lentiviral_vector_lv__VS=delivery_none.tsv	00_metadata/verified_metadata/splited/GSE39129_design/GSE39129_design__T=liver__H=4__B=NA__G=delivery_lentiviral_vector_lv__VS=delivery_none.tsv	manual_or_curated_input	treatment_control_label; tissue_timepoint_annotation; split_definition	GSE39129_design	02_design_and_split_generation; 07_split_contrast_transfer_evaluation	Supplementary Table S2; validation figures	filename/path indicates verified, curated, role, context, mapping, or manual caption source; values not regenerated here	verified metadata directory	Recorded as a manual/curated input or generated table documenting curated inputs.
<local_project_root>\audit\datasets\weak_dataset_paper_mappings.tsv	audit/datasets/weak_dataset_paper_mappings.tsv	curated_publication_mapping	publication_context_mapping	NA	09_boundary_context_audit; 18_supplementary_table_generation	supporting documentation	filename/path indicates verified, curated, role, context, mapping, or manual caption source; values not regenerated here	current audit/provenance source	Recorded as a manual/curated input or generated table documenting curated inputs.
<local_project_root>\audit\results\all_split_design_inventory.tsv	audit/results/all_split_design_inventory.tsv	manual_or_curated_candidate	other_manual_input	NA	manual input documentation	supporting documentation	filename/path indicates verified, curated, role, context, mapping, or manual caption source; values not regenerated here	current audit/provenance source	Recorded as a manual/curated input or generated table documenting curated inputs.
<local_project_root>\audit\results\all_verified_metadata_folder_inventory.tsv	audit/results/all_verified_metadata_folder_inventory.tsv	manual_or_curated_candidate	other_manual_input	NA	manual input documentation	supporting documentation	filename/path indicates verified, curated, role, context, mapping, or manual caption source; values not regenerated here	current audit/provenance source	Recorded as a manual/curated input or generated table documenting curated inputs.
<local_project_root>\audit\results\GSE119119_corrected_split_file_audit.tsv	audit/results/GSE119119_corrected_split_file_audit.tsv	manual_or_curated_candidate	other_manual_input	GSE119119_corrected	manual input documentation	supporting documentation	filename/path indicates verified, curated, role, context, mapping, or manual caption source; values not regenerated here	current audit/provenance source	Recorded as a manual/curated input or generated table documenting curated inputs.
<local_project_root>\audit\results\manuscript_dataset_role_table.csv	audit/results/manuscript_dataset_role_table.csv	curated_analysis_role_table	dataset_role_assignment; inclusion_exclusion_decision	NA	08_dataset_role_cleanup; 17_figure_generation; 18_supplementary_table_generation	Figures 1-5; Supplementary Tables S1-S2	filename/path indicates verified, curated, role, context, mapping, or manual caption source; values not regenerated here	current audit/provenance source	Recorded as a manual/curated input or generated table documenting curated inputs.
<local_project_root>\audit\results\manuscript_dataset_role_table.tsv	audit/results/manuscript_dataset_role_table.tsv	curated_analysis_role_table	dataset_role_assignment; inclusion_exclusion_decision	NA	08_dataset_role_cleanup; 17_figure_generation; 18_supplementary_table_generation	Figures 1-5; Supplementary Tables S1-S2	filename/path indicates verified, curated, role, context, mapping, or manual caption source; values not regenerated here	current audit/provenance source	Recorded as a manual/curated input or generated table documenting curated inputs.
<local_project_root>\audit\results\manuscript_weak_dataset_interpretation_table.tsv	audit/results/manuscript_weak_dataset_interpretation_table.tsv	curated_boundary_context_source	boundary_context_category; publication_context_mapping	NA	09_boundary_context_audit; 18_supplementary_table_generation	Supplementary Table S3; Figure 4; Supplementary Figure S1	filename/path indicates verified, curated, role, context, mapping, or manual caption source; values not regenerated here	current audit/provenance source	Recorded as a manual/curated input or generated table documenting curated inputs.
<local_project_root>\audit\results\supplement_dataset_split_provenance_v2.csv	audit/results/supplement_dataset_split_provenance_v2.csv	generated_from_curated_sources	split_definition; publication_context_mapping	NA	02_design_and_split_generation; 07_split_contrast_transfer_evaluation	Supplementary Table S2; validation figures	filename/path indicates verified, curated, role, context, mapping, or manual caption source; values not regenerated here	current audit/provenance source	Recorded as a manual/curated input or generated table documenting curated inputs.
<local_project_root>\audit\results\supplement_dataset_split_provenance_v2.tsv	audit/results/supplement_dataset_split_provenance_v2.tsv	generated_from_curated_sources	split_definition; publication_context_mapping	NA	02_design_and_split_generation; 07_split_contrast_transfer_evaluation	Supplementary Table S2; validation figures	filename/path indicates verified, curated, role, context, mapping, or manual caption source; values not regenerated here	current audit/provenance source	Recorded as a manual/curated input or generated table documenting curated inputs.
<local_project_root>\audit\results\supplement_dataset_split_provenance_v2.xlsx	audit/results/supplement_dataset_split_provenance_v2.xlsx	generated_from_curated_sources	split_definition; publication_context_mapping	NA	02_design_and_split_generation; 07_split_contrast_transfer_evaluation	Supplementary Table S2; validation figures	filename/path indicates verified, curated, role, context, mapping, or manual caption source; values not regenerated here	current audit/provenance source	Recorded as a manual/curated input or generated table documenting curated inputs.
<local_project_root>\audit\results\supplement_dataset_split_provenance_v5.csv	audit/results/supplement_dataset_split_provenance_v5.csv	generated_from_curated_sources	split_definition; publication_context_mapping	NA	02_design_and_split_generation; 07_split_contrast_transfer_evaluation	Supplementary Table S2; validation figures	filename/path indicates verified, curated, role, context, mapping, or manual caption source; values not regenerated here	current audit/provenance source	Recorded as a manual/curated input or generated table documenting curated inputs.
<local_project_root>\audit\results\supplement_dataset_split_provenance_v5.tsv	audit/results/supplement_dataset_split_provenance_v5.tsv	generated_from_curated_sources	split_definition; publication_context_mapping	NA	02_design_and_split_generation; 07_split_contrast_transfer_evaluation	Supplementary Table S2; validation figures	filename/path indicates verified, curated, role, context, mapping, or manual caption source; values not regenerated here	current audit/provenance source	Recorded as a manual/curated input or generated table documenting curated inputs.
<local_project_root>\audit\results\supplement_dataset_split_provenance_v5.xlsx	audit/results/supplement_dataset_split_provenance_v5.xlsx	generated_from_curated_sources	split_definition; publication_context_mapping	NA	02_design_and_split_generation; 07_split_contrast_transfer_evaluation	Supplementary Table S2; validation figures	filename/path indicates verified, curated, role, context, mapping, or manual caption source; values not regenerated here	current audit/provenance source	Recorded as a manual/curated input or generated table documenting curated inputs.
<local_project_root>\audit\results\supplement_dataset_split_provenance_v7.csv	audit/results/supplement_dataset_split_provenance_v7.csv	generated_from_curated_sources	split_definition; publication_context_mapping	NA	02_design_and_split_generation; 07_split_contrast_transfer_evaluation	Supplementary Table S2; validation figures	filename/path indicates verified, curated, role, context, mapping, or manual caption source; values not regenerated here	current audit/provenance source	Recorded as a manual/curated input or generated table documenting curated inputs.
<local_project_root>\audit\results\supplement_dataset_split_provenance_v7.tsv	audit/results/supplement_dataset_split_provenance_v7.tsv	generated_from_curated_sources	split_definition; publication_context_mapping	NA	02_design_and_split_generation; 07_split_contrast_transfer_evaluation	Supplementary Table S2; validation figures	filename/path indicates verified, curated, role, context, mapping, or manual caption source; values not regenerated here	current audit/provenance source	Recorded as a manual/curated input or generated table documenting curated inputs.
<local_project_root>\audit\results\supplement_dataset_split_provenance_v7.xlsx	audit/results/supplement_dataset_split_provenance_v7.xlsx	generated_from_curated_sources	split_definition; publication_context_mapping	NA	02_design_and_split_generation; 07_split_contrast_transfer_evaluation	Supplementary Table S2; validation figures	filename/path indicates verified, curated, role, context, mapping, or manual caption source; values not regenerated here	current audit/provenance source	Recorded as a manual/curated input or generated table documenting curated inputs.
<local_project_root>\audit\results\supplement_dataset_split_provenance.csv	audit/results/supplement_dataset_split_provenance.csv	generated_from_curated_sources	split_definition; publication_context_mapping	NA	02_design_and_split_generation; 07_split_contrast_transfer_evaluation	Supplementary Table S2; validation figures	filename/path indicates verified, curated, role, context, mapping, or manual caption source; values not regenerated here	current audit/provenance source	Recorded as a manual/curated input or generated table documenting curated inputs.
<local_project_root>\audit\results\supplement_dataset_split_provenance.tsv	audit/results/supplement_dataset_split_provenance.tsv	generated_from_curated_sources	split_definition; publication_context_mapping	NA	02_design_and_split_generation; 07_split_contrast_transfer_evaluation	Supplementary Table S2; validation figures	filename/path indicates verified, curated, role, context, mapping, or manual caption source; values not regenerated here	current audit/provenance source	Recorded as a manual/curated input or generated table documenting curated inputs.
<local_project_root>\audit\results\supplement_dataset_split_provenance.xlsx	audit/results/supplement_dataset_split_provenance.xlsx	generated_from_curated_sources	split_definition; publication_context_mapping	NA	02_design_and_split_generation; 07_split_contrast_transfer_evaluation	Supplementary Table S2; validation figures	filename/path indicates verified, curated, role, context, mapping, or manual caption source; values not regenerated here	current audit/provenance source	Recorded as a manual/curated input or generated table documenting curated inputs.
<local_project_root>\audit\results\weak_dataset_paper_context_audit.csv	audit/results/weak_dataset_paper_context_audit.csv	curated_boundary_context_source	boundary_context_category; publication_context_mapping	NA	09_boundary_context_audit; 18_supplementary_table_generation	Supplementary Table S3; Figure 4; Supplementary Figure S1	filename/path indicates verified, curated, role, context, mapping, or manual caption source; values not regenerated here	current audit/provenance source	Recorded as a manual/curated input or generated table documenting curated inputs.
<local_project_root>\audit\results\weak_dataset_paper_context_audit.tsv	audit/results/weak_dataset_paper_context_audit.tsv	curated_boundary_context_source	boundary_context_category; publication_context_mapping	NA	09_boundary_context_audit; 18_supplementary_table_generation	Supplementary Table S3; Figure 4; Supplementary Figure S1	filename/path indicates verified, curated, role, context, mapping, or manual caption source; values not regenerated here	current audit/provenance source	Recorded as a manual/curated input or generated table documenting curated inputs.
<original_manuscript_output_folder>\Priority3_gene_program_enrichment\FigureS2_caption_candidate.txt	final_manuscripts/revised_plots_v6/Priority3_gene_program_enrichment/FigureS2_caption_candidate.txt	manual_caption_source	caption_or_subtitle_manual_text	NA	manuscript caption assembly	Figure captions; Supplementary Figure captions	filename/path indicates verified, curated, role, context, mapping, or manual caption source; values not regenerated here	v6 manuscript package	Recorded as a manual/curated input or generated table documenting curated inputs.
<original_manuscript_output_folder>\supplementary_tables\Supplementary_Table_S1_dataset_level_provenance.tsv	final_manuscripts/revised_plots_v6/supplementary_tables/Supplementary_Table_S1_dataset_level_provenance.tsv	generated_from_curated_sources	split_definition; publication_context_mapping	NA	02_design_and_split_generation; 07_split_contrast_transfer_evaluation	Supplementary Table S2; validation figures	filename/path indicates verified, curated, role, context, mapping, or manual caption source; values not regenerated here	v6 manuscript package	Recorded as a manual/curated input or generated table documenting curated inputs.
<original_manuscript_output_folder>\supplementary_tables\Supplementary_Table_S1_dataset_level_provenance.xlsx	final_manuscripts/revised_plots_v6/supplementary_tables/Supplementary_Table_S1_dataset_level_provenance.xlsx	generated_from_curated_sources	split_definition; publication_context_mapping	NA	02_design_and_split_generation; 07_split_contrast_transfer_evaluation	Supplementary Table S2; validation figures	filename/path indicates verified, curated, role, context, mapping, or manual caption source; values not regenerated here	v6 manuscript package	Recorded as a manual/curated input or generated table documenting curated inputs.
<original_manuscript_output_folder>\supplementary_tables\Supplementary_Table_S2_split_level_contrasts.tsv	final_manuscripts/revised_plots_v6/supplementary_tables/Supplementary_Table_S2_split_level_contrasts.tsv	manual_or_curated_candidate	other_manual_input	NA	manual input documentation	supporting documentation	filename/path indicates verified, curated, role, context, mapping, or manual caption source; values not regenerated here	v6 manuscript package	Recorded as a manual/curated input or generated table documenting curated inputs.
<original_manuscript_output_folder>\supplementary_tables\Supplementary_Table_S2_split_level_contrasts.xlsx	final_manuscripts/revised_plots_v6/supplementary_tables/Supplementary_Table_S2_split_level_contrasts.xlsx	manual_or_curated_candidate	other_manual_input	NA	manual input documentation	supporting documentation	filename/path indicates verified, curated, role, context, mapping, or manual caption source; values not regenerated here	v6 manuscript package	Recorded as a manual/curated input or generated table documenting curated inputs.
<original_manuscript_output_folder>\supplementary_tables\Supplementary_Table_S3_late_context_shifted_boundary_audit.tsv	final_manuscripts/revised_plots_v6/supplementary_tables/Supplementary_Table_S3_late_context_shifted_boundary_audit.tsv	curated_boundary_context_source	boundary_context_category; publication_context_mapping	NA	09_boundary_context_audit; 18_supplementary_table_generation	Supplementary Table S3; Figure 4; Supplementary Figure S1	filename/path indicates verified, curated, role, context, mapping, or manual caption source; values not regenerated here	v6 manuscript package	Recorded as a manual/curated input or generated table documenting curated inputs.
<original_manuscript_output_folder>\supplementary_tables\Supplementary_Table_S3_late_context_shifted_boundary_audit.xlsx	final_manuscripts/revised_plots_v6/supplementary_tables/Supplementary_Table_S3_late_context_shifted_boundary_audit.xlsx	curated_boundary_context_source	boundary_context_category; publication_context_mapping	NA	09_boundary_context_audit; 18_supplementary_table_generation	Supplementary Table S3; Figure 4; Supplementary Figure S1	filename/path indicates verified, curated, role, context, mapping, or manual caption source; values not regenerated here	v6 manuscript package	Recorded as a manual/curated input or generated table documenting curated inputs.
<original_manuscript_output_folder>\v6_manual_caption_replacement_table.tsv	final_manuscripts/revised_plots_v6/v6_manual_caption_replacement_table.tsv	manual_caption_source	caption_or_subtitle_manual_text	NA	manuscript caption assembly	Figure captions; Supplementary Figure captions	filename/path indicates verified, curated, role, context, mapping, or manual caption source; values not regenerated here	v6 manuscript package	Recorded as a manual/curated input or generated table documenting curated inputs.
<local_project_root>\Hypergator_scripts\InnateImmuneResponseScore\verified_metadata\GSE167521_design.tsv	Hypergator_scripts/InnateImmuneResponseScore/verified_metadata/GSE167521_design.tsv	manual_or_curated_input	treatment_control_label; tissue_timepoint_annotation; split_definition	GSE167521_design	02_design_and_split_generation; 07_split_contrast_transfer_evaluation	Supplementary Table S2; validation figures	filename/path indicates verified, curated, role, context, mapping, or manual caption source; values not regenerated here	verified metadata directory	Recorded as a manual/curated input or generated table documenting curated inputs.
<local_project_root>\Hypergator_scripts\InnateImmuneResponseScore\verified_metadata\GSE190850_HUMAN_design.tsv	Hypergator_scripts/InnateImmuneResponseScore/verified_metadata/GSE190850_HUMAN_design.tsv	manual_or_curated_input	treatment_control_label; tissue_timepoint_annotation; split_definition	GSE190850_HUMAN	02_design_and_split_generation; 07_split_contrast_transfer_evaluation	Supplementary Table S2; validation figures	filename/path indicates verified, curated, role, context, mapping, or manual caption source; values not regenerated here	verified metadata directory	Recorded as a manual/curated input or generated table documenting curated inputs.
<local_project_root>\Hypergator_scripts\InnateImmuneResponseScore\verified_metadata\GSE262515_design.tsv	Hypergator_scripts/InnateImmuneResponseScore/verified_metadata/GSE262515_design.tsv	manual_or_curated_input	treatment_control_label; tissue_timepoint_annotation; split_definition	GSE262515_design	02_design_and_split_generation; 07_split_contrast_transfer_evaluation	Supplementary Table S2; validation figures	filename/path indicates verified, curated, role, context, mapping, or manual caption source; values not regenerated here	verified metadata directory	Recorded as a manual/curated input or generated table documenting curated inputs.
<local_project_root>\Hypergator_scripts\InnateImmuneResponseScore\verified_metadata\GSE264344_design.tsv	Hypergator_scripts/InnateImmuneResponseScore/verified_metadata/GSE264344_design.tsv	manual_or_curated_input	treatment_control_label; tissue_timepoint_annotation; split_definition	GSE264344_design	02_design_and_split_generation; 07_split_contrast_transfer_evaluation	Supplementary Table S2; validation figures	filename/path indicates verified, curated, role, context, mapping, or manual caption source; values not regenerated here	verified metadata directory	Recorded as a manual/curated input or generated table documenting curated inputs.
<local_project_root>\Hypergator_scripts\InnateImmuneResponseScore\verified_metadata\GSE279372_design.tsv	Hypergator_scripts/InnateImmuneResponseScore/verified_metadata/GSE279372_design.tsv	manual_or_curated_input	treatment_control_label; tissue_timepoint_annotation; split_definition	GSE279372_design	02_design_and_split_generation; 07_split_contrast_transfer_evaluation	Supplementary Table S2; validation figures	filename/path indicates verified, curated, role, context, mapping, or manual caption source; values not regenerated here	verified metadata directory	Recorded as a manual/curated input or generated table documenting curated inputs.
<local_project_root>\Hypergator_scripts\InnateImmuneResponseScore\verified_metadata\GSE279744_design.tsv	Hypergator_scripts/InnateImmuneResponseScore/verified_metadata/GSE279744_design.tsv	manual_or_curated_input	treatment_control_label; tissue_timepoint_annotation; split_definition	GSE279744_design	02_design_and_split_generation; 07_split_contrast_transfer_evaluation	Supplementary Table S2; validation figures	filename/path indicates verified, curated, role, context, mapping, or manual caption source; values not regenerated here	verified metadata directory	Recorded as a manual/curated input or generated table documenting curated inputs.
<local_project_root>\Hypergator_scripts\InnateImmuneResponseScore\verified_metadata\GSE39129_design.tsv	Hypergator_scripts/InnateImmuneResponseScore/verified_metadata/GSE39129_design.tsv	manual_or_curated_input	treatment_control_label; tissue_timepoint_annotation; split_definition	GSE39129_design	02_design_and_split_generation; 07_split_contrast_transfer_evaluation	Supplementary Table S2; validation figures	filename/path indicates verified, curated, role, context, mapping, or manual caption source; values not regenerated here	verified metadata directory	Recorded as a manual/curated input or generated table documenting curated inputs.
<local_project_root>\Hypergator_scripts\InnateImmuneResponseScore\verified_metadata\splited\_audit_time_windows\mouse_counts_by_dataset.tsv	Hypergator_scripts/InnateImmuneResponseScore/verified_metadata/splited/_audit_time_windows/mouse_counts_by_dataset.tsv	manual_or_curated_input	treatment_control_label; tissue_timepoint_annotation; split_definition	NA	02_design_and_split_generation; 07_split_contrast_transfer_evaluation	Supplementary Table S2; validation figures	filename/path indicates verified, curated, role, context, mapping, or manual caption source; values not regenerated here	verified metadata directory	Recorded as a manual/curated input or generated table documenting curated inputs.
<local_project_root>\Hypergator_scripts\InnateImmuneResponseScore\verified_metadata\splited\_audit_time_windows\mouse_counts_overall.tsv	Hypergator_scripts/InnateImmuneResponseScore/verified_metadata/splited/_audit_time_windows/mouse_counts_overall.tsv	manual_or_curated_input	treatment_control_label; tissue_timepoint_annotation; split_definition	NA	02_design_and_split_generation; 07_split_contrast_transfer_evaluation	Supplementary Table S2; validation figures	filename/path indicates verified, curated, role, context, mapping, or manual caption source; values not regenerated here	verified metadata directory	Recorded as a manual/curated input or generated table documenting curated inputs.
<local_project_root>\Hypergator_scripts\InnateImmuneResponseScore\verified_metadata\splited\_audit_time_windows\mouse_file_listing_with_H.tsv	Hypergator_scripts/InnateImmuneResponseScore/verified_metadata/splited/_audit_time_windows/mouse_file_listing_with_H.tsv	manual_or_curated_input	treatment_control_label; tissue_timepoint_annotation; split_definition	NA	02_design_and_split_generation; 07_split_contrast_transfer_evaluation	Supplementary Table S2; validation figures	filename/path indicates verified, curated, role, context, mapping, or manual caption source; values not regenerated here	verified metadata directory	Recorded as a manual/curated input or generated table documenting curated inputs.
<local_project_root>\Hypergator_scripts\InnateImmuneResponseScore\verified_metadata\splited\control_report.tsv	Hypergator_scripts/InnateImmuneResponseScore/verified_metadata/splited/control_report.tsv	manual_or_curated_input	treatment_control_label; tissue_timepoint_annotation; split_definition	NA	02_design_and_split_generation; 07_split_contrast_transfer_evaluation	Supplementary Table S2; validation figures	filename/path indicates verified, curated, role, context, mapping, or manual caption source; values not regenerated here	verified metadata directory	Recorded as a manual/curated input or generated table documenting curated inputs.
<local_project_root>\Hypergator_scripts\InnateImmuneResponseScore\verified_metadata\splited\GSE167521_design\GSE167521_design__contrast_index.tsv	Hypergator_scripts/InnateImmuneResponseScore/verified_metadata/splited/GSE167521_design/GSE167521_design__contrast_index.tsv	manual_or_curated_input	treatment_control_label; tissue_timepoint_annotation; split_definition	GSE167521_design	02_design_and_split_generation; 07_split_contrast_transfer_evaluation	Supplementary Table S2; validation figures	filename/path indicates verified, curated, role, context, mapping, or manual caption source; values not regenerated here	verified metadata directory	Recorded as a manual/curated input or generated table documenting curated inputs.
<local_project_root>\Hypergator_scripts\InnateImmuneResponseScore\verified_metadata\splited\GSE167521_design\GSE167521_design__group_map.tsv	Hypergator_scripts/InnateImmuneResponseScore/verified_metadata/splited/GSE167521_design/GSE167521_design__group_map.tsv	manual_or_curated_input	treatment_control_label; tissue_timepoint_annotation; split_definition	GSE167521_design	02_design_and_split_generation; 07_split_contrast_transfer_evaluation	Supplementary Table S2; validation figures	filename/path indicates verified, curated, role, context, mapping, or manual caption source; values not regenerated here	verified metadata directory	Recorded as a manual/curated input or generated table documenting curated inputs.
<local_project_root>\Hypergator_scripts\InnateImmuneResponseScore\verified_metadata\splited\GSE167521_design\GSE167521_design__T=skin__H=24__B=NA__G=delivery_lnp__VS=baseline_0.tsv	Hypergator_scripts/InnateImmuneResponseScore/verified_metadata/splited/GSE167521_design/GSE167521_design__T=skin__H=24__B=NA__G=delivery_lnp__VS=baseline_0.tsv	manual_or_curated_input	treatment_control_label; tissue_timepoint_annotation; split_definition	GSE167521_design	02_design_and_split_generation; 07_split_contrast_transfer_evaluation	Supplementary Table S2; validation figures	filename/path indicates verified, curated, role, context, mapping, or manual caption source; values not regenerated here	verified metadata directory	Recorded as a manual/curated input or generated table documenting curated inputs.
<local_project_root>\Hypergator_scripts\InnateImmuneResponseScore\verified_metadata\splited\GSE190850_HUMAN_design\GSE190850_HUMAN_design__contrast_index.tsv	Hypergator_scripts/InnateImmuneResponseScore/verified_metadata/splited/GSE190850_HUMAN_design/GSE190850_HUMAN_design__contrast_index.tsv	manual_or_curated_input	treatment_control_label; tissue_timepoint_annotation; split_definition	GSE190850_HUMAN	02_design_and_split_generation; 07_split_contrast_transfer_evaluation	Supplementary Table S2; validation figures	filename/path indicates verified, curated, role, context, mapping, or manual caption source; values not regenerated here	verified metadata directory	Recorded as a manual/curated input or generated table documenting curated inputs.
<local_project_root>\Hypergator_scripts\InnateImmuneResponseScore\verified_metadata\splited\GSE190850_HUMAN_design\GSE190850_HUMAN_design__group_map.tsv	Hypergator_scripts/InnateImmuneResponseScore/verified_metadata/splited/GSE190850_HUMAN_design/GSE190850_HUMAN_design__group_map.tsv	manual_or_curated_input	treatment_control_label; tissue_timepoint_annotation; split_definition	GSE190850_HUMAN	02_design_and_split_generation; 07_split_contrast_transfer_evaluation	Supplementary Table S2; validation figures	filename/path indicates verified, curated, role, context, mapping, or manual caption source; values not regenerated here	verified metadata directory	Recorded as a manual/curated input or generated table documenting curated inputs.
<local_project_root>\Hypergator_scripts\InnateImmuneResponseScore\verified_metadata\splited\GSE190850_HUMAN_design\GSE190850_HUMAN_design__T=BALF__H=1344__B=NA__G=GID00119535__VS=delivery_unstimulated.tsv	Hypergator_scripts/InnateImmuneResponseScore/verified_metadata/splited/GSE190850_HUMAN_design/GSE190850_HUMAN_design__T=BALF__H=1344__B=NA__G=GID00119535__VS=delivery_unstimulated.tsv	manual_or_curated_input	treatment_control_label; tissue_timepoint_annotation; split_definition	GSE190850_HUMAN	02_design_and_split_generation; 07_split_contrast_transfer_evaluation	Supplementary Table S2; validation figures	filename/path indicates verified, curated, role, context, mapping, or manual caption source; values not regenerated here	verified metadata directory	Recorded as a manual/curated input or generated table documenting curated inputs.
<local_project_root>\Hypergator_scripts\InnateImmuneResponseScore\verified_metadata\splited\GSE262515_design\GSE262515_design__contrast_index.tsv	Hypergator_scripts/InnateImmuneResponseScore/verified_metadata/splited/GSE262515_design/GSE262515_design__contrast_index.tsv	manual_or_curated_input	treatment_control_label; tissue_timepoint_annotation; split_definition	GSE262515_design	02_design_and_split_generation; 07_split_contrast_transfer_evaluation	Supplementary Table S2; validation figures	filename/path indicates verified, curated, role, context, mapping, or manual caption source; values not regenerated here	verified metadata directory	Recorded as a manual/curated input or generated table documenting curated inputs.
<local_project_root>\Hypergator_scripts\InnateImmuneResponseScore\verified_metadata\splited\GSE262515_design\GSE262515_design__group_map.tsv	Hypergator_scripts/InnateImmuneResponseScore/verified_metadata/splited/GSE262515_design/GSE262515_design__group_map.tsv	manual_or_curated_input	treatment_control_label; tissue_timepoint_annotation; split_definition	GSE262515_design	02_design_and_split_generation; 07_split_contrast_transfer_evaluation	Supplementary Table S2; validation figures	filename/path indicates verified, curated, role, context, mapping, or manual caption source; values not regenerated here	verified metadata directory	Recorded as a manual/curated input or generated table documenting curated inputs.
<local_project_root>\Hypergator_scripts\InnateImmuneResponseScore\verified_metadata\splited\GSE262515_design\GSE262515_design__T=cell_line__H=72__B=NA__G=delivery_tlnp_sihbv_50nm__VS=baseline_0.tsv	Hypergator_scripts/InnateImmuneResponseScore/verified_metadata/splited/GSE262515_design/GSE262515_design__T=cell_line__H=72__B=NA__G=delivery_tlnp_sihbv_50nm__VS=baseline_0.tsv	manual_or_curated_input	treatment_control_label; tissue_timepoint_annotation; split_definition	GSE262515_design	02_design_and_split_generation; 07_split_contrast_transfer_evaluation	Supplementary Table S2; validation figures	filename/path indicates verified, curated, role, context, mapping, or manual caption source; values not regenerated here	verified metadata directory	Recorded as a manual/curated input or generated table documenting curated inputs.
<local_project_root>\Hypergator_scripts\InnateImmuneResponseScore\verified_metadata\splited\GSE262515_design\GSE262515_design__T=cell_line__H=72__B=NA__G=delivery_tlnp_sinc_50nm__VS=baseline_0.tsv	Hypergator_scripts/InnateImmuneResponseScore/verified_metadata/splited/GSE262515_design/GSE262515_design__T=cell_line__H=72__B=NA__G=delivery_tlnp_sinc_50nm__VS=baseline_0.tsv	manual_or_curated_input	treatment_control_label; tissue_timepoint_annotation; split_definition	GSE262515_design	02_design_and_split_generation; 07_split_contrast_transfer_evaluation	Supplementary Table S2; validation figures	filename/path indicates verified, curated, role, context, mapping, or manual caption source; values not regenerated here	verified metadata directory	Recorded as a manual/curated input or generated table documenting curated inputs.
<local_project_root>\Hypergator_scripts\InnateImmuneResponseScore\verified_metadata\splited\GSE262515_design\GSE262515_design__T=tissue__H=72__B=NA__G=delivery_tlnp_sihbv_1mg_kg__VS=baseline_0.tsv	Hypergator_scripts/InnateImmuneResponseScore/verified_metadata/splited/GSE262515_design/GSE262515_design__T=tissue__H=72__B=NA__G=delivery_tlnp_sihbv_1mg_kg__VS=baseline_0.tsv	manual_or_curated_input	treatment_control_label; tissue_timepoint_annotation; split_definition	GSE262515_design	02_design_and_split_generation; 07_split_contrast_transfer_evaluation	Supplementary Table S2; validation figures	filename/path indicates verified, curated, role, context, mapping, or manual caption source; values not regenerated here	verified metadata directory	Recorded as a manual/curated input or generated table documenting curated inputs.
<local_project_root>\Hypergator_scripts\InnateImmuneResponseScore\verified_metadata\splited\GSE262515_design\GSE262515_design__T=tissue__H=72__B=NA__G=delivery_tlnp_sihbv_2_5mg_kg__VS=baseline_0.tsv	Hypergator_scripts/InnateImmuneResponseScore/verified_metadata/splited/GSE262515_design/GSE262515_design__T=tissue__H=72__B=NA__G=delivery_tlnp_sihbv_2_5mg_kg__VS=baseline_0.tsv	manual_or_curated_input	treatment_control_label; tissue_timepoint_annotation; split_definition	GSE262515_design	02_design_and_split_generation; 07_split_contrast_transfer_evaluation	Supplementary Table S2; validation figures	filename/path indicates verified, curated, role, context, mapping, or manual caption source; values not regenerated here	verified metadata directory	Recorded as a manual/curated input or generated table documenting curated inputs.
<local_project_root>\Hypergator_scripts\InnateImmuneResponseScore\verified_metadata\splited\GSE262515_design\GSE262515_design__T=tissue__H=72__B=NA__G=delivery_tlnp_sinc_1mg_kg__VS=baseline_0.tsv	Hypergator_scripts/InnateImmuneResponseScore/verified_metadata/splited/GSE262515_design/GSE262515_design__T=tissue__H=72__B=NA__G=delivery_tlnp_sinc_1mg_kg__VS=baseline_0.tsv	manual_or_curated_input	treatment_control_label; tissue_timepoint_annotation; split_definition	GSE262515_design	02_design_and_split_generation; 07_split_contrast_transfer_evaluation	Supplementary Table S2; validation figures	filename/path indicates verified, curated, role, context, mapping, or manual caption source; values not regenerated here	verified metadata directory	Recorded as a manual/curated input or generated table documenting curated inputs.
<local_project_root>\Hypergator_scripts\InnateImmuneResponseScore\verified_metadata\splited\GSE264344_design\GSE264344_design__contrast_index.tsv	Hypergator_scripts/InnateImmuneResponseScore/verified_metadata/splited/GSE264344_design/GSE264344_design__contrast_index.tsv	manual_or_curated_input	treatment_control_label; tissue_timepoint_annotation; split_definition	GSE264344_design	02_design_and_split_generation; 07_split_contrast_transfer_evaluation	Supplementary Table S2; validation figures	filename/path indicates verified, curated, role, context, mapping, or manual caption source; values not regenerated here	verified metadata directory	Recorded as a manual/curated input or generated table documenting curated inputs.
<local_project_root>\Hypergator_scripts\InnateImmuneResponseScore\verified_metadata\splited\GSE264344_design\GSE264344_design__group_map.tsv	Hypergator_scripts/InnateImmuneResponseScore/verified_metadata/splited/GSE264344_design/GSE264344_design__group_map.tsv	manual_or_curated_input	treatment_control_label; tissue_timepoint_annotation; split_definition	GSE264344_design	02_design_and_split_generation; 07_split_contrast_transfer_evaluation	Supplementary Table S2; validation figures	filename/path indicates verified, curated, role, context, mapping, or manual caption source; values not regenerated here	verified metadata directory	Recorded as a manual/curated input or generated table documenting curated inputs.
<local_project_root>\Hypergator_scripts\InnateImmuneResponseScore\verified_metadata\splited\GSE264344_design\GSE264344_design__T=Blood__H=1__B=NA__G=delivery_ad26__VS=baseline_0.tsv	Hypergator_scripts/InnateImmuneResponseScore/verified_metadata/splited/GSE264344_design/GSE264344_design__T=Blood__H=1__B=NA__G=delivery_ad26__VS=baseline_0.tsv	manual_or_curated_input	treatment_control_label; tissue_timepoint_annotation; split_definition	GSE264344_design	02_design_and_split_generation; 07_split_contrast_transfer_evaluation	Supplementary Table S2; validation figures	filename/path indicates verified, curated, role, context, mapping, or manual caption source; values not regenerated here	verified metadata directory	Recorded as a manual/curated input or generated table documenting curated inputs.
<local_project_root>\Hypergator_scripts\InnateImmuneResponseScore\verified_metadata\splited\GSE264344_design\GSE264344_design__T=Blood__H=1__B=NA__G=delivery_ad5__VS=baseline_0.tsv	Hypergator_scripts/InnateImmuneResponseScore/verified_metadata/splited/GSE264344_design/GSE264344_design__T=Blood__H=1__B=NA__G=delivery_ad5__VS=baseline_0.tsv	manual_or_curated_input	treatment_control_label; tissue_timepoint_annotation; split_definition	GSE264344_design	02_design_and_split_generation; 07_split_contrast_transfer_evaluation	Supplementary Table S2; validation figures	filename/path indicates verified, curated, role, context, mapping, or manual caption source; values not regenerated here	verified metadata directory	Recorded as a manual/curated input or generated table documenting curated inputs.
<local_project_root>\Hypergator_scripts\InnateImmuneResponseScore\verified_metadata\splited\GSE264344_design\GSE264344_design__T=Blood__H=12__B=NA__G=delivery_ad26__VS=baseline_0.tsv	Hypergator_scripts/InnateImmuneResponseScore/verified_metadata/splited/GSE264344_design/GSE264344_design__T=Blood__H=12__B=NA__G=delivery_ad26__VS=baseline_0.tsv	manual_or_curated_input	treatment_control_label; tissue_timepoint_annotation; split_definition	GSE264344_design	02_design_and_split_generation; 07_split_contrast_transfer_evaluation	Supplementary Table S2; validation figures	filename/path indicates verified, curated, role, context, mapping, or manual caption source; values not regenerated here	verified metadata directory	Recorded as a manual/curated input or generated table documenting curated inputs.
<local_project_root>\Hypergator_scripts\InnateImmuneResponseScore\verified_metadata\splited\GSE264344_design\GSE264344_design__T=Blood__H=12__B=NA__G=delivery_ad5__VS=baseline_0.tsv	Hypergator_scripts/InnateImmuneResponseScore/verified_metadata/splited/GSE264344_design/GSE264344_design__T=Blood__H=12__B=NA__G=delivery_ad5__VS=baseline_0.tsv	manual_or_curated_input	treatment_control_label; tissue_timepoint_annotation; split_definition	GSE264344_design	02_design_and_split_generation; 07_split_contrast_transfer_evaluation	Supplementary Table S2; validation figures	filename/path indicates verified, curated, role, context, mapping, or manual caption source; values not regenerated here	verified metadata directory	Recorded as a manual/curated input or generated table documenting curated inputs.
<local_project_root>\Hypergator_scripts\InnateImmuneResponseScore\verified_metadata\splited\GSE264344_design\GSE264344_design__T=Blood__H=24__B=NA__G=delivery_ad26__VS=baseline_0.tsv	Hypergator_scripts/InnateImmuneResponseScore/verified_metadata/splited/GSE264344_design/GSE264344_design__T=Blood__H=24__B=NA__G=delivery_ad26__VS=baseline_0.tsv	manual_or_curated_input	treatment_control_label; tissue_timepoint_annotation; split_definition	GSE264344_design	02_design_and_split_generation; 07_split_contrast_transfer_evaluation	Supplementary Table S2; validation figures	filename/path indicates verified, curated, role, context, mapping, or manual caption source; values not regenerated here	verified metadata directory	Recorded as a manual/curated input or generated table documenting curated inputs.
<local_project_root>\Hypergator_scripts\InnateImmuneResponseScore\verified_metadata\splited\GSE264344_design\GSE264344_design__T=Blood__H=24__B=NA__G=delivery_ad5__VS=baseline_0.tsv	Hypergator_scripts/InnateImmuneResponseScore/verified_metadata/splited/GSE264344_design/GSE264344_design__T=Blood__H=24__B=NA__G=delivery_ad5__VS=baseline_0.tsv	manual_or_curated_input	treatment_control_label; tissue_timepoint_annotation; split_definition	GSE264344_design	02_design_and_split_generation; 07_split_contrast_transfer_evaluation	Supplementary Table S2; validation figures	filename/path indicates verified, curated, role, context, mapping, or manual caption source; values not regenerated here	verified metadata directory	Recorded as a manual/curated input or generated table documenting curated inputs.
<local_project_root>\Hypergator_scripts\InnateImmuneResponseScore\verified_metadata\splited\GSE264344_design\GSE264344_design__T=Blood__H=3__B=NA__G=delivery_ad26__VS=baseline_0.tsv	Hypergator_scripts/InnateImmuneResponseScore/verified_metadata/splited/GSE264344_design/GSE264344_design__T=Blood__H=3__B=NA__G=delivery_ad26__VS=baseline_0.tsv	manual_or_curated_input	treatment_control_label; tissue_timepoint_annotation; split_definition	GSE264344_design	02_design_and_split_generation; 07_split_contrast_transfer_evaluation	Supplementary Table S2; validation figures	filename/path indicates verified, curated, role, context, mapping, or manual caption source; values not regenerated here	verified metadata directory	Recorded as a manual/curated input or generated table documenting curated inputs.
<local_project_root>\Hypergator_scripts\InnateImmuneResponseScore\verified_metadata\splited\GSE264344_design\GSE264344_design__T=Blood__H=3__B=NA__G=delivery_ad5__VS=baseline_0.tsv	Hypergator_scripts/InnateImmuneResponseScore/verified_metadata/splited/GSE264344_design/GSE264344_design__T=Blood__H=3__B=NA__G=delivery_ad5__VS=baseline_0.tsv	manual_or_curated_input	treatment_control_label; tissue_timepoint_annotation; split_definition	GSE264344_design	02_design_and_split_generation; 07_split_contrast_transfer_evaluation	Supplementary Table S2; validation figures	filename/path indicates verified, curated, role, context, mapping, or manual caption source; values not regenerated here	verified metadata directory	Recorded as a manual/curated input or generated table documenting curated inputs.
<local_project_root>\Hypergator_scripts\InnateImmuneResponseScore\verified_metadata\splited\GSE264344_design\GSE264344_design__T=Blood__H=6__B=NA__G=delivery_ad26__VS=baseline_0.tsv	Hypergator_scripts/InnateImmuneResponseScore/verified_metadata/splited/GSE264344_design/GSE264344_design__T=Blood__H=6__B=NA__G=delivery_ad26__VS=baseline_0.tsv	manual_or_curated_input	treatment_control_label; tissue_timepoint_annotation; split_definition	GSE264344_design	02_design_and_split_generation; 07_split_contrast_transfer_evaluation	Supplementary Table S2; validation figures	filename/path indicates verified, curated, role, context, mapping, or manual caption source; values not regenerated here	verified metadata directory	Recorded as a manual/curated input or generated table documenting curated inputs.
<local_project_root>\Hypergator_scripts\InnateImmuneResponseScore\verified_metadata\splited\GSE264344_design\GSE264344_design__T=Blood__H=6__B=NA__G=delivery_ad5__VS=baseline_0.tsv	Hypergator_scripts/InnateImmuneResponseScore/verified_metadata/splited/GSE264344_design/GSE264344_design__T=Blood__H=6__B=NA__G=delivery_ad5__VS=baseline_0.tsv	manual_or_curated_input	treatment_control_label; tissue_timepoint_annotation; split_definition	GSE264344_design	02_design_and_split_generation; 07_split_contrast_transfer_evaluation	Supplementary Table S2; validation figures	filename/path indicates verified, curated, role, context, mapping, or manual caption source; values not regenerated here	verified metadata directory	Recorded as a manual/curated input or generated table documenting curated inputs.
<local_project_root>\Hypergator_scripts\InnateImmuneResponseScore\verified_metadata\splited\GSE264344_design\GSE264344_design__T=Blood__H=72__B=NA__G=delivery_ad26__VS=baseline_0.tsv	Hypergator_scripts/InnateImmuneResponseScore/verified_metadata/splited/GSE264344_design/GSE264344_design__T=Blood__H=72__B=NA__G=delivery_ad26__VS=baseline_0.tsv	manual_or_curated_input	treatment_control_label; tissue_timepoint_annotation; split_definition	GSE264344_design	02_design_and_split_generation; 07_split_contrast_transfer_evaluation	Supplementary Table S2; validation figures	filename/path indicates verified, curated, role, context, mapping, or manual caption source; values not regenerated here	verified metadata directory	Recorded as a manual/curated input or generated table documenting curated inputs.
<local_project_root>\Hypergator_scripts\InnateImmuneResponseScore\verified_metadata\splited\GSE264344_design\GSE264344_design__T=Blood__H=72__B=NA__G=delivery_ad5__VS=baseline_0.tsv	Hypergator_scripts/InnateImmuneResponseScore/verified_metadata/splited/GSE264344_design/GSE264344_design__T=Blood__H=72__B=NA__G=delivery_ad5__VS=baseline_0.tsv	manual_or_curated_input	treatment_control_label; tissue_timepoint_annotation; split_definition	GSE264344_design	02_design_and_split_generation; 07_split_contrast_transfer_evaluation	Supplementary Table S2; validation figures	filename/path indicates verified, curated, role, context, mapping, or manual caption source; values not regenerated here	verified metadata directory	Recorded as a manual/curated input or generated table documenting curated inputs.
<local_project_root>\Hypergator_scripts\InnateImmuneResponseScore\verified_metadata\splited\GSE264344_design\GSE264344_design__T=dLN__H=1__B=NA__G=delivery_ad26__VS=baseline_0.tsv	Hypergator_scripts/InnateImmuneResponseScore/verified_metadata/splited/GSE264344_design/GSE264344_design__T=dLN__H=1__B=NA__G=delivery_ad26__VS=baseline_0.tsv	manual_or_curated_input	treatment_control_label; tissue_timepoint_annotation; split_definition	GSE264344_design	02_design_and_split_generation; 07_split_contrast_transfer_evaluation	Supplementary Table S2; validation figures	filename/path indicates verified, curated, role, context, mapping, or manual caption source; values not regenerated here	verified metadata directory	Recorded as a manual/curated input or generated table documenting curated inputs.
<local_project_root>\Hypergator_scripts\InnateImmuneResponseScore\verified_metadata\splited\GSE264344_design\GSE264344_design__T=dLN__H=1__B=NA__G=delivery_ad5__VS=baseline_0.tsv	Hypergator_scripts/InnateImmuneResponseScore/verified_metadata/splited/GSE264344_design/GSE264344_design__T=dLN__H=1__B=NA__G=delivery_ad5__VS=baseline_0.tsv	manual_or_curated_input	treatment_control_label; tissue_timepoint_annotation; split_definition	GSE264344_design	02_design_and_split_generation; 07_split_contrast_transfer_evaluation	Supplementary Table S2; validation figures	filename/path indicates verified, curated, role, context, mapping, or manual caption source; values not regenerated here	verified metadata directory	Recorded as a manual/curated input or generated table documenting curated inputs.
<local_project_root>\Hypergator_scripts\InnateImmuneResponseScore\verified_metadata\splited\GSE264344_design\GSE264344_design__T=dLN__H=12__B=NA__G=delivery_ad26__VS=baseline_0.tsv	Hypergator_scripts/InnateImmuneResponseScore/verified_metadata/splited/GSE264344_design/GSE264344_design__T=dLN__H=12__B=NA__G=delivery_ad26__VS=baseline_0.tsv	manual_or_curated_input	treatment_control_label; tissue_timepoint_annotation; split_definition	GSE264344_design	02_design_and_split_generation; 07_split_contrast_transfer_evaluation	Supplementary Table S2; validation figures	filename/path indicates verified, curated, role, context, mapping, or manual caption source; values not regenerated here	verified metadata directory	Recorded as a manual/curated input or generated table documenting curated inputs.
<local_project_root>\Hypergator_scripts\InnateImmuneResponseScore\verified_metadata\splited\GSE264344_design\GSE264344_design__T=dLN__H=12__B=NA__G=delivery_ad5__VS=baseline_0.tsv	Hypergator_scripts/InnateImmuneResponseScore/verified_metadata/splited/GSE264344_design/GSE264344_design__T=dLN__H=12__B=NA__G=delivery_ad5__VS=baseline_0.tsv	manual_or_curated_input	treatment_control_label; tissue_timepoint_annotation; split_definition	GSE264344_design	02_design_and_split_generation; 07_split_contrast_transfer_evaluation	Supplementary Table S2; validation figures	filename/path indicates verified, curated, role, context, mapping, or manual caption source; values not regenerated here	verified metadata directory	Recorded as a manual/curated input or generated table documenting curated inputs.
<local_project_root>\Hypergator_scripts\InnateImmuneResponseScore\verified_metadata\splited\GSE264344_design\GSE264344_design__T=dLN__H=24__B=NA__G=delivery_ad26__VS=baseline_0.tsv	Hypergator_scripts/InnateImmuneResponseScore/verified_metadata/splited/GSE264344_design/GSE264344_design__T=dLN__H=24__B=NA__G=delivery_ad26__VS=baseline_0.tsv	manual_or_curated_input	treatment_control_label; tissue_timepoint_annotation; split_definition	GSE264344_design	02_design_and_split_generation; 07_split_contrast_transfer_evaluation	Supplementary Table S2; validation figures	filename/path indicates verified, curated, role, context, mapping, or manual caption source; values not regenerated here	verified metadata directory	Recorded as a manual/curated input or generated table documenting curated inputs.
<local_project_root>\Hypergator_scripts\InnateImmuneResponseScore\verified_metadata\splited\GSE264344_design\GSE264344_design__T=dLN__H=24__B=NA__G=delivery_ad5__VS=baseline_0.tsv	Hypergator_scripts/InnateImmuneResponseScore/verified_metadata/splited/GSE264344_design/GSE264344_design__T=dLN__H=24__B=NA__G=delivery_ad5__VS=baseline_0.tsv	manual_or_curated_input	treatment_control_label; tissue_timepoint_annotation; split_definition	GSE264344_design	02_design_and_split_generation; 07_split_contrast_transfer_evaluation	Supplementary Table S2; validation figures	filename/path indicates verified, curated, role, context, mapping, or manual caption source; values not regenerated here	verified metadata directory	Recorded as a manual/curated input or generated table documenting curated inputs.
<local_project_root>\Hypergator_scripts\InnateImmuneResponseScore\verified_metadata\splited\GSE264344_design\GSE264344_design__T=dLN__H=3__B=NA__G=delivery_ad26__VS=baseline_0.tsv	Hypergator_scripts/InnateImmuneResponseScore/verified_metadata/splited/GSE264344_design/GSE264344_design__T=dLN__H=3__B=NA__G=delivery_ad26__VS=baseline_0.tsv	manual_or_curated_input	treatment_control_label; tissue_timepoint_annotation; split_definition	GSE264344_design	02_design_and_split_generation; 07_split_contrast_transfer_evaluation	Supplementary Table S2; validation figures	filename/path indicates verified, curated, role, context, mapping, or manual caption source; values not regenerated here	verified metadata directory	Recorded as a manual/curated input or generated table documenting curated inputs.
<local_project_root>\Hypergator_scripts\InnateImmuneResponseScore\verified_metadata\splited\GSE264344_design\GSE264344_design__T=dLN__H=3__B=NA__G=delivery_ad5__VS=baseline_0.tsv	Hypergator_scripts/InnateImmuneResponseScore/verified_metadata/splited/GSE264344_design/GSE264344_design__T=dLN__H=3__B=NA__G=delivery_ad5__VS=baseline_0.tsv	manual_or_curated_input	treatment_control_label; tissue_timepoint_annotation; split_definition	GSE264344_design	02_design_and_split_generation; 07_split_contrast_transfer_evaluation	Supplementary Table S2; validation figures	filename/path indicates verified, curated, role, context, mapping, or manual caption source; values not regenerated here	verified metadata directory	Recorded as a manual/curated input or generated table documenting curated inputs.
<local_project_root>\Hypergator_scripts\InnateImmuneResponseScore\verified_metadata\splited\GSE264344_design\GSE264344_design__T=dLN__H=6__B=NA__G=delivery_ad26__VS=baseline_0.tsv	Hypergator_scripts/InnateImmuneResponseScore/verified_metadata/splited/GSE264344_design/GSE264344_design__T=dLN__H=6__B=NA__G=delivery_ad26__VS=baseline_0.tsv	manual_or_curated_input	treatment_control_label; tissue_timepoint_annotation; split_definition	GSE264344_design	02_design_and_split_generation; 07_split_contrast_transfer_evaluation	Supplementary Table S2; validation figures	filename/path indicates verified, curated, role, context, mapping, or manual caption source; values not regenerated here	verified metadata directory	Recorded as a manual/curated input or generated table documenting curated inputs.
<local_project_root>\Hypergator_scripts\InnateImmuneResponseScore\verified_metadata\splited\GSE264344_design\GSE264344_design__T=dLN__H=6__B=NA__G=delivery_ad5__VS=baseline_0.tsv	Hypergator_scripts/InnateImmuneResponseScore/verified_metadata/splited/GSE264344_design/GSE264344_design__T=dLN__H=6__B=NA__G=delivery_ad5__VS=baseline_0.tsv	manual_or_curated_input	treatment_control_label; tissue_timepoint_annotation; split_definition	GSE264344_design	02_design_and_split_generation; 07_split_contrast_transfer_evaluation	Supplementary Table S2; validation figures	filename/path indicates verified, curated, role, context, mapping, or manual caption source; values not regenerated here	verified metadata directory	Recorded as a manual/curated input or generated table documenting curated inputs.
<local_project_root>\Hypergator_scripts\InnateImmuneResponseScore\verified_metadata\splited\GSE264344_design\GSE264344_design__T=dLN__H=72__B=NA__G=delivery_ad26__VS=baseline_0.tsv	Hypergator_scripts/InnateImmuneResponseScore/verified_metadata/splited/GSE264344_design/GSE264344_design__T=dLN__H=72__B=NA__G=delivery_ad26__VS=baseline_0.tsv	manual_or_curated_input	treatment_control_label; tissue_timepoint_annotation; split_definition	GSE264344_design	02_design_and_split_generation; 07_split_contrast_transfer_evaluation	Supplementary Table S2; validation figures	filename/path indicates verified, curated, role, context, mapping, or manual caption source; values not regenerated here	verified metadata directory	Recorded as a manual/curated input or generated table documenting curated inputs.
<local_project_root>\Hypergator_scripts\InnateImmuneResponseScore\verified_metadata\splited\GSE264344_design\GSE264344_design__T=dLN__H=72__B=NA__G=delivery_ad5__VS=baseline_0.tsv	Hypergator_scripts/InnateImmuneResponseScore/verified_metadata/splited/GSE264344_design/GSE264344_design__T=dLN__H=72__B=NA__G=delivery_ad5__VS=baseline_0.tsv	manual_or_curated_input	treatment_control_label; tissue_timepoint_annotation; split_definition	GSE264344_design	02_design_and_split_generation; 07_split_contrast_transfer_evaluation	Supplementary Table S2; validation figures	filename/path indicates verified, curated, role, context, mapping, or manual caption source; values not regenerated here	verified metadata directory	Recorded as a manual/curated input or generated table documenting curated inputs.
<local_project_root>\Hypergator_scripts\InnateImmuneResponseScore\verified_metadata\splited\GSE264344_design\GSE264344_design__T=Muscle__H=1__B=NA__G=delivery_ad26__VS=baseline_0.tsv	Hypergator_scripts/InnateImmuneResponseScore/verified_metadata/splited/GSE264344_design/GSE264344_design__T=Muscle__H=1__B=NA__G=delivery_ad26__VS=baseline_0.tsv	manual_or_curated_input	treatment_control_label; tissue_timepoint_annotation; split_definition	GSE264344_design	02_design_and_split_generation; 07_split_contrast_transfer_evaluation	Supplementary Table S2; validation figures	filename/path indicates verified, curated, role, context, mapping, or manual caption source; values not regenerated here	verified metadata directory	Recorded as a manual/curated input or generated table documenting curated inputs.
<local_project_root>\Hypergator_scripts\InnateImmuneResponseScore\verified_metadata\splited\GSE264344_design\GSE264344_design__T=Muscle__H=1__B=NA__G=delivery_ad5__VS=baseline_0.tsv	Hypergator_scripts/InnateImmuneResponseScore/verified_metadata/splited/GSE264344_design/GSE264344_design__T=Muscle__H=1__B=NA__G=delivery_ad5__VS=baseline_0.tsv	manual_or_curated_input	treatment_control_label; tissue_timepoint_annotation; split_definition	GSE264344_design	02_design_and_split_generation; 07_split_contrast_transfer_evaluation	Supplementary Table S2; validation figures	filename/path indicates verified, curated, role, context, mapping, or manual caption source; values not regenerated here	verified metadata directory	Recorded as a manual/curated input or generated table documenting curated inputs.
<local_project_root>\Hypergator_scripts\InnateImmuneResponseScore\verified_metadata\splited\GSE264344_design\GSE264344_design__T=Muscle__H=12__B=NA__G=delivery_ad26__VS=baseline_0.tsv	Hypergator_scripts/InnateImmuneResponseScore/verified_metadata/splited/GSE264344_design/GSE264344_design__T=Muscle__H=12__B=NA__G=delivery_ad26__VS=baseline_0.tsv	manual_or_curated_input	treatment_control_label; tissue_timepoint_annotation; split_definition	GSE264344_design	02_design_and_split_generation; 07_split_contrast_transfer_evaluation	Supplementary Table S2; validation figures	filename/path indicates verified, curated, role, context, mapping, or manual caption source; values not regenerated here	verified metadata directory	Recorded as a manual/curated input or generated table documenting curated inputs.
<local_project_root>\Hypergator_scripts\InnateImmuneResponseScore\verified_metadata\splited\GSE264344_design\GSE264344_design__T=Muscle__H=12__B=NA__G=delivery_ad5__VS=baseline_0.tsv	Hypergator_scripts/InnateImmuneResponseScore/verified_metadata/splited/GSE264344_design/GSE264344_design__T=Muscle__H=12__B=NA__G=delivery_ad5__VS=baseline_0.tsv	manual_or_curated_input	treatment_control_label; tissue_timepoint_annotation; split_definition	GSE264344_design	02_design_and_split_generation; 07_split_contrast_transfer_evaluation	Supplementary Table S2; validation figures	filename/path indicates verified, curated, role, context, mapping, or manual caption source; values not regenerated here	verified metadata directory	Recorded as a manual/curated input or generated table documenting curated inputs.
<local_project_root>\Hypergator_scripts\InnateImmuneResponseScore\verified_metadata\splited\GSE264344_design\GSE264344_design__T=Muscle__H=24__B=NA__G=delivery_ad26__VS=baseline_0.tsv	Hypergator_scripts/InnateImmuneResponseScore/verified_metadata/splited/GSE264344_design/GSE264344_design__T=Muscle__H=24__B=NA__G=delivery_ad26__VS=baseline_0.tsv	manual_or_curated_input	treatment_control_label; tissue_timepoint_annotation; split_definition	GSE264344_design	02_design_and_split_generation; 07_split_contrast_transfer_evaluation	Supplementary Table S2; validation figures	filename/path indicates verified, curated, role, context, mapping, or manual caption source; values not regenerated here	verified metadata directory	Recorded as a manual/curated input or generated table documenting curated inputs.
<local_project_root>\Hypergator_scripts\InnateImmuneResponseScore\verified_metadata\splited\GSE264344_design\GSE264344_design__T=Muscle__H=24__B=NA__G=delivery_ad5__VS=baseline_0.tsv	Hypergator_scripts/InnateImmuneResponseScore/verified_metadata/splited/GSE264344_design/GSE264344_design__T=Muscle__H=24__B=NA__G=delivery_ad5__VS=baseline_0.tsv	manual_or_curated_input	treatment_control_label; tissue_timepoint_annotation; split_definition	GSE264344_design	02_design_and_split_generation; 07_split_contrast_transfer_evaluation	Supplementary Table S2; validation figures	filename/path indicates verified, curated, role, context, mapping, or manual caption source; values not regenerated here	verified metadata directory	Recorded as a manual/curated input or generated table documenting curated inputs.
<local_project_root>\Hypergator_scripts\InnateImmuneResponseScore\verified_metadata\splited\GSE264344_design\GSE264344_design__T=Muscle__H=3__B=NA__G=delivery_ad26__VS=baseline_0.tsv	Hypergator_scripts/InnateImmuneResponseScore/verified_metadata/splited/GSE264344_design/GSE264344_design__T=Muscle__H=3__B=NA__G=delivery_ad26__VS=baseline_0.tsv	manual_or_curated_input	treatment_control_label; tissue_timepoint_annotation; split_definition	GSE264344_design	02_design_and_split_generation; 07_split_contrast_transfer_evaluation	Supplementary Table S2; validation figures	filename/path indicates verified, curated, role, context, mapping, or manual caption source; values not regenerated here	verified metadata directory	Recorded as a manual/curated input or generated table documenting curated inputs.
<local_project_root>\Hypergator_scripts\InnateImmuneResponseScore\verified_metadata\splited\GSE264344_design\GSE264344_design__T=Muscle__H=3__B=NA__G=delivery_ad5__VS=baseline_0.tsv	Hypergator_scripts/InnateImmuneResponseScore/verified_metadata/splited/GSE264344_design/GSE264344_design__T=Muscle__H=3__B=NA__G=delivery_ad5__VS=baseline_0.tsv	manual_or_curated_input	treatment_control_label; tissue_timepoint_annotation; split_definition	GSE264344_design	02_design_and_split_generation; 07_split_contrast_transfer_evaluation	Supplementary Table S2; validation figures	filename/path indicates verified, curated, role, context, mapping, or manual caption source; values not regenerated here	verified metadata directory	Recorded as a manual/curated input or generated table documenting curated inputs.
<local_project_root>\Hypergator_scripts\InnateImmuneResponseScore\verified_metadata\splited\GSE264344_design\GSE264344_design__T=Muscle__H=6__B=NA__G=delivery_ad26__VS=baseline_0.tsv	Hypergator_scripts/InnateImmuneResponseScore/verified_metadata/splited/GSE264344_design/GSE264344_design__T=Muscle__H=6__B=NA__G=delivery_ad26__VS=baseline_0.tsv	manual_or_curated_input	treatment_control_label; tissue_timepoint_annotation; split_definition	GSE264344_design	02_design_and_split_generation; 07_split_contrast_transfer_evaluation	Supplementary Table S2; validation figures	filename/path indicates verified, curated, role, context, mapping, or manual caption source; values not regenerated here	verified metadata directory	Recorded as a manual/curated input or generated table documenting curated inputs.
<local_project_root>\Hypergator_scripts\InnateImmuneResponseScore\verified_metadata\splited\GSE264344_design\GSE264344_design__T=Muscle__H=6__B=NA__G=delivery_ad5__VS=baseline_0.tsv	Hypergator_scripts/InnateImmuneResponseScore/verified_metadata/splited/GSE264344_design/GSE264344_design__T=Muscle__H=6__B=NA__G=delivery_ad5__VS=baseline_0.tsv	manual_or_curated_input	treatment_control_label; tissue_timepoint_annotation; split_definition	GSE264344_design	02_design_and_split_generation; 07_split_contrast_transfer_evaluation	Supplementary Table S2; validation figures	filename/path indicates verified, curated, role, context, mapping, or manual caption source; values not regenerated here	verified metadata directory	Recorded as a manual/curated input or generated table documenting curated inputs.
<local_project_root>\Hypergator_scripts\InnateImmuneResponseScore\verified_metadata\splited\GSE264344_design\GSE264344_design__T=Muscle__H=72__B=NA__G=delivery_ad26__VS=baseline_0.tsv	Hypergator_scripts/InnateImmuneResponseScore/verified_metadata/splited/GSE264344_design/GSE264344_design__T=Muscle__H=72__B=NA__G=delivery_ad26__VS=baseline_0.tsv	manual_or_curated_input	treatment_control_label; tissue_timepoint_annotation; split_definition	GSE264344_design	02_design_and_split_generation; 07_split_contrast_transfer_evaluation	Supplementary Table S2; validation figures	filename/path indicates verified, curated, role, context, mapping, or manual caption source; values not regenerated here	verified metadata directory	Recorded as a manual/curated input or generated table documenting curated inputs.
<local_project_root>\Hypergator_scripts\InnateImmuneResponseScore\verified_metadata\splited\GSE264344_design\GSE264344_design__T=Muscle__H=72__B=NA__G=delivery_ad5__VS=baseline_0.tsv	Hypergator_scripts/InnateImmuneResponseScore/verified_metadata/splited/GSE264344_design/GSE264344_design__T=Muscle__H=72__B=NA__G=delivery_ad5__VS=baseline_0.tsv	manual_or_curated_input	treatment_control_label; tissue_timepoint_annotation; split_definition	GSE264344_design	02_design_and_split_generation; 07_split_contrast_transfer_evaluation	Supplementary Table S2; validation figures	filename/path indicates verified, curated, role, context, mapping, or manual caption source; values not regenerated here	verified metadata directory	Recorded as a manual/curated input or generated table documenting curated inputs.
<local_project_root>\Hypergator_scripts\InnateImmuneResponseScore\verified_metadata\splited\GSE279372_design\GSE279372_design__contrast_index.tsv	Hypergator_scripts/InnateImmuneResponseScore/verified_metadata/splited/GSE279372_design/GSE279372_design__contrast_index.tsv	manual_or_curated_input	treatment_control_label; tissue_timepoint_annotation; split_definition	GSE279372_design	02_design_and_split_generation; 07_split_contrast_transfer_evaluation	Supplementary Table S2; validation figures	filename/path indicates verified, curated, role, context, mapping, or manual caption source; values not regenerated here	verified metadata directory	Recorded as a manual/curated input or generated table documenting curated inputs.
<local_project_root>\Hypergator_scripts\InnateImmuneResponseScore\verified_metadata\splited\GSE279372_design\GSE279372_design__group_map.tsv	Hypergator_scripts/InnateImmuneResponseScore/verified_metadata/splited/GSE279372_design/GSE279372_design__group_map.tsv	manual_or_curated_input	treatment_control_label; tissue_timepoint_annotation; split_definition	GSE279372_design	02_design_and_split_generation; 07_split_contrast_transfer_evaluation	Supplementary Table S2; validation figures	filename/path indicates verified, curated, role, context, mapping, or manual caption source; values not regenerated here	verified metadata directory	Recorded as a manual/curated input or generated table documenting curated inputs.
<local_project_root>\Hypergator_scripts\InnateImmuneResponseScore\verified_metadata\splited\GSE279372_design\GSE279372_design__T=draining_lymph_nodes__H=24__B=NA__G=delivery_1000_g_lnps_injected__VS=baseline_0.tsv	Hypergator_scripts/InnateImmuneResponseScore/verified_metadata/splited/GSE279372_design/GSE279372_design__T=draining_lymph_nodes__H=24__B=NA__G=delivery_1000_g_lnps_injected__VS=baseline_0.tsv	manual_or_curated_input	treatment_control_label; tissue_timepoint_annotation; split_definition	GSE279372_design	02_design_and_split_generation; 07_split_contrast_transfer_evaluation	Supplementary Table S2; validation figures	filename/path indicates verified, curated, role, context, mapping, or manual caption source; values not regenerated here	verified metadata directory	Recorded as a manual/curated input or generated table documenting curated inputs.
<local_project_root>\Hypergator_scripts\InnateImmuneResponseScore\verified_metadata\splited\GSE279372_design\GSE279372_design__T=draining_lymph_nodes__H=24__B=NA__G=delivery_250_g_alum_injected__VS=baseline_0.tsv	Hypergator_scripts/InnateImmuneResponseScore/verified_metadata/splited/GSE279372_design/GSE279372_design__T=draining_lymph_nodes__H=24__B=NA__G=delivery_250_g_alum_injected__VS=baseline_0.tsv	manual_or_curated_input	treatment_control_label; tissue_timepoint_annotation; split_definition	GSE279372_design	02_design_and_split_generation; 07_split_contrast_transfer_evaluation	Supplementary Table S2; validation figures	filename/path indicates verified, curated, role, context, mapping, or manual caption source; values not regenerated here	verified metadata directory	Recorded as a manual/curated input or generated table documenting curated inputs.
<local_project_root>\Hypergator_scripts\InnateImmuneResponseScore\verified_metadata\splited\GSE279372_design\GSE279372_design__T=draining_lymph_nodes__H=24__B=NA__G=delivery_5_g_gi_1_gii_4_vlp__VS=baseline_0.tsv	Hypergator_scripts/InnateImmuneResponseScore/verified_metadata/splited/GSE279372_design/GSE279372_design__T=draining_lymph_nodes__H=24__B=NA__G=delivery_5_g_gi_1_gii_4_vlp__VS=baseline_0.tsv	manual_or_curated_input	treatment_control_label; tissue_timepoint_annotation; split_definition	GSE279372_design	02_design_and_split_generation; 07_split_contrast_transfer_evaluation	Supplementary Table S2; validation figures	filename/path indicates verified, curated, role, context, mapping, or manual caption source; values not regenerated here	verified metadata directory	Recorded as a manual/curated input or generated table documenting curated inputs.
<local_project_root>\Hypergator_scripts\InnateImmuneResponseScore\verified_metadata\splited\GSE279372_design\GSE279372_design__T=draining_lymph_nodes__H=24__B=NA__G=GID00110503__VS=baseline_0.tsv	Hypergator_scripts/InnateImmuneResponseScore/verified_metadata/splited/GSE279372_design/GSE279372_design__T=draining_lymph_nodes__H=24__B=NA__G=GID00110503__VS=baseline_0.tsv	manual_or_curated_input	treatment_control_label; tissue_timepoint_annotation; split_definition	GSE279372_design	02_design_and_split_generation; 07_split_contrast_transfer_evaluation	Supplementary Table S2; validation figures	filename/path indicates verified, curated, role, context, mapping, or manual caption source; values not regenerated here	verified metadata directory	Recorded as a manual/curated input or generated table documenting curated inputs.
<local_project_root>\Hypergator_scripts\InnateImmuneResponseScore\verified_metadata\splited\GSE279372_design\GSE279372_design__T=draining_lymph_nodes__H=24__B=NA__G=GID00110754__VS=baseline_0.tsv	Hypergator_scripts/InnateImmuneResponseScore/verified_metadata/splited/GSE279372_design/GSE279372_design__T=draining_lymph_nodes__H=24__B=NA__G=GID00110754__VS=baseline_0.tsv	manual_or_curated_input	treatment_control_label; tissue_timepoint_annotation; split_definition	GSE279372_design	02_design_and_split_generation; 07_split_contrast_transfer_evaluation	Supplementary Table S2; validation figures	filename/path indicates verified, curated, role, context, mapping, or manual caption source; values not regenerated here	verified metadata directory	Recorded as a manual/curated input or generated table documenting curated inputs.
<local_project_root>\Hypergator_scripts\InnateImmuneResponseScore\verified_metadata\splited\GSE279372_design\GSE279372_design__T=draining_lymph_nodes__H=24__B=NA__G=GID00114748__VS=baseline_0.tsv	Hypergator_scripts/InnateImmuneResponseScore/verified_metadata/splited/GSE279372_design/GSE279372_design__T=draining_lymph_nodes__H=24__B=NA__G=GID00114748__VS=baseline_0.tsv	manual_or_curated_input	treatment_control_label; tissue_timepoint_annotation; split_definition	GSE279372_design	02_design_and_split_generation; 07_split_contrast_transfer_evaluation	Supplementary Table S2; validation figures	filename/path indicates verified, curated, role, context, mapping, or manual caption source; values not regenerated here	verified metadata directory	Recorded as a manual/curated input or generated table documenting curated inputs.
<local_project_root>\Hypergator_scripts\InnateImmuneResponseScore\verified_metadata\splited\GSE279744_design\GSE279744_design__contrast_index.tsv	Hypergator_scripts/InnateImmuneResponseScore/verified_metadata/splited/GSE279744_design/GSE279744_design__contrast_index.tsv	manual_or_curated_input	treatment_control_label; tissue_timepoint_annotation; split_definition	GSE279744_design	02_design_and_split_generation; 07_split_contrast_transfer_evaluation	Supplementary Table S2; validation figures	filename/path indicates verified, curated, role, context, mapping, or manual caption source; values not regenerated here	verified metadata directory	Recorded as a manual/curated input or generated table documenting curated inputs.
<local_project_root>\Hypergator_scripts\InnateImmuneResponseScore\verified_metadata\splited\GSE279744_design\GSE279744_design__group_map.tsv	Hypergator_scripts/InnateImmuneResponseScore/verified_metadata/splited/GSE279744_design/GSE279744_design__group_map.tsv	manual_or_curated_input	treatment_control_label; tissue_timepoint_annotation; split_definition	GSE279744_design	02_design_and_split_generation; 07_split_contrast_transfer_evaluation	Supplementary Table S2; validation figures	filename/path indicates verified, curated, role, context, mapping, or manual caption source; values not regenerated here	verified metadata directory	Recorded as a manual/curated input or generated table documenting curated inputs.
<local_project_root>\Hypergator_scripts\InnateImmuneResponseScore\verified_metadata\splited\GSE279744_design\GSE279744_design__T=lymph_node__H=6__B=NA__G=delivery_vaccination_with_sm102__VS=baseline_0.tsv	Hypergator_scripts/InnateImmuneResponseScore/verified_metadata/splited/GSE279744_design/GSE279744_design__T=lymph_node__H=6__B=NA__G=delivery_vaccination_with_sm102__VS=baseline_0.tsv	manual_or_curated_input	treatment_control_label; tissue_timepoint_annotation; split_definition	GSE279744_design	02_design_and_split_generation; 07_split_contrast_transfer_evaluation	Supplementary Table S2; validation figures	filename/path indicates verified, curated, role, context, mapping, or manual caption source; values not regenerated here	verified metadata directory	Recorded as a manual/curated input or generated table documenting curated inputs.
<local_project_root>\Hypergator_scripts\InnateImmuneResponseScore\verified_metadata\splited\GSE279744_design\GSE279744_design__T=lymph_node__H=6__B=NA__G=delivery_vaccination_with_ssop__VS=baseline_0.tsv	Hypergator_scripts/InnateImmuneResponseScore/verified_metadata/splited/GSE279744_design/GSE279744_design__T=lymph_node__H=6__B=NA__G=delivery_vaccination_with_ssop__VS=baseline_0.tsv	manual_or_curated_input	treatment_control_label; tissue_timepoint_annotation; split_definition	GSE279744_design	02_design_and_split_generation; 07_split_contrast_transfer_evaluation	Supplementary Table S2; validation figures	filename/path indicates verified, curated, role, context, mapping, or manual caption source; values not regenerated here	verified metadata directory	Recorded as a manual/curated input or generated table documenting curated inputs.
<local_project_root>\Hypergator_scripts\InnateImmuneResponseScore\verified_metadata\splited\GSE39129_design\GSE39129_design__contrast_index.tsv	Hypergator_scripts/InnateImmuneResponseScore/verified_metadata/splited/GSE39129_design/GSE39129_design__contrast_index.tsv	manual_or_curated_input	treatment_control_label; tissue_timepoint_annotation; split_definition	GSE39129_design	02_design_and_split_generation; 07_split_contrast_transfer_evaluation	Supplementary Table S2; validation figures	filename/path indicates verified, curated, role, context, mapping, or manual caption source; values not regenerated here	verified metadata directory	Recorded as a manual/curated input or generated table documenting curated inputs.
<local_project_root>\Hypergator_scripts\InnateImmuneResponseScore\verified_metadata\splited\GSE39129_design\GSE39129_design__group_map.tsv	Hypergator_scripts/InnateImmuneResponseScore/verified_metadata/splited/GSE39129_design/GSE39129_design__group_map.tsv	manual_or_curated_input	treatment_control_label; tissue_timepoint_annotation; split_definition	GSE39129_design	02_design_and_split_generation; 07_split_contrast_transfer_evaluation	Supplementary Table S2; validation figures	filename/path indicates verified, curated, role, context, mapping, or manual caption source; values not regenerated here	verified metadata directory	Recorded as a manual/curated input or generated table documenting curated inputs.
<local_project_root>\Hypergator_scripts\InnateImmuneResponseScore\verified_metadata\splited\GSE39129_design\GSE39129_design__T=liver__H=4__B=NA__G=delivery_lentiviral_vector_lv__VS=delivery_none.tsv	Hypergator_scripts/InnateImmuneResponseScore/verified_metadata/splited/GSE39129_design/GSE39129_design__T=liver__H=4__B=NA__G=delivery_lentiviral_vector_lv__VS=delivery_none.tsv	manual_or_curated_input	treatment_control_label; tissue_timepoint_annotation; split_definition	GSE39129_design	02_design_and_split_generation; 07_split_contrast_transfer_evaluation	Supplementary Table S2; validation figures	filename/path indicates verified, curated, role, context, mapping, or manual caption source; values not regenerated here	verified metadata directory	Recorded as a manual/curated input or generated table documenting curated inputs.

