curation_id	curation_type	dataset_id	split_id	curated_field	original_value	curated_value	source_evidence	source_PMID	source_DOI	rationale	curator	curation_date_if_available	used_in_stage	used_in_figure_or_table	review_status	notes
CUR00001	dataset_role_assignment	GSE167521	GSE167521_design__T=skin__H=24__B=NA__G=delivery_lnp__VS=baseline_0	manuscript_analysis_group	anchor	Locked anchor	<local_project_root>\audit\results\manuscript_dataset_role_table.tsv	NA	NA	locked anchor; mouse skin; 24 h	not_recorded_in_source	NA	08_dataset_role_cleanup	Figures 1-5; Supplementary Tables S1-S2	documented	Not independent of the anchor evidence except in leave-one-anchor-out analysis. Organism metadata unavailable in inspected design files.
CUR00002	inclusion_exclusion_decision	GSE167521	GSE167521_design__T=skin__H=24__B=NA__G=delivery_lnp__VS=baseline_0	primary_claim_included_yes_no	anchor_discovery	yes	<local_project_root>\audit\results\manuscript_dataset_role_table.tsv	NA	NA	Strict anchor used for portability checks and frozen-score validation.	not_recorded_in_source	NA	08_dataset_role_cleanup	Supplementary Table S1; Supplementary Table S2	documented	Not independent of the anchor evidence except in leave-one-anchor-out analysis. Organism metadata unavailable in inspected design files.
CUR00003	dataset_role_assignment	GSE264344	GSE264344_design__T=Blood__H=1__B=NA__G=delivery_ad26__VS=baseline_0	manuscript_analysis_group	anchor	Locked anchor	<local_project_root>\audit\results\manuscript_dataset_role_table.tsv	40162786	10.1128/jvi.00247-25	time_h <= 24: locked anchor discovery evidence	not_recorded_in_source	NA	08_dataset_role_cleanup	Figures 1-5; Supplementary Tables S1-S2	documented	Not independent of the anchor evidence except in leave-one-anchor-out analysis. Organism metadata unavailable in inspected design files.
CUR00004	inclusion_exclusion_decision	GSE264344	GSE264344_design__T=Blood__H=1__B=NA__G=delivery_ad26__VS=baseline_0	primary_claim_included_yes_no	anchor_discovery	yes	<local_project_root>\audit\results\manuscript_dataset_role_table.tsv	40162786	10.1128/jvi.00247-25	Strict anchor used for portability checks and frozen-score validation.	not_recorded_in_source	NA	08_dataset_role_cleanup	Supplementary Table S1; Supplementary Table S2	documented	Not independent of the anchor evidence except in leave-one-anchor-out analysis. Organism metadata unavailable in inspected design files.
CUR00005	dataset_role_assignment	GSE264344	GSE264344_design__T=Blood__H=1__B=NA__G=delivery_ad5__VS=baseline_0	manuscript_analysis_group	anchor	Locked anchor	<local_project_root>\audit\results\manuscript_dataset_role_table.tsv	40162786	10.1128/jvi.00247-25	time_h <= 24: locked anchor discovery evidence	not_recorded_in_source	NA	08_dataset_role_cleanup	Figures 1-5; Supplementary Tables S1-S2	documented	Not independent of the anchor evidence except in leave-one-anchor-out analysis. Organism metadata unavailable in inspected design files.
CUR00006	inclusion_exclusion_decision	GSE264344	GSE264344_design__T=Blood__H=1__B=NA__G=delivery_ad5__VS=baseline_0	primary_claim_included_yes_no	anchor_discovery	yes	<local_project_root>\audit\results\manuscript_dataset_role_table.tsv	40162786	10.1128/jvi.00247-25	Strict anchor used for portability checks and frozen-score validation.	not_recorded_in_source	NA	08_dataset_role_cleanup	Supplementary Table S1; Supplementary Table S2	documented	Not independent of the anchor evidence except in leave-one-anchor-out analysis. Organism metadata unavailable in inspected design files.
CUR00007	dataset_role_assignment	GSE264344	GSE264344_design__T=Muscle__H=1__B=NA__G=delivery_ad26__VS=baseline_0	manuscript_analysis_group	anchor	Locked anchor	<local_project_root>\audit\results\manuscript_dataset_role_table.tsv	40162786	10.1128/jvi.00247-25	time_h <= 24: locked anchor discovery evidence	not_recorded_in_source	NA	08_dataset_role_cleanup	Figures 1-5; Supplementary Tables S1-S2	documented	Not independent of the anchor evidence except in leave-one-anchor-out analysis. Organism metadata unavailable in inspected design files.
CUR00008	inclusion_exclusion_decision	GSE264344	GSE264344_design__T=Muscle__H=1__B=NA__G=delivery_ad26__VS=baseline_0	primary_claim_included_yes_no	anchor_discovery	yes	<local_project_root>\audit\results\manuscript_dataset_role_table.tsv	40162786	10.1128/jvi.00247-25	Strict anchor used for portability checks and frozen-score validation.	not_recorded_in_source	NA	08_dataset_role_cleanup	Supplementary Table S1; Supplementary Table S2	documented	Not independent of the anchor evidence except in leave-one-anchor-out analysis. Organism metadata unavailable in inspected design files.
CUR00009	dataset_role_assignment	GSE264344	GSE264344_design__T=Muscle__H=1__B=NA__G=delivery_ad5__VS=baseline_0	manuscript_analysis_group	anchor	Locked anchor	<local_project_root>\audit\results\manuscript_dataset_role_table.tsv	40162786	10.1128/jvi.00247-25	time_h <= 24: locked anchor discovery evidence	not_recorded_in_source	NA	08_dataset_role_cleanup	Figures 1-5; Supplementary Tables S1-S2	documented	Not independent of the anchor evidence except in leave-one-anchor-out analysis. Organism metadata unavailable in inspected design files.
CUR00010	inclusion_exclusion_decision	GSE264344	GSE264344_design__T=Muscle__H=1__B=NA__G=delivery_ad5__VS=baseline_0	primary_claim_included_yes_no	anchor_discovery	yes	<local_project_root>\audit\results\manuscript_dataset_role_table.tsv	40162786	10.1128/jvi.00247-25	Strict anchor used for portability checks and frozen-score validation.	not_recorded_in_source	NA	08_dataset_role_cleanup	Supplementary Table S1; Supplementary Table S2	documented	Not independent of the anchor evidence except in leave-one-anchor-out analysis. Organism metadata unavailable in inspected design files.
CUR00011	dataset_role_assignment	GSE264344	GSE264344_design__T=dLN__H=1__B=NA__G=delivery_ad26__VS=baseline_0	manuscript_analysis_group	anchor	Locked anchor	<local_project_root>\audit\results\manuscript_dataset_role_table.tsv	40162786	10.1128/jvi.00247-25	time_h <= 24: locked anchor discovery evidence	not_recorded_in_source	NA	08_dataset_role_cleanup	Figures 1-5; Supplementary Tables S1-S2	documented	Not independent of the anchor evidence except in leave-one-anchor-out analysis. Organism metadata unavailable in inspected design files.
CUR00012	inclusion_exclusion_decision	GSE264344	GSE264344_design__T=dLN__H=1__B=NA__G=delivery_ad26__VS=baseline_0	primary_claim_included_yes_no	anchor_discovery	yes	<local_project_root>\audit\results\manuscript_dataset_role_table.tsv	40162786	10.1128/jvi.00247-25	Strict anchor used for portability checks and frozen-score validation.	not_recorded_in_source	NA	08_dataset_role_cleanup	Supplementary Table S1; Supplementary Table S2	documented	Not independent of the anchor evidence except in leave-one-anchor-out analysis. Organism metadata unavailable in inspected design files.
CUR00013	dataset_role_assignment	GSE264344	GSE264344_design__T=dLN__H=1__B=NA__G=delivery_ad5__VS=baseline_0	manuscript_analysis_group	anchor	Locked anchor	<local_project_root>\audit\results\manuscript_dataset_role_table.tsv	40162786	10.1128/jvi.00247-25	time_h <= 24: locked anchor discovery evidence	not_recorded_in_source	NA	08_dataset_role_cleanup	Figures 1-5; Supplementary Tables S1-S2	documented	Not independent of the anchor evidence except in leave-one-anchor-out analysis. Organism metadata unavailable in inspected design files.
CUR00014	inclusion_exclusion_decision	GSE264344	GSE264344_design__T=dLN__H=1__B=NA__G=delivery_ad5__VS=baseline_0	primary_claim_included_yes_no	anchor_discovery	yes	<local_project_root>\audit\results\manuscript_dataset_role_table.tsv	40162786	10.1128/jvi.00247-25	Strict anchor used for portability checks and frozen-score validation.	not_recorded_in_source	NA	08_dataset_role_cleanup	Supplementary Table S1; Supplementary Table S2	documented	Not independent of the anchor evidence except in leave-one-anchor-out analysis. Organism metadata unavailable in inspected design files.
CUR00015	dataset_role_assignment	GSE264344	GSE264344_design__T=Blood__H=3__B=NA__G=delivery_ad26__VS=baseline_0	manuscript_analysis_group	anchor	Locked anchor	<local_project_root>\audit\results\manuscript_dataset_role_table.tsv	40162786	10.1128/jvi.00247-25	time_h <= 24: locked anchor discovery evidence	not_recorded_in_source	NA	08_dataset_role_cleanup	Figures 1-5; Supplementary Tables S1-S2	documented	Not independent of the anchor evidence except in leave-one-anchor-out analysis. Organism metadata unavailable in inspected design files.
CUR00016	inclusion_exclusion_decision	GSE264344	GSE264344_design__T=Blood__H=3__B=NA__G=delivery_ad26__VS=baseline_0	primary_claim_included_yes_no	anchor_discovery	yes	<local_project_root>\audit\results\manuscript_dataset_role_table.tsv	40162786	10.1128/jvi.00247-25	Strict anchor used for portability checks and frozen-score validation.	not_recorded_in_source	NA	08_dataset_role_cleanup	Supplementary Table S1; Supplementary Table S2	documented	Not independent of the anchor evidence except in leave-one-anchor-out analysis. Organism metadata unavailable in inspected design files.
CUR00017	dataset_role_assignment	GSE264344	GSE264344_design__T=Blood__H=3__B=NA__G=delivery_ad5__VS=baseline_0	manuscript_analysis_group	anchor	Locked anchor	<local_project_root>\audit\results\manuscript_dataset_role_table.tsv	40162786	10.1128/jvi.00247-25	time_h <= 24: locked anchor discovery evidence	not_recorded_in_source	NA	08_dataset_role_cleanup	Figures 1-5; Supplementary Tables S1-S2	documented	Not independent of the anchor evidence except in leave-one-anchor-out analysis. Organism metadata unavailable in inspected design files.
CUR00018	inclusion_exclusion_decision	GSE264344	GSE264344_design__T=Blood__H=3__B=NA__G=delivery_ad5__VS=baseline_0	primary_claim_included_yes_no	anchor_discovery	yes	<local_project_root>\audit\results\manuscript_dataset_role_table.tsv	40162786	10.1128/jvi.00247-25	Strict anchor used for portability checks and frozen-score validation.	not_recorded_in_source	NA	08_dataset_role_cleanup	Supplementary Table S1; Supplementary Table S2	documented	Not independent of the anchor evidence except in leave-one-anchor-out analysis. Organism metadata unavailable in inspected design files.
CUR00019	dataset_role_assignment	GSE264344	GSE264344_design__T=Muscle__H=3__B=NA__G=delivery_ad26__VS=baseline_0	manuscript_analysis_group	anchor	Locked anchor	<local_project_root>\audit\results\manuscript_dataset_role_table.tsv	40162786	10.1128/jvi.00247-25	time_h <= 24: locked anchor discovery evidence	not_recorded_in_source	NA	08_dataset_role_cleanup	Figures 1-5; Supplementary Tables S1-S2	documented	Not independent of the anchor evidence except in leave-one-anchor-out analysis. Organism metadata unavailable in inspected design files.
CUR00020	inclusion_exclusion_decision	GSE264344	GSE264344_design__T=Muscle__H=3__B=NA__G=delivery_ad26__VS=baseline_0	primary_claim_included_yes_no	anchor_discovery	yes	<local_project_root>\audit\results\manuscript_dataset_role_table.tsv	40162786	10.1128/jvi.00247-25	Strict anchor used for portability checks and frozen-score validation.	not_recorded_in_source	NA	08_dataset_role_cleanup	Supplementary Table S1; Supplementary Table S2	documented	Not independent of the anchor evidence except in leave-one-anchor-out analysis. Organism metadata unavailable in inspected design files.
CUR00021	dataset_role_assignment	GSE264344	GSE264344_design__T=Muscle__H=3__B=NA__G=delivery_ad5__VS=baseline_0	manuscript_analysis_group	anchor	Locked anchor	<local_project_root>\audit\results\manuscript_dataset_role_table.tsv	40162786	10.1128/jvi.00247-25	time_h <= 24: locked anchor discovery evidence	not_recorded_in_source	NA	08_dataset_role_cleanup	Figures 1-5; Supplementary Tables S1-S2	documented	Not independent of the anchor evidence except in leave-one-anchor-out analysis. Organism metadata unavailable in inspected design files.
CUR00022	inclusion_exclusion_decision	GSE264344	GSE264344_design__T=Muscle__H=3__B=NA__G=delivery_ad5__VS=baseline_0	primary_claim_included_yes_no	anchor_discovery	yes	<local_project_root>\audit\results\manuscript_dataset_role_table.tsv	40162786	10.1128/jvi.00247-25	Strict anchor used for portability checks and frozen-score validation.	not_recorded_in_source	NA	08_dataset_role_cleanup	Supplementary Table S1; Supplementary Table S2	documented	Not independent of the anchor evidence except in leave-one-anchor-out analysis. Organism metadata unavailable in inspected design files.
CUR00023	dataset_role_assignment	GSE264344	GSE264344_design__T=dLN__H=3__B=NA__G=delivery_ad26__VS=baseline_0	manuscript_analysis_group	anchor	Locked anchor	<local_project_root>\audit\results\manuscript_dataset_role_table.tsv	40162786	10.1128/jvi.00247-25	time_h <= 24: locked anchor discovery evidence	not_recorded_in_source	NA	08_dataset_role_cleanup	Figures 1-5; Supplementary Tables S1-S2	documented	Not independent of the anchor evidence except in leave-one-anchor-out analysis. Organism metadata unavailable in inspected design files.
CUR00024	inclusion_exclusion_decision	GSE264344	GSE264344_design__T=dLN__H=3__B=NA__G=delivery_ad26__VS=baseline_0	primary_claim_included_yes_no	anchor_discovery	yes	<local_project_root>\audit\results\manuscript_dataset_role_table.tsv	40162786	10.1128/jvi.00247-25	Strict anchor used for portability checks and frozen-score validation.	not_recorded_in_source	NA	08_dataset_role_cleanup	Supplementary Table S1; Supplementary Table S2	documented	Not independent of the anchor evidence except in leave-one-anchor-out analysis. Organism metadata unavailable in inspected design files.
CUR00025	dataset_role_assignment	GSE264344	GSE264344_design__T=dLN__H=3__B=NA__G=delivery_ad5__VS=baseline_0	manuscript_analysis_group	anchor	Locked anchor	<local_project_root>\audit\results\manuscript_dataset_role_table.tsv	40162786	10.1128/jvi.00247-25	time_h <= 24: locked anchor discovery evidence	not_recorded_in_source	NA	08_dataset_role_cleanup	Figures 1-5; Supplementary Tables S1-S2	documented	Not independent of the anchor evidence except in leave-one-anchor-out analysis. Organism metadata unavailable in inspected design files.
CUR00026	inclusion_exclusion_decision	GSE264344	GSE264344_design__T=dLN__H=3__B=NA__G=delivery_ad5__VS=baseline_0	primary_claim_included_yes_no	anchor_discovery	yes	<local_project_root>\audit\results\manuscript_dataset_role_table.tsv	40162786	10.1128/jvi.00247-25	Strict anchor used for portability checks and frozen-score validation.	not_recorded_in_source	NA	08_dataset_role_cleanup	Supplementary Table S1; Supplementary Table S2	documented	Not independent of the anchor evidence except in leave-one-anchor-out analysis. Organism metadata unavailable in inspected design files.
CUR00027	dataset_role_assignment	GSE264344	GSE264344_design__T=Blood__H=6__B=NA__G=delivery_ad26__VS=baseline_0	manuscript_analysis_group	anchor	Locked anchor	<local_project_root>\audit\results\manuscript_dataset_role_table.tsv	40162786	10.1128/jvi.00247-25	time_h <= 24: locked anchor discovery evidence	not_recorded_in_source	NA	08_dataset_role_cleanup	Figures 1-5; Supplementary Tables S1-S2	documented	Not independent of the anchor evidence except in leave-one-anchor-out analysis. Organism metadata unavailable in inspected design files.
CUR00028	inclusion_exclusion_decision	GSE264344	GSE264344_design__T=Blood__H=6__B=NA__G=delivery_ad26__VS=baseline_0	primary_claim_included_yes_no	anchor_discovery	yes	<local_project_root>\audit\results\manuscript_dataset_role_table.tsv	40162786	10.1128/jvi.00247-25	Strict anchor used for portability checks and frozen-score validation.	not_recorded_in_source	NA	08_dataset_role_cleanup	Supplementary Table S1; Supplementary Table S2	documented	Not independent of the anchor evidence except in leave-one-anchor-out analysis. Organism metadata unavailable in inspected design files.
CUR00029	dataset_role_assignment	GSE264344	GSE264344_design__T=Blood__H=6__B=NA__G=delivery_ad5__VS=baseline_0	manuscript_analysis_group	anchor	Locked anchor	<local_project_root>\audit\results\manuscript_dataset_role_table.tsv	40162786	10.1128/jvi.00247-25	time_h <= 24: locked anchor discovery evidence	not_recorded_in_source	NA	08_dataset_role_cleanup	Figures 1-5; Supplementary Tables S1-S2	documented	Not independent of the anchor evidence except in leave-one-anchor-out analysis. Organism metadata unavailable in inspected design files.
CUR00030	inclusion_exclusion_decision	GSE264344	GSE264344_design__T=Blood__H=6__B=NA__G=delivery_ad5__VS=baseline_0	primary_claim_included_yes_no	anchor_discovery	yes	<local_project_root>\audit\results\manuscript_dataset_role_table.tsv	40162786	10.1128/jvi.00247-25	Strict anchor used for portability checks and frozen-score validation.	not_recorded_in_source	NA	08_dataset_role_cleanup	Supplementary Table S1; Supplementary Table S2	documented	Not independent of the anchor evidence except in leave-one-anchor-out analysis. Organism metadata unavailable in inspected design files.
CUR00031	dataset_role_assignment	GSE264344	GSE264344_design__T=Muscle__H=6__B=NA__G=delivery_ad26__VS=baseline_0	manuscript_analysis_group	anchor	Locked anchor	<local_project_root>\audit\results\manuscript_dataset_role_table.tsv	40162786	10.1128/jvi.00247-25	time_h <= 24: locked anchor discovery evidence	not_recorded_in_source	NA	08_dataset_role_cleanup	Figures 1-5; Supplementary Tables S1-S2	documented	Not independent of the anchor evidence except in leave-one-anchor-out analysis. Organism metadata unavailable in inspected design files.
CUR00032	inclusion_exclusion_decision	GSE264344	GSE264344_design__T=Muscle__H=6__B=NA__G=delivery_ad26__VS=baseline_0	primary_claim_included_yes_no	anchor_discovery	yes	<local_project_root>\audit\results\manuscript_dataset_role_table.tsv	40162786	10.1128/jvi.00247-25	Strict anchor used for portability checks and frozen-score validation.	not_recorded_in_source	NA	08_dataset_role_cleanup	Supplementary Table S1; Supplementary Table S2	documented	Not independent of the anchor evidence except in leave-one-anchor-out analysis. Organism metadata unavailable in inspected design files.
CUR00033	dataset_role_assignment	GSE264344	GSE264344_design__T=Muscle__H=6__B=NA__G=delivery_ad5__VS=baseline_0	manuscript_analysis_group	anchor	Locked anchor	<local_project_root>\audit\results\manuscript_dataset_role_table.tsv	40162786	10.1128/jvi.00247-25	time_h <= 24: locked anchor discovery evidence	not_recorded_in_source	NA	08_dataset_role_cleanup	Figures 1-5; Supplementary Tables S1-S2	documented	Not independent of the anchor evidence except in leave-one-anchor-out analysis. Organism metadata unavailable in inspected design files.
CUR00034	inclusion_exclusion_decision	GSE264344	GSE264344_design__T=Muscle__H=6__B=NA__G=delivery_ad5__VS=baseline_0	primary_claim_included_yes_no	anchor_discovery	yes	<local_project_root>\audit\results\manuscript_dataset_role_table.tsv	40162786	10.1128/jvi.00247-25	Strict anchor used for portability checks and frozen-score validation.	not_recorded_in_source	NA	08_dataset_role_cleanup	Supplementary Table S1; Supplementary Table S2	documented	Not independent of the anchor evidence except in leave-one-anchor-out analysis. Organism metadata unavailable in inspected design files.
CUR00035	dataset_role_assignment	GSE264344	GSE264344_design__T=dLN__H=6__B=NA__G=delivery_ad26__VS=baseline_0	manuscript_analysis_group	anchor	Locked anchor	<local_project_root>\audit\results\manuscript_dataset_role_table.tsv	40162786	10.1128/jvi.00247-25	time_h <= 24: locked anchor discovery evidence	not_recorded_in_source	NA	08_dataset_role_cleanup	Figures 1-5; Supplementary Tables S1-S2	documented	Not independent of the anchor evidence except in leave-one-anchor-out analysis. Organism metadata unavailable in inspected design files.
CUR00036	inclusion_exclusion_decision	GSE264344	GSE264344_design__T=dLN__H=6__B=NA__G=delivery_ad26__VS=baseline_0	primary_claim_included_yes_no	anchor_discovery	yes	<local_project_root>\audit\results\manuscript_dataset_role_table.tsv	40162786	10.1128/jvi.00247-25	Strict anchor used for portability checks and frozen-score validation.	not_recorded_in_source	NA	08_dataset_role_cleanup	Supplementary Table S1; Supplementary Table S2	documented	Not independent of the anchor evidence except in leave-one-anchor-out analysis. Organism metadata unavailable in inspected design files.
CUR00037	dataset_role_assignment	GSE264344	GSE264344_design__T=dLN__H=6__B=NA__G=delivery_ad5__VS=baseline_0	manuscript_analysis_group	anchor	Locked anchor	<local_project_root>\audit\results\manuscript_dataset_role_table.tsv	40162786	10.1128/jvi.00247-25	time_h <= 24: locked anchor discovery evidence	not_recorded_in_source	NA	08_dataset_role_cleanup	Figures 1-5; Supplementary Tables S1-S2	documented	Not independent of the anchor evidence except in leave-one-anchor-out analysis. Organism metadata unavailable in inspected design files.
CUR00038	inclusion_exclusion_decision	GSE264344	GSE264344_design__T=dLN__H=6__B=NA__G=delivery_ad5__VS=baseline_0	primary_claim_included_yes_no	anchor_discovery	yes	<local_project_root>\audit\results\manuscript_dataset_role_table.tsv	40162786	10.1128/jvi.00247-25	Strict anchor used for portability checks and frozen-score validation.	not_recorded_in_source	NA	08_dataset_role_cleanup	Supplementary Table S1; Supplementary Table S2	documented	Not independent of the anchor evidence except in leave-one-anchor-out analysis. Organism metadata unavailable in inspected design files.
CUR00039	dataset_role_assignment	GSE264344	GSE264344_design__T=Blood__H=12__B=NA__G=delivery_ad26__VS=baseline_0	manuscript_analysis_group	anchor	Locked anchor	<local_project_root>\audit\results\manuscript_dataset_role_table.tsv	40162786	10.1128/jvi.00247-25	time_h <= 24: locked anchor discovery evidence	not_recorded_in_source	NA	08_dataset_role_cleanup	Figures 1-5; Supplementary Tables S1-S2	documented	Not independent of the anchor evidence except in leave-one-anchor-out analysis. Organism metadata unavailable in inspected design files.
CUR00040	inclusion_exclusion_decision	GSE264344	GSE264344_design__T=Blood__H=12__B=NA__G=delivery_ad26__VS=baseline_0	primary_claim_included_yes_no	anchor_discovery	yes	<local_project_root>\audit\results\manuscript_dataset_role_table.tsv	40162786	10.1128/jvi.00247-25	Strict anchor used for portability checks and frozen-score validation.	not_recorded_in_source	NA	08_dataset_role_cleanup	Supplementary Table S1; Supplementary Table S2	documented	Not independent of the anchor evidence except in leave-one-anchor-out analysis. Organism metadata unavailable in inspected design files.
CUR00041	dataset_role_assignment	GSE264344	GSE264344_design__T=Blood__H=12__B=NA__G=delivery_ad5__VS=baseline_0	manuscript_analysis_group	anchor	Locked anchor	<local_project_root>\audit\results\manuscript_dataset_role_table.tsv	40162786	10.1128/jvi.00247-25	time_h <= 24: locked anchor discovery evidence	not_recorded_in_source	NA	08_dataset_role_cleanup	Figures 1-5; Supplementary Tables S1-S2	documented	Not independent of the anchor evidence except in leave-one-anchor-out analysis. Organism metadata unavailable in inspected design files.
CUR00042	inclusion_exclusion_decision	GSE264344	GSE264344_design__T=Blood__H=12__B=NA__G=delivery_ad5__VS=baseline_0	primary_claim_included_yes_no	anchor_discovery	yes	<local_project_root>\audit\results\manuscript_dataset_role_table.tsv	40162786	10.1128/jvi.00247-25	Strict anchor used for portability checks and frozen-score validation.	not_recorded_in_source	NA	08_dataset_role_cleanup	Supplementary Table S1; Supplementary Table S2	documented	Not independent of the anchor evidence except in leave-one-anchor-out analysis. Organism metadata unavailable in inspected design files.
CUR00043	dataset_role_assignment	GSE264344	GSE264344_design__T=Muscle__H=12__B=NA__G=delivery_ad26__VS=baseline_0	manuscript_analysis_group	anchor	Locked anchor	<local_project_root>\audit\results\manuscript_dataset_role_table.tsv	40162786	10.1128/jvi.00247-25	time_h <= 24: locked anchor discovery evidence	not_recorded_in_source	NA	08_dataset_role_cleanup	Figures 1-5; Supplementary Tables S1-S2	documented	Not independent of the anchor evidence except in leave-one-anchor-out analysis. Organism metadata unavailable in inspected design files.
CUR00044	inclusion_exclusion_decision	GSE264344	GSE264344_design__T=Muscle__H=12__B=NA__G=delivery_ad26__VS=baseline_0	primary_claim_included_yes_no	anchor_discovery	yes	<local_project_root>\audit\results\manuscript_dataset_role_table.tsv	40162786	10.1128/jvi.00247-25	Strict anchor used for portability checks and frozen-score validation.	not_recorded_in_source	NA	08_dataset_role_cleanup	Supplementary Table S1; Supplementary Table S2	documented	Not independent of the anchor evidence except in leave-one-anchor-out analysis. Organism metadata unavailable in inspected design files.
CUR00045	dataset_role_assignment	GSE264344	GSE264344_design__T=Muscle__H=12__B=NA__G=delivery_ad5__VS=baseline_0	manuscript_analysis_group	anchor	Locked anchor	<local_project_root>\audit\results\manuscript_dataset_role_table.tsv	40162786	10.1128/jvi.00247-25	time_h <= 24: locked anchor discovery evidence	not_recorded_in_source	NA	08_dataset_role_cleanup	Figures 1-5; Supplementary Tables S1-S2	documented	Not independent of the anchor evidence except in leave-one-anchor-out analysis. Organism metadata unavailable in inspected design files.
CUR00046	inclusion_exclusion_decision	GSE264344	GSE264344_design__T=Muscle__H=12__B=NA__G=delivery_ad5__VS=baseline_0	primary_claim_included_yes_no	anchor_discovery	yes	<local_project_root>\audit\results\manuscript_dataset_role_table.tsv	40162786	10.1128/jvi.00247-25	Strict anchor used for portability checks and frozen-score validation.	not_recorded_in_source	NA	08_dataset_role_cleanup	Supplementary Table S1; Supplementary Table S2	documented	Not independent of the anchor evidence except in leave-one-anchor-out analysis. Organism metadata unavailable in inspected design files.
CUR00047	dataset_role_assignment	GSE264344	GSE264344_design__T=dLN__H=12__B=NA__G=delivery_ad26__VS=baseline_0	manuscript_analysis_group	anchor	Locked anchor	<local_project_root>\audit\results\manuscript_dataset_role_table.tsv	40162786	10.1128/jvi.00247-25	time_h <= 24: locked anchor discovery evidence	not_recorded_in_source	NA	08_dataset_role_cleanup	Figures 1-5; Supplementary Tables S1-S2	documented	Not independent of the anchor evidence except in leave-one-anchor-out analysis. Organism metadata unavailable in inspected design files.
CUR00048	inclusion_exclusion_decision	GSE264344	GSE264344_design__T=dLN__H=12__B=NA__G=delivery_ad26__VS=baseline_0	primary_claim_included_yes_no	anchor_discovery	yes	<local_project_root>\audit\results\manuscript_dataset_role_table.tsv	40162786	10.1128/jvi.00247-25	Strict anchor used for portability checks and frozen-score validation.	not_recorded_in_source	NA	08_dataset_role_cleanup	Supplementary Table S1; Supplementary Table S2	documented	Not independent of the anchor evidence except in leave-one-anchor-out analysis. Organism metadata unavailable in inspected design files.
CUR00049	dataset_role_assignment	GSE264344	GSE264344_design__T=dLN__H=12__B=NA__G=delivery_ad5__VS=baseline_0	manuscript_analysis_group	anchor	Locked anchor	<local_project_root>\audit\results\manuscript_dataset_role_table.tsv	40162786	10.1128/jvi.00247-25	time_h <= 24: locked anchor discovery evidence	not_recorded_in_source	NA	08_dataset_role_cleanup	Figures 1-5; Supplementary Tables S1-S2	documented	Not independent of the anchor evidence except in leave-one-anchor-out analysis. Organism metadata unavailable in inspected design files.
CUR00050	inclusion_exclusion_decision	GSE264344	GSE264344_design__T=dLN__H=12__B=NA__G=delivery_ad5__VS=baseline_0	primary_claim_included_yes_no	anchor_discovery	yes	<local_project_root>\audit\results\manuscript_dataset_role_table.tsv	40162786	10.1128/jvi.00247-25	Strict anchor used for portability checks and frozen-score validation.	not_recorded_in_source	NA	08_dataset_role_cleanup	Supplementary Table S1; Supplementary Table S2	documented	Not independent of the anchor evidence except in leave-one-anchor-out analysis. Organism metadata unavailable in inspected design files.
CUR00051	dataset_role_assignment	GSE264344	GSE264344_design__T=Blood__H=24__B=NA__G=delivery_ad26__VS=baseline_0	manuscript_analysis_group	anchor	Locked anchor	<local_project_root>\audit\results\manuscript_dataset_role_table.tsv	40162786	10.1128/jvi.00247-25	time_h <= 24: locked anchor discovery evidence	not_recorded_in_source	NA	08_dataset_role_cleanup	Figures 1-5; Supplementary Tables S1-S2	documented	Not independent of the anchor evidence except in leave-one-anchor-out analysis. Organism metadata unavailable in inspected design files.
CUR00052	inclusion_exclusion_decision	GSE264344	GSE264344_design__T=Blood__H=24__B=NA__G=delivery_ad26__VS=baseline_0	primary_claim_included_yes_no	anchor_discovery	yes	<local_project_root>\audit\results\manuscript_dataset_role_table.tsv	40162786	10.1128/jvi.00247-25	Strict anchor used for portability checks and frozen-score validation.	not_recorded_in_source	NA	08_dataset_role_cleanup	Supplementary Table S1; Supplementary Table S2	documented	Not independent of the anchor evidence except in leave-one-anchor-out analysis. Organism metadata unavailable in inspected design files.
CUR00053	dataset_role_assignment	GSE264344	GSE264344_design__T=Blood__H=24__B=NA__G=delivery_ad5__VS=baseline_0	manuscript_analysis_group	anchor	Locked anchor	<local_project_root>\audit\results\manuscript_dataset_role_table.tsv	40162786	10.1128/jvi.00247-25	time_h <= 24: locked anchor discovery evidence	not_recorded_in_source	NA	08_dataset_role_cleanup	Figures 1-5; Supplementary Tables S1-S2	documented	Not independent of the anchor evidence except in leave-one-anchor-out analysis. Organism metadata unavailable in inspected design files.
CUR00054	inclusion_exclusion_decision	GSE264344	GSE264344_design__T=Blood__H=24__B=NA__G=delivery_ad5__VS=baseline_0	primary_claim_included_yes_no	anchor_discovery	yes	<local_project_root>\audit\results\manuscript_dataset_role_table.tsv	40162786	10.1128/jvi.00247-25	Strict anchor used for portability checks and frozen-score validation.	not_recorded_in_source	NA	08_dataset_role_cleanup	Supplementary Table S1; Supplementary Table S2	documented	Not independent of the anchor evidence except in leave-one-anchor-out analysis. Organism metadata unavailable in inspected design files.
CUR00055	dataset_role_assignment	GSE264344	GSE264344_design__T=Muscle__H=24__B=NA__G=delivery_ad26__VS=baseline_0	manuscript_analysis_group	anchor	Locked anchor	<local_project_root>\audit\results\manuscript_dataset_role_table.tsv	40162786	10.1128/jvi.00247-25	time_h <= 24: locked anchor discovery evidence	not_recorded_in_source	NA	08_dataset_role_cleanup	Figures 1-5; Supplementary Tables S1-S2	documented	Not independent of the anchor evidence except in leave-one-anchor-out analysis. Organism metadata unavailable in inspected design files.
CUR00056	inclusion_exclusion_decision	GSE264344	GSE264344_design__T=Muscle__H=24__B=NA__G=delivery_ad26__VS=baseline_0	primary_claim_included_yes_no	anchor_discovery	yes	<local_project_root>\audit\results\manuscript_dataset_role_table.tsv	40162786	10.1128/jvi.00247-25	Strict anchor used for portability checks and frozen-score validation.	not_recorded_in_source	NA	08_dataset_role_cleanup	Supplementary Table S1; Supplementary Table S2	documented	Not independent of the anchor evidence except in leave-one-anchor-out analysis. Organism metadata unavailable in inspected design files.
CUR00057	dataset_role_assignment	GSE264344	GSE264344_design__T=Muscle__H=24__B=NA__G=delivery_ad5__VS=baseline_0	manuscript_analysis_group	anchor	Locked anchor	<local_project_root>\audit\results\manuscript_dataset_role_table.tsv	40162786	10.1128/jvi.00247-25	time_h <= 24: locked anchor discovery evidence	not_recorded_in_source	NA	08_dataset_role_cleanup	Figures 1-5; Supplementary Tables S1-S2	documented	Not independent of the anchor evidence except in leave-one-anchor-out analysis. Organism metadata unavailable in inspected design files.
CUR00058	inclusion_exclusion_decision	GSE264344	GSE264344_design__T=Muscle__H=24__B=NA__G=delivery_ad5__VS=baseline_0	primary_claim_included_yes_no	anchor_discovery	yes	<local_project_root>\audit\results\manuscript_dataset_role_table.tsv	40162786	10.1128/jvi.00247-25	Strict anchor used for portability checks and frozen-score validation.	not_recorded_in_source	NA	08_dataset_role_cleanup	Supplementary Table S1; Supplementary Table S2	documented	Not independent of the anchor evidence except in leave-one-anchor-out analysis. Organism metadata unavailable in inspected design files.
CUR00059	dataset_role_assignment	GSE264344	GSE264344_design__T=dLN__H=24__B=NA__G=delivery_ad26__VS=baseline_0	manuscript_analysis_group	anchor	Locked anchor	<local_project_root>\audit\results\manuscript_dataset_role_table.tsv	40162786	10.1128/jvi.00247-25	time_h <= 24: locked anchor discovery evidence	not_recorded_in_source	NA	08_dataset_role_cleanup	Figures 1-5; Supplementary Tables S1-S2	documented	Not independent of the anchor evidence except in leave-one-anchor-out analysis. Organism metadata unavailable in inspected design files.
CUR00060	inclusion_exclusion_decision	GSE264344	GSE264344_design__T=dLN__H=24__B=NA__G=delivery_ad26__VS=baseline_0	primary_claim_included_yes_no	anchor_discovery	yes	<local_project_root>\audit\results\manuscript_dataset_role_table.tsv	40162786	10.1128/jvi.00247-25	Strict anchor used for portability checks and frozen-score validation.	not_recorded_in_source	NA	08_dataset_role_cleanup	Supplementary Table S1; Supplementary Table S2	documented	Not independent of the anchor evidence except in leave-one-anchor-out analysis. Organism metadata unavailable in inspected design files.
CUR00061	dataset_role_assignment	GSE264344	GSE264344_design__T=dLN__H=24__B=NA__G=delivery_ad5__VS=baseline_0	manuscript_analysis_group	anchor	Locked anchor	<local_project_root>\audit\results\manuscript_dataset_role_table.tsv	40162786	10.1128/jvi.00247-25	time_h <= 24: locked anchor discovery evidence	not_recorded_in_source	NA	08_dataset_role_cleanup	Figures 1-5; Supplementary Tables S1-S2	documented	Not independent of the anchor evidence except in leave-one-anchor-out analysis. Organism metadata unavailable in inspected design files.
CUR00062	inclusion_exclusion_decision	GSE264344	GSE264344_design__T=dLN__H=24__B=NA__G=delivery_ad5__VS=baseline_0	primary_claim_included_yes_no	anchor_discovery	yes	<local_project_root>\audit\results\manuscript_dataset_role_table.tsv	40162786	10.1128/jvi.00247-25	Strict anchor used for portability checks and frozen-score validation.	not_recorded_in_source	NA	08_dataset_role_cleanup	Supplementary Table S1; Supplementary Table S2	documented	Not independent of the anchor evidence except in leave-one-anchor-out analysis. Organism metadata unavailable in inspected design files.
CUR00063	dataset_role_assignment	GSE279372	GSE279372_design__T=draining_lymph_nodes__H=24__B=NA__G=GID00110503__VS=baseline_0	manuscript_analysis_group	anchor	Locked anchor	<local_project_root>\audit\results\manuscript_dataset_role_table.tsv	NA	NA	locked anchor; acute discovery context	not_recorded_in_source	NA	08_dataset_role_cleanup	Figures 1-5; Supplementary Tables S1-S2	documented	Calibration dataset; not counted as a strict anchor. Organism metadata unavailable in inspected design files.
CUR00064	inclusion_exclusion_decision	GSE279372	GSE279372_design__T=draining_lymph_nodes__H=24__B=NA__G=GID00110503__VS=baseline_0	primary_claim_included_yes_no	anchor_discovery	yes	<local_project_root>\audit\results\manuscript_dataset_role_table.tsv	NA	NA	Non-strict acute calibration dataset; supports external acute validation without expanding anchor set.	not_recorded_in_source	NA	08_dataset_role_cleanup	Supplementary Table S1; Supplementary Table S2	documented	Calibration dataset; not counted as a strict anchor. Organism metadata unavailable in inspected design files.
CUR00065	dataset_role_assignment	GSE279372	GSE279372_design__T=draining_lymph_nodes__H=24__B=NA__G=GID00110754__VS=baseline_0	manuscript_analysis_group	anchor	Locked anchor	<local_project_root>\audit\results\manuscript_dataset_role_table.tsv	NA	NA	locked anchor; acute discovery context	not_recorded_in_source	NA	08_dataset_role_cleanup	Figures 1-5; Supplementary Tables S1-S2	documented	Calibration dataset; not counted as a strict anchor. Organism metadata unavailable in inspected design files.
CUR00066	inclusion_exclusion_decision	GSE279372	GSE279372_design__T=draining_lymph_nodes__H=24__B=NA__G=GID00110754__VS=baseline_0	primary_claim_included_yes_no	anchor_discovery	yes	<local_project_root>\audit\results\manuscript_dataset_role_table.tsv	NA	NA	Non-strict acute calibration dataset; supports external acute validation without expanding anchor set.	not_recorded_in_source	NA	08_dataset_role_cleanup	Supplementary Table S1; Supplementary Table S2	documented	Calibration dataset; not counted as a strict anchor. Organism metadata unavailable in inspected design files.
CUR00067	dataset_role_assignment	GSE279372	GSE279372_design__T=draining_lymph_nodes__H=24__B=NA__G=GID00114748__VS=baseline_0	manuscript_analysis_group	anchor	Locked anchor	<local_project_root>\audit\results\manuscript_dataset_role_table.tsv	NA	NA	locked anchor; acute discovery context	not_recorded_in_source	NA	08_dataset_role_cleanup	Figures 1-5; Supplementary Tables S1-S2	documented	Calibration dataset; not counted as a strict anchor. Organism metadata unavailable in inspected design files.
CUR00068	inclusion_exclusion_decision	GSE279372	GSE279372_design__T=draining_lymph_nodes__H=24__B=NA__G=GID00114748__VS=baseline_0	primary_claim_included_yes_no	anchor_discovery	yes	<local_project_root>\audit\results\manuscript_dataset_role_table.tsv	NA	NA	Non-strict acute calibration dataset; supports external acute validation without expanding anchor set.	not_recorded_in_source	NA	08_dataset_role_cleanup	Supplementary Table S1; Supplementary Table S2	documented	Calibration dataset; not counted as a strict anchor. Organism metadata unavailable in inspected design files.
CUR00069	dataset_role_assignment	GSE279372	GSE279372_design__T=draining_lymph_nodes__H=24__B=NA__G=delivery_1000_g_lnps_injected__VS=baseline_0	manuscript_analysis_group	anchor	Locked anchor	<local_project_root>\audit\results\manuscript_dataset_role_table.tsv	NA	NA	locked anchor; acute discovery context	not_recorded_in_source	NA	08_dataset_role_cleanup	Figures 1-5; Supplementary Tables S1-S2	documented	Calibration dataset; not counted as a strict anchor. Organism metadata unavailable in inspected design files.
CUR00070	inclusion_exclusion_decision	GSE279372	GSE279372_design__T=draining_lymph_nodes__H=24__B=NA__G=delivery_1000_g_lnps_injected__VS=baseline_0	primary_claim_included_yes_no	anchor_discovery	yes	<local_project_root>\audit\results\manuscript_dataset_role_table.tsv	NA	NA	Non-strict acute calibration dataset; supports external acute validation without expanding anchor set.	not_recorded_in_source	NA	08_dataset_role_cleanup	Supplementary Table S1; Supplementary Table S2	documented	Calibration dataset; not counted as a strict anchor. Organism metadata unavailable in inspected design files.
CUR00071	dataset_role_assignment	GSE279372	GSE279372_design__T=draining_lymph_nodes__H=24__B=NA__G=delivery_250_g_alum_injected__VS=baseline_0	manuscript_analysis_group	anchor	Locked anchor	<local_project_root>\audit\results\manuscript_dataset_role_table.tsv	NA	NA	locked anchor; acute discovery context	not_recorded_in_source	NA	08_dataset_role_cleanup	Figures 1-5; Supplementary Tables S1-S2	documented	Calibration dataset; not counted as a strict anchor. Organism metadata unavailable in inspected design files.
CUR00072	inclusion_exclusion_decision	GSE279372	GSE279372_design__T=draining_lymph_nodes__H=24__B=NA__G=delivery_250_g_alum_injected__VS=baseline_0	primary_claim_included_yes_no	anchor_discovery	yes	<local_project_root>\audit\results\manuscript_dataset_role_table.tsv	NA	NA	Non-strict acute calibration dataset; supports external acute validation without expanding anchor set.	not_recorded_in_source	NA	08_dataset_role_cleanup	Supplementary Table S1; Supplementary Table S2	documented	Calibration dataset; not counted as a strict anchor. Organism metadata unavailable in inspected design files.
CUR00073	dataset_role_assignment	GSE279372	GSE279372_design__T=draining_lymph_nodes__H=24__B=NA__G=delivery_5_g_gi_1_gii_4_vlp__VS=baseline_0	manuscript_analysis_group	anchor	Locked anchor	<local_project_root>\audit\results\manuscript_dataset_role_table.tsv	NA	NA	locked anchor; acute discovery context	not_recorded_in_source	NA	08_dataset_role_cleanup	Figures 1-5; Supplementary Tables S1-S2	documented	Calibration dataset; not counted as a strict anchor. Organism metadata unavailable in inspected design files.
CUR00074	inclusion_exclusion_decision	GSE279372	GSE279372_design__T=draining_lymph_nodes__H=24__B=NA__G=delivery_5_g_gi_1_gii_4_vlp__VS=baseline_0	primary_claim_included_yes_no	anchor_discovery	yes	<local_project_root>\audit\results\manuscript_dataset_role_table.tsv	NA	NA	Non-strict acute calibration dataset; supports external acute validation without expanding anchor set.	not_recorded_in_source	NA	08_dataset_role_cleanup	Supplementary Table S1; Supplementary Table S2	documented	Calibration dataset; not counted as a strict anchor. Organism metadata unavailable in inspected design files.
CUR00075	dataset_role_assignment	GSE279744	GSE279744_design__T=lymph_node__H=6__B=NA__G=delivery_vaccination_with_sm102__VS=baseline_0	manuscript_analysis_group	anchor	Locked anchor	<local_project_root>\audit\results\manuscript_dataset_role_table.tsv	NA	NA	locked anchor; acute LNP formulation / dLN context	not_recorded_in_source	NA	08_dataset_role_cleanup	Figures 1-5; Supplementary Tables S1-S2	documented	Calibration dataset; not counted as a strict anchor. Organism metadata unavailable in inspected design files.
CUR00076	inclusion_exclusion_decision	GSE279744	GSE279744_design__T=lymph_node__H=6__B=NA__G=delivery_vaccination_with_sm102__VS=baseline_0	primary_claim_included_yes_no	anchor_discovery	yes	<local_project_root>\audit\results\manuscript_dataset_role_table.tsv	NA	NA	Non-strict acute calibration dataset; supports external acute validation without expanding anchor set.	not_recorded_in_source	NA	08_dataset_role_cleanup	Supplementary Table S1; Supplementary Table S2	documented	Calibration dataset; not counted as a strict anchor. Organism metadata unavailable in inspected design files.
CUR00077	dataset_role_assignment	GSE279744	GSE279744_design__T=lymph_node__H=6__B=NA__G=delivery_vaccination_with_ssop__VS=baseline_0	manuscript_analysis_group	anchor	Locked anchor	<local_project_root>\audit\results\manuscript_dataset_role_table.tsv	NA	NA	locked anchor; acute LNP formulation / dLN context	not_recorded_in_source	NA	08_dataset_role_cleanup	Figures 1-5; Supplementary Tables S1-S2	documented	Calibration dataset; not counted as a strict anchor. Organism metadata unavailable in inspected design files.
CUR00078	inclusion_exclusion_decision	GSE279744	GSE279744_design__T=lymph_node__H=6__B=NA__G=delivery_vaccination_with_ssop__VS=baseline_0	primary_claim_included_yes_no	anchor_discovery	yes	<local_project_root>\audit\results\manuscript_dataset_role_table.tsv	NA	NA	Non-strict acute calibration dataset; supports external acute validation without expanding anchor set.	not_recorded_in_source	NA	08_dataset_role_cleanup	Supplementary Table S1; Supplementary Table S2	documented	Calibration dataset; not counted as a strict anchor. Organism metadata unavailable in inspected design files.
CUR00079	dataset_role_assignment	GSE39129	GSE39129_design__T=liver__H=4__B=NA__G=delivery_lentiviral_vector_lv__VS=delivery_none	manuscript_analysis_group	anchor	Locked anchor	<local_project_root>\audit\results\manuscript_dataset_role_table.tsv	NA	NA	locked anchor; mouse liver; 4 h	not_recorded_in_source	NA	08_dataset_role_cleanup	Figures 1-5; Supplementary Tables S1-S2	documented	Not independent of the anchor evidence except in leave-one-anchor-out analysis. Organism metadata unavailable in inspected design files.
CUR00080	inclusion_exclusion_decision	GSE39129	GSE39129_design__T=liver__H=4__B=NA__G=delivery_lentiviral_vector_lv__VS=delivery_none	primary_claim_included_yes_no	anchor_discovery	yes	<local_project_root>\audit\results\manuscript_dataset_role_table.tsv	NA	NA	Strict anchor used for portability checks and frozen-score validation.	not_recorded_in_source	NA	08_dataset_role_cleanup	Supplementary Table S1; Supplementary Table S2	documented	Not independent of the anchor evidence except in leave-one-anchor-out analysis. Organism metadata unavailable in inspected design files.
CUR00081	dataset_role_assignment	GSE119119	GSE119119_design__T=whole_liver__H=4__B=NA__G=GID00069418__VS=WT_uninfected_whole_liver	manuscript_analysis_group	primary_acute_validation	Primary acute validation	<local_project_root>\audit\results\manuscript_dataset_role_table.tsv	NA	NA	external acute validation, but interpret with genotype/antibody perturbation context	not_recorded_in_source	NA	08_dataset_role_cleanup	Figures 1-5; Supplementary Tables S1-S2	documented	External dataset; interpret with dataset-specific sample size and design constraints. Organism metadata unavailable in inspected design files.
CUR00082	inclusion_exclusion_decision	GSE119119	GSE119119_design__T=whole_liver__H=4__B=NA__G=GID00069418__VS=WT_uninfected_whole_liver	primary_claim_included_yes_no	primary_external_validation	yes	<local_project_root>\audit\results\manuscript_dataset_role_table.tsv	NA	NA	External acute validation contrast not used as a strict anchor.	not_recorded_in_source	NA	08_dataset_role_cleanup	Supplementary Table S1; Supplementary Table S2	documented	External dataset; interpret with dataset-specific sample size and design constraints. Organism metadata unavailable in inspected design files.
CUR00083	dataset_role_assignment	GSE119119	GSE119119_design__T=whole_liver__H=4__B=NA__G=GID00088542__VS=TRIM21_KO_uninfected_whole_liver	manuscript_analysis_group	primary_acute_validation	Primary acute validation	<local_project_root>\audit\results\manuscript_dataset_role_table.tsv	NA	NA	external acute validation, but interpret with genotype/antibody perturbation context	not_recorded_in_source	NA	08_dataset_role_cleanup	Figures 1-5; Supplementary Tables S1-S2	documented	External dataset; interpret with dataset-specific sample size and design constraints. Organism metadata unavailable in inspected design files.
CUR00084	inclusion_exclusion_decision	GSE119119	GSE119119_design__T=whole_liver__H=4__B=NA__G=GID00088542__VS=TRIM21_KO_uninfected_whole_liver	primary_claim_included_yes_no	primary_external_validation	yes	<local_project_root>\audit\results\manuscript_dataset_role_table.tsv	NA	NA	External acute validation contrast not used as a strict anchor.	not_recorded_in_source	NA	08_dataset_role_cleanup	Supplementary Table S1; Supplementary Table S2	documented	External dataset; interpret with dataset-specific sample size and design constraints. Organism metadata unavailable in inspected design files.
CUR00085	dataset_role_assignment	GSE119119	GSE119119_design__T=whole_liver__H=4__B=NA__G=GID00096342__VS=TRIM21_KO_uninfected_whole_liver	manuscript_analysis_group	primary_acute_validation	Primary acute validation	<local_project_root>\audit\results\manuscript_dataset_role_table.tsv	NA	NA	external acute validation, but interpret with genotype/antibody perturbation context	not_recorded_in_source	NA	08_dataset_role_cleanup	Figures 1-5; Supplementary Tables S1-S2	documented	External dataset; interpret with dataset-specific sample size and design constraints. Organism metadata unavailable in inspected design files.
CUR00086	inclusion_exclusion_decision	GSE119119	GSE119119_design__T=whole_liver__H=4__B=NA__G=GID00096342__VS=TRIM21_KO_uninfected_whole_liver	primary_claim_included_yes_no	primary_external_validation	yes	<local_project_root>\audit\results\manuscript_dataset_role_table.tsv	NA	NA	External acute validation contrast not used as a strict anchor.	not_recorded_in_source	NA	08_dataset_role_cleanup	Supplementary Table S1; Supplementary Table S2	documented	External dataset; interpret with dataset-specific sample size and design constraints. Organism metadata unavailable in inspected design files.
CUR00087	dataset_role_assignment	GSE119119	GSE119119_design__T=whole_liver__H=4__B=NA__G=TRIM21_KO_virus_only_whole_liver__VS=TRIM21_KO_uninfected_whole_liver	manuscript_analysis_group	primary_acute_validation	Primary acute validation	<local_project_root>\audit\results\manuscript_dataset_role_table.tsv	NA	NA	external acute validation, but interpret with genotype/antibody perturbation context	not_recorded_in_source	NA	08_dataset_role_cleanup	Figures 1-5; Supplementary Tables S1-S2	documented	External dataset; interpret with dataset-specific sample size and design constraints. Organism metadata unavailable in inspected design files.
CUR00088	inclusion_exclusion_decision	GSE119119	GSE119119_design__T=whole_liver__H=4__B=NA__G=TRIM21_KO_virus_only_whole_liver__VS=TRIM21_KO_uninfected_whole_liver	primary_claim_included_yes_no	primary_external_validation	yes	<local_project_root>\audit\results\manuscript_dataset_role_table.tsv	NA	NA	External acute validation contrast not used as a strict anchor.	not_recorded_in_source	NA	08_dataset_role_cleanup	Supplementary Table S1; Supplementary Table S2	documented	External dataset; interpret with dataset-specific sample size and design constraints. Organism metadata unavailable in inspected design files.
CUR00089	dataset_role_assignment	GSE119119	GSE119119_design__T=whole_liver__H=4__B=NA__G=WT_virus_only_whole_liver__VS=WT_uninfected_whole_liver	manuscript_analysis_group	primary_acute_validation	Primary acute validation	<local_project_root>\audit\results\manuscript_dataset_role_table.tsv	NA	NA	external acute validation, but interpret with genotype/antibody perturbation context	not_recorded_in_source	NA	08_dataset_role_cleanup	Figures 1-5; Supplementary Tables S1-S2	documented	External dataset; interpret with dataset-specific sample size and design constraints. Organism metadata unavailable in inspected design files.
CUR00090	inclusion_exclusion_decision	GSE119119	GSE119119_design__T=whole_liver__H=4__B=NA__G=WT_virus_only_whole_liver__VS=WT_uninfected_whole_liver	primary_claim_included_yes_no	primary_external_validation	yes	<local_project_root>\audit\results\manuscript_dataset_role_table.tsv	NA	NA	External acute validation contrast not used as a strict anchor.	not_recorded_in_source	NA	08_dataset_role_cleanup	Supplementary Table S1; Supplementary Table S2	documented	External dataset; interpret with dataset-specific sample size and design constraints. Organism metadata unavailable in inspected design files.
CUR00091	dataset_role_assignment	GSE119119	GSE119119_design__T=whole_liver__H=4__B=NA__G=WT_virus_plus_rh9C12_WT_whole_liver__VS=WT_uninfected_whole_liver	manuscript_analysis_group	primary_acute_validation	Primary acute validation	<local_project_root>\audit\results\manuscript_dataset_role_table.tsv	NA	NA	external acute validation, but interpret with genotype/antibody perturbation context	not_recorded_in_source	NA	08_dataset_role_cleanup	Figures 1-5; Supplementary Tables S1-S2	documented	External dataset; interpret with dataset-specific sample size and design constraints. Organism metadata unavailable in inspected design files.
CUR00092	inclusion_exclusion_decision	GSE119119	GSE119119_design__T=whole_liver__H=4__B=NA__G=WT_virus_plus_rh9C12_WT_whole_liver__VS=WT_uninfected_whole_liver	primary_claim_included_yes_no	primary_external_validation	yes	<local_project_root>\audit\results\manuscript_dataset_role_table.tsv	NA	NA	External acute validation contrast not used as a strict anchor.	not_recorded_in_source	NA	08_dataset_role_cleanup	Supplementary Table S1; Supplementary Table S2	documented	External dataset; interpret with dataset-specific sample size and design constraints. Organism metadata unavailable in inspected design files.
CUR00093	dataset_role_assignment	GSE139529	GSE139529_design__T=blood__H=24__B=NA__G=ad.mva__VS=none	manuscript_analysis_group	primary_acute_validation	Primary acute validation	<local_project_root>\audit\results\manuscript_dataset_role_table.tsv	NA	NA	external acute validation	not_recorded_in_source	NA	08_dataset_role_cleanup	Figures 1-5; Supplementary Tables S1-S2	documented	External dataset; interpret with dataset-specific sample size and design constraints. Organism metadata unavailable in inspected design files.
CUR00094	inclusion_exclusion_decision	GSE139529	GSE139529_design__T=blood__H=24__B=NA__G=ad.mva__VS=none	primary_claim_included_yes_no	primary_external_validation	yes	<local_project_root>\audit\results\manuscript_dataset_role_table.tsv	NA	NA	External acute validation contrast not used as a strict anchor.	not_recorded_in_source	NA	08_dataset_role_cleanup	Supplementary Table S1; Supplementary Table S2	documented	External dataset; interpret with dataset-specific sample size and design constraints. Organism metadata unavailable in inspected design files.
CUR00095	dataset_role_assignment	GSE139529	GSE139529_design__T=blood__H=24__B=NA__G=ad_empty__VS=none	manuscript_analysis_group	primary_acute_validation	Primary acute validation	<local_project_root>\audit\results\manuscript_dataset_role_table.tsv	NA	NA	external acute validation	not_recorded_in_source	NA	08_dataset_role_cleanup	Figures 1-5; Supplementary Tables S1-S2	documented	External dataset; interpret with dataset-specific sample size and design constraints. Organism metadata unavailable in inspected design files.
CUR00096	inclusion_exclusion_decision	GSE139529	GSE139529_design__T=blood__H=24__B=NA__G=ad_empty__VS=none	primary_claim_included_yes_no	primary_external_validation	yes	<local_project_root>\audit\results\manuscript_dataset_role_table.tsv	NA	NA	External acute validation contrast not used as a strict anchor.	not_recorded_in_source	NA	08_dataset_role_cleanup	Supplementary Table S1; Supplementary Table S2	documented	External dataset; interpret with dataset-specific sample size and design constraints. Organism metadata unavailable in inspected design files.
CUR00097	dataset_role_assignment	GSE139529	GSE139529_design__T=blood__H=24__B=NA__G=ad_fhbp__VS=none	manuscript_analysis_group	primary_acute_validation	Primary acute validation	<local_project_root>\audit\results\manuscript_dataset_role_table.tsv	NA	NA	external acute validation	not_recorded_in_source	NA	08_dataset_role_cleanup	Figures 1-5; Supplementary Tables S1-S2	documented	External dataset; interpret with dataset-specific sample size and design constraints. Organism metadata unavailable in inspected design files.
CUR00098	inclusion_exclusion_decision	GSE139529	GSE139529_design__T=blood__H=24__B=NA__G=ad_fhbp__VS=none	primary_claim_included_yes_no	primary_external_validation	yes	<local_project_root>\audit\results\manuscript_dataset_role_table.tsv	NA	NA	External acute validation contrast not used as a strict anchor.	not_recorded_in_source	NA	08_dataset_role_cleanup	Supplementary Table S1; Supplementary Table S2	documented	External dataset; interpret with dataset-specific sample size and design constraints. Organism metadata unavailable in inspected design files.
CUR00099	dataset_role_assignment	GSE139529	GSE139529_design__T=blood__H=24__B=NA__G=ad_pref__VS=none	manuscript_analysis_group	primary_acute_validation	Primary acute validation	<local_project_root>\audit\results\manuscript_dataset_role_table.tsv	NA	NA	external acute validation	not_recorded_in_source	NA	08_dataset_role_cleanup	Figures 1-5; Supplementary Tables S1-S2	documented	External dataset; interpret with dataset-specific sample size and design constraints. Organism metadata unavailable in inspected design files.
CUR00100	inclusion_exclusion_decision	GSE139529	GSE139529_design__T=blood__H=24__B=NA__G=ad_pref__VS=none	primary_claim_included_yes_no	primary_external_validation	yes	<local_project_root>\audit\results\manuscript_dataset_role_table.tsv	NA	NA	External acute validation contrast not used as a strict anchor.	not_recorded_in_source	NA	08_dataset_role_cleanup	Supplementary Table S1; Supplementary Table S2	documented	External dataset; interpret with dataset-specific sample size and design constraints. Organism metadata unavailable in inspected design files.
CUR00101	dataset_role_assignment	GSE139529	GSE139529_design__T=blood__H=24__B=NA__G=mva.ad__VS=none	manuscript_analysis_group	primary_acute_validation	Primary acute validation	<local_project_root>\audit\results\manuscript_dataset_role_table.tsv	NA	NA	external acute validation	not_recorded_in_source	NA	08_dataset_role_cleanup	Figures 1-5; Supplementary Tables S1-S2	documented	External dataset; interpret with dataset-specific sample size and design constraints. Organism metadata unavailable in inspected design files.
CUR00102	inclusion_exclusion_decision	GSE139529	GSE139529_design__T=blood__H=24__B=NA__G=mva.ad__VS=none	primary_claim_included_yes_no	primary_external_validation	yes	<local_project_root>\audit\results\manuscript_dataset_role_table.tsv	NA	NA	External acute validation contrast not used as a strict anchor.	not_recorded_in_source	NA	08_dataset_role_cleanup	Supplementary Table S1; Supplementary Table S2	documented	External dataset; interpret with dataset-specific sample size and design constraints. Organism metadata unavailable in inspected design files.
CUR00103	dataset_role_assignment	GSE139529	GSE139529_design__T=blood__H=24__B=NA__G=mva_fhbp__VS=none	manuscript_analysis_group	primary_acute_validation	Primary acute validation	<local_project_root>\audit\results\manuscript_dataset_role_table.tsv	NA	NA	external acute validation	not_recorded_in_source	NA	08_dataset_role_cleanup	Figures 1-5; Supplementary Tables S1-S2	documented	External dataset; interpret with dataset-specific sample size and design constraints. Organism metadata unavailable in inspected design files.
CUR00104	inclusion_exclusion_decision	GSE139529	GSE139529_design__T=blood__H=24__B=NA__G=mva_fhbp__VS=none	primary_claim_included_yes_no	primary_external_validation	yes	<local_project_root>\audit\results\manuscript_dataset_role_table.tsv	NA	NA	External acute validation contrast not used as a strict anchor.	not_recorded_in_source	NA	08_dataset_role_cleanup	Supplementary Table S1; Supplementary Table S2	documented	External dataset; interpret with dataset-specific sample size and design constraints. Organism metadata unavailable in inspected design files.
CUR00105	dataset_role_assignment	GSE279743	GSE279743_design__T=Lymph_Node__H=6__B=NA__G=delivery_vaccination_with_sm102__VS=baseline_0	manuscript_analysis_group	primary_acute_validation	Primary acute validation	<local_project_root>\audit\results\manuscript_dataset_role_table.tsv	NA	NA	external acute validation	not_recorded_in_source	NA	08_dataset_role_cleanup	Figures 1-5; Supplementary Tables S1-S2	documented	External dataset; interpret with dataset-specific sample size and design constraints. Organism metadata unavailable in inspected design files.
CUR00106	inclusion_exclusion_decision	GSE279743	GSE279743_design__T=Lymph_Node__H=6__B=NA__G=delivery_vaccination_with_sm102__VS=baseline_0	primary_claim_included_yes_no	primary_external_validation	yes	<local_project_root>\audit\results\manuscript_dataset_role_table.tsv	NA	NA	External acute validation contrast not used as a strict anchor.	not_recorded_in_source	NA	08_dataset_role_cleanup	Supplementary Table S1; Supplementary Table S2	documented	External dataset; interpret with dataset-specific sample size and design constraints. Organism metadata unavailable in inspected design files.
CUR00107	dataset_role_assignment	GSE279743	GSE279743_design__T=Lymph_Node__H=6__B=NA__G=delivery_vaccination_with_ssop__VS=baseline_0	manuscript_analysis_group	primary_acute_validation	Primary acute validation	<local_project_root>\audit\results\manuscript_dataset_role_table.tsv	NA	NA	external acute validation	not_recorded_in_source	NA	08_dataset_role_cleanup	Figures 1-5; Supplementary Tables S1-S2	documented	External dataset; interpret with dataset-specific sample size and design constraints. Organism metadata unavailable in inspected design files.
CUR00108	inclusion_exclusion_decision	GSE279743	GSE279743_design__T=Lymph_Node__H=6__B=NA__G=delivery_vaccination_with_ssop__VS=baseline_0	primary_claim_included_yes_no	primary_external_validation	yes	<local_project_root>\audit\results\manuscript_dataset_role_table.tsv	NA	NA	External acute validation contrast not used as a strict anchor.	not_recorded_in_source	NA	08_dataset_role_cleanup	Supplementary Table S1; Supplementary Table S2	documented	External dataset; interpret with dataset-specific sample size and design constraints. Organism metadata unavailable in inspected design files.
CUR00109	dataset_role_assignment	GSE166655	GSE166655_design__T=Tibialis_anterior__H=1008__B=NA__G=delivery_aav9_ar45__VS=delivery_untreated	manuscript_analysis_group	extended_validation	Extended validation	<local_project_root>\audit\results\manuscript_dataset_role_table.tsv	34417184	10.1126/sciadv.abi6896	external extended transfer; not acute innate validation	not_recorded_in_source	NA	08_dataset_role_cleanup	Figures 1-5; Supplementary Tables S1-S2	documented	Late timepoint; exploratory transfer, not strict acute innate validation. Organism metadata unavailable in inspected design files.
CUR00110	inclusion_exclusion_decision	GSE166655	GSE166655_design__T=Tibialis_anterior__H=1008__B=NA__G=delivery_aav9_ar45__VS=delivery_untreated	primary_claim_included_yes_no	extended_exploratory_transfer	no	<local_project_root>\audit\results\manuscript_dataset_role_table.tsv	34417184	10.1126/sciadv.abi6896	External late-time transfer contrast; exploratory for publication claims.	not_recorded_in_source	NA	08_dataset_role_cleanup	Supplementary Table S1; Supplementary Table S2	documented	Late timepoint; exploratory transfer, not strict acute innate validation. Organism metadata unavailable in inspected design files.
CUR00111	dataset_role_assignment	GSE166655	GSE166655_design__T=Tibialis_anterior__H=1008__B=NA__G=delivery_aav9_gfp__VS=delivery_untreated	manuscript_analysis_group	extended_validation	Extended validation	<local_project_root>\audit\results\manuscript_dataset_role_table.tsv	34417184	10.1126/sciadv.abi6896	external extended transfer; not acute innate validation	not_recorded_in_source	NA	08_dataset_role_cleanup	Figures 1-5; Supplementary Tables S1-S2	documented	Late timepoint; exploratory transfer, not strict acute innate validation. Organism metadata unavailable in inspected design files.
CUR00112	inclusion_exclusion_decision	GSE166655	GSE166655_design__T=Tibialis_anterior__H=1008__B=NA__G=delivery_aav9_gfp__VS=delivery_untreated	primary_claim_included_yes_no	extended_exploratory_transfer	no	<local_project_root>\audit\results\manuscript_dataset_role_table.tsv	34417184	10.1126/sciadv.abi6896	External late-time transfer contrast; exploratory for publication claims.	not_recorded_in_source	NA	08_dataset_role_cleanup	Supplementary Table S1; Supplementary Table S2	documented	Late timepoint; exploratory transfer, not strict acute innate validation. Organism metadata unavailable in inspected design files.
CUR00113	dataset_role_assignment	GSE178313	GSE178313_design__T=Liver__H=24__B=NA__G=mouse_repopulated_lnp__VS=mouse_repopulated_pbs	manuscript_analysis_group	extended_validation	Extended validation	<local_project_root>\audit\results\manuscript_dataset_role_table.tsv	NA	NA	external extended transfer because of species/humanized-liver context; not strict primary validation	not_recorded_in_source	NA	08_dataset_role_cleanup	Figures 1-5; Supplementary Tables S1-S2	documented	24 h timepoint; exploratory transfer because of species/humanized-liver context, not because the timepoint is late.
CUR00114	inclusion_exclusion_decision	GSE178313	GSE178313_design__T=Liver__H=24__B=NA__G=mouse_repopulated_lnp__VS=mouse_repopulated_pbs	primary_claim_included_yes_no	extended_exploratory_transfer	no	<local_project_root>\audit\results\manuscript_dataset_role_table.tsv	NA	NA	External 24 h contrast retained as exploratory transfer because of species/humanized-liver context.	not_recorded_in_source	NA	08_dataset_role_cleanup	Supplementary Table S1; Supplementary Table S2	documented	24 h timepoint; exploratory transfer because of species/humanized-liver context, not because the timepoint is late.
CUR00115	dataset_role_assignment	GSE264344	GSE264344_design__T=Blood__H=72__B=NA__G=delivery_ad26__VS=baseline_0	manuscript_analysis_group	extended_validation	Extended validation	<local_project_root>\audit\results\manuscript_dataset_role_table.tsv	40162786	10.1128/jvi.00247-25	time_h > 24: extended validation / waning tissue-time kinetics	not_recorded_in_source	NA	08_dataset_role_cleanup	Figures 1-5; Supplementary Tables S1-S2	documented	Late timepoint; exploratory transfer, not strict acute innate validation. Organism metadata unavailable in inspected design files.
CUR00116	inclusion_exclusion_decision	GSE264344	GSE264344_design__T=Blood__H=72__B=NA__G=delivery_ad26__VS=baseline_0	primary_claim_included_yes_no	extended_exploratory_transfer	no	<local_project_root>\audit\results\manuscript_dataset_role_table.tsv	40162786	10.1128/jvi.00247-25	External late-time transfer contrast; exploratory for publication claims.	not_recorded_in_source	NA	08_dataset_role_cleanup	Supplementary Table S1; Supplementary Table S2	documented	Late timepoint; exploratory transfer, not strict acute innate validation. Organism metadata unavailable in inspected design files.
CUR00117	dataset_role_assignment	GSE264344	GSE264344_design__T=Blood__H=72__B=NA__G=delivery_ad5__VS=baseline_0	manuscript_analysis_group	extended_validation	Extended validation	<local_project_root>\audit\results\manuscript_dataset_role_table.tsv	40162786	10.1128/jvi.00247-25	time_h > 24: extended validation / waning tissue-time kinetics	not_recorded_in_source	NA	08_dataset_role_cleanup	Figures 1-5; Supplementary Tables S1-S2	documented	Late timepoint; exploratory transfer, not strict acute innate validation. Organism metadata unavailable in inspected design files.
CUR00118	inclusion_exclusion_decision	GSE264344	GSE264344_design__T=Blood__H=72__B=NA__G=delivery_ad5__VS=baseline_0	primary_claim_included_yes_no	extended_exploratory_transfer	no	<local_project_root>\audit\results\manuscript_dataset_role_table.tsv	40162786	10.1128/jvi.00247-25	External late-time transfer contrast; exploratory for publication claims.	not_recorded_in_source	NA	08_dataset_role_cleanup	Supplementary Table S1; Supplementary Table S2	documented	Late timepoint; exploratory transfer, not strict acute innate validation. Organism metadata unavailable in inspected design files.
CUR00119	dataset_role_assignment	GSE264344	GSE264344_design__T=Muscle__H=72__B=NA__G=delivery_ad26__VS=baseline_0	manuscript_analysis_group	extended_validation	Extended validation	<local_project_root>\audit\results\manuscript_dataset_role_table.tsv	40162786	10.1128/jvi.00247-25	time_h > 24: extended validation / waning tissue-time kinetics	not_recorded_in_source	NA	08_dataset_role_cleanup	Figures 1-5; Supplementary Tables S1-S2	documented	Late timepoint; exploratory transfer, not strict acute innate validation. Organism metadata unavailable in inspected design files.
CUR00120	inclusion_exclusion_decision	GSE264344	GSE264344_design__T=Muscle__H=72__B=NA__G=delivery_ad26__VS=baseline_0	primary_claim_included_yes_no	extended_exploratory_transfer	no	<local_project_root>\audit\results\manuscript_dataset_role_table.tsv	40162786	10.1128/jvi.00247-25	External late-time transfer contrast; exploratory for publication claims.	not_recorded_in_source	NA	08_dataset_role_cleanup	Supplementary Table S1; Supplementary Table S2	documented	Late timepoint; exploratory transfer, not strict acute innate validation. Organism metadata unavailable in inspected design files.
CUR00121	dataset_role_assignment	GSE264344	GSE264344_design__T=Muscle__H=72__B=NA__G=delivery_ad5__VS=baseline_0	manuscript_analysis_group	extended_validation	Extended validation	<local_project_root>\audit\results\manuscript_dataset_role_table.tsv	40162786	10.1128/jvi.00247-25	time_h > 24: extended validation / waning tissue-time kinetics	not_recorded_in_source	NA	08_dataset_role_cleanup	Figures 1-5; Supplementary Tables S1-S2	documented	Late timepoint; exploratory transfer, not strict acute innate validation. Organism metadata unavailable in inspected design files.
CUR00122	inclusion_exclusion_decision	GSE264344	GSE264344_design__T=Muscle__H=72__B=NA__G=delivery_ad5__VS=baseline_0	primary_claim_included_yes_no	extended_exploratory_transfer	no	<local_project_root>\audit\results\manuscript_dataset_role_table.tsv	40162786	10.1128/jvi.00247-25	External late-time transfer contrast; exploratory for publication claims.	not_recorded_in_source	NA	08_dataset_role_cleanup	Supplementary Table S1; Supplementary Table S2	documented	Late timepoint; exploratory transfer, not strict acute innate validation. Organism metadata unavailable in inspected design files.
CUR00123	dataset_role_assignment	GSE264344	GSE264344_design__T=dLN__H=72__B=NA__G=delivery_ad26__VS=baseline_0	manuscript_analysis_group	extended_validation	Extended validation	<local_project_root>\audit\results\manuscript_dataset_role_table.tsv	40162786	10.1128/jvi.00247-25	time_h > 24: extended validation / waning tissue-time kinetics	not_recorded_in_source	NA	08_dataset_role_cleanup	Figures 1-5; Supplementary Tables S1-S2	documented	Late timepoint; exploratory transfer, not strict acute innate validation. Organism metadata unavailable in inspected design files.
CUR00124	inclusion_exclusion_decision	GSE264344	GSE264344_design__T=dLN__H=72__B=NA__G=delivery_ad26__VS=baseline_0	primary_claim_included_yes_no	extended_exploratory_transfer	no	<local_project_root>\audit\results\manuscript_dataset_role_table.tsv	40162786	10.1128/jvi.00247-25	External late-time transfer contrast; exploratory for publication claims.	not_recorded_in_source	NA	08_dataset_role_cleanup	Supplementary Table S1; Supplementary Table S2	documented	Late timepoint; exploratory transfer, not strict acute innate validation. Organism metadata unavailable in inspected design files.
CUR00125	dataset_role_assignment	GSE264344	GSE264344_design__T=dLN__H=72__B=NA__G=delivery_ad5__VS=baseline_0	manuscript_analysis_group	extended_validation	Extended validation	<local_project_root>\audit\results\manuscript_dataset_role_table.tsv	40162786	10.1128/jvi.00247-25	time_h > 24: extended validation / waning tissue-time kinetics	not_recorded_in_source	NA	08_dataset_role_cleanup	Figures 1-5; Supplementary Tables S1-S2	documented	Late timepoint; exploratory transfer, not strict acute innate validation. Organism metadata unavailable in inspected design files.
CUR00126	inclusion_exclusion_decision	GSE264344	GSE264344_design__T=dLN__H=72__B=NA__G=delivery_ad5__VS=baseline_0	primary_claim_included_yes_no	extended_exploratory_transfer	no	<local_project_root>\audit\results\manuscript_dataset_role_table.tsv	40162786	10.1128/jvi.00247-25	External late-time transfer contrast; exploratory for publication claims.	not_recorded_in_source	NA	08_dataset_role_cleanup	Supplementary Table S1; Supplementary Table S2	documented	Late timepoint; exploratory transfer, not strict acute innate validation. Organism metadata unavailable in inspected design files.
CUR00127	dataset_role_assignment	GSE314070	GSE314070_design__T=small_intestine__H=336__B=NA__G=delivery_am80_lnp__VS=baseline_0	manuscript_analysis_group	extended_validation	Extended validation	<local_project_root>\audit\results\manuscript_dataset_role_table.tsv	41671339	10.1126/scitranslmed.adw6105	external extended transfer; not acute innate validation	not_recorded_in_source	NA	08_dataset_role_cleanup	Figures 1-5; Supplementary Tables S1-S2	documented	Late timepoint; exploratory transfer, not strict acute innate validation. Organism metadata unavailable in inspected design files.
CUR00128	inclusion_exclusion_decision	GSE314070	GSE314070_design__T=small_intestine__H=336__B=NA__G=delivery_am80_lnp__VS=baseline_0	primary_claim_included_yes_no	extended_exploratory_transfer	no	<local_project_root>\audit\results\manuscript_dataset_role_table.tsv	41671339	10.1126/scitranslmed.adw6105	External late-time transfer contrast; exploratory for publication claims.	not_recorded_in_source	NA	08_dataset_role_cleanup	Supplementary Table S1; Supplementary Table S2	documented	Late timepoint; exploratory transfer, not strict acute innate validation. Organism metadata unavailable in inspected design files.
CUR00129	dataset_role_assignment	GSE314070	GSE314070_design__T=small_intestine__H=336__B=NA__G=delivery_sm102_lnp__VS=baseline_0	manuscript_analysis_group	extended_validation	Extended validation	<local_project_root>\audit\results\manuscript_dataset_role_table.tsv	41671339	10.1126/scitranslmed.adw6105	external extended transfer; not acute innate validation	not_recorded_in_source	NA	08_dataset_role_cleanup	Figures 1-5; Supplementary Tables S1-S2	documented	Late timepoint; exploratory transfer, not strict acute innate validation. Organism metadata unavailable in inspected design files.
CUR00130	inclusion_exclusion_decision	GSE314070	GSE314070_design__T=small_intestine__H=336__B=NA__G=delivery_sm102_lnp__VS=baseline_0	primary_claim_included_yes_no	extended_exploratory_transfer	no	<local_project_root>\audit\results\manuscript_dataset_role_table.tsv	41671339	10.1126/scitranslmed.adw6105	External late-time transfer contrast; exploratory for publication claims.	not_recorded_in_source	NA	08_dataset_role_cleanup	Supplementary Table S1; Supplementary Table S2	documented	Late timepoint; exploratory transfer, not strict acute innate validation. Organism metadata unavailable in inspected design files.
CUR00131	dataset_role_assignment	GSE262515_cell_line	GSE262515_cell_line__T=cell_line__H=16__B=NA__G=delivery_tlnp_sihbv_50nm__VS=baseline_0	manuscript_analysis_group	secondary_support	Secondary support	<local_project_root>\audit\results\manuscript_dataset_role_table.tsv	38902241	10.1038/s41392-024-01871-8	secondary support / weak-context audit; not in production discovery set	not_recorded_in_source	NA	08_dataset_role_cleanup	Figures 1-5; Supplementary Tables S1-S2	documented	16 h in-vitro therapeutic tLNP/RNAi context; secondary support, not primary in-vivo validation.
CUR00132	inclusion_exclusion_decision	GSE262515_cell_line	GSE262515_cell_line__T=cell_line__H=16__B=NA__G=delivery_tlnp_sihbv_50nm__VS=baseline_0	primary_claim_included_yes_no	secondary_support_not_primary	no	<local_project_root>\audit\results\manuscript_dataset_role_table.tsv	38902241	10.1038/s41392-024-01871-8	In-vitro therapeutic tLNP/RNAi context; retained as secondary support rather than primary in-vivo validation.	not_recorded_in_source	NA	08_dataset_role_cleanup	Supplementary Table S1; Supplementary Table S2	documented	16 h in-vitro therapeutic tLNP/RNAi context; secondary support, not primary in-vivo validation.
CUR00133	dataset_role_assignment	GSE262515_cell_line	GSE262515_cell_line__T=cell_line__H=16__B=NA__G=delivery_tlnp_sinc_50nm__VS=baseline_0	manuscript_analysis_group	secondary_support	Secondary support	<local_project_root>\audit\results\manuscript_dataset_role_table.tsv	38902241	10.1038/s41392-024-01871-8	secondary support / weak-context audit; not in production discovery set	not_recorded_in_source	NA	08_dataset_role_cleanup	Figures 1-5; Supplementary Tables S1-S2	documented	16 h in-vitro therapeutic tLNP/RNAi context; secondary support, not primary in-vivo validation.
CUR00134	inclusion_exclusion_decision	GSE262515_cell_line	GSE262515_cell_line__T=cell_line__H=16__B=NA__G=delivery_tlnp_sinc_50nm__VS=baseline_0	primary_claim_included_yes_no	secondary_support_not_primary	no	<local_project_root>\audit\results\manuscript_dataset_role_table.tsv	38902241	10.1038/s41392-024-01871-8	In-vitro therapeutic tLNP/RNAi context; retained as secondary support rather than primary in-vivo validation.	not_recorded_in_source	NA	08_dataset_role_cleanup	Supplementary Table S1; Supplementary Table S2	documented	16 h in-vitro therapeutic tLNP/RNAi context; secondary support, not primary in-vivo validation.
CUR00135	dataset_role_assignment	GSE262515_tissue	GSE262515_tissue__T=tissue__H=72__B=NA__G=delivery_tlnp_sihbv_1mg_kg__VS=baseline_0	manuscript_analysis_group	secondary_support	Secondary support	<local_project_root>\audit\results\manuscript_dataset_role_table.tsv	38902241	10.1038/s41392-024-01871-8	secondary support / weak-context audit; not in production discovery set	not_recorded_in_source	NA	08_dataset_role_cleanup	Figures 1-5; Supplementary Tables S1-S2	documented	Late timepoint; exploratory transfer, not strict acute innate validation. Organism metadata unavailable in inspected design files.
CUR00136	inclusion_exclusion_decision	GSE262515_tissue	GSE262515_tissue__T=tissue__H=72__B=NA__G=delivery_tlnp_sihbv_1mg_kg__VS=baseline_0	primary_claim_included_yes_no	secondary_support_not_primary	no	<local_project_root>\audit\results\manuscript_dataset_role_table.tsv	38902241	10.1038/s41392-024-01871-8	Calibration dataset beyond 24 h; treated as exploratory transfer.	not_recorded_in_source	NA	08_dataset_role_cleanup	Supplementary Table S1; Supplementary Table S2	documented	Late timepoint; exploratory transfer, not strict acute innate validation. Organism metadata unavailable in inspected design files.
CUR00137	dataset_role_assignment	GSE262515_tissue	GSE262515_tissue__T=tissue__H=72__B=NA__G=delivery_tlnp_sihbv_2_5mg_kg__VS=baseline_0	manuscript_analysis_group	secondary_support	Secondary support	<local_project_root>\audit\results\manuscript_dataset_role_table.tsv	38902241	10.1038/s41392-024-01871-8	secondary support / weak-context audit; not in production discovery set	not_recorded_in_source	NA	08_dataset_role_cleanup	Figures 1-5; Supplementary Tables S1-S2	documented	Late timepoint; exploratory transfer, not strict acute innate validation. Organism metadata unavailable in inspected design files.
CUR00138	inclusion_exclusion_decision	GSE262515_tissue	GSE262515_tissue__T=tissue__H=72__B=NA__G=delivery_tlnp_sihbv_2_5mg_kg__VS=baseline_0	primary_claim_included_yes_no	secondary_support_not_primary	no	<local_project_root>\audit\results\manuscript_dataset_role_table.tsv	38902241	10.1038/s41392-024-01871-8	Calibration dataset beyond 24 h; treated as exploratory transfer.	not_recorded_in_source	NA	08_dataset_role_cleanup	Supplementary Table S1; Supplementary Table S2	documented	Late timepoint; exploratory transfer, not strict acute innate validation. Organism metadata unavailable in inspected design files.
CUR00139	dataset_role_assignment	GSE262515_tissue	GSE262515_tissue__T=tissue__H=72__B=NA__G=delivery_tlnp_sinc_1mg_kg__VS=baseline_0	manuscript_analysis_group	secondary_support	Secondary support	<local_project_root>\audit\results\manuscript_dataset_role_table.tsv	38902241	10.1038/s41392-024-01871-8	secondary support / weak-context audit; not in production discovery set	not_recorded_in_source	NA	08_dataset_role_cleanup	Figures 1-5; Supplementary Tables S1-S2	documented	Late timepoint; exploratory transfer, not strict acute innate validation. Organism metadata unavailable in inspected design files.
CUR00140	inclusion_exclusion_decision	GSE262515_tissue	GSE262515_tissue__T=tissue__H=72__B=NA__G=delivery_tlnp_sinc_1mg_kg__VS=baseline_0	primary_claim_included_yes_no	secondary_support_not_primary	no	<local_project_root>\audit\results\manuscript_dataset_role_table.tsv	38902241	10.1038/s41392-024-01871-8	Calibration dataset beyond 24 h; treated as exploratory transfer.	not_recorded_in_source	NA	08_dataset_role_cleanup	Supplementary Table S1; Supplementary Table S2	documented	Late timepoint; exploratory transfer, not strict acute innate validation. Organism metadata unavailable in inspected design files.
CUR00141	split_definition	GSE119119	GSE119119_design__T=whole_liver__H=4__B=NA__G=GID00069418__VS=WT_uninfected_whole_liver	delivery_vs_control_split	<local_project_root>/00_metadata/verified_metadata/splited/GSE119119_design/GSE119119_design__T=whole_liver__H=4__B=NA__G=GID00069418__VS=WT_uninfected_whole_liver.tsv	WT virus plus rh9C12 H433A whole liver versus WT uninfected whole liver	<local_project_root>\audit\results\supplement_dataset_split_provenance_v7.tsv	30209217	10.1073/pnas.1806314115	Curated split definition consumed by automated scoring and transfer-evaluation scripts.	not_recorded_in_source	NA	02_design_and_split_generation; 07_split_contrast_transfer_evaluation	Supplementary Table S2; validation figures	documented	verified_from_local_metadata_and_manual_paper_context
CUR00142	treatment_control_label	GSE119119	GSE119119_design__T=whole_liver__H=4__B=NA__G=GID00069418__VS=WT_uninfected_whole_liver	treatment_group_clean	WT_virus_plus_rh9C12_H433A_whole_liver	WT virus plus rh9C12 H433A whole liver	<local_project_root>\audit\results\supplement_dataset_split_provenance_v7.tsv	30209217	10.1073/pnas.1806314115	Curated treatment/delivery label harmonized from dataset metadata.	not_recorded_in_source	NA	02_design_and_split_generation	Supplementary Table S2	documented	delivery group label
CUR00143	treatment_control_label	GSE119119	GSE119119_design__T=whole_liver__H=4__B=NA__G=GID00069418__VS=WT_uninfected_whole_liver	control_group_clean	WT_uninfected_whole_liver	WT uninfected whole liver	<local_project_root>\audit\results\supplement_dataset_split_provenance_v7.tsv	30209217	10.1073/pnas.1806314115	Curated control/baseline label harmonized from dataset metadata.	not_recorded_in_source	NA	02_design_and_split_generation	Supplementary Table S2	documented	control group label
CUR00144	tissue_timepoint_annotation	GSE119119	GSE119119_design__T=whole_liver__H=4__B=NA__G=GID00069418__VS=WT_uninfected_whole_liver	tissue; timepoint_h	whole liver; 4	whole liver; 4	<local_project_root>\audit\results\supplement_dataset_split_provenance_v7.tsv	30209217	10.1073/pnas.1806314115	Curated tissue and timepoint annotations harmonize public metadata for split-level analysis.	not_recorded_in_source	NA	01_metadata_processing; 02_design_and_split_generation	Figures 1-5; Supplementary Tables S1-S3	documented	metadata annotation
CUR00145	delivery_platform_annotation	GSE119119	GSE119119_design__T=whole_liver__H=4__B=NA__G=GID00069418__VS=WT_uninfected_whole_liver	delivery_platform_or_modality	adenoviral vector / virus-antibody perturbation	adenoviral vector / virus-antibody perturbation	<local_project_root>\audit\results\supplement_dataset_split_provenance_v7.tsv	30209217	10.1073/pnas.1806314115	Curated delivery platform/modality label used for interpretation and provenance tables.	not_recorded_in_source	NA	01_metadata_processing; 08_dataset_role_cleanup	Supplementary Tables S1-S3	documented	delivery platform annotation
CUR00146	publication_context_mapping	GSE119119	GSE119119_design__T=whole_liver__H=4__B=NA__G=GID00069418__VS=WT_uninfected_whole_liver	paper_result_alignment	Positive IMRS is expected because this is an acute adenoviral-vector perturbation with innate antiviral biology at 4 h. Genotype/antibody perturbation should be mentioned as context.	matches_paper_context	<local_project_root>\audit\results\supplement_dataset_split_provenance_v7.tsv	30209217	10.1073/pnas.1806314115	Publication context was mapped to support interpretation of dataset role and boundary-context handling.	not_recorded_in_source	NA	09_boundary_context_audit	Supplementary Tables S1-S3	documented	Mouse liver RNA-seq 4 h after Ad5 delivery and Ad5 plus antibody perturbation in WT and TRIM21 KO contexts. Current splits compare virus/antibody perturbation groups against WT uninfected whole liver.
CUR00147	split_definition	GSE119119	GSE119119_design__T=whole_liver__H=4__B=NA__G=GID00088542__VS=TRIM21_KO_uninfected_whole_liver	delivery_vs_control_split	<local_project_root>/00_metadata/verified_metadata/splited/GSE119119_design/GSE119119_design__T=whole_liver__H=4__B=NA__G=GID00088542__VS=TRIM21_KO_uninfected_whole_liver.tsv	TRIM21 KO virus plus rh9C12 WT whole liver versus TRIM21 KO uninfected whole liver	<local_project_root>\audit\results\supplement_dataset_split_provenance_v7.tsv	30209217	10.1073/pnas.1806314115	Curated split definition consumed by automated scoring and transfer-evaluation scripts.	not_recorded_in_source	NA	02_design_and_split_generation; 07_split_contrast_transfer_evaluation	Supplementary Table S2; validation figures	documented	verified_from_local_metadata_and_manual_paper_context
CUR00148	treatment_control_label	GSE119119	GSE119119_design__T=whole_liver__H=4__B=NA__G=GID00088542__VS=TRIM21_KO_uninfected_whole_liver	treatment_group_clean	TRIM21_KO_virus_plus_rh9C12_WT_whole_liver	TRIM21 KO virus plus rh9C12 WT whole liver	<local_project_root>\audit\results\supplement_dataset_split_provenance_v7.tsv	30209217	10.1073/pnas.1806314115	Curated treatment/delivery label harmonized from dataset metadata.	not_recorded_in_source	NA	02_design_and_split_generation	Supplementary Table S2	documented	delivery group label
CUR00149	treatment_control_label	GSE119119	GSE119119_design__T=whole_liver__H=4__B=NA__G=GID00088542__VS=TRIM21_KO_uninfected_whole_liver	control_group_clean	TRIM21_KO_uninfected_whole_liver	TRIM21 KO uninfected whole liver	<local_project_root>\audit\results\supplement_dataset_split_provenance_v7.tsv	30209217	10.1073/pnas.1806314115	Curated control/baseline label harmonized from dataset metadata.	not_recorded_in_source	NA	02_design_and_split_generation	Supplementary Table S2	documented	control group label
CUR00150	tissue_timepoint_annotation	GSE119119	GSE119119_design__T=whole_liver__H=4__B=NA__G=GID00088542__VS=TRIM21_KO_uninfected_whole_liver	tissue; timepoint_h	whole liver; 4	whole liver; 4	<local_project_root>\audit\results\supplement_dataset_split_provenance_v7.tsv	30209217	10.1073/pnas.1806314115	Curated tissue and timepoint annotations harmonize public metadata for split-level analysis.	not_recorded_in_source	NA	01_metadata_processing; 02_design_and_split_generation	Figures 1-5; Supplementary Tables S1-S3	documented	metadata annotation
CUR00151	delivery_platform_annotation	GSE119119	GSE119119_design__T=whole_liver__H=4__B=NA__G=GID00088542__VS=TRIM21_KO_uninfected_whole_liver	delivery_platform_or_modality	adenoviral vector / virus-antibody perturbation	adenoviral vector / virus-antibody perturbation	<local_project_root>\audit\results\supplement_dataset_split_provenance_v7.tsv	30209217	10.1073/pnas.1806314115	Curated delivery platform/modality label used for interpretation and provenance tables.	not_recorded_in_source	NA	01_metadata_processing; 08_dataset_role_cleanup	Supplementary Tables S1-S3	documented	delivery platform annotation
CUR00152	publication_context_mapping	GSE119119	GSE119119_design__T=whole_liver__H=4__B=NA__G=GID00088542__VS=TRIM21_KO_uninfected_whole_liver	paper_result_alignment	Positive IMRS is expected because this is an acute adenoviral-vector perturbation with innate antiviral biology at 4 h. Genotype/antibody perturbation should be mentioned as context.	matches_paper_context	<local_project_root>\audit\results\supplement_dataset_split_provenance_v7.tsv	30209217	10.1073/pnas.1806314115	Publication context was mapped to support interpretation of dataset role and boundary-context handling.	not_recorded_in_source	NA	09_boundary_context_audit	Supplementary Tables S1-S3	documented	Mouse liver RNA-seq 4 h after Ad5 delivery and Ad5 plus antibody perturbation in WT and TRIM21 KO contexts. Current splits compare virus/antibody perturbation groups against WT uninfected whole liver.
CUR00153	split_definition	GSE119119	GSE119119_design__T=whole_liver__H=4__B=NA__G=GID00096342__VS=TRIM21_KO_uninfected_whole_liver	delivery_vs_control_split	<local_project_root>/00_metadata/verified_metadata/splited/GSE119119_design/GSE119119_design__T=whole_liver__H=4__B=NA__G=GID00096342__VS=TRIM21_KO_uninfected_whole_liver.tsv	TRIM21 KO virus plus rh9C12 H433A whole liver versus TRIM21 KO uninfected whole liver	<local_project_root>\audit\results\supplement_dataset_split_provenance_v7.tsv	30209217	10.1073/pnas.1806314115	Curated split definition consumed by automated scoring and transfer-evaluation scripts.	not_recorded_in_source	NA	02_design_and_split_generation; 07_split_contrast_transfer_evaluation	Supplementary Table S2; validation figures	documented	verified_from_local_metadata_and_manual_paper_context
CUR00154	treatment_control_label	GSE119119	GSE119119_design__T=whole_liver__H=4__B=NA__G=GID00096342__VS=TRIM21_KO_uninfected_whole_liver	treatment_group_clean	TRIM21_KO_virus_plus_rh9C12_H433A_whole_liver	TRIM21 KO virus plus rh9C12 H433A whole liver	<local_project_root>\audit\results\supplement_dataset_split_provenance_v7.tsv	30209217	10.1073/pnas.1806314115	Curated treatment/delivery label harmonized from dataset metadata.	not_recorded_in_source	NA	02_design_and_split_generation	Supplementary Table S2	documented	delivery group label
CUR00155	treatment_control_label	GSE119119	GSE119119_design__T=whole_liver__H=4__B=NA__G=GID00096342__VS=TRIM21_KO_uninfected_whole_liver	control_group_clean	TRIM21_KO_uninfected_whole_liver	TRIM21 KO uninfected whole liver	<local_project_root>\audit\results\supplement_dataset_split_provenance_v7.tsv	30209217	10.1073/pnas.1806314115	Curated control/baseline label harmonized from dataset metadata.	not_recorded_in_source	NA	02_design_and_split_generation	Supplementary Table S2	documented	control group label
CUR00156	tissue_timepoint_annotation	GSE119119	GSE119119_design__T=whole_liver__H=4__B=NA__G=GID00096342__VS=TRIM21_KO_uninfected_whole_liver	tissue; timepoint_h	whole liver; 4	whole liver; 4	<local_project_root>\audit\results\supplement_dataset_split_provenance_v7.tsv	30209217	10.1073/pnas.1806314115	Curated tissue and timepoint annotations harmonize public metadata for split-level analysis.	not_recorded_in_source	NA	01_metadata_processing; 02_design_and_split_generation	Figures 1-5; Supplementary Tables S1-S3	documented	metadata annotation
CUR00157	delivery_platform_annotation	GSE119119	GSE119119_design__T=whole_liver__H=4__B=NA__G=GID00096342__VS=TRIM21_KO_uninfected_whole_liver	delivery_platform_or_modality	adenoviral vector / virus-antibody perturbation	adenoviral vector / virus-antibody perturbation	<local_project_root>\audit\results\supplement_dataset_split_provenance_v7.tsv	30209217	10.1073/pnas.1806314115	Curated delivery platform/modality label used for interpretation and provenance tables.	not_recorded_in_source	NA	01_metadata_processing; 08_dataset_role_cleanup	Supplementary Tables S1-S3	documented	delivery platform annotation
CUR00158	publication_context_mapping	GSE119119	GSE119119_design__T=whole_liver__H=4__B=NA__G=GID00096342__VS=TRIM21_KO_uninfected_whole_liver	paper_result_alignment	Positive IMRS is expected because this is an acute adenoviral-vector perturbation with innate antiviral biology at 4 h. Genotype/antibody perturbation should be mentioned as context.	matches_paper_context	<local_project_root>\audit\results\supplement_dataset_split_provenance_v7.tsv	30209217	10.1073/pnas.1806314115	Publication context was mapped to support interpretation of dataset role and boundary-context handling.	not_recorded_in_source	NA	09_boundary_context_audit	Supplementary Tables S1-S3	documented	Mouse liver RNA-seq 4 h after Ad5 delivery and Ad5 plus antibody perturbation in WT and TRIM21 KO contexts. Current splits compare virus/antibody perturbation groups against WT uninfected whole liver.
CUR00159	split_definition	GSE119119	GSE119119_design__T=whole_liver__H=4__B=NA__G=TRIM21_KO_virus_only_whole_liver__VS=TRIM21_KO_uninfected_whole_liver	delivery_vs_control_split	<local_project_root>/00_metadata/verified_metadata/splited/GSE119119_design/GSE119119_design__T=whole_liver__H=4__B=NA__G=TRIM21_KO_virus_only_whole_liver__VS=TRIM21_KO_uninfected_whole_liver.tsv	TRIM21 KO virus only whole liver versus TRIM21 KO uninfected whole liver	<local_project_root>\audit\results\supplement_dataset_split_provenance_v7.tsv	30209217	10.1073/pnas.1806314115	Curated split definition consumed by automated scoring and transfer-evaluation scripts.	not_recorded_in_source	NA	02_design_and_split_generation; 07_split_contrast_transfer_evaluation	Supplementary Table S2; validation figures	documented	verified_from_local_metadata_and_manual_paper_context
CUR00160	treatment_control_label	GSE119119	GSE119119_design__T=whole_liver__H=4__B=NA__G=TRIM21_KO_virus_only_whole_liver__VS=TRIM21_KO_uninfected_whole_liver	treatment_group_clean	TRIM21_KO_virus_only_whole_liver	TRIM21 KO virus only whole liver	<local_project_root>\audit\results\supplement_dataset_split_provenance_v7.tsv	30209217	10.1073/pnas.1806314115	Curated treatment/delivery label harmonized from dataset metadata.	not_recorded_in_source	NA	02_design_and_split_generation	Supplementary Table S2	documented	delivery group label
CUR00161	treatment_control_label	GSE119119	GSE119119_design__T=whole_liver__H=4__B=NA__G=TRIM21_KO_virus_only_whole_liver__VS=TRIM21_KO_uninfected_whole_liver	control_group_clean	TRIM21_KO_uninfected_whole_liver	TRIM21 KO uninfected whole liver	<local_project_root>\audit\results\supplement_dataset_split_provenance_v7.tsv	30209217	10.1073/pnas.1806314115	Curated control/baseline label harmonized from dataset metadata.	not_recorded_in_source	NA	02_design_and_split_generation	Supplementary Table S2	documented	control group label
CUR00162	tissue_timepoint_annotation	GSE119119	GSE119119_design__T=whole_liver__H=4__B=NA__G=TRIM21_KO_virus_only_whole_liver__VS=TRIM21_KO_uninfected_whole_liver	tissue; timepoint_h	whole liver; 4	whole liver; 4	<local_project_root>\audit\results\supplement_dataset_split_provenance_v7.tsv	30209217	10.1073/pnas.1806314115	Curated tissue and timepoint annotations harmonize public metadata for split-level analysis.	not_recorded_in_source	NA	01_metadata_processing; 02_design_and_split_generation	Figures 1-5; Supplementary Tables S1-S3	documented	metadata annotation
CUR00163	delivery_platform_annotation	GSE119119	GSE119119_design__T=whole_liver__H=4__B=NA__G=TRIM21_KO_virus_only_whole_liver__VS=TRIM21_KO_uninfected_whole_liver	delivery_platform_or_modality	adenoviral vector / virus-antibody perturbation	adenoviral vector / virus-antibody perturbation	<local_project_root>\audit\results\supplement_dataset_split_provenance_v7.tsv	30209217	10.1073/pnas.1806314115	Curated delivery platform/modality label used for interpretation and provenance tables.	not_recorded_in_source	NA	01_metadata_processing; 08_dataset_role_cleanup	Supplementary Tables S1-S3	documented	delivery platform annotation
CUR00164	publication_context_mapping	GSE119119	GSE119119_design__T=whole_liver__H=4__B=NA__G=TRIM21_KO_virus_only_whole_liver__VS=TRIM21_KO_uninfected_whole_liver	paper_result_alignment	Positive IMRS is expected because this is an acute adenoviral-vector perturbation with innate antiviral biology at 4 h. Genotype/antibody perturbation should be mentioned as context.	matches_paper_context	<local_project_root>\audit\results\supplement_dataset_split_provenance_v7.tsv	30209217	10.1073/pnas.1806314115	Publication context was mapped to support interpretation of dataset role and boundary-context handling.	not_recorded_in_source	NA	09_boundary_context_audit	Supplementary Tables S1-S3	documented	Mouse liver RNA-seq 4 h after Ad5 delivery and Ad5 plus antibody perturbation in WT and TRIM21 KO contexts. Current splits compare virus/antibody perturbation groups against WT uninfected whole liver.
CUR00165	split_definition	GSE119119	GSE119119_design__T=whole_liver__H=4__B=NA__G=WT_virus_only_whole_liver__VS=WT_uninfected_whole_liver	delivery_vs_control_split	<local_project_root>/00_metadata/verified_metadata/splited/GSE119119_design/GSE119119_design__T=whole_liver__H=4__B=NA__G=WT_virus_only_whole_liver__VS=WT_uninfected_whole_liver.tsv	WT virus only whole liver versus WT uninfected whole liver	<local_project_root>\audit\results\supplement_dataset_split_provenance_v7.tsv	30209217	10.1073/pnas.1806314115	Curated split definition consumed by automated scoring and transfer-evaluation scripts.	not_recorded_in_source	NA	02_design_and_split_generation; 07_split_contrast_transfer_evaluation	Supplementary Table S2; validation figures	documented	verified_from_local_metadata_and_manual_paper_context
CUR00166	treatment_control_label	GSE119119	GSE119119_design__T=whole_liver__H=4__B=NA__G=WT_virus_only_whole_liver__VS=WT_uninfected_whole_liver	treatment_group_clean	WT_virus_only_whole_liver	WT virus only whole liver	<local_project_root>\audit\results\supplement_dataset_split_provenance_v7.tsv	30209217	10.1073/pnas.1806314115	Curated treatment/delivery label harmonized from dataset metadata.	not_recorded_in_source	NA	02_design_and_split_generation	Supplementary Table S2	documented	delivery group label
CUR00167	treatment_control_label	GSE119119	GSE119119_design__T=whole_liver__H=4__B=NA__G=WT_virus_only_whole_liver__VS=WT_uninfected_whole_liver	control_group_clean	WT_uninfected_whole_liver	WT uninfected whole liver	<local_project_root>\audit\results\supplement_dataset_split_provenance_v7.tsv	30209217	10.1073/pnas.1806314115	Curated control/baseline label harmonized from dataset metadata.	not_recorded_in_source	NA	02_design_and_split_generation	Supplementary Table S2	documented	control group label
CUR00168	tissue_timepoint_annotation	GSE119119	GSE119119_design__T=whole_liver__H=4__B=NA__G=WT_virus_only_whole_liver__VS=WT_uninfected_whole_liver	tissue; timepoint_h	whole liver; 4	whole liver; 4	<local_project_root>\audit\results\supplement_dataset_split_provenance_v7.tsv	30209217	10.1073/pnas.1806314115	Curated tissue and timepoint annotations harmonize public metadata for split-level analysis.	not_recorded_in_source	NA	01_metadata_processing; 02_design_and_split_generation	Figures 1-5; Supplementary Tables S1-S3	documented	metadata annotation
CUR00169	delivery_platform_annotation	GSE119119	GSE119119_design__T=whole_liver__H=4__B=NA__G=WT_virus_only_whole_liver__VS=WT_uninfected_whole_liver	delivery_platform_or_modality	adenoviral vector / virus-antibody perturbation	adenoviral vector / virus-antibody perturbation	<local_project_root>\audit\results\supplement_dataset_split_provenance_v7.tsv	30209217	10.1073/pnas.1806314115	Curated delivery platform/modality label used for interpretation and provenance tables.	not_recorded_in_source	NA	01_metadata_processing; 08_dataset_role_cleanup	Supplementary Tables S1-S3	documented	delivery platform annotation
CUR00170	publication_context_mapping	GSE119119	GSE119119_design__T=whole_liver__H=4__B=NA__G=WT_virus_only_whole_liver__VS=WT_uninfected_whole_liver	paper_result_alignment	Positive IMRS is expected because this is an acute adenoviral-vector perturbation with innate antiviral biology at 4 h. Genotype/antibody perturbation should be mentioned as context.	matches_paper_context	<local_project_root>\audit\results\supplement_dataset_split_provenance_v7.tsv	30209217	10.1073/pnas.1806314115	Publication context was mapped to support interpretation of dataset role and boundary-context handling.	not_recorded_in_source	NA	09_boundary_context_audit	Supplementary Tables S1-S3	documented	Mouse liver RNA-seq 4 h after Ad5 delivery and Ad5 plus antibody perturbation in WT and TRIM21 KO contexts. Current splits compare virus/antibody perturbation groups against WT uninfected whole liver.
CUR00171	split_definition	GSE119119	GSE119119_design__T=whole_liver__H=4__B=NA__G=WT_virus_plus_rh9C12_WT_whole_liver__VS=WT_uninfected_whole_liver	delivery_vs_control_split	<local_project_root>/00_metadata/verified_metadata/splited/GSE119119_design/GSE119119_design__T=whole_liver__H=4__B=NA__G=WT_virus_plus_rh9C12_WT_whole_liver__VS=WT_uninfected_whole_liver.tsv	WT virus plus rh9C12 WT whole liver versus WT uninfected whole liver	<local_project_root>\audit\results\supplement_dataset_split_provenance_v7.tsv	30209217	10.1073/pnas.1806314115	Curated split definition consumed by automated scoring and transfer-evaluation scripts.	not_recorded_in_source	NA	02_design_and_split_generation; 07_split_contrast_transfer_evaluation	Supplementary Table S2; validation figures	documented	verified_from_local_metadata_and_manual_paper_context
CUR00172	treatment_control_label	GSE119119	GSE119119_design__T=whole_liver__H=4__B=NA__G=WT_virus_plus_rh9C12_WT_whole_liver__VS=WT_uninfected_whole_liver	treatment_group_clean	WT_virus_plus_rh9C12_WT_whole_liver	WT virus plus rh9C12 WT whole liver	<local_project_root>\audit\results\supplement_dataset_split_provenance_v7.tsv	30209217	10.1073/pnas.1806314115	Curated treatment/delivery label harmonized from dataset metadata.	not_recorded_in_source	NA	02_design_and_split_generation	Supplementary Table S2	documented	delivery group label
CUR00173	treatment_control_label	GSE119119	GSE119119_design__T=whole_liver__H=4__B=NA__G=WT_virus_plus_rh9C12_WT_whole_liver__VS=WT_uninfected_whole_liver	control_group_clean	WT_uninfected_whole_liver	WT uninfected whole liver	<local_project_root>\audit\results\supplement_dataset_split_provenance_v7.tsv	30209217	10.1073/pnas.1806314115	Curated control/baseline label harmonized from dataset metadata.	not_recorded_in_source	NA	02_design_and_split_generation	Supplementary Table S2	documented	control group label
CUR00174	tissue_timepoint_annotation	GSE119119	GSE119119_design__T=whole_liver__H=4__B=NA__G=WT_virus_plus_rh9C12_WT_whole_liver__VS=WT_uninfected_whole_liver	tissue; timepoint_h	whole liver; 4	whole liver; 4	<local_project_root>\audit\results\supplement_dataset_split_provenance_v7.tsv	30209217	10.1073/pnas.1806314115	Curated tissue and timepoint annotations harmonize public metadata for split-level analysis.	not_recorded_in_source	NA	01_metadata_processing; 02_design_and_split_generation	Figures 1-5; Supplementary Tables S1-S3	documented	metadata annotation
CUR00175	delivery_platform_annotation	GSE119119	GSE119119_design__T=whole_liver__H=4__B=NA__G=WT_virus_plus_rh9C12_WT_whole_liver__VS=WT_uninfected_whole_liver	delivery_platform_or_modality	adenoviral vector / virus-antibody perturbation	adenoviral vector / virus-antibody perturbation	<local_project_root>\audit\results\supplement_dataset_split_provenance_v7.tsv	30209217	10.1073/pnas.1806314115	Curated delivery platform/modality label used for interpretation and provenance tables.	not_recorded_in_source	NA	01_metadata_processing; 08_dataset_role_cleanup	Supplementary Tables S1-S3	documented	delivery platform annotation
CUR00176	publication_context_mapping	GSE119119	GSE119119_design__T=whole_liver__H=4__B=NA__G=WT_virus_plus_rh9C12_WT_whole_liver__VS=WT_uninfected_whole_liver	paper_result_alignment	Positive IMRS is expected because this is an acute adenoviral-vector perturbation with innate antiviral biology at 4 h. Genotype/antibody perturbation should be mentioned as context.	matches_paper_context	<local_project_root>\audit\results\supplement_dataset_split_provenance_v7.tsv	30209217	10.1073/pnas.1806314115	Publication context was mapped to support interpretation of dataset role and boundary-context handling.	not_recorded_in_source	NA	09_boundary_context_audit	Supplementary Tables S1-S3	documented	Mouse liver RNA-seq 4 h after Ad5 delivery and Ad5 plus antibody perturbation in WT and TRIM21 KO contexts. Current splits compare virus/antibody perturbation groups against WT uninfected whole liver.
CUR00177	split_definition	GSE139529	GSE139529_design__T=blood__H=24__B=NA__G=ad.mva__VS=none	delivery_vs_control_split	<local_project_root>/00_metadata/verified_metadata/splited/GSE139529_design/GSE139529_design__T=blood__H=24__B=NA__G=ad.mva__VS=none.tsv	ad.mva versus none	<local_project_root>\audit\results\supplement_dataset_split_provenance_v7.tsv	34717548	10.1186/s12864-021-08061-8	Curated split definition consumed by automated scoring and transfer-evaluation scripts.	not_recorded_in_source	NA	02_design_and_split_generation; 07_split_contrast_transfer_evaluation	Supplementary Table S2; validation figures	documented	verified_from_local_metadata_and_manual_paper_context
CUR00178	treatment_control_label	GSE139529	GSE139529_design__T=blood__H=24__B=NA__G=ad.mva__VS=none	treatment_group_clean	ad.mva	ad.mva	<local_project_root>\audit\results\supplement_dataset_split_provenance_v7.tsv	34717548	10.1186/s12864-021-08061-8	Curated treatment/delivery label harmonized from dataset metadata.	not_recorded_in_source	NA	02_design_and_split_generation	Supplementary Table S2	documented	delivery group label
CUR00179	treatment_control_label	GSE139529	GSE139529_design__T=blood__H=24__B=NA__G=ad.mva__VS=none	control_group_clean	none	none	<local_project_root>\audit\results\supplement_dataset_split_provenance_v7.tsv	34717548	10.1186/s12864-021-08061-8	Curated control/baseline label harmonized from dataset metadata.	not_recorded_in_source	NA	02_design_and_split_generation	Supplementary Table S2	documented	control group label
CUR00180	tissue_timepoint_annotation	GSE139529	GSE139529_design__T=blood__H=24__B=NA__G=ad.mva__VS=none	tissue; timepoint_h	blood; 24	blood; 24	<local_project_root>\audit\results\supplement_dataset_split_provenance_v7.tsv	34717548	10.1186/s12864-021-08061-8	Curated tissue and timepoint annotations harmonize public metadata for split-level analysis.	not_recorded_in_source	NA	01_metadata_processing; 02_design_and_split_generation	Figures 1-5; Supplementary Tables S1-S3	documented	metadata annotation
CUR00181	delivery_platform_annotation	GSE139529	GSE139529_design__T=blood__H=24__B=NA__G=ad.mva__VS=none	delivery_platform_or_modality	adenoviral / MVA vaccine vector	adenoviral / MVA vaccine vector	<local_project_root>\audit\results\supplement_dataset_split_provenance_v7.tsv	34717548	10.1186/s12864-021-08061-8	Curated delivery platform/modality label used for interpretation and provenance tables.	not_recorded_in_source	NA	01_metadata_processing; 08_dataset_role_cleanup	Supplementary Tables S1-S3	documented	delivery platform annotation
CUR00182	publication_context_mapping	GSE139529	GSE139529_design__T=blood__H=24__B=NA__G=ad.mva__VS=none	paper_result_alignment	Strong positive IMRS is expected for most vector vaccine groups because the paper studies acute blood transcriptional responses after viral-vector immunisation.	matches_paper_context	<local_project_root>\audit\results\supplement_dataset_split_provenance_v7.tsv	34717548	10.1186/s12864-021-08061-8	Publication context was mapped to support interpretation of dataset role and boundary-context handling.	not_recorded_in_source	NA	09_boundary_context_audit	Supplementary Tables S1-S3	documented	Mouse whole-blood RNA-seq 24 h after immunisation with adenoviral and poxviral vector vaccines encoding the same antigen.
CUR00183	split_definition	GSE139529	GSE139529_design__T=blood__H=24__B=NA__G=ad_empty__VS=none	delivery_vs_control_split	<local_project_root>/00_metadata/verified_metadata/splited/GSE139529_design/GSE139529_design__T=blood__H=24__B=NA__G=ad_empty__VS=none.tsv	ad empty versus none	<local_project_root>\audit\results\supplement_dataset_split_provenance_v7.tsv	34717548	10.1186/s12864-021-08061-8	Curated split definition consumed by automated scoring and transfer-evaluation scripts.	not_recorded_in_source	NA	02_design_and_split_generation; 07_split_contrast_transfer_evaluation	Supplementary Table S2; validation figures	documented	verified_from_local_metadata_and_manual_paper_context
CUR00184	treatment_control_label	GSE139529	GSE139529_design__T=blood__H=24__B=NA__G=ad_empty__VS=none	treatment_group_clean	ad_empty	ad empty	<local_project_root>\audit\results\supplement_dataset_split_provenance_v7.tsv	34717548	10.1186/s12864-021-08061-8	Curated treatment/delivery label harmonized from dataset metadata.	not_recorded_in_source	NA	02_design_and_split_generation	Supplementary Table S2	documented	delivery group label
CUR00185	treatment_control_label	GSE139529	GSE139529_design__T=blood__H=24__B=NA__G=ad_empty__VS=none	control_group_clean	none	none	<local_project_root>\audit\results\supplement_dataset_split_provenance_v7.tsv	34717548	10.1186/s12864-021-08061-8	Curated control/baseline label harmonized from dataset metadata.	not_recorded_in_source	NA	02_design_and_split_generation	Supplementary Table S2	documented	control group label
CUR00186	tissue_timepoint_annotation	GSE139529	GSE139529_design__T=blood__H=24__B=NA__G=ad_empty__VS=none	tissue; timepoint_h	blood; 24	blood; 24	<local_project_root>\audit\results\supplement_dataset_split_provenance_v7.tsv	34717548	10.1186/s12864-021-08061-8	Curated tissue and timepoint annotations harmonize public metadata for split-level analysis.	not_recorded_in_source	NA	01_metadata_processing; 02_design_and_split_generation	Figures 1-5; Supplementary Tables S1-S3	documented	metadata annotation
CUR00187	delivery_platform_annotation	GSE139529	GSE139529_design__T=blood__H=24__B=NA__G=ad_empty__VS=none	delivery_platform_or_modality	adenoviral / MVA vaccine vector	adenoviral / MVA vaccine vector	<local_project_root>\audit\results\supplement_dataset_split_provenance_v7.tsv	34717548	10.1186/s12864-021-08061-8	Curated delivery platform/modality label used for interpretation and provenance tables.	not_recorded_in_source	NA	01_metadata_processing; 08_dataset_role_cleanup	Supplementary Tables S1-S3	documented	delivery platform annotation
CUR00188	publication_context_mapping	GSE139529	GSE139529_design__T=blood__H=24__B=NA__G=ad_empty__VS=none	paper_result_alignment	Strong positive IMRS is expected for most vector vaccine groups because the paper studies acute blood transcriptional responses after viral-vector immunisation.	matches_paper_context	<local_project_root>\audit\results\supplement_dataset_split_provenance_v7.tsv	34717548	10.1186/s12864-021-08061-8	Publication context was mapped to support interpretation of dataset role and boundary-context handling.	not_recorded_in_source	NA	09_boundary_context_audit	Supplementary Tables S1-S3	documented	Mouse whole-blood RNA-seq 24 h after immunisation with adenoviral and poxviral vector vaccines encoding the same antigen.
CUR00189	split_definition	GSE139529	GSE139529_design__T=blood__H=24__B=NA__G=ad_fhbp__VS=none	delivery_vs_control_split	<local_project_root>/00_metadata/verified_metadata/splited/GSE139529_design/GSE139529_design__T=blood__H=24__B=NA__G=ad_fhbp__VS=none.tsv	ad fhbp versus none	<local_project_root>\audit\results\supplement_dataset_split_provenance_v7.tsv	34717548	10.1186/s12864-021-08061-8	Curated split definition consumed by automated scoring and transfer-evaluation scripts.	not_recorded_in_source	NA	02_design_and_split_generation; 07_split_contrast_transfer_evaluation	Supplementary Table S2; validation figures	documented	verified_from_local_metadata_and_manual_paper_context
CUR00190	treatment_control_label	GSE139529	GSE139529_design__T=blood__H=24__B=NA__G=ad_fhbp__VS=none	treatment_group_clean	ad_fhbp	ad fhbp	<local_project_root>\audit\results\supplement_dataset_split_provenance_v7.tsv	34717548	10.1186/s12864-021-08061-8	Curated treatment/delivery label harmonized from dataset metadata.	not_recorded_in_source	NA	02_design_and_split_generation	Supplementary Table S2	documented	delivery group label
CUR00191	treatment_control_label	GSE139529	GSE139529_design__T=blood__H=24__B=NA__G=ad_fhbp__VS=none	control_group_clean	none	none	<local_project_root>\audit\results\supplement_dataset_split_provenance_v7.tsv	34717548	10.1186/s12864-021-08061-8	Curated control/baseline label harmonized from dataset metadata.	not_recorded_in_source	NA	02_design_and_split_generation	Supplementary Table S2	documented	control group label
CUR00192	tissue_timepoint_annotation	GSE139529	GSE139529_design__T=blood__H=24__B=NA__G=ad_fhbp__VS=none	tissue; timepoint_h	blood; 24	blood; 24	<local_project_root>\audit\results\supplement_dataset_split_provenance_v7.tsv	34717548	10.1186/s12864-021-08061-8	Curated tissue and timepoint annotations harmonize public metadata for split-level analysis.	not_recorded_in_source	NA	01_metadata_processing; 02_design_and_split_generation	Figures 1-5; Supplementary Tables S1-S3	documented	metadata annotation
CUR00193	delivery_platform_annotation	GSE139529	GSE139529_design__T=blood__H=24__B=NA__G=ad_fhbp__VS=none	delivery_platform_or_modality	adenoviral / MVA vaccine vector	adenoviral / MVA vaccine vector	<local_project_root>\audit\results\supplement_dataset_split_provenance_v7.tsv	34717548	10.1186/s12864-021-08061-8	Curated delivery platform/modality label used for interpretation and provenance tables.	not_recorded_in_source	NA	01_metadata_processing; 08_dataset_role_cleanup	Supplementary Tables S1-S3	documented	delivery platform annotation
CUR00194	publication_context_mapping	GSE139529	GSE139529_design__T=blood__H=24__B=NA__G=ad_fhbp__VS=none	paper_result_alignment	Strong positive IMRS is expected for most vector vaccine groups because the paper studies acute blood transcriptional responses after viral-vector immunisation.	matches_paper_context	<local_project_root>\audit\results\supplement_dataset_split_provenance_v7.tsv	34717548	10.1186/s12864-021-08061-8	Publication context was mapped to support interpretation of dataset role and boundary-context handling.	not_recorded_in_source	NA	09_boundary_context_audit	Supplementary Tables S1-S3	documented	Mouse whole-blood RNA-seq 24 h after immunisation with adenoviral and poxviral vector vaccines encoding the same antigen.
CUR00195	split_definition	GSE139529	GSE139529_design__T=blood__H=24__B=NA__G=ad_pref__VS=none	delivery_vs_control_split	<local_project_root>/00_metadata/verified_metadata/splited/GSE139529_design/GSE139529_design__T=blood__H=24__B=NA__G=ad_pref__VS=none.tsv	ad pref versus none	<local_project_root>\audit\results\supplement_dataset_split_provenance_v7.tsv	34717548	10.1186/s12864-021-08061-8	Curated split definition consumed by automated scoring and transfer-evaluation scripts.	not_recorded_in_source	NA	02_design_and_split_generation; 07_split_contrast_transfer_evaluation	Supplementary Table S2; validation figures	documented	verified_from_local_metadata_and_manual_paper_context
CUR00196	treatment_control_label	GSE139529	GSE139529_design__T=blood__H=24__B=NA__G=ad_pref__VS=none	treatment_group_clean	ad_pref	ad pref	<local_project_root>\audit\results\supplement_dataset_split_provenance_v7.tsv	34717548	10.1186/s12864-021-08061-8	Curated treatment/delivery label harmonized from dataset metadata.	not_recorded_in_source	NA	02_design_and_split_generation	Supplementary Table S2	documented	delivery group label
CUR00197	treatment_control_label	GSE139529	GSE139529_design__T=blood__H=24__B=NA__G=ad_pref__VS=none	control_group_clean	none	none	<local_project_root>\audit\results\supplement_dataset_split_provenance_v7.tsv	34717548	10.1186/s12864-021-08061-8	Curated control/baseline label harmonized from dataset metadata.	not_recorded_in_source	NA	02_design_and_split_generation	Supplementary Table S2	documented	control group label
CUR00198	tissue_timepoint_annotation	GSE139529	GSE139529_design__T=blood__H=24__B=NA__G=ad_pref__VS=none	tissue; timepoint_h	blood; 24	blood; 24	<local_project_root>\audit\results\supplement_dataset_split_provenance_v7.tsv	34717548	10.1186/s12864-021-08061-8	Curated tissue and timepoint annotations harmonize public metadata for split-level analysis.	not_recorded_in_source	NA	01_metadata_processing; 02_design_and_split_generation	Figures 1-5; Supplementary Tables S1-S3	documented	metadata annotation
CUR00199	delivery_platform_annotation	GSE139529	GSE139529_design__T=blood__H=24__B=NA__G=ad_pref__VS=none	delivery_platform_or_modality	adenoviral / MVA vaccine vector	adenoviral / MVA vaccine vector	<local_project_root>\audit\results\supplement_dataset_split_provenance_v7.tsv	34717548	10.1186/s12864-021-08061-8	Curated delivery platform/modality label used for interpretation and provenance tables.	not_recorded_in_source	NA	01_metadata_processing; 08_dataset_role_cleanup	Supplementary Tables S1-S3	documented	delivery platform annotation
CUR00200	publication_context_mapping	GSE139529	GSE139529_design__T=blood__H=24__B=NA__G=ad_pref__VS=none	paper_result_alignment	Strong positive IMRS is expected for most vector vaccine groups because the paper studies acute blood transcriptional responses after viral-vector immunisation.	matches_paper_context	<local_project_root>\audit\results\supplement_dataset_split_provenance_v7.tsv	34717548	10.1186/s12864-021-08061-8	Publication context was mapped to support interpretation of dataset role and boundary-context handling.	not_recorded_in_source	NA	09_boundary_context_audit	Supplementary Tables S1-S3	documented	Mouse whole-blood RNA-seq 24 h after immunisation with adenoviral and poxviral vector vaccines encoding the same antigen.
CUR00201	split_definition	GSE139529	GSE139529_design__T=blood__H=24__B=NA__G=mva.ad__VS=none	delivery_vs_control_split	<local_project_root>/00_metadata/verified_metadata/splited/GSE139529_design/GSE139529_design__T=blood__H=24__B=NA__G=mva.ad__VS=none.tsv	mva.ad versus none	<local_project_root>\audit\results\supplement_dataset_split_provenance_v7.tsv	34717548	10.1186/s12864-021-08061-8	Curated split definition consumed by automated scoring and transfer-evaluation scripts.	not_recorded_in_source	NA	02_design_and_split_generation; 07_split_contrast_transfer_evaluation	Supplementary Table S2; validation figures	documented	verified_from_local_metadata_and_manual_paper_context
CUR00202	treatment_control_label	GSE139529	GSE139529_design__T=blood__H=24__B=NA__G=mva.ad__VS=none	treatment_group_clean	mva.ad	mva.ad	<local_project_root>\audit\results\supplement_dataset_split_provenance_v7.tsv	34717548	10.1186/s12864-021-08061-8	Curated treatment/delivery label harmonized from dataset metadata.	not_recorded_in_source	NA	02_design_and_split_generation	Supplementary Table S2	documented	delivery group label
CUR00203	treatment_control_label	GSE139529	GSE139529_design__T=blood__H=24__B=NA__G=mva.ad__VS=none	control_group_clean	none	none	<local_project_root>\audit\results\supplement_dataset_split_provenance_v7.tsv	34717548	10.1186/s12864-021-08061-8	Curated control/baseline label harmonized from dataset metadata.	not_recorded_in_source	NA	02_design_and_split_generation	Supplementary Table S2	documented	control group label
CUR00204	tissue_timepoint_annotation	GSE139529	GSE139529_design__T=blood__H=24__B=NA__G=mva.ad__VS=none	tissue; timepoint_h	blood; 24	blood; 24	<local_project_root>\audit\results\supplement_dataset_split_provenance_v7.tsv	34717548	10.1186/s12864-021-08061-8	Curated tissue and timepoint annotations harmonize public metadata for split-level analysis.	not_recorded_in_source	NA	01_metadata_processing; 02_design_and_split_generation	Figures 1-5; Supplementary Tables S1-S3	documented	metadata annotation
CUR00205	delivery_platform_annotation	GSE139529	GSE139529_design__T=blood__H=24__B=NA__G=mva.ad__VS=none	delivery_platform_or_modality	adenoviral / MVA vaccine vector	adenoviral / MVA vaccine vector	<local_project_root>\audit\results\supplement_dataset_split_provenance_v7.tsv	34717548	10.1186/s12864-021-08061-8	Curated delivery platform/modality label used for interpretation and provenance tables.	not_recorded_in_source	NA	01_metadata_processing; 08_dataset_role_cleanup	Supplementary Tables S1-S3	documented	delivery platform annotation
CUR00206	publication_context_mapping	GSE139529	GSE139529_design__T=blood__H=24__B=NA__G=mva.ad__VS=none	paper_result_alignment	Strong positive IMRS is expected for most vector vaccine groups because the paper studies acute blood transcriptional responses after viral-vector immunisation.	matches_paper_context	<local_project_root>\audit\results\supplement_dataset_split_provenance_v7.tsv	34717548	10.1186/s12864-021-08061-8	Publication context was mapped to support interpretation of dataset role and boundary-context handling.	not_recorded_in_source	NA	09_boundary_context_audit	Supplementary Tables S1-S3	documented	Mouse whole-blood RNA-seq 24 h after immunisation with adenoviral and poxviral vector vaccines encoding the same antigen.
CUR00207	split_definition	GSE139529	GSE139529_design__T=blood__H=24__B=NA__G=mva_fhbp__VS=none	delivery_vs_control_split	<local_project_root>/00_metadata/verified_metadata/splited/GSE139529_design/GSE139529_design__T=blood__H=24__B=NA__G=mva_fhbp__VS=none.tsv	mva fhbp versus none	<local_project_root>\audit\results\supplement_dataset_split_provenance_v7.tsv	34717548	10.1186/s12864-021-08061-8	Curated split definition consumed by automated scoring and transfer-evaluation scripts.	not_recorded_in_source	NA	02_design_and_split_generation; 07_split_contrast_transfer_evaluation	Supplementary Table S2; validation figures	documented	verified_from_local_metadata_and_manual_paper_context
CUR00208	treatment_control_label	GSE139529	GSE139529_design__T=blood__H=24__B=NA__G=mva_fhbp__VS=none	treatment_group_clean	mva_fhbp	mva fhbp	<local_project_root>\audit\results\supplement_dataset_split_provenance_v7.tsv	34717548	10.1186/s12864-021-08061-8	Curated treatment/delivery label harmonized from dataset metadata.	not_recorded_in_source	NA	02_design_and_split_generation	Supplementary Table S2	documented	delivery group label
CUR00209	treatment_control_label	GSE139529	GSE139529_design__T=blood__H=24__B=NA__G=mva_fhbp__VS=none	control_group_clean	none	none	<local_project_root>\audit\results\supplement_dataset_split_provenance_v7.tsv	34717548	10.1186/s12864-021-08061-8	Curated control/baseline label harmonized from dataset metadata.	not_recorded_in_source	NA	02_design_and_split_generation	Supplementary Table S2	documented	control group label
CUR00210	tissue_timepoint_annotation	GSE139529	GSE139529_design__T=blood__H=24__B=NA__G=mva_fhbp__VS=none	tissue; timepoint_h	blood; 24	blood; 24	<local_project_root>\audit\results\supplement_dataset_split_provenance_v7.tsv	34717548	10.1186/s12864-021-08061-8	Curated tissue and timepoint annotations harmonize public metadata for split-level analysis.	not_recorded_in_source	NA	01_metadata_processing; 02_design_and_split_generation	Figures 1-5; Supplementary Tables S1-S3	documented	metadata annotation
CUR00211	delivery_platform_annotation	GSE139529	GSE139529_design__T=blood__H=24__B=NA__G=mva_fhbp__VS=none	delivery_platform_or_modality	adenoviral / MVA vaccine vector	adenoviral / MVA vaccine vector	<local_project_root>\audit\results\supplement_dataset_split_provenance_v7.tsv	34717548	10.1186/s12864-021-08061-8	Curated delivery platform/modality label used for interpretation and provenance tables.	not_recorded_in_source	NA	01_metadata_processing; 08_dataset_role_cleanup	Supplementary Tables S1-S3	documented	delivery platform annotation
CUR00212	publication_context_mapping	GSE139529	GSE139529_design__T=blood__H=24__B=NA__G=mva_fhbp__VS=none	paper_result_alignment	Strong positive IMRS is expected for most vector vaccine groups because the paper studies acute blood transcriptional responses after viral-vector immunisation.	matches_paper_context	<local_project_root>\audit\results\supplement_dataset_split_provenance_v7.tsv	34717548	10.1186/s12864-021-08061-8	Publication context was mapped to support interpretation of dataset role and boundary-context handling.	not_recorded_in_source	NA	09_boundary_context_audit	Supplementary Tables S1-S3	documented	Mouse whole-blood RNA-seq 24 h after immunisation with adenoviral and poxviral vector vaccines encoding the same antigen.
CUR00213	split_definition	GSE166655	GSE166655_design__T=Tibialis_anterior__H=1008__B=NA__G=delivery_aav9_ar45__VS=delivery_untreated	delivery_vs_control_split	<local_project_root>/00_metadata/verified_metadata/splited/GSE166655_design/GSE166655_design__T=Tibialis_anterior__H=1008__B=NA__G=delivery_aav9_ar45__VS=delivery_untreated.tsv	delivery aav9 ar45 versus delivery untreated	<local_project_root>\audit\results\supplement_dataset_split_provenance_v7.tsv	34417184	10.1126/sciadv.abi6896	Curated split definition consumed by automated scoring and transfer-evaluation scripts.	not_recorded_in_source	NA	02_design_and_split_generation; 07_split_contrast_transfer_evaluation	Supplementary Table S2; validation figures	documented	verified_from_local_metadata_and_manual_paper_context
CUR00214	treatment_control_label	GSE166655	GSE166655_design__T=Tibialis_anterior__H=1008__B=NA__G=delivery_aav9_ar45__VS=delivery_untreated	treatment_group_clean	delivery_aav9_ar45	delivery aav9 ar45	<local_project_root>\audit\results\supplement_dataset_split_provenance_v7.tsv	34417184	10.1126/sciadv.abi6896	Curated treatment/delivery label harmonized from dataset metadata.	not_recorded_in_source	NA	02_design_and_split_generation	Supplementary Table S2	documented	delivery group label
CUR00215	treatment_control_label	GSE166655	GSE166655_design__T=Tibialis_anterior__H=1008__B=NA__G=delivery_aav9_ar45__VS=delivery_untreated	control_group_clean	delivery_untreated	delivery untreated	<local_project_root>\audit\results\supplement_dataset_split_provenance_v7.tsv	34417184	10.1126/sciadv.abi6896	Curated control/baseline label harmonized from dataset metadata.	not_recorded_in_source	NA	02_design_and_split_generation	Supplementary Table S2	documented	control group label
CUR00216	tissue_timepoint_annotation	GSE166655	GSE166655_design__T=Tibialis_anterior__H=1008__B=NA__G=delivery_aav9_ar45__VS=delivery_untreated	tissue; timepoint_h	Tibialis anterior; 672	Tibialis anterior; 1008	<local_project_root>\audit\results\supplement_dataset_split_provenance_v7.tsv	34417184	10.1126/sciadv.abi6896	Curated tissue and timepoint annotations harmonize public metadata for split-level analysis.	not_recorded_in_source	NA	01_metadata_processing; 02_design_and_split_generation	Figures 1-5; Supplementary Tables S1-S3	documented	metadata annotation
CUR00217	delivery_platform_annotation	GSE166655	GSE166655_design__T=Tibialis_anterior__H=1008__B=NA__G=delivery_aav9_ar45__VS=delivery_untreated	delivery_platform_or_modality	AAV9	AAV9	<local_project_root>\audit\results\supplement_dataset_split_provenance_v7.tsv	34417184	10.1126/sciadv.abi6896	Curated delivery platform/modality label used for interpretation and provenance tables.	not_recorded_in_source	NA	01_metadata_processing; 08_dataset_role_cleanup	Supplementary Tables S1-S3	documented	delivery platform annotation
CUR00218	publication_context_mapping	GSE166655	GSE166655_design__T=Tibialis_anterior__H=1008__B=NA__G=delivery_aav9_ar45__VS=delivery_untreated	paper_result_alignment	Weak or near-zero acute IMRS is expected because this is 1008 h after delivery and dominated by therapeutic transgene/disease-rescue biology rather than acute innate activation.	context_explains_weaker_signal	<local_project_root>\audit\results\supplement_dataset_split_provenance_v7.tsv	34417184	10.1126/sciadv.abi6896	Publication context was mapped to support interpretation of dataset role and boundary-context handling.	not_recorded_in_source	NA	09_boundary_context_audit	Supplementary Tables S1-S3	documented	AAV9-AR45 or AAV9-GFP gene therapy in SBMA mouse model; RNA-seq from tibialis anterior muscle at late post-delivery timepoint. Current splits are AAV9-AR45 or AAV9-GFP versus untreated.
CUR00219	split_definition	GSE166655	GSE166655_design__T=Tibialis_anterior__H=1008__B=NA__G=delivery_aav9_gfp__VS=delivery_untreated	delivery_vs_control_split	<local_project_root>/00_metadata/verified_metadata/splited/GSE166655_design/GSE166655_design__T=Tibialis_anterior__H=1008__B=NA__G=delivery_aav9_gfp__VS=delivery_untreated.tsv	delivery aav9 gfp versus delivery untreated	<local_project_root>\audit\results\supplement_dataset_split_provenance_v7.tsv	34417184	10.1126/sciadv.abi6896	Curated split definition consumed by automated scoring and transfer-evaluation scripts.	not_recorded_in_source	NA	02_design_and_split_generation; 07_split_contrast_transfer_evaluation	Supplementary Table S2; validation figures	documented	verified_from_local_metadata_and_manual_paper_context
CUR00220	treatment_control_label	GSE166655	GSE166655_design__T=Tibialis_anterior__H=1008__B=NA__G=delivery_aav9_gfp__VS=delivery_untreated	treatment_group_clean	delivery_aav9_gfp	delivery aav9 gfp	<local_project_root>\audit\results\supplement_dataset_split_provenance_v7.tsv	34417184	10.1126/sciadv.abi6896	Curated treatment/delivery label harmonized from dataset metadata.	not_recorded_in_source	NA	02_design_and_split_generation	Supplementary Table S2	documented	delivery group label
CUR00221	treatment_control_label	GSE166655	GSE166655_design__T=Tibialis_anterior__H=1008__B=NA__G=delivery_aav9_gfp__VS=delivery_untreated	control_group_clean	delivery_untreated	delivery untreated	<local_project_root>\audit\results\supplement_dataset_split_provenance_v7.tsv	34417184	10.1126/sciadv.abi6896	Curated control/baseline label harmonized from dataset metadata.	not_recorded_in_source	NA	02_design_and_split_generation	Supplementary Table S2	documented	control group label
CUR00222	tissue_timepoint_annotation	GSE166655	GSE166655_design__T=Tibialis_anterior__H=1008__B=NA__G=delivery_aav9_gfp__VS=delivery_untreated	tissue; timepoint_h	Tibialis anterior; 672	Tibialis anterior; 1008	<local_project_root>\audit\results\supplement_dataset_split_provenance_v7.tsv	34417184	10.1126/sciadv.abi6896	Curated tissue and timepoint annotations harmonize public metadata for split-level analysis.	not_recorded_in_source	NA	01_metadata_processing; 02_design_and_split_generation	Figures 1-5; Supplementary Tables S1-S3	documented	metadata annotation
CUR00223	delivery_platform_annotation	GSE166655	GSE166655_design__T=Tibialis_anterior__H=1008__B=NA__G=delivery_aav9_gfp__VS=delivery_untreated	delivery_platform_or_modality	AAV9	AAV9	<local_project_root>\audit\results\supplement_dataset_split_provenance_v7.tsv	34417184	10.1126/sciadv.abi6896	Curated delivery platform/modality label used for interpretation and provenance tables.	not_recorded_in_source	NA	01_metadata_processing; 08_dataset_role_cleanup	Supplementary Tables S1-S3	documented	delivery platform annotation
CUR00224	publication_context_mapping	GSE166655	GSE166655_design__T=Tibialis_anterior__H=1008__B=NA__G=delivery_aav9_gfp__VS=delivery_untreated	paper_result_alignment	Weak or near-zero acute IMRS is expected because this is 1008 h after delivery and dominated by therapeutic transgene/disease-rescue biology rather than acute innate activation.	context_explains_weaker_signal	<local_project_root>\audit\results\supplement_dataset_split_provenance_v7.tsv	34417184	10.1126/sciadv.abi6896	Publication context was mapped to support interpretation of dataset role and boundary-context handling.	not_recorded_in_source	NA	09_boundary_context_audit	Supplementary Tables S1-S3	documented	AAV9-AR45 or AAV9-GFP gene therapy in SBMA mouse model; RNA-seq from tibialis anterior muscle at late post-delivery timepoint. Current splits are AAV9-AR45 or AAV9-GFP versus untreated.
CUR00225	split_definition	GSE167521	GSE167521_design__T=skin__H=24__B=NA__G=delivery_lnp__VS=baseline_0	delivery_vs_control_split	<local_project_root>/00_metadata/verified_metadata/splited/GSE167521_design/GSE167521_design__T=skin__H=24__B=NA__G=delivery_lnp__VS=baseline_0.tsv	delivery lnp versus baseline 0	<local_project_root>\audit\results\supplement_dataset_split_provenance_v7.tsv	34841223	10.1016/j.isci.2021.103479	Curated split definition consumed by automated scoring and transfer-evaluation scripts.	not_recorded_in_source	NA	02_design_and_split_generation; 07_split_contrast_transfer_evaluation	Supplementary Table S2; validation figures	documented	verified_from_local_metadata_and_manual_paper_context
CUR00226	treatment_control_label	GSE167521	GSE167521_design__T=skin__H=24__B=NA__G=delivery_lnp__VS=baseline_0	treatment_group_clean	delivery_lnp	delivery lnp	<local_project_root>\audit\results\supplement_dataset_split_provenance_v7.tsv	34841223	10.1016/j.isci.2021.103479	Curated treatment/delivery label harmonized from dataset metadata.	not_recorded_in_source	NA	02_design_and_split_generation	Supplementary Table S2	documented	delivery group label
CUR00227	treatment_control_label	GSE167521	GSE167521_design__T=skin__H=24__B=NA__G=delivery_lnp__VS=baseline_0	control_group_clean	baseline_0	baseline 0	<local_project_root>\audit\results\supplement_dataset_split_provenance_v7.tsv	34841223	10.1016/j.isci.2021.103479	Curated control/baseline label harmonized from dataset metadata.	not_recorded_in_source	NA	02_design_and_split_generation	Supplementary Table S2	documented	control group label
CUR00228	tissue_timepoint_annotation	GSE167521	GSE167521_design__T=skin__H=24__B=NA__G=delivery_lnp__VS=baseline_0	tissue; timepoint_h	skin; 24	skin; 24	<local_project_root>\audit\results\supplement_dataset_split_provenance_v7.tsv	34841223	10.1016/j.isci.2021.103479	Curated tissue and timepoint annotations harmonize public metadata for split-level analysis.	not_recorded_in_source	NA	01_metadata_processing; 02_design_and_split_generation	Figures 1-5; Supplementary Tables S1-S3	documented	metadata annotation
CUR00229	delivery_platform_annotation	GSE167521	GSE167521_design__T=skin__H=24__B=NA__G=delivery_lnp__VS=baseline_0	delivery_platform_or_modality	lipid nanoparticle	lipid nanoparticle	<local_project_root>\audit\results\supplement_dataset_split_provenance_v7.tsv	34841223	10.1016/j.isci.2021.103479	Curated delivery platform/modality label used for interpretation and provenance tables.	not_recorded_in_source	NA	01_metadata_processing; 08_dataset_role_cleanup	Supplementary Tables S1-S3	documented	delivery platform annotation
CUR00230	publication_context_mapping	GSE167521	GSE167521_design__T=skin__H=24__B=NA__G=delivery_lnp__VS=baseline_0	paper_result_alignment	Positive IMRS is expected because the study directly describes inflammatory innate activation from LNP exposure.	matches_paper_context	<local_project_root>\audit\results\supplement_dataset_split_provenance_v7.tsv	34841223	10.1016/j.isci.2021.103479	Publication context was mapped to support interpretation of dataset role and boundary-context handling.	not_recorded_in_source	NA	09_boundary_context_audit	Supplementary Tables S1-S3	documented	Mouse LNP exposure dataset. The paper reports that preclinical LNPs induce strong inflammatory responses, including neutrophil infiltration, inflammatory pathways, cytokines, and chemokines.
CUR00231	split_definition	GSE178313	GSE178313_design__T=Liver__H=24__B=NA__G=mouse_repopulated_lnp__VS=mouse_repopulated_pbs	delivery_vs_control_split	<local_project_root>/00_metadata/verified_metadata/splited/GSE178313_design/GSE178313_design__T=Liver__H=24__B=NA__G=mouse_repopulated_lnp__VS=mouse_repopulated_pbs.tsv	mouse repopulated lnp versus mouse repopulated pbs	<local_project_root>\audit\results\supplement_dataset_split_provenance_v7.tsv	35132167	10.1038/s41565-021-01030-y	Curated split definition consumed by automated scoring and transfer-evaluation scripts.	not_recorded_in_source	NA	02_design_and_split_generation; 07_split_contrast_transfer_evaluation	Supplementary Table S2; validation figures	documented	verified_from_local_metadata_and_manual_paper_context
CUR00232	treatment_control_label	GSE178313	GSE178313_design__T=Liver__H=24__B=NA__G=mouse_repopulated_lnp__VS=mouse_repopulated_pbs	treatment_group_clean	mouse_repopulated_lnp	mouse repopulated lnp	<local_project_root>\audit\results\supplement_dataset_split_provenance_v7.tsv	35132167	10.1038/s41565-021-01030-y	Curated treatment/delivery label harmonized from dataset metadata.	not_recorded_in_source	NA	02_design_and_split_generation	Supplementary Table S2	documented	delivery group label
CUR00233	treatment_control_label	GSE178313	GSE178313_design__T=Liver__H=24__B=NA__G=mouse_repopulated_lnp__VS=mouse_repopulated_pbs	control_group_clean	mouse_repopulated_pbs	mouse repopulated pbs	<local_project_root>\audit\results\supplement_dataset_split_provenance_v7.tsv	35132167	10.1038/s41565-021-01030-y	Curated control/baseline label harmonized from dataset metadata.	not_recorded_in_source	NA	02_design_and_split_generation	Supplementary Table S2	documented	control group label
CUR00234	tissue_timepoint_annotation	GSE178313	GSE178313_design__T=Liver__H=24__B=NA__G=mouse_repopulated_lnp__VS=mouse_repopulated_pbs	tissue; timepoint_h	Liver; 48	Liver; 24	<local_project_root>\audit\results\supplement_dataset_split_provenance_v7.tsv	35132167	10.1038/s41565-021-01030-y	Curated tissue and timepoint annotations harmonize public metadata for split-level analysis.	not_recorded_in_source	NA	01_metadata_processing; 02_design_and_split_generation	Figures 1-5; Supplementary Tables S1-S3	documented	metadata annotation
CUR00235	delivery_platform_annotation	GSE178313	GSE178313_design__T=Liver__H=24__B=NA__G=mouse_repopulated_lnp__VS=mouse_repopulated_pbs	delivery_platform_or_modality	lipid nanoparticle	lipid nanoparticle	<local_project_root>\audit\results\supplement_dataset_split_provenance_v7.tsv	35132167	10.1038/s41565-021-01030-y	Curated delivery platform/modality label used for interpretation and provenance tables.	not_recorded_in_source	NA	01_metadata_processing; 08_dataset_role_cleanup	Supplementary Tables S1-S3	documented	delivery platform annotation
CUR00236	publication_context_mapping	GSE178313	GSE178313_design__T=Liver__H=24__B=NA__G=mouse_repopulated_lnp__VS=mouse_repopulated_pbs	paper_result_alignment	Moderate positive IMRS is biologically plausible because the paper studies LNP-induced cellular responses, but interpretation is extended/context-shifted due to species/humanized context and 24 h timing.	matches_paper_context	<local_project_root>\audit\results\supplement_dataset_split_provenance_v7.tsv	35132167	10.1038/s41565-021-01030-y	Publication context was mapped to support interpretation of dataset role and boundary-context handling.	not_recorded_in_source	NA	09_boundary_context_audit	Supplementary Tables S1-S3	documented	Species-dependent LNP delivery and cellular-response study; includes transcriptomic response to LNPs and humanized/mouse liver context.
CUR00237	split_definition	GSE262515_cell_line	GSE262515_cell_line__T=cell_line__H=16__B=NA__G=delivery_tlnp_sihbv_50nm__VS=baseline_0	delivery_vs_control_split	<local_project_root>/00_metadata/verified_metadata/splited/GSE262515_cell_line_design/GSE262515_cell_line__T=cell_line__H=16__B=NA__G=delivery_tlnp_sihbv_50nm__VS=baseline_0.tsv	delivery tlnp sihbv 50nm versus baseline 0	<local_project_root>\audit\results\supplement_dataset_split_provenance_v7.tsv	38902241	10.1038/s41392-024-01871-8	Curated split definition consumed by automated scoring and transfer-evaluation scripts.	not_recorded_in_source	NA	02_design_and_split_generation; 07_split_contrast_transfer_evaluation	Supplementary Table S2; validation figures	documented	verified_from_local_metadata_and_manual_paper_context
CUR00238	treatment_control_label	GSE262515_cell_line	GSE262515_cell_line__T=cell_line__H=16__B=NA__G=delivery_tlnp_sihbv_50nm__VS=baseline_0	treatment_group_clean	delivery_tlnp_sihbv_50nm	delivery tlnp sihbv 50nm	<local_project_root>\audit\results\supplement_dataset_split_provenance_v7.tsv	38902241	10.1038/s41392-024-01871-8	Curated treatment/delivery label harmonized from dataset metadata.	not_recorded_in_source	NA	02_design_and_split_generation	Supplementary Table S2	documented	delivery group label
CUR00239	treatment_control_label	GSE262515_cell_line	GSE262515_cell_line__T=cell_line__H=16__B=NA__G=delivery_tlnp_sihbv_50nm__VS=baseline_0	control_group_clean	baseline_0	baseline 0	<local_project_root>\audit\results\supplement_dataset_split_provenance_v7.tsv	38902241	10.1038/s41392-024-01871-8	Curated control/baseline label harmonized from dataset metadata.	not_recorded_in_source	NA	02_design_and_split_generation	Supplementary Table S2	documented	control group label
CUR00240	tissue_timepoint_annotation	GSE262515_cell_line	GSE262515_cell_line__T=cell_line__H=16__B=NA__G=delivery_tlnp_sihbv_50nm__VS=baseline_0	tissue; timepoint_h	cell line; 72	cell line; 16	<local_project_root>\audit\results\supplement_dataset_split_provenance_v7.tsv	38902241	10.1038/s41392-024-01871-8	Curated tissue and timepoint annotations harmonize public metadata for split-level analysis.	not_recorded_in_source	NA	01_metadata_processing; 02_design_and_split_generation	Figures 1-5; Supplementary Tables S1-S3	documented	metadata annotation
CUR00241	delivery_platform_annotation	GSE262515_cell_line	GSE262515_cell_line__T=cell_line__H=16__B=NA__G=delivery_tlnp_sihbv_50nm__VS=baseline_0	delivery_platform_or_modality	lipid nanoparticle	lipid nanoparticle	<local_project_root>\audit\results\supplement_dataset_split_provenance_v7.tsv	38902241	10.1038/s41392-024-01871-8	Curated delivery platform/modality label used for interpretation and provenance tables.	not_recorded_in_source	NA	01_metadata_processing; 08_dataset_role_cleanup	Supplementary Tables S1-S3	documented	delivery platform annotation
CUR00242	publication_context_mapping	GSE262515_cell_line	GSE262515_cell_line__T=cell_line__H=16__B=NA__G=delivery_tlnp_sihbv_50nm__VS=baseline_0	paper_result_alignment	Weak or variable IMRS is explainable because the contrast is late, therapeutic, cargo/formulation-specific, and often baseline-vs-treatment rather than a clean shared-vehicle acute delivery contrast.	context_explains_weaker_signal	<local_project_root>\audit\results\supplement_dataset_split_provenance_v7.tsv	38902241	10.1038/s41392-024-01871-8	Publication context was mapped to support interpretation of dataset role and boundary-context handling.	not_recorded_in_source	NA	09_boundary_context_audit	Supplementary Tables S1-S3	documented	Therapeutic tLNP/RNAi context with cell-line and mouse tissue/liver arms. Current splits include tLNP/siHBV or tLNP/siNC treatment versus baseline_0 at 72 h.
CUR00243	split_definition	GSE262515_cell_line	GSE262515_cell_line__T=cell_line__H=16__B=NA__G=delivery_tlnp_sinc_50nm__VS=baseline_0	delivery_vs_control_split	<local_project_root>/00_metadata/verified_metadata/splited/GSE262515_cell_line_design/GSE262515_cell_line__T=cell_line__H=16__B=NA__G=delivery_tlnp_sinc_50nm__VS=baseline_0.tsv	delivery tlnp sinc 50nm versus baseline 0	<local_project_root>\audit\results\supplement_dataset_split_provenance_v7.tsv	38902241	10.1038/s41392-024-01871-8	Curated split definition consumed by automated scoring and transfer-evaluation scripts.	not_recorded_in_source	NA	02_design_and_split_generation; 07_split_contrast_transfer_evaluation	Supplementary Table S2; validation figures	documented	verified_from_local_metadata_and_manual_paper_context
CUR00244	treatment_control_label	GSE262515_cell_line	GSE262515_cell_line__T=cell_line__H=16__B=NA__G=delivery_tlnp_sinc_50nm__VS=baseline_0	treatment_group_clean	delivery_tlnp_sinc_50nm	delivery tlnp sinc 50nm	<local_project_root>\audit\results\supplement_dataset_split_provenance_v7.tsv	38902241	10.1038/s41392-024-01871-8	Curated treatment/delivery label harmonized from dataset metadata.	not_recorded_in_source	NA	02_design_and_split_generation	Supplementary Table S2	documented	delivery group label
CUR00245	treatment_control_label	GSE262515_cell_line	GSE262515_cell_line__T=cell_line__H=16__B=NA__G=delivery_tlnp_sinc_50nm__VS=baseline_0	control_group_clean	baseline_0	baseline 0	<local_project_root>\audit\results\supplement_dataset_split_provenance_v7.tsv	38902241	10.1038/s41392-024-01871-8	Curated control/baseline label harmonized from dataset metadata.	not_recorded_in_source	NA	02_design_and_split_generation	Supplementary Table S2	documented	control group label
CUR00246	tissue_timepoint_annotation	GSE262515_cell_line	GSE262515_cell_line__T=cell_line__H=16__B=NA__G=delivery_tlnp_sinc_50nm__VS=baseline_0	tissue; timepoint_h	cell line; 72	cell line; 16	<local_project_root>\audit\results\supplement_dataset_split_provenance_v7.tsv	38902241	10.1038/s41392-024-01871-8	Curated tissue and timepoint annotations harmonize public metadata for split-level analysis.	not_recorded_in_source	NA	01_metadata_processing; 02_design_and_split_generation	Figures 1-5; Supplementary Tables S1-S3	documented	metadata annotation
CUR00247	delivery_platform_annotation	GSE262515_cell_line	GSE262515_cell_line__T=cell_line__H=16__B=NA__G=delivery_tlnp_sinc_50nm__VS=baseline_0	delivery_platform_or_modality	lipid nanoparticle	lipid nanoparticle	<local_project_root>\audit\results\supplement_dataset_split_provenance_v7.tsv	38902241	10.1038/s41392-024-01871-8	Curated delivery platform/modality label used for interpretation and provenance tables.	not_recorded_in_source	NA	01_metadata_processing; 08_dataset_role_cleanup	Supplementary Tables S1-S3	documented	delivery platform annotation
CUR00248	publication_context_mapping	GSE262515_cell_line	GSE262515_cell_line__T=cell_line__H=16__B=NA__G=delivery_tlnp_sinc_50nm__VS=baseline_0	paper_result_alignment	Weak or variable IMRS is explainable because the contrast is therapeutic, cargo/formulation-specific, in vitro, and baseline-vs-treatment rather than a clean shared-vehicle in-vivo delivery contrast.	context_explains_weaker_signal	<local_project_root>\audit\results\supplement_dataset_split_provenance_v7.tsv	38902241	10.1038/s41392-024-01871-8	Publication context was mapped to support interpretation of dataset role and boundary-context handling.	not_recorded_in_source	NA	09_boundary_context_audit	Supplementary Tables S1-S3	documented	Therapeutic tLNP/RNAi cell-line context. Current splits compare tLNP/siHBV or tLNP/siNC treatment with baseline_0 at 16 h.
CUR00249	split_definition	GSE262515_tissue	GSE262515_tissue__T=tissue__H=72__B=NA__G=delivery_tlnp_sihbv_1mg_kg__VS=baseline_0	delivery_vs_control_split	<local_project_root>/00_metadata/verified_metadata/splited/GSE262515_tissue_design/GSE262515_tissue__T=tissue__H=72__B=NA__G=delivery_tlnp_sihbv_1mg_kg__VS=baseline_0.tsv	delivery tlnp sihbv 1mg kg versus baseline 0	<local_project_root>\audit\results\supplement_dataset_split_provenance_v7.tsv	38902241	10.1038/s41392-024-01871-8	Curated split definition consumed by automated scoring and transfer-evaluation scripts.	not_recorded_in_source	NA	02_design_and_split_generation; 07_split_contrast_transfer_evaluation	Supplementary Table S2; validation figures	documented	verified_from_local_metadata_and_manual_paper_context
CUR00250	treatment_control_label	GSE262515_tissue	GSE262515_tissue__T=tissue__H=72__B=NA__G=delivery_tlnp_sihbv_1mg_kg__VS=baseline_0	treatment_group_clean	delivery_tlnp_sihbv_1mg_kg	delivery tlnp sihbv 1mg kg	<local_project_root>\audit\results\supplement_dataset_split_provenance_v7.tsv	38902241	10.1038/s41392-024-01871-8	Curated treatment/delivery label harmonized from dataset metadata.	not_recorded_in_source	NA	02_design_and_split_generation	Supplementary Table S2	documented	delivery group label
CUR00251	treatment_control_label	GSE262515_tissue	GSE262515_tissue__T=tissue__H=72__B=NA__G=delivery_tlnp_sihbv_1mg_kg__VS=baseline_0	control_group_clean	baseline_0	baseline 0	<local_project_root>\audit\results\supplement_dataset_split_provenance_v7.tsv	38902241	10.1038/s41392-024-01871-8	Curated control/baseline label harmonized from dataset metadata.	not_recorded_in_source	NA	02_design_and_split_generation	Supplementary Table S2	documented	control group label
CUR00252	tissue_timepoint_annotation	GSE262515_tissue	GSE262515_tissue__T=tissue__H=72__B=NA__G=delivery_tlnp_sihbv_1mg_kg__VS=baseline_0	tissue; timepoint_h	tissue; 72	tissue; 72	<local_project_root>\audit\results\supplement_dataset_split_provenance_v7.tsv	38902241	10.1038/s41392-024-01871-8	Curated tissue and timepoint annotations harmonize public metadata for split-level analysis.	not_recorded_in_source	NA	01_metadata_processing; 02_design_and_split_generation	Figures 1-5; Supplementary Tables S1-S3	documented	metadata annotation
CUR00253	delivery_platform_annotation	GSE262515_tissue	GSE262515_tissue__T=tissue__H=72__B=NA__G=delivery_tlnp_sihbv_1mg_kg__VS=baseline_0	delivery_platform_or_modality	lipid nanoparticle	lipid nanoparticle	<local_project_root>\audit\results\supplement_dataset_split_provenance_v7.tsv	38902241	10.1038/s41392-024-01871-8	Curated delivery platform/modality label used for interpretation and provenance tables.	not_recorded_in_source	NA	01_metadata_processing; 08_dataset_role_cleanup	Supplementary Tables S1-S3	documented	delivery platform annotation
CUR00254	publication_context_mapping	GSE262515_tissue	GSE262515_tissue__T=tissue__H=72__B=NA__G=delivery_tlnp_sihbv_1mg_kg__VS=baseline_0	paper_result_alignment	Weak or variable IMRS is explainable because the contrast is late, therapeutic, cargo/formulation-specific, and often baseline-vs-treatment rather than a clean shared-vehicle acute delivery contrast.	context_explains_weaker_signal	<local_project_root>\audit\results\supplement_dataset_split_provenance_v7.tsv	38902241	10.1038/s41392-024-01871-8	Publication context was mapped to support interpretation of dataset role and boundary-context handling.	not_recorded_in_source	NA	09_boundary_context_audit	Supplementary Tables S1-S3	documented	Therapeutic tLNP/RNAi context with cell-line and mouse tissue/liver arms. Current splits include tLNP/siHBV or tLNP/siNC treatment versus baseline_0 at 72 h.
CUR00255	split_definition	GSE262515_tissue	GSE262515_tissue__T=tissue__H=72__B=NA__G=delivery_tlnp_sihbv_2_5mg_kg__VS=baseline_0	delivery_vs_control_split	<local_project_root>/00_metadata/verified_metadata/splited/GSE262515_tissue_design/GSE262515_tissue__T=tissue__H=72__B=NA__G=delivery_tlnp_sihbv_2_5mg_kg__VS=baseline_0.tsv	delivery tlnp sihbv 2 5mg kg versus baseline 0	<local_project_root>\audit\results\supplement_dataset_split_provenance_v7.tsv	38902241	10.1038/s41392-024-01871-8	Curated split definition consumed by automated scoring and transfer-evaluation scripts.	not_recorded_in_source	NA	02_design_and_split_generation; 07_split_contrast_transfer_evaluation	Supplementary Table S2; validation figures	documented	verified_from_local_metadata_and_manual_paper_context
CUR00256	treatment_control_label	GSE262515_tissue	GSE262515_tissue__T=tissue__H=72__B=NA__G=delivery_tlnp_sihbv_2_5mg_kg__VS=baseline_0	treatment_group_clean	delivery_tlnp_sihbv_2_5mg_kg	delivery tlnp sihbv 2 5mg kg	<local_project_root>\audit\results\supplement_dataset_split_provenance_v7.tsv	38902241	10.1038/s41392-024-01871-8	Curated treatment/delivery label harmonized from dataset metadata.	not_recorded_in_source	NA	02_design_and_split_generation	Supplementary Table S2	documented	delivery group label
CUR00257	treatment_control_label	GSE262515_tissue	GSE262515_tissue__T=tissue__H=72__B=NA__G=delivery_tlnp_sihbv_2_5mg_kg__VS=baseline_0	control_group_clean	baseline_0	baseline 0	<local_project_root>\audit\results\supplement_dataset_split_provenance_v7.tsv	38902241	10.1038/s41392-024-01871-8	Curated control/baseline label harmonized from dataset metadata.	not_recorded_in_source	NA	02_design_and_split_generation	Supplementary Table S2	documented	control group label
CUR00258	tissue_timepoint_annotation	GSE262515_tissue	GSE262515_tissue__T=tissue__H=72__B=NA__G=delivery_tlnp_sihbv_2_5mg_kg__VS=baseline_0	tissue; timepoint_h	tissue; 72	tissue; 72	<local_project_root>\audit\results\supplement_dataset_split_provenance_v7.tsv	38902241	10.1038/s41392-024-01871-8	Curated tissue and timepoint annotations harmonize public metadata for split-level analysis.	not_recorded_in_source	NA	01_metadata_processing; 02_design_and_split_generation	Figures 1-5; Supplementary Tables S1-S3	documented	metadata annotation
CUR00259	delivery_platform_annotation	GSE262515_tissue	GSE262515_tissue__T=tissue__H=72__B=NA__G=delivery_tlnp_sihbv_2_5mg_kg__VS=baseline_0	delivery_platform_or_modality	lipid nanoparticle	lipid nanoparticle	<local_project_root>\audit\results\supplement_dataset_split_provenance_v7.tsv	38902241	10.1038/s41392-024-01871-8	Curated delivery platform/modality label used for interpretation and provenance tables.	not_recorded_in_source	NA	01_metadata_processing; 08_dataset_role_cleanup	Supplementary Tables S1-S3	documented	delivery platform annotation
CUR00260	publication_context_mapping	GSE262515_tissue	GSE262515_tissue__T=tissue__H=72__B=NA__G=delivery_tlnp_sihbv_2_5mg_kg__VS=baseline_0	paper_result_alignment	Weak or variable IMRS is explainable because the contrast is late, therapeutic, cargo/formulation-specific, and often baseline-vs-treatment rather than a clean shared-vehicle acute delivery contrast.	context_explains_weaker_signal	<local_project_root>\audit\results\supplement_dataset_split_provenance_v7.tsv	38902241	10.1038/s41392-024-01871-8	Publication context was mapped to support interpretation of dataset role and boundary-context handling.	not_recorded_in_source	NA	09_boundary_context_audit	Supplementary Tables S1-S3	documented	Therapeutic tLNP/RNAi context with cell-line and mouse tissue/liver arms. Current splits include tLNP/siHBV or tLNP/siNC treatment versus baseline_0 at 72 h.
CUR00261	split_definition	GSE262515_tissue	GSE262515_tissue__T=tissue__H=72__B=NA__G=delivery_tlnp_sinc_1mg_kg__VS=baseline_0	delivery_vs_control_split	<local_project_root>/00_metadata/verified_metadata/splited/GSE262515_tissue_design/GSE262515_tissue__T=tissue__H=72__B=NA__G=delivery_tlnp_sinc_1mg_kg__VS=baseline_0.tsv	delivery tlnp sinc 1mg kg versus baseline 0	<local_project_root>\audit\results\supplement_dataset_split_provenance_v7.tsv	38902241	10.1038/s41392-024-01871-8	Curated split definition consumed by automated scoring and transfer-evaluation scripts.	not_recorded_in_source	NA	02_design_and_split_generation; 07_split_contrast_transfer_evaluation	Supplementary Table S2; validation figures	documented	verified_from_local_metadata_and_manual_paper_context
CUR00262	treatment_control_label	GSE262515_tissue	GSE262515_tissue__T=tissue__H=72__B=NA__G=delivery_tlnp_sinc_1mg_kg__VS=baseline_0	treatment_group_clean	delivery_tlnp_sinc_1mg_kg	delivery tlnp sinc 1mg kg	<local_project_root>\audit\results\supplement_dataset_split_provenance_v7.tsv	38902241	10.1038/s41392-024-01871-8	Curated treatment/delivery label harmonized from dataset metadata.	not_recorded_in_source	NA	02_design_and_split_generation	Supplementary Table S2	documented	delivery group label
CUR00263	treatment_control_label	GSE262515_tissue	GSE262515_tissue__T=tissue__H=72__B=NA__G=delivery_tlnp_sinc_1mg_kg__VS=baseline_0	control_group_clean	baseline_0	baseline 0	<local_project_root>\audit\results\supplement_dataset_split_provenance_v7.tsv	38902241	10.1038/s41392-024-01871-8	Curated control/baseline label harmonized from dataset metadata.	not_recorded_in_source	NA	02_design_and_split_generation	Supplementary Table S2	documented	control group label
CUR00264	tissue_timepoint_annotation	GSE262515_tissue	GSE262515_tissue__T=tissue__H=72__B=NA__G=delivery_tlnp_sinc_1mg_kg__VS=baseline_0	tissue; timepoint_h	tissue; 72	tissue; 72	<local_project_root>\audit\results\supplement_dataset_split_provenance_v7.tsv	38902241	10.1038/s41392-024-01871-8	Curated tissue and timepoint annotations harmonize public metadata for split-level analysis.	not_recorded_in_source	NA	01_metadata_processing; 02_design_and_split_generation	Figures 1-5; Supplementary Tables S1-S3	documented	metadata annotation
CUR00265	delivery_platform_annotation	GSE262515_tissue	GSE262515_tissue__T=tissue__H=72__B=NA__G=delivery_tlnp_sinc_1mg_kg__VS=baseline_0	delivery_platform_or_modality	lipid nanoparticle	lipid nanoparticle	<local_project_root>\audit\results\supplement_dataset_split_provenance_v7.tsv	38902241	10.1038/s41392-024-01871-8	Curated delivery platform/modality label used for interpretation and provenance tables.	not_recorded_in_source	NA	01_metadata_processing; 08_dataset_role_cleanup	Supplementary Tables S1-S3	documented	delivery platform annotation
CUR00266	publication_context_mapping	GSE262515_tissue	GSE262515_tissue__T=tissue__H=72__B=NA__G=delivery_tlnp_sinc_1mg_kg__VS=baseline_0	paper_result_alignment	Weak or variable IMRS is explainable because the contrast is late, therapeutic, cargo/formulation-specific, and often baseline-vs-treatment rather than a clean shared-vehicle acute delivery contrast.	context_explains_weaker_signal	<local_project_root>\audit\results\supplement_dataset_split_provenance_v7.tsv	38902241	10.1038/s41392-024-01871-8	Publication context was mapped to support interpretation of dataset role and boundary-context handling.	not_recorded_in_source	NA	09_boundary_context_audit	Supplementary Tables S1-S3	documented	Therapeutic tLNP/RNAi context with cell-line and mouse tissue/liver arms. Current splits include tLNP/siHBV or tLNP/siNC treatment versus baseline_0 at 72 h.
CUR00267	split_definition	GSE264344	GSE264344_design__T=Blood__H=1__B=NA__G=delivery_ad26__VS=baseline_0	delivery_vs_control_split	<local_project_root>/00_metadata/verified_metadata/splited/GSE264344_design/GSE264344_design__T=Blood__H=1__B=NA__G=delivery_ad26__VS=baseline_0.tsv	delivery ad26 versus baseline 0	<local_project_root>\audit\results\supplement_dataset_split_provenance_v7.tsv	40162786	10.1128/jvi.00247-25	Curated split definition consumed by automated scoring and transfer-evaluation scripts.	not_recorded_in_source	NA	02_design_and_split_generation; 07_split_contrast_transfer_evaluation	Supplementary Table S2; validation figures	documented	verified_from_local_metadata_and_manual_paper_context
CUR00268	treatment_control_label	GSE264344	GSE264344_design__T=Blood__H=1__B=NA__G=delivery_ad26__VS=baseline_0	treatment_group_clean	delivery_ad26	delivery ad26	<local_project_root>\audit\results\supplement_dataset_split_provenance_v7.tsv	40162786	10.1128/jvi.00247-25	Curated treatment/delivery label harmonized from dataset metadata.	not_recorded_in_source	NA	02_design_and_split_generation	Supplementary Table S2	documented	delivery group label
CUR00269	treatment_control_label	GSE264344	GSE264344_design__T=Blood__H=1__B=NA__G=delivery_ad26__VS=baseline_0	control_group_clean	baseline_0	baseline 0	<local_project_root>\audit\results\supplement_dataset_split_provenance_v7.tsv	40162786	10.1128/jvi.00247-25	Curated control/baseline label harmonized from dataset metadata.	not_recorded_in_source	NA	02_design_and_split_generation	Supplementary Table S2	documented	control group label
CUR00270	tissue_timepoint_annotation	GSE264344	GSE264344_design__T=Blood__H=1__B=NA__G=delivery_ad26__VS=baseline_0	tissue; timepoint_h	Blood; 0; 1	Blood; 1	<local_project_root>\audit\results\supplement_dataset_split_provenance_v7.tsv	40162786	10.1128/jvi.00247-25	Curated tissue and timepoint annotations harmonize public metadata for split-level analysis.	not_recorded_in_source	NA	01_metadata_processing; 02_design_and_split_generation	Figures 1-5; Supplementary Tables S1-S3	documented	metadata annotation
CUR00271	delivery_platform_annotation	GSE264344	GSE264344_design__T=Blood__H=1__B=NA__G=delivery_ad26__VS=baseline_0	delivery_platform_or_modality	adenoviral vector	adenoviral vector	<local_project_root>\audit\results\supplement_dataset_split_provenance_v7.tsv	40162786	10.1128/jvi.00247-25	Curated delivery platform/modality label used for interpretation and provenance tables.	not_recorded_in_source	NA	01_metadata_processing; 08_dataset_role_cleanup	Supplementary Tables S1-S3	documented	delivery platform annotation
CUR00272	publication_context_mapping	GSE264344	GSE264344_design__T=Blood__H=1__B=NA__G=delivery_ad26__VS=baseline_0	paper_result_alignment	Strong positive IMRS at 1-24 h matches acute innate tissue response. Weak 72 h IMRS matches waning tissue-time kinetics, not model failure.	matches_paper_context	<local_project_root>\audit\results\supplement_dataset_split_provenance_v7.tsv	40162786	10.1128/jvi.00247-25	Publication context was mapped to support interpretation of dataset role and boundary-context handling.	not_recorded_in_source	NA	09_boundary_context_audit	Supplementary Tables S1-S3	documented	Mouse Ad26/Ad5 vector vaccination time course across blood, muscle, and draining lymph node from 1 h to 72 h. The paper reports that innate immune response begins by 1 h, evolves across tissues within 24 h, and wanes by 72 h.
CUR00273	split_definition	GSE264344	GSE264344_design__T=Blood__H=1__B=NA__G=delivery_ad5__VS=baseline_0	delivery_vs_control_split	<local_project_root>/00_metadata/verified_metadata/splited/GSE264344_design/GSE264344_design__T=Blood__H=1__B=NA__G=delivery_ad5__VS=baseline_0.tsv	delivery ad5 versus baseline 0	<local_project_root>\audit\results\supplement_dataset_split_provenance_v7.tsv	40162786	10.1128/jvi.00247-25	Curated split definition consumed by automated scoring and transfer-evaluation scripts.	not_recorded_in_source	NA	02_design_and_split_generation; 07_split_contrast_transfer_evaluation	Supplementary Table S2; validation figures	documented	verified_from_local_metadata_and_manual_paper_context
CUR00274	treatment_control_label	GSE264344	GSE264344_design__T=Blood__H=1__B=NA__G=delivery_ad5__VS=baseline_0	treatment_group_clean	delivery_ad5	delivery ad5	<local_project_root>\audit\results\supplement_dataset_split_provenance_v7.tsv	40162786	10.1128/jvi.00247-25	Curated treatment/delivery label harmonized from dataset metadata.	not_recorded_in_source	NA	02_design_and_split_generation	Supplementary Table S2	documented	delivery group label
CUR00275	treatment_control_label	GSE264344	GSE264344_design__T=Blood__H=1__B=NA__G=delivery_ad5__VS=baseline_0	control_group_clean	baseline_0	baseline 0	<local_project_root>\audit\results\supplement_dataset_split_provenance_v7.tsv	40162786	10.1128/jvi.00247-25	Curated control/baseline label harmonized from dataset metadata.	not_recorded_in_source	NA	02_design_and_split_generation	Supplementary Table S2	documented	control group label
CUR00276	tissue_timepoint_annotation	GSE264344	GSE264344_design__T=Blood__H=1__B=NA__G=delivery_ad5__VS=baseline_0	tissue; timepoint_h	Blood; 0; 1	Blood; 1	<local_project_root>\audit\results\supplement_dataset_split_provenance_v7.tsv	40162786	10.1128/jvi.00247-25	Curated tissue and timepoint annotations harmonize public metadata for split-level analysis.	not_recorded_in_source	NA	01_metadata_processing; 02_design_and_split_generation	Figures 1-5; Supplementary Tables S1-S3	documented	metadata annotation
CUR00277	delivery_platform_annotation	GSE264344	GSE264344_design__T=Blood__H=1__B=NA__G=delivery_ad5__VS=baseline_0	delivery_platform_or_modality	adenoviral vector	adenoviral vector	<local_project_root>\audit\results\supplement_dataset_split_provenance_v7.tsv	40162786	10.1128/jvi.00247-25	Curated delivery platform/modality label used for interpretation and provenance tables.	not_recorded_in_source	NA	01_metadata_processing; 08_dataset_role_cleanup	Supplementary Tables S1-S3	documented	delivery platform annotation
CUR00278	publication_context_mapping	GSE264344	GSE264344_design__T=Blood__H=1__B=NA__G=delivery_ad5__VS=baseline_0	paper_result_alignment	Strong positive IMRS at 1-24 h matches acute innate tissue response. Weak 72 h IMRS matches waning tissue-time kinetics, not model failure.	matches_paper_context	<local_project_root>\audit\results\supplement_dataset_split_provenance_v7.tsv	40162786	10.1128/jvi.00247-25	Publication context was mapped to support interpretation of dataset role and boundary-context handling.	not_recorded_in_source	NA	09_boundary_context_audit	Supplementary Tables S1-S3	documented	Mouse Ad26/Ad5 vector vaccination time course across blood, muscle, and draining lymph node from 1 h to 72 h. The paper reports that innate immune response begins by 1 h, evolves across tissues within 24 h, and wanes by 72 h.
CUR00279	split_definition	GSE264344	GSE264344_design__T=Muscle__H=1__B=NA__G=delivery_ad26__VS=baseline_0	delivery_vs_control_split	<local_project_root>/00_metadata/verified_metadata/splited/GSE264344_design/GSE264344_design__T=Muscle__H=1__B=NA__G=delivery_ad26__VS=baseline_0.tsv	delivery ad26 versus baseline 0	<local_project_root>\audit\results\supplement_dataset_split_provenance_v7.tsv	40162786	10.1128/jvi.00247-25	Curated split definition consumed by automated scoring and transfer-evaluation scripts.	not_recorded_in_source	NA	02_design_and_split_generation; 07_split_contrast_transfer_evaluation	Supplementary Table S2; validation figures	documented	verified_from_local_metadata_and_manual_paper_context
CUR00280	treatment_control_label	GSE264344	GSE264344_design__T=Muscle__H=1__B=NA__G=delivery_ad26__VS=baseline_0	treatment_group_clean	delivery_ad26	delivery ad26	<local_project_root>\audit\results\supplement_dataset_split_provenance_v7.tsv	40162786	10.1128/jvi.00247-25	Curated treatment/delivery label harmonized from dataset metadata.	not_recorded_in_source	NA	02_design_and_split_generation	Supplementary Table S2	documented	delivery group label
CUR00281	treatment_control_label	GSE264344	GSE264344_design__T=Muscle__H=1__B=NA__G=delivery_ad26__VS=baseline_0	control_group_clean	baseline_0	baseline 0	<local_project_root>\audit\results\supplement_dataset_split_provenance_v7.tsv	40162786	10.1128/jvi.00247-25	Curated control/baseline label harmonized from dataset metadata.	not_recorded_in_source	NA	02_design_and_split_generation	Supplementary Table S2	documented	control group label
CUR00282	tissue_timepoint_annotation	GSE264344	GSE264344_design__T=Muscle__H=1__B=NA__G=delivery_ad26__VS=baseline_0	tissue; timepoint_h	Muscle; 0; 1	Muscle; 1	<local_project_root>\audit\results\supplement_dataset_split_provenance_v7.tsv	40162786	10.1128/jvi.00247-25	Curated tissue and timepoint annotations harmonize public metadata for split-level analysis.	not_recorded_in_source	NA	01_metadata_processing; 02_design_and_split_generation	Figures 1-5; Supplementary Tables S1-S3	documented	metadata annotation
CUR00283	delivery_platform_annotation	GSE264344	GSE264344_design__T=Muscle__H=1__B=NA__G=delivery_ad26__VS=baseline_0	delivery_platform_or_modality	adenoviral vector	adenoviral vector	<local_project_root>\audit\results\supplement_dataset_split_provenance_v7.tsv	40162786	10.1128/jvi.00247-25	Curated delivery platform/modality label used for interpretation and provenance tables.	not_recorded_in_source	NA	01_metadata_processing; 08_dataset_role_cleanup	Supplementary Tables S1-S3	documented	delivery platform annotation
CUR00284	publication_context_mapping	GSE264344	GSE264344_design__T=Muscle__H=1__B=NA__G=delivery_ad26__VS=baseline_0	paper_result_alignment	Strong positive IMRS at 1-24 h matches acute innate tissue response. Weak 72 h IMRS matches waning tissue-time kinetics, not model failure.	matches_paper_context	<local_project_root>\audit\results\supplement_dataset_split_provenance_v7.tsv	40162786	10.1128/jvi.00247-25	Publication context was mapped to support interpretation of dataset role and boundary-context handling.	not_recorded_in_source	NA	09_boundary_context_audit	Supplementary Tables S1-S3	documented	Mouse Ad26/Ad5 vector vaccination time course across blood, muscle, and draining lymph node from 1 h to 72 h. The paper reports that innate immune response begins by 1 h, evolves across tissues within 24 h, and wanes by 72 h.
CUR00285	split_definition	GSE264344	GSE264344_design__T=Muscle__H=1__B=NA__G=delivery_ad5__VS=baseline_0	delivery_vs_control_split	<local_project_root>/00_metadata/verified_metadata/splited/GSE264344_design/GSE264344_design__T=Muscle__H=1__B=NA__G=delivery_ad5__VS=baseline_0.tsv	delivery ad5 versus baseline 0	<local_project_root>\audit\results\supplement_dataset_split_provenance_v7.tsv	40162786	10.1128/jvi.00247-25	Curated split definition consumed by automated scoring and transfer-evaluation scripts.	not_recorded_in_source	NA	02_design_and_split_generation; 07_split_contrast_transfer_evaluation	Supplementary Table S2; validation figures	documented	verified_from_local_metadata_and_manual_paper_context
CUR00286	treatment_control_label	GSE264344	GSE264344_design__T=Muscle__H=1__B=NA__G=delivery_ad5__VS=baseline_0	treatment_group_clean	delivery_ad5	delivery ad5	<local_project_root>\audit\results\supplement_dataset_split_provenance_v7.tsv	40162786	10.1128/jvi.00247-25	Curated treatment/delivery label harmonized from dataset metadata.	not_recorded_in_source	NA	02_design_and_split_generation	Supplementary Table S2	documented	delivery group label
CUR00287	treatment_control_label	GSE264344	GSE264344_design__T=Muscle__H=1__B=NA__G=delivery_ad5__VS=baseline_0	control_group_clean	baseline_0	baseline 0	<local_project_root>\audit\results\supplement_dataset_split_provenance_v7.tsv	40162786	10.1128/jvi.00247-25	Curated control/baseline label harmonized from dataset metadata.	not_recorded_in_source	NA	02_design_and_split_generation	Supplementary Table S2	documented	control group label
CUR00288	tissue_timepoint_annotation	GSE264344	GSE264344_design__T=Muscle__H=1__B=NA__G=delivery_ad5__VS=baseline_0	tissue; timepoint_h	Muscle; 0; 1	Muscle; 1	<local_project_root>\audit\results\supplement_dataset_split_provenance_v7.tsv	40162786	10.1128/jvi.00247-25	Curated tissue and timepoint annotations harmonize public metadata for split-level analysis.	not_recorded_in_source	NA	01_metadata_processing; 02_design_and_split_generation	Figures 1-5; Supplementary Tables S1-S3	documented	metadata annotation
CUR00289	delivery_platform_annotation	GSE264344	GSE264344_design__T=Muscle__H=1__B=NA__G=delivery_ad5__VS=baseline_0	delivery_platform_or_modality	adenoviral vector	adenoviral vector	<local_project_root>\audit\results\supplement_dataset_split_provenance_v7.tsv	40162786	10.1128/jvi.00247-25	Curated delivery platform/modality label used for interpretation and provenance tables.	not_recorded_in_source	NA	01_metadata_processing; 08_dataset_role_cleanup	Supplementary Tables S1-S3	documented	delivery platform annotation
CUR00290	publication_context_mapping	GSE264344	GSE264344_design__T=Muscle__H=1__B=NA__G=delivery_ad5__VS=baseline_0	paper_result_alignment	Strong positive IMRS at 1-24 h matches acute innate tissue response. Weak 72 h IMRS matches waning tissue-time kinetics, not model failure.	matches_paper_context	<local_project_root>\audit\results\supplement_dataset_split_provenance_v7.tsv	40162786	10.1128/jvi.00247-25	Publication context was mapped to support interpretation of dataset role and boundary-context handling.	not_recorded_in_source	NA	09_boundary_context_audit	Supplementary Tables S1-S3	documented	Mouse Ad26/Ad5 vector vaccination time course across blood, muscle, and draining lymph node from 1 h to 72 h. The paper reports that innate immune response begins by 1 h, evolves across tissues within 24 h, and wanes by 72 h.
CUR00291	split_definition	GSE264344	GSE264344_design__T=dLN__H=1__B=NA__G=delivery_ad26__VS=baseline_0	delivery_vs_control_split	<local_project_root>/00_metadata/verified_metadata/splited/GSE264344_design/GSE264344_design__T=dLN__H=1__B=NA__G=delivery_ad26__VS=baseline_0.tsv	delivery ad26 versus baseline 0	<local_project_root>\audit\results\supplement_dataset_split_provenance_v7.tsv	40162786	10.1128/jvi.00247-25	Curated split definition consumed by automated scoring and transfer-evaluation scripts.	not_recorded_in_source	NA	02_design_and_split_generation; 07_split_contrast_transfer_evaluation	Supplementary Table S2; validation figures	documented	verified_from_local_metadata_and_manual_paper_context
CUR00292	treatment_control_label	GSE264344	GSE264344_design__T=dLN__H=1__B=NA__G=delivery_ad26__VS=baseline_0	treatment_group_clean	delivery_ad26	delivery ad26	<local_project_root>\audit\results\supplement_dataset_split_provenance_v7.tsv	40162786	10.1128/jvi.00247-25	Curated treatment/delivery label harmonized from dataset metadata.	not_recorded_in_source	NA	02_design_and_split_generation	Supplementary Table S2	documented	delivery group label
CUR00293	treatment_control_label	GSE264344	GSE264344_design__T=dLN__H=1__B=NA__G=delivery_ad26__VS=baseline_0	control_group_clean	baseline_0	baseline 0	<local_project_root>\audit\results\supplement_dataset_split_provenance_v7.tsv	40162786	10.1128/jvi.00247-25	Curated control/baseline label harmonized from dataset metadata.	not_recorded_in_source	NA	02_design_and_split_generation	Supplementary Table S2	documented	control group label
CUR00294	tissue_timepoint_annotation	GSE264344	GSE264344_design__T=dLN__H=1__B=NA__G=delivery_ad26__VS=baseline_0	tissue; timepoint_h	dLN; 0; 1	dLN; 1	<local_project_root>\audit\results\supplement_dataset_split_provenance_v7.tsv	40162786	10.1128/jvi.00247-25	Curated tissue and timepoint annotations harmonize public metadata for split-level analysis.	not_recorded_in_source	NA	01_metadata_processing; 02_design_and_split_generation	Figures 1-5; Supplementary Tables S1-S3	documented	metadata annotation
CUR00295	delivery_platform_annotation	GSE264344	GSE264344_design__T=dLN__H=1__B=NA__G=delivery_ad26__VS=baseline_0	delivery_platform_or_modality	adenoviral vector	adenoviral vector	<local_project_root>\audit\results\supplement_dataset_split_provenance_v7.tsv	40162786	10.1128/jvi.00247-25	Curated delivery platform/modality label used for interpretation and provenance tables.	not_recorded_in_source	NA	01_metadata_processing; 08_dataset_role_cleanup	Supplementary Tables S1-S3	documented	delivery platform annotation
CUR00296	publication_context_mapping	GSE264344	GSE264344_design__T=dLN__H=1__B=NA__G=delivery_ad26__VS=baseline_0	paper_result_alignment	Strong positive IMRS at 1-24 h matches acute innate tissue response. Weak 72 h IMRS matches waning tissue-time kinetics, not model failure.	matches_paper_context	<local_project_root>\audit\results\supplement_dataset_split_provenance_v7.tsv	40162786	10.1128/jvi.00247-25	Publication context was mapped to support interpretation of dataset role and boundary-context handling.	not_recorded_in_source	NA	09_boundary_context_audit	Supplementary Tables S1-S3	documented	Mouse Ad26/Ad5 vector vaccination time course across blood, muscle, and draining lymph node from 1 h to 72 h. The paper reports that innate immune response begins by 1 h, evolves across tissues within 24 h, and wanes by 72 h.
CUR00297	split_definition	GSE264344	GSE264344_design__T=dLN__H=1__B=NA__G=delivery_ad5__VS=baseline_0	delivery_vs_control_split	<local_project_root>/00_metadata/verified_metadata/splited/GSE264344_design/GSE264344_design__T=dLN__H=1__B=NA__G=delivery_ad5__VS=baseline_0.tsv	delivery ad5 versus baseline 0	<local_project_root>\audit\results\supplement_dataset_split_provenance_v7.tsv	40162786	10.1128/jvi.00247-25	Curated split definition consumed by automated scoring and transfer-evaluation scripts.	not_recorded_in_source	NA	02_design_and_split_generation; 07_split_contrast_transfer_evaluation	Supplementary Table S2; validation figures	documented	verified_from_local_metadata_and_manual_paper_context
CUR00298	treatment_control_label	GSE264344	GSE264344_design__T=dLN__H=1__B=NA__G=delivery_ad5__VS=baseline_0	treatment_group_clean	delivery_ad5	delivery ad5	<local_project_root>\audit\results\supplement_dataset_split_provenance_v7.tsv	40162786	10.1128/jvi.00247-25	Curated treatment/delivery label harmonized from dataset metadata.	not_recorded_in_source	NA	02_design_and_split_generation	Supplementary Table S2	documented	delivery group label
CUR00299	treatment_control_label	GSE264344	GSE264344_design__T=dLN__H=1__B=NA__G=delivery_ad5__VS=baseline_0	control_group_clean	baseline_0	baseline 0	<local_project_root>\audit\results\supplement_dataset_split_provenance_v7.tsv	40162786	10.1128/jvi.00247-25	Curated control/baseline label harmonized from dataset metadata.	not_recorded_in_source	NA	02_design_and_split_generation	Supplementary Table S2	documented	control group label
CUR00300	tissue_timepoint_annotation	GSE264344	GSE264344_design__T=dLN__H=1__B=NA__G=delivery_ad5__VS=baseline_0	tissue; timepoint_h	dLN; 0; 1	dLN; 1	<local_project_root>\audit\results\supplement_dataset_split_provenance_v7.tsv	40162786	10.1128/jvi.00247-25	Curated tissue and timepoint annotations harmonize public metadata for split-level analysis.	not_recorded_in_source	NA	01_metadata_processing; 02_design_and_split_generation	Figures 1-5; Supplementary Tables S1-S3	documented	metadata annotation
CUR00301	delivery_platform_annotation	GSE264344	GSE264344_design__T=dLN__H=1__B=NA__G=delivery_ad5__VS=baseline_0	delivery_platform_or_modality	adenoviral vector	adenoviral vector	<local_project_root>\audit\results\supplement_dataset_split_provenance_v7.tsv	40162786	10.1128/jvi.00247-25	Curated delivery platform/modality label used for interpretation and provenance tables.	not_recorded_in_source	NA	01_metadata_processing; 08_dataset_role_cleanup	Supplementary Tables S1-S3	documented	delivery platform annotation
CUR00302	publication_context_mapping	GSE264344	GSE264344_design__T=dLN__H=1__B=NA__G=delivery_ad5__VS=baseline_0	paper_result_alignment	Strong positive IMRS at 1-24 h matches acute innate tissue response. Weak 72 h IMRS matches waning tissue-time kinetics, not model failure.	matches_paper_context	<local_project_root>\audit\results\supplement_dataset_split_provenance_v7.tsv	40162786	10.1128/jvi.00247-25	Publication context was mapped to support interpretation of dataset role and boundary-context handling.	not_recorded_in_source	NA	09_boundary_context_audit	Supplementary Tables S1-S3	documented	Mouse Ad26/Ad5 vector vaccination time course across blood, muscle, and draining lymph node from 1 h to 72 h. The paper reports that innate immune response begins by 1 h, evolves across tissues within 24 h, and wanes by 72 h.
CUR00303	split_definition	GSE264344	GSE264344_design__T=Blood__H=3__B=NA__G=delivery_ad26__VS=baseline_0	delivery_vs_control_split	<local_project_root>/00_metadata/verified_metadata/splited/GSE264344_design/GSE264344_design__T=Blood__H=3__B=NA__G=delivery_ad26__VS=baseline_0.tsv	delivery ad26 versus baseline 0	<local_project_root>\audit\results\supplement_dataset_split_provenance_v7.tsv	40162786	10.1128/jvi.00247-25	Curated split definition consumed by automated scoring and transfer-evaluation scripts.	not_recorded_in_source	NA	02_design_and_split_generation; 07_split_contrast_transfer_evaluation	Supplementary Table S2; validation figures	documented	verified_from_local_metadata_and_manual_paper_context
CUR00304	treatment_control_label	GSE264344	GSE264344_design__T=Blood__H=3__B=NA__G=delivery_ad26__VS=baseline_0	treatment_group_clean	delivery_ad26	delivery ad26	<local_project_root>\audit\results\supplement_dataset_split_provenance_v7.tsv	40162786	10.1128/jvi.00247-25	Curated treatment/delivery label harmonized from dataset metadata.	not_recorded_in_source	NA	02_design_and_split_generation	Supplementary Table S2	documented	delivery group label
CUR00305	treatment_control_label	GSE264344	GSE264344_design__T=Blood__H=3__B=NA__G=delivery_ad26__VS=baseline_0	control_group_clean	baseline_0	baseline 0	<local_project_root>\audit\results\supplement_dataset_split_provenance_v7.tsv	40162786	10.1128/jvi.00247-25	Curated control/baseline label harmonized from dataset metadata.	not_recorded_in_source	NA	02_design_and_split_generation	Supplementary Table S2	documented	control group label
CUR00306	tissue_timepoint_annotation	GSE264344	GSE264344_design__T=Blood__H=3__B=NA__G=delivery_ad26__VS=baseline_0	tissue; timepoint_h	Blood; 0; 3	Blood; 3	<local_project_root>\audit\results\supplement_dataset_split_provenance_v7.tsv	40162786	10.1128/jvi.00247-25	Curated tissue and timepoint annotations harmonize public metadata for split-level analysis.	not_recorded_in_source	NA	01_metadata_processing; 02_design_and_split_generation	Figures 1-5; Supplementary Tables S1-S3	documented	metadata annotation
CUR00307	delivery_platform_annotation	GSE264344	GSE264344_design__T=Blood__H=3__B=NA__G=delivery_ad26__VS=baseline_0	delivery_platform_or_modality	adenoviral vector	adenoviral vector	<local_project_root>\audit\results\supplement_dataset_split_provenance_v7.tsv	40162786	10.1128/jvi.00247-25	Curated delivery platform/modality label used for interpretation and provenance tables.	not_recorded_in_source	NA	01_metadata_processing; 08_dataset_role_cleanup	Supplementary Tables S1-S3	documented	delivery platform annotation
CUR00308	publication_context_mapping	GSE264344	GSE264344_design__T=Blood__H=3__B=NA__G=delivery_ad26__VS=baseline_0	paper_result_alignment	Strong positive IMRS at 1-24 h matches acute innate tissue response. Weak 72 h IMRS matches waning tissue-time kinetics, not model failure.	matches_paper_context	<local_project_root>\audit\results\supplement_dataset_split_provenance_v7.tsv	40162786	10.1128/jvi.00247-25	Publication context was mapped to support interpretation of dataset role and boundary-context handling.	not_recorded_in_source	NA	09_boundary_context_audit	Supplementary Tables S1-S3	documented	Mouse Ad26/Ad5 vector vaccination time course across blood, muscle, and draining lymph node from 1 h to 72 h. The paper reports that innate immune response begins by 1 h, evolves across tissues within 24 h, and wanes by 72 h.
CUR00309	split_definition	GSE264344	GSE264344_design__T=Blood__H=3__B=NA__G=delivery_ad5__VS=baseline_0	delivery_vs_control_split	<local_project_root>/00_metadata/verified_metadata/splited/GSE264344_design/GSE264344_design__T=Blood__H=3__B=NA__G=delivery_ad5__VS=baseline_0.tsv	delivery ad5 versus baseline 0	<local_project_root>\audit\results\supplement_dataset_split_provenance_v7.tsv	40162786	10.1128/jvi.00247-25	Curated split definition consumed by automated scoring and transfer-evaluation scripts.	not_recorded_in_source	NA	02_design_and_split_generation; 07_split_contrast_transfer_evaluation	Supplementary Table S2; validation figures	documented	verified_from_local_metadata_and_manual_paper_context
CUR00310	treatment_control_label	GSE264344	GSE264344_design__T=Blood__H=3__B=NA__G=delivery_ad5__VS=baseline_0	treatment_group_clean	delivery_ad5	delivery ad5	<local_project_root>\audit\results\supplement_dataset_split_provenance_v7.tsv	40162786	10.1128/jvi.00247-25	Curated treatment/delivery label harmonized from dataset metadata.	not_recorded_in_source	NA	02_design_and_split_generation	Supplementary Table S2	documented	delivery group label
CUR00311	treatment_control_label	GSE264344	GSE264344_design__T=Blood__H=3__B=NA__G=delivery_ad5__VS=baseline_0	control_group_clean	baseline_0	baseline 0	<local_project_root>\audit\results\supplement_dataset_split_provenance_v7.tsv	40162786	10.1128/jvi.00247-25	Curated control/baseline label harmonized from dataset metadata.	not_recorded_in_source	NA	02_design_and_split_generation	Supplementary Table S2	documented	control group label
CUR00312	tissue_timepoint_annotation	GSE264344	GSE264344_design__T=Blood__H=3__B=NA__G=delivery_ad5__VS=baseline_0	tissue; timepoint_h	Blood; 0; 3	Blood; 3	<local_project_root>\audit\results\supplement_dataset_split_provenance_v7.tsv	40162786	10.1128/jvi.00247-25	Curated tissue and timepoint annotations harmonize public metadata for split-level analysis.	not_recorded_in_source	NA	01_metadata_processing; 02_design_and_split_generation	Figures 1-5; Supplementary Tables S1-S3	documented	metadata annotation
CUR00313	delivery_platform_annotation	GSE264344	GSE264344_design__T=Blood__H=3__B=NA__G=delivery_ad5__VS=baseline_0	delivery_platform_or_modality	adenoviral vector	adenoviral vector	<local_project_root>\audit\results\supplement_dataset_split_provenance_v7.tsv	40162786	10.1128/jvi.00247-25	Curated delivery platform/modality label used for interpretation and provenance tables.	not_recorded_in_source	NA	01_metadata_processing; 08_dataset_role_cleanup	Supplementary Tables S1-S3	documented	delivery platform annotation
CUR00314	publication_context_mapping	GSE264344	GSE264344_design__T=Blood__H=3__B=NA__G=delivery_ad5__VS=baseline_0	paper_result_alignment	Strong positive IMRS at 1-24 h matches acute innate tissue response. Weak 72 h IMRS matches waning tissue-time kinetics, not model failure.	matches_paper_context	<local_project_root>\audit\results\supplement_dataset_split_provenance_v7.tsv	40162786	10.1128/jvi.00247-25	Publication context was mapped to support interpretation of dataset role and boundary-context handling.	not_recorded_in_source	NA	09_boundary_context_audit	Supplementary Tables S1-S3	documented	Mouse Ad26/Ad5 vector vaccination time course across blood, muscle, and draining lymph node from 1 h to 72 h. The paper reports that innate immune response begins by 1 h, evolves across tissues within 24 h, and wanes by 72 h.
CUR00315	split_definition	GSE264344	GSE264344_design__T=Muscle__H=3__B=NA__G=delivery_ad26__VS=baseline_0	delivery_vs_control_split	<local_project_root>/00_metadata/verified_metadata/splited/GSE264344_design/GSE264344_design__T=Muscle__H=3__B=NA__G=delivery_ad26__VS=baseline_0.tsv	delivery ad26 versus baseline 0	<local_project_root>\audit\results\supplement_dataset_split_provenance_v7.tsv	40162786	10.1128/jvi.00247-25	Curated split definition consumed by automated scoring and transfer-evaluation scripts.	not_recorded_in_source	NA	02_design_and_split_generation; 07_split_contrast_transfer_evaluation	Supplementary Table S2; validation figures	documented	verified_from_local_metadata_and_manual_paper_context
CUR00316	treatment_control_label	GSE264344	GSE264344_design__T=Muscle__H=3__B=NA__G=delivery_ad26__VS=baseline_0	treatment_group_clean	delivery_ad26	delivery ad26	<local_project_root>\audit\results\supplement_dataset_split_provenance_v7.tsv	40162786	10.1128/jvi.00247-25	Curated treatment/delivery label harmonized from dataset metadata.	not_recorded_in_source	NA	02_design_and_split_generation	Supplementary Table S2	documented	delivery group label
CUR00317	treatment_control_label	GSE264344	GSE264344_design__T=Muscle__H=3__B=NA__G=delivery_ad26__VS=baseline_0	control_group_clean	baseline_0	baseline 0	<local_project_root>\audit\results\supplement_dataset_split_provenance_v7.tsv	40162786	10.1128/jvi.00247-25	Curated control/baseline label harmonized from dataset metadata.	not_recorded_in_source	NA	02_design_and_split_generation	Supplementary Table S2	documented	control group label
CUR00318	tissue_timepoint_annotation	GSE264344	GSE264344_design__T=Muscle__H=3__B=NA__G=delivery_ad26__VS=baseline_0	tissue; timepoint_h	Muscle; 0; 3	Muscle; 3	<local_project_root>\audit\results\supplement_dataset_split_provenance_v7.tsv	40162786	10.1128/jvi.00247-25	Curated tissue and timepoint annotations harmonize public metadata for split-level analysis.	not_recorded_in_source	NA	01_metadata_processing; 02_design_and_split_generation	Figures 1-5; Supplementary Tables S1-S3	documented	metadata annotation
CUR00319	delivery_platform_annotation	GSE264344	GSE264344_design__T=Muscle__H=3__B=NA__G=delivery_ad26__VS=baseline_0	delivery_platform_or_modality	adenoviral vector	adenoviral vector	<local_project_root>\audit\results\supplement_dataset_split_provenance_v7.tsv	40162786	10.1128/jvi.00247-25	Curated delivery platform/modality label used for interpretation and provenance tables.	not_recorded_in_source	NA	01_metadata_processing; 08_dataset_role_cleanup	Supplementary Tables S1-S3	documented	delivery platform annotation
CUR00320	publication_context_mapping	GSE264344	GSE264344_design__T=Muscle__H=3__B=NA__G=delivery_ad26__VS=baseline_0	paper_result_alignment	Strong positive IMRS at 1-24 h matches acute innate tissue response. Weak 72 h IMRS matches waning tissue-time kinetics, not model failure.	matches_paper_context	<local_project_root>\audit\results\supplement_dataset_split_provenance_v7.tsv	40162786	10.1128/jvi.00247-25	Publication context was mapped to support interpretation of dataset role and boundary-context handling.	not_recorded_in_source	NA	09_boundary_context_audit	Supplementary Tables S1-S3	documented	Mouse Ad26/Ad5 vector vaccination time course across blood, muscle, and draining lymph node from 1 h to 72 h. The paper reports that innate immune response begins by 1 h, evolves across tissues within 24 h, and wanes by 72 h.
CUR00321	split_definition	GSE264344	GSE264344_design__T=Muscle__H=3__B=NA__G=delivery_ad5__VS=baseline_0	delivery_vs_control_split	<local_project_root>/00_metadata/verified_metadata/splited/GSE264344_design/GSE264344_design__T=Muscle__H=3__B=NA__G=delivery_ad5__VS=baseline_0.tsv	delivery ad5 versus baseline 0	<local_project_root>\audit\results\supplement_dataset_split_provenance_v7.tsv	40162786	10.1128/jvi.00247-25	Curated split definition consumed by automated scoring and transfer-evaluation scripts.	not_recorded_in_source	NA	02_design_and_split_generation; 07_split_contrast_transfer_evaluation	Supplementary Table S2; validation figures	documented	verified_from_local_metadata_and_manual_paper_context
CUR00322	treatment_control_label	GSE264344	GSE264344_design__T=Muscle__H=3__B=NA__G=delivery_ad5__VS=baseline_0	treatment_group_clean	delivery_ad5	delivery ad5	<local_project_root>\audit\results\supplement_dataset_split_provenance_v7.tsv	40162786	10.1128/jvi.00247-25	Curated treatment/delivery label harmonized from dataset metadata.	not_recorded_in_source	NA	02_design_and_split_generation	Supplementary Table S2	documented	delivery group label
CUR00323	treatment_control_label	GSE264344	GSE264344_design__T=Muscle__H=3__B=NA__G=delivery_ad5__VS=baseline_0	control_group_clean	baseline_0	baseline 0	<local_project_root>\audit\results\supplement_dataset_split_provenance_v7.tsv	40162786	10.1128/jvi.00247-25	Curated control/baseline label harmonized from dataset metadata.	not_recorded_in_source	NA	02_design_and_split_generation	Supplementary Table S2	documented	control group label
CUR00324	tissue_timepoint_annotation	GSE264344	GSE264344_design__T=Muscle__H=3__B=NA__G=delivery_ad5__VS=baseline_0	tissue; timepoint_h	Muscle; 0; 3	Muscle; 3	<local_project_root>\audit\results\supplement_dataset_split_provenance_v7.tsv	40162786	10.1128/jvi.00247-25	Curated tissue and timepoint annotations harmonize public metadata for split-level analysis.	not_recorded_in_source	NA	01_metadata_processing; 02_design_and_split_generation	Figures 1-5; Supplementary Tables S1-S3	documented	metadata annotation
CUR00325	delivery_platform_annotation	GSE264344	GSE264344_design__T=Muscle__H=3__B=NA__G=delivery_ad5__VS=baseline_0	delivery_platform_or_modality	adenoviral vector	adenoviral vector	<local_project_root>\audit\results\supplement_dataset_split_provenance_v7.tsv	40162786	10.1128/jvi.00247-25	Curated delivery platform/modality label used for interpretation and provenance tables.	not_recorded_in_source	NA	01_metadata_processing; 08_dataset_role_cleanup	Supplementary Tables S1-S3	documented	delivery platform annotation
CUR00326	publication_context_mapping	GSE264344	GSE264344_design__T=Muscle__H=3__B=NA__G=delivery_ad5__VS=baseline_0	paper_result_alignment	Strong positive IMRS at 1-24 h matches acute innate tissue response. Weak 72 h IMRS matches waning tissue-time kinetics, not model failure.	matches_paper_context	<local_project_root>\audit\results\supplement_dataset_split_provenance_v7.tsv	40162786	10.1128/jvi.00247-25	Publication context was mapped to support interpretation of dataset role and boundary-context handling.	not_recorded_in_source	NA	09_boundary_context_audit	Supplementary Tables S1-S3	documented	Mouse Ad26/Ad5 vector vaccination time course across blood, muscle, and draining lymph node from 1 h to 72 h. The paper reports that innate immune response begins by 1 h, evolves across tissues within 24 h, and wanes by 72 h.
CUR00327	split_definition	GSE264344	GSE264344_design__T=dLN__H=3__B=NA__G=delivery_ad26__VS=baseline_0	delivery_vs_control_split	<local_project_root>/00_metadata/verified_metadata/splited/GSE264344_design/GSE264344_design__T=dLN__H=3__B=NA__G=delivery_ad26__VS=baseline_0.tsv	delivery ad26 versus baseline 0	<local_project_root>\audit\results\supplement_dataset_split_provenance_v7.tsv	40162786	10.1128/jvi.00247-25	Curated split definition consumed by automated scoring and transfer-evaluation scripts.	not_recorded_in_source	NA	02_design_and_split_generation; 07_split_contrast_transfer_evaluation	Supplementary Table S2; validation figures	documented	verified_from_local_metadata_and_manual_paper_context
CUR00328	treatment_control_label	GSE264344	GSE264344_design__T=dLN__H=3__B=NA__G=delivery_ad26__VS=baseline_0	treatment_group_clean	delivery_ad26	delivery ad26	<local_project_root>\audit\results\supplement_dataset_split_provenance_v7.tsv	40162786	10.1128/jvi.00247-25	Curated treatment/delivery label harmonized from dataset metadata.	not_recorded_in_source	NA	02_design_and_split_generation	Supplementary Table S2	documented	delivery group label
CUR00329	treatment_control_label	GSE264344	GSE264344_design__T=dLN__H=3__B=NA__G=delivery_ad26__VS=baseline_0	control_group_clean	baseline_0	baseline 0	<local_project_root>\audit\results\supplement_dataset_split_provenance_v7.tsv	40162786	10.1128/jvi.00247-25	Curated control/baseline label harmonized from dataset metadata.	not_recorded_in_source	NA	02_design_and_split_generation	Supplementary Table S2	documented	control group label
CUR00330	tissue_timepoint_annotation	GSE264344	GSE264344_design__T=dLN__H=3__B=NA__G=delivery_ad26__VS=baseline_0	tissue; timepoint_h	dLN; 0; 3	dLN; 3	<local_project_root>\audit\results\supplement_dataset_split_provenance_v7.tsv	40162786	10.1128/jvi.00247-25	Curated tissue and timepoint annotations harmonize public metadata for split-level analysis.	not_recorded_in_source	NA	01_metadata_processing; 02_design_and_split_generation	Figures 1-5; Supplementary Tables S1-S3	documented	metadata annotation
CUR00331	delivery_platform_annotation	GSE264344	GSE264344_design__T=dLN__H=3__B=NA__G=delivery_ad26__VS=baseline_0	delivery_platform_or_modality	adenoviral vector	adenoviral vector	<local_project_root>\audit\results\supplement_dataset_split_provenance_v7.tsv	40162786	10.1128/jvi.00247-25	Curated delivery platform/modality label used for interpretation and provenance tables.	not_recorded_in_source	NA	01_metadata_processing; 08_dataset_role_cleanup	Supplementary Tables S1-S3	documented	delivery platform annotation
CUR00332	publication_context_mapping	GSE264344	GSE264344_design__T=dLN__H=3__B=NA__G=delivery_ad26__VS=baseline_0	paper_result_alignment	Strong positive IMRS at 1-24 h matches acute innate tissue response. Weak 72 h IMRS matches waning tissue-time kinetics, not model failure.	matches_paper_context	<local_project_root>\audit\results\supplement_dataset_split_provenance_v7.tsv	40162786	10.1128/jvi.00247-25	Publication context was mapped to support interpretation of dataset role and boundary-context handling.	not_recorded_in_source	NA	09_boundary_context_audit	Supplementary Tables S1-S3	documented	Mouse Ad26/Ad5 vector vaccination time course across blood, muscle, and draining lymph node from 1 h to 72 h. The paper reports that innate immune response begins by 1 h, evolves across tissues within 24 h, and wanes by 72 h.
CUR00333	split_definition	GSE264344	GSE264344_design__T=dLN__H=3__B=NA__G=delivery_ad5__VS=baseline_0	delivery_vs_control_split	<local_project_root>/00_metadata/verified_metadata/splited/GSE264344_design/GSE264344_design__T=dLN__H=3__B=NA__G=delivery_ad5__VS=baseline_0.tsv	delivery ad5 versus baseline 0	<local_project_root>\audit\results\supplement_dataset_split_provenance_v7.tsv	40162786	10.1128/jvi.00247-25	Curated split definition consumed by automated scoring and transfer-evaluation scripts.	not_recorded_in_source	NA	02_design_and_split_generation; 07_split_contrast_transfer_evaluation	Supplementary Table S2; validation figures	documented	verified_from_local_metadata_and_manual_paper_context
CUR00334	treatment_control_label	GSE264344	GSE264344_design__T=dLN__H=3__B=NA__G=delivery_ad5__VS=baseline_0	treatment_group_clean	delivery_ad5	delivery ad5	<local_project_root>\audit\results\supplement_dataset_split_provenance_v7.tsv	40162786	10.1128/jvi.00247-25	Curated treatment/delivery label harmonized from dataset metadata.	not_recorded_in_source	NA	02_design_and_split_generation	Supplementary Table S2	documented	delivery group label
CUR00335	treatment_control_label	GSE264344	GSE264344_design__T=dLN__H=3__B=NA__G=delivery_ad5__VS=baseline_0	control_group_clean	baseline_0	baseline 0	<local_project_root>\audit\results\supplement_dataset_split_provenance_v7.tsv	40162786	10.1128/jvi.00247-25	Curated control/baseline label harmonized from dataset metadata.	not_recorded_in_source	NA	02_design_and_split_generation	Supplementary Table S2	documented	control group label
CUR00336	tissue_timepoint_annotation	GSE264344	GSE264344_design__T=dLN__H=3__B=NA__G=delivery_ad5__VS=baseline_0	tissue; timepoint_h	dLN; 0; 3	dLN; 3	<local_project_root>\audit\results\supplement_dataset_split_provenance_v7.tsv	40162786	10.1128/jvi.00247-25	Curated tissue and timepoint annotations harmonize public metadata for split-level analysis.	not_recorded_in_source	NA	01_metadata_processing; 02_design_and_split_generation	Figures 1-5; Supplementary Tables S1-S3	documented	metadata annotation
CUR00337	delivery_platform_annotation	GSE264344	GSE264344_design__T=dLN__H=3__B=NA__G=delivery_ad5__VS=baseline_0	delivery_platform_or_modality	adenoviral vector	adenoviral vector	<local_project_root>\audit\results\supplement_dataset_split_provenance_v7.tsv	40162786	10.1128/jvi.00247-25	Curated delivery platform/modality label used for interpretation and provenance tables.	not_recorded_in_source	NA	01_metadata_processing; 08_dataset_role_cleanup	Supplementary Tables S1-S3	documented	delivery platform annotation
CUR00338	publication_context_mapping	GSE264344	GSE264344_design__T=dLN__H=3__B=NA__G=delivery_ad5__VS=baseline_0	paper_result_alignment	Strong positive IMRS at 1-24 h matches acute innate tissue response. Weak 72 h IMRS matches waning tissue-time kinetics, not model failure.	matches_paper_context	<local_project_root>\audit\results\supplement_dataset_split_provenance_v7.tsv	40162786	10.1128/jvi.00247-25	Publication context was mapped to support interpretation of dataset role and boundary-context handling.	not_recorded_in_source	NA	09_boundary_context_audit	Supplementary Tables S1-S3	documented	Mouse Ad26/Ad5 vector vaccination time course across blood, muscle, and draining lymph node from 1 h to 72 h. The paper reports that innate immune response begins by 1 h, evolves across tissues within 24 h, and wanes by 72 h.
CUR00339	split_definition	GSE264344	GSE264344_design__T=Blood__H=6__B=NA__G=delivery_ad26__VS=baseline_0	delivery_vs_control_split	<local_project_root>/00_metadata/verified_metadata/splited/GSE264344_design/GSE264344_design__T=Blood__H=6__B=NA__G=delivery_ad26__VS=baseline_0.tsv	delivery ad26 versus baseline 0	<local_project_root>\audit\results\supplement_dataset_split_provenance_v7.tsv	40162786	10.1128/jvi.00247-25	Curated split definition consumed by automated scoring and transfer-evaluation scripts.	not_recorded_in_source	NA	02_design_and_split_generation; 07_split_contrast_transfer_evaluation	Supplementary Table S2; validation figures	documented	verified_from_local_metadata_and_manual_paper_context
CUR00340	treatment_control_label	GSE264344	GSE264344_design__T=Blood__H=6__B=NA__G=delivery_ad26__VS=baseline_0	treatment_group_clean	delivery_ad26	delivery ad26	<local_project_root>\audit\results\supplement_dataset_split_provenance_v7.tsv	40162786	10.1128/jvi.00247-25	Curated treatment/delivery label harmonized from dataset metadata.	not_recorded_in_source	NA	02_design_and_split_generation	Supplementary Table S2	documented	delivery group label
CUR00341	treatment_control_label	GSE264344	GSE264344_design__T=Blood__H=6__B=NA__G=delivery_ad26__VS=baseline_0	control_group_clean	baseline_0	baseline 0	<local_project_root>\audit\results\supplement_dataset_split_provenance_v7.tsv	40162786	10.1128/jvi.00247-25	Curated control/baseline label harmonized from dataset metadata.	not_recorded_in_source	NA	02_design_and_split_generation	Supplementary Table S2	documented	control group label
CUR00342	tissue_timepoint_annotation	GSE264344	GSE264344_design__T=Blood__H=6__B=NA__G=delivery_ad26__VS=baseline_0	tissue; timepoint_h	Blood; 0; 6	Blood; 6	<local_project_root>\audit\results\supplement_dataset_split_provenance_v7.tsv	40162786	10.1128/jvi.00247-25	Curated tissue and timepoint annotations harmonize public metadata for split-level analysis.	not_recorded_in_source	NA	01_metadata_processing; 02_design_and_split_generation	Figures 1-5; Supplementary Tables S1-S3	documented	metadata annotation
CUR00343	delivery_platform_annotation	GSE264344	GSE264344_design__T=Blood__H=6__B=NA__G=delivery_ad26__VS=baseline_0	delivery_platform_or_modality	adenoviral vector	adenoviral vector	<local_project_root>\audit\results\supplement_dataset_split_provenance_v7.tsv	40162786	10.1128/jvi.00247-25	Curated delivery platform/modality label used for interpretation and provenance tables.	not_recorded_in_source	NA	01_metadata_processing; 08_dataset_role_cleanup	Supplementary Tables S1-S3	documented	delivery platform annotation
CUR00344	publication_context_mapping	GSE264344	GSE264344_design__T=Blood__H=6__B=NA__G=delivery_ad26__VS=baseline_0	paper_result_alignment	Strong positive IMRS at 1-24 h matches acute innate tissue response. Weak 72 h IMRS matches waning tissue-time kinetics, not model failure.	matches_paper_context	<local_project_root>\audit\results\supplement_dataset_split_provenance_v7.tsv	40162786	10.1128/jvi.00247-25	Publication context was mapped to support interpretation of dataset role and boundary-context handling.	not_recorded_in_source	NA	09_boundary_context_audit	Supplementary Tables S1-S3	documented	Mouse Ad26/Ad5 vector vaccination time course across blood, muscle, and draining lymph node from 1 h to 72 h. The paper reports that innate immune response begins by 1 h, evolves across tissues within 24 h, and wanes by 72 h.
CUR00345	split_definition	GSE264344	GSE264344_design__T=Blood__H=6__B=NA__G=delivery_ad5__VS=baseline_0	delivery_vs_control_split	<local_project_root>/00_metadata/verified_metadata/splited/GSE264344_design/GSE264344_design__T=Blood__H=6__B=NA__G=delivery_ad5__VS=baseline_0.tsv	delivery ad5 versus baseline 0	<local_project_root>\audit\results\supplement_dataset_split_provenance_v7.tsv	40162786	10.1128/jvi.00247-25	Curated split definition consumed by automated scoring and transfer-evaluation scripts.	not_recorded_in_source	NA	02_design_and_split_generation; 07_split_contrast_transfer_evaluation	Supplementary Table S2; validation figures	documented	verified_from_local_metadata_and_manual_paper_context
CUR00346	treatment_control_label	GSE264344	GSE264344_design__T=Blood__H=6__B=NA__G=delivery_ad5__VS=baseline_0	treatment_group_clean	delivery_ad5	delivery ad5	<local_project_root>\audit\results\supplement_dataset_split_provenance_v7.tsv	40162786	10.1128/jvi.00247-25	Curated treatment/delivery label harmonized from dataset metadata.	not_recorded_in_source	NA	02_design_and_split_generation	Supplementary Table S2	documented	delivery group label
CUR00347	treatment_control_label	GSE264344	GSE264344_design__T=Blood__H=6__B=NA__G=delivery_ad5__VS=baseline_0	control_group_clean	baseline_0	baseline 0	<local_project_root>\audit\results\supplement_dataset_split_provenance_v7.tsv	40162786	10.1128/jvi.00247-25	Curated control/baseline label harmonized from dataset metadata.	not_recorded_in_source	NA	02_design_and_split_generation	Supplementary Table S2	documented	control group label
CUR00348	tissue_timepoint_annotation	GSE264344	GSE264344_design__T=Blood__H=6__B=NA__G=delivery_ad5__VS=baseline_0	tissue; timepoint_h	Blood; 0; 6	Blood; 6	<local_project_root>\audit\results\supplement_dataset_split_provenance_v7.tsv	40162786	10.1128/jvi.00247-25	Curated tissue and timepoint annotations harmonize public metadata for split-level analysis.	not_recorded_in_source	NA	01_metadata_processing; 02_design_and_split_generation	Figures 1-5; Supplementary Tables S1-S3	documented	metadata annotation
CUR00349	delivery_platform_annotation	GSE264344	GSE264344_design__T=Blood__H=6__B=NA__G=delivery_ad5__VS=baseline_0	delivery_platform_or_modality	adenoviral vector	adenoviral vector	<local_project_root>\audit\results\supplement_dataset_split_provenance_v7.tsv	40162786	10.1128/jvi.00247-25	Curated delivery platform/modality label used for interpretation and provenance tables.	not_recorded_in_source	NA	01_metadata_processing; 08_dataset_role_cleanup	Supplementary Tables S1-S3	documented	delivery platform annotation
CUR00350	publication_context_mapping	GSE264344	GSE264344_design__T=Blood__H=6__B=NA__G=delivery_ad5__VS=baseline_0	paper_result_alignment	Strong positive IMRS at 1-24 h matches acute innate tissue response. Weak 72 h IMRS matches waning tissue-time kinetics, not model failure.	matches_paper_context	<local_project_root>\audit\results\supplement_dataset_split_provenance_v7.tsv	40162786	10.1128/jvi.00247-25	Publication context was mapped to support interpretation of dataset role and boundary-context handling.	not_recorded_in_source	NA	09_boundary_context_audit	Supplementary Tables S1-S3	documented	Mouse Ad26/Ad5 vector vaccination time course across blood, muscle, and draining lymph node from 1 h to 72 h. The paper reports that innate immune response begins by 1 h, evolves across tissues within 24 h, and wanes by 72 h.
CUR00351	split_definition	GSE264344	GSE264344_design__T=Muscle__H=6__B=NA__G=delivery_ad26__VS=baseline_0	delivery_vs_control_split	<local_project_root>/00_metadata/verified_metadata/splited/GSE264344_design/GSE264344_design__T=Muscle__H=6__B=NA__G=delivery_ad26__VS=baseline_0.tsv	delivery ad26 versus baseline 0	<local_project_root>\audit\results\supplement_dataset_split_provenance_v7.tsv	40162786	10.1128/jvi.00247-25	Curated split definition consumed by automated scoring and transfer-evaluation scripts.	not_recorded_in_source	NA	02_design_and_split_generation; 07_split_contrast_transfer_evaluation	Supplementary Table S2; validation figures	documented	verified_from_local_metadata_and_manual_paper_context
CUR00352	treatment_control_label	GSE264344	GSE264344_design__T=Muscle__H=6__B=NA__G=delivery_ad26__VS=baseline_0	treatment_group_clean	delivery_ad26	delivery ad26	<local_project_root>\audit\results\supplement_dataset_split_provenance_v7.tsv	40162786	10.1128/jvi.00247-25	Curated treatment/delivery label harmonized from dataset metadata.	not_recorded_in_source	NA	02_design_and_split_generation	Supplementary Table S2	documented	delivery group label
CUR00353	treatment_control_label	GSE264344	GSE264344_design__T=Muscle__H=6__B=NA__G=delivery_ad26__VS=baseline_0	control_group_clean	baseline_0	baseline 0	<local_project_root>\audit\results\supplement_dataset_split_provenance_v7.tsv	40162786	10.1128/jvi.00247-25	Curated control/baseline label harmonized from dataset metadata.	not_recorded_in_source	NA	02_design_and_split_generation	Supplementary Table S2	documented	control group label
CUR00354	tissue_timepoint_annotation	GSE264344	GSE264344_design__T=Muscle__H=6__B=NA__G=delivery_ad26__VS=baseline_0	tissue; timepoint_h	Muscle; 0; 6	Muscle; 6	<local_project_root>\audit\results\supplement_dataset_split_provenance_v7.tsv	40162786	10.1128/jvi.00247-25	Curated tissue and timepoint annotations harmonize public metadata for split-level analysis.	not_recorded_in_source	NA	01_metadata_processing; 02_design_and_split_generation	Figures 1-5; Supplementary Tables S1-S3	documented	metadata annotation
CUR00355	delivery_platform_annotation	GSE264344	GSE264344_design__T=Muscle__H=6__B=NA__G=delivery_ad26__VS=baseline_0	delivery_platform_or_modality	adenoviral vector	adenoviral vector	<local_project_root>\audit\results\supplement_dataset_split_provenance_v7.tsv	40162786	10.1128/jvi.00247-25	Curated delivery platform/modality label used for interpretation and provenance tables.	not_recorded_in_source	NA	01_metadata_processing; 08_dataset_role_cleanup	Supplementary Tables S1-S3	documented	delivery platform annotation
CUR00356	publication_context_mapping	GSE264344	GSE264344_design__T=Muscle__H=6__B=NA__G=delivery_ad26__VS=baseline_0	paper_result_alignment	Strong positive IMRS at 1-24 h matches acute innate tissue response. Weak 72 h IMRS matches waning tissue-time kinetics, not model failure.	matches_paper_context	<local_project_root>\audit\results\supplement_dataset_split_provenance_v7.tsv	40162786	10.1128/jvi.00247-25	Publication context was mapped to support interpretation of dataset role and boundary-context handling.	not_recorded_in_source	NA	09_boundary_context_audit	Supplementary Tables S1-S3	documented	Mouse Ad26/Ad5 vector vaccination time course across blood, muscle, and draining lymph node from 1 h to 72 h. The paper reports that innate immune response begins by 1 h, evolves across tissues within 24 h, and wanes by 72 h.
CUR00357	split_definition	GSE264344	GSE264344_design__T=Muscle__H=6__B=NA__G=delivery_ad5__VS=baseline_0	delivery_vs_control_split	<local_project_root>/00_metadata/verified_metadata/splited/GSE264344_design/GSE264344_design__T=Muscle__H=6__B=NA__G=delivery_ad5__VS=baseline_0.tsv	delivery ad5 versus baseline 0	<local_project_root>\audit\results\supplement_dataset_split_provenance_v7.tsv	40162786	10.1128/jvi.00247-25	Curated split definition consumed by automated scoring and transfer-evaluation scripts.	not_recorded_in_source	NA	02_design_and_split_generation; 07_split_contrast_transfer_evaluation	Supplementary Table S2; validation figures	documented	verified_from_local_metadata_and_manual_paper_context
CUR00358	treatment_control_label	GSE264344	GSE264344_design__T=Muscle__H=6__B=NA__G=delivery_ad5__VS=baseline_0	treatment_group_clean	delivery_ad5	delivery ad5	<local_project_root>\audit\results\supplement_dataset_split_provenance_v7.tsv	40162786	10.1128/jvi.00247-25	Curated treatment/delivery label harmonized from dataset metadata.	not_recorded_in_source	NA	02_design_and_split_generation	Supplementary Table S2	documented	delivery group label
CUR00359	treatment_control_label	GSE264344	GSE264344_design__T=Muscle__H=6__B=NA__G=delivery_ad5__VS=baseline_0	control_group_clean	baseline_0	baseline 0	<local_project_root>\audit\results\supplement_dataset_split_provenance_v7.tsv	40162786	10.1128/jvi.00247-25	Curated control/baseline label harmonized from dataset metadata.	not_recorded_in_source	NA	02_design_and_split_generation	Supplementary Table S2	documented	control group label
CUR00360	tissue_timepoint_annotation	GSE264344	GSE264344_design__T=Muscle__H=6__B=NA__G=delivery_ad5__VS=baseline_0	tissue; timepoint_h	Muscle; 0; 6	Muscle; 6	<local_project_root>\audit\results\supplement_dataset_split_provenance_v7.tsv	40162786	10.1128/jvi.00247-25	Curated tissue and timepoint annotations harmonize public metadata for split-level analysis.	not_recorded_in_source	NA	01_metadata_processing; 02_design_and_split_generation	Figures 1-5; Supplementary Tables S1-S3	documented	metadata annotation
CUR00361	delivery_platform_annotation	GSE264344	GSE264344_design__T=Muscle__H=6__B=NA__G=delivery_ad5__VS=baseline_0	delivery_platform_or_modality	adenoviral vector	adenoviral vector	<local_project_root>\audit\results\supplement_dataset_split_provenance_v7.tsv	40162786	10.1128/jvi.00247-25	Curated delivery platform/modality label used for interpretation and provenance tables.	not_recorded_in_source	NA	01_metadata_processing; 08_dataset_role_cleanup	Supplementary Tables S1-S3	documented	delivery platform annotation
CUR00362	publication_context_mapping	GSE264344	GSE264344_design__T=Muscle__H=6__B=NA__G=delivery_ad5__VS=baseline_0	paper_result_alignment	Strong positive IMRS at 1-24 h matches acute innate tissue response. Weak 72 h IMRS matches waning tissue-time kinetics, not model failure.	matches_paper_context	<local_project_root>\audit\results\supplement_dataset_split_provenance_v7.tsv	40162786	10.1128/jvi.00247-25	Publication context was mapped to support interpretation of dataset role and boundary-context handling.	not_recorded_in_source	NA	09_boundary_context_audit	Supplementary Tables S1-S3	documented	Mouse Ad26/Ad5 vector vaccination time course across blood, muscle, and draining lymph node from 1 h to 72 h. The paper reports that innate immune response begins by 1 h, evolves across tissues within 24 h, and wanes by 72 h.
CUR00363	split_definition	GSE264344	GSE264344_design__T=dLN__H=6__B=NA__G=delivery_ad26__VS=baseline_0	delivery_vs_control_split	<local_project_root>/00_metadata/verified_metadata/splited/GSE264344_design/GSE264344_design__T=dLN__H=6__B=NA__G=delivery_ad26__VS=baseline_0.tsv	delivery ad26 versus baseline 0	<local_project_root>\audit\results\supplement_dataset_split_provenance_v7.tsv	40162786	10.1128/jvi.00247-25	Curated split definition consumed by automated scoring and transfer-evaluation scripts.	not_recorded_in_source	NA	02_design_and_split_generation; 07_split_contrast_transfer_evaluation	Supplementary Table S2; validation figures	documented	verified_from_local_metadata_and_manual_paper_context
CUR00364	treatment_control_label	GSE264344	GSE264344_design__T=dLN__H=6__B=NA__G=delivery_ad26__VS=baseline_0	treatment_group_clean	delivery_ad26	delivery ad26	<local_project_root>\audit\results\supplement_dataset_split_provenance_v7.tsv	40162786	10.1128/jvi.00247-25	Curated treatment/delivery label harmonized from dataset metadata.	not_recorded_in_source	NA	02_design_and_split_generation	Supplementary Table S2	documented	delivery group label
CUR00365	treatment_control_label	GSE264344	GSE264344_design__T=dLN__H=6__B=NA__G=delivery_ad26__VS=baseline_0	control_group_clean	baseline_0	baseline 0	<local_project_root>\audit\results\supplement_dataset_split_provenance_v7.tsv	40162786	10.1128/jvi.00247-25	Curated control/baseline label harmonized from dataset metadata.	not_recorded_in_source	NA	02_design_and_split_generation	Supplementary Table S2	documented	control group label
CUR00366	tissue_timepoint_annotation	GSE264344	GSE264344_design__T=dLN__H=6__B=NA__G=delivery_ad26__VS=baseline_0	tissue; timepoint_h	dLN; 0; 6	dLN; 6	<local_project_root>\audit\results\supplement_dataset_split_provenance_v7.tsv	40162786	10.1128/jvi.00247-25	Curated tissue and timepoint annotations harmonize public metadata for split-level analysis.	not_recorded_in_source	NA	01_metadata_processing; 02_design_and_split_generation	Figures 1-5; Supplementary Tables S1-S3	documented	metadata annotation
CUR00367	delivery_platform_annotation	GSE264344	GSE264344_design__T=dLN__H=6__B=NA__G=delivery_ad26__VS=baseline_0	delivery_platform_or_modality	adenoviral vector	adenoviral vector	<local_project_root>\audit\results\supplement_dataset_split_provenance_v7.tsv	40162786	10.1128/jvi.00247-25	Curated delivery platform/modality label used for interpretation and provenance tables.	not_recorded_in_source	NA	01_metadata_processing; 08_dataset_role_cleanup	Supplementary Tables S1-S3	documented	delivery platform annotation
CUR00368	publication_context_mapping	GSE264344	GSE264344_design__T=dLN__H=6__B=NA__G=delivery_ad26__VS=baseline_0	paper_result_alignment	Strong positive IMRS at 1-24 h matches acute innate tissue response. Weak 72 h IMRS matches waning tissue-time kinetics, not model failure.	matches_paper_context	<local_project_root>\audit\results\supplement_dataset_split_provenance_v7.tsv	40162786	10.1128/jvi.00247-25	Publication context was mapped to support interpretation of dataset role and boundary-context handling.	not_recorded_in_source	NA	09_boundary_context_audit	Supplementary Tables S1-S3	documented	Mouse Ad26/Ad5 vector vaccination time course across blood, muscle, and draining lymph node from 1 h to 72 h. The paper reports that innate immune response begins by 1 h, evolves across tissues within 24 h, and wanes by 72 h.
CUR00369	split_definition	GSE264344	GSE264344_design__T=dLN__H=6__B=NA__G=delivery_ad5__VS=baseline_0	delivery_vs_control_split	<local_project_root>/00_metadata/verified_metadata/splited/GSE264344_design/GSE264344_design__T=dLN__H=6__B=NA__G=delivery_ad5__VS=baseline_0.tsv	delivery ad5 versus baseline 0	<local_project_root>\audit\results\supplement_dataset_split_provenance_v7.tsv	40162786	10.1128/jvi.00247-25	Curated split definition consumed by automated scoring and transfer-evaluation scripts.	not_recorded_in_source	NA	02_design_and_split_generation; 07_split_contrast_transfer_evaluation	Supplementary Table S2; validation figures	documented	verified_from_local_metadata_and_manual_paper_context
CUR00370	treatment_control_label	GSE264344	GSE264344_design__T=dLN__H=6__B=NA__G=delivery_ad5__VS=baseline_0	treatment_group_clean	delivery_ad5	delivery ad5	<local_project_root>\audit\results\supplement_dataset_split_provenance_v7.tsv	40162786	10.1128/jvi.00247-25	Curated treatment/delivery label harmonized from dataset metadata.	not_recorded_in_source	NA	02_design_and_split_generation	Supplementary Table S2	documented	delivery group label
CUR00371	treatment_control_label	GSE264344	GSE264344_design__T=dLN__H=6__B=NA__G=delivery_ad5__VS=baseline_0	control_group_clean	baseline_0	baseline 0	<local_project_root>\audit\results\supplement_dataset_split_provenance_v7.tsv	40162786	10.1128/jvi.00247-25	Curated control/baseline label harmonized from dataset metadata.	not_recorded_in_source	NA	02_design_and_split_generation	Supplementary Table S2	documented	control group label
CUR00372	tissue_timepoint_annotation	GSE264344	GSE264344_design__T=dLN__H=6__B=NA__G=delivery_ad5__VS=baseline_0	tissue; timepoint_h	dLN; 0; 6	dLN; 6	<local_project_root>\audit\results\supplement_dataset_split_provenance_v7.tsv	40162786	10.1128/jvi.00247-25	Curated tissue and timepoint annotations harmonize public metadata for split-level analysis.	not_recorded_in_source	NA	01_metadata_processing; 02_design_and_split_generation	Figures 1-5; Supplementary Tables S1-S3	documented	metadata annotation
CUR00373	delivery_platform_annotation	GSE264344	GSE264344_design__T=dLN__H=6__B=NA__G=delivery_ad5__VS=baseline_0	delivery_platform_or_modality	adenoviral vector	adenoviral vector	<local_project_root>\audit\results\supplement_dataset_split_provenance_v7.tsv	40162786	10.1128/jvi.00247-25	Curated delivery platform/modality label used for interpretation and provenance tables.	not_recorded_in_source	NA	01_metadata_processing; 08_dataset_role_cleanup	Supplementary Tables S1-S3	documented	delivery platform annotation
CUR00374	publication_context_mapping	GSE264344	GSE264344_design__T=dLN__H=6__B=NA__G=delivery_ad5__VS=baseline_0	paper_result_alignment	Strong positive IMRS at 1-24 h matches acute innate tissue response. Weak 72 h IMRS matches waning tissue-time kinetics, not model failure.	matches_paper_context	<local_project_root>\audit\results\supplement_dataset_split_provenance_v7.tsv	40162786	10.1128/jvi.00247-25	Publication context was mapped to support interpretation of dataset role and boundary-context handling.	not_recorded_in_source	NA	09_boundary_context_audit	Supplementary Tables S1-S3	documented	Mouse Ad26/Ad5 vector vaccination time course across blood, muscle, and draining lymph node from 1 h to 72 h. The paper reports that innate immune response begins by 1 h, evolves across tissues within 24 h, and wanes by 72 h.
CUR00375	split_definition	GSE264344	GSE264344_design__T=Blood__H=12__B=NA__G=delivery_ad26__VS=baseline_0	delivery_vs_control_split	<local_project_root>/00_metadata/verified_metadata/splited/GSE264344_design/GSE264344_design__T=Blood__H=12__B=NA__G=delivery_ad26__VS=baseline_0.tsv	delivery ad26 versus baseline 0	<local_project_root>\audit\results\supplement_dataset_split_provenance_v7.tsv	40162786	10.1128/jvi.00247-25	Curated split definition consumed by automated scoring and transfer-evaluation scripts.	not_recorded_in_source	NA	02_design_and_split_generation; 07_split_contrast_transfer_evaluation	Supplementary Table S2; validation figures	documented	verified_from_local_metadata_and_manual_paper_context
CUR00376	treatment_control_label	GSE264344	GSE264344_design__T=Blood__H=12__B=NA__G=delivery_ad26__VS=baseline_0	treatment_group_clean	delivery_ad26	delivery ad26	<local_project_root>\audit\results\supplement_dataset_split_provenance_v7.tsv	40162786	10.1128/jvi.00247-25	Curated treatment/delivery label harmonized from dataset metadata.	not_recorded_in_source	NA	02_design_and_split_generation	Supplementary Table S2	documented	delivery group label
CUR00377	treatment_control_label	GSE264344	GSE264344_design__T=Blood__H=12__B=NA__G=delivery_ad26__VS=baseline_0	control_group_clean	baseline_0	baseline 0	<local_project_root>\audit\results\supplement_dataset_split_provenance_v7.tsv	40162786	10.1128/jvi.00247-25	Curated control/baseline label harmonized from dataset metadata.	not_recorded_in_source	NA	02_design_and_split_generation	Supplementary Table S2	documented	control group label
CUR00378	tissue_timepoint_annotation	GSE264344	GSE264344_design__T=Blood__H=12__B=NA__G=delivery_ad26__VS=baseline_0	tissue; timepoint_h	Blood; 0; 12	Blood; 12	<local_project_root>\audit\results\supplement_dataset_split_provenance_v7.tsv	40162786	10.1128/jvi.00247-25	Curated tissue and timepoint annotations harmonize public metadata for split-level analysis.	not_recorded_in_source	NA	01_metadata_processing; 02_design_and_split_generation	Figures 1-5; Supplementary Tables S1-S3	documented	metadata annotation
CUR00379	delivery_platform_annotation	GSE264344	GSE264344_design__T=Blood__H=12__B=NA__G=delivery_ad26__VS=baseline_0	delivery_platform_or_modality	adenoviral vector	adenoviral vector	<local_project_root>\audit\results\supplement_dataset_split_provenance_v7.tsv	40162786	10.1128/jvi.00247-25	Curated delivery platform/modality label used for interpretation and provenance tables.	not_recorded_in_source	NA	01_metadata_processing; 08_dataset_role_cleanup	Supplementary Tables S1-S3	documented	delivery platform annotation
CUR00380	publication_context_mapping	GSE264344	GSE264344_design__T=Blood__H=12__B=NA__G=delivery_ad26__VS=baseline_0	paper_result_alignment	Strong positive IMRS at 1-24 h matches acute innate tissue response. Weak 72 h IMRS matches waning tissue-time kinetics, not model failure.	matches_paper_context	<local_project_root>\audit\results\supplement_dataset_split_provenance_v7.tsv	40162786	10.1128/jvi.00247-25	Publication context was mapped to support interpretation of dataset role and boundary-context handling.	not_recorded_in_source	NA	09_boundary_context_audit	Supplementary Tables S1-S3	documented	Mouse Ad26/Ad5 vector vaccination time course across blood, muscle, and draining lymph node from 1 h to 72 h. The paper reports that innate immune response begins by 1 h, evolves across tissues within 24 h, and wanes by 72 h.
CUR00381	split_definition	GSE264344	GSE264344_design__T=Blood__H=12__B=NA__G=delivery_ad5__VS=baseline_0	delivery_vs_control_split	<local_project_root>/00_metadata/verified_metadata/splited/GSE264344_design/GSE264344_design__T=Blood__H=12__B=NA__G=delivery_ad5__VS=baseline_0.tsv	delivery ad5 versus baseline 0	<local_project_root>\audit\results\supplement_dataset_split_provenance_v7.tsv	40162786	10.1128/jvi.00247-25	Curated split definition consumed by automated scoring and transfer-evaluation scripts.	not_recorded_in_source	NA	02_design_and_split_generation; 07_split_contrast_transfer_evaluation	Supplementary Table S2; validation figures	documented	verified_from_local_metadata_and_manual_paper_context
CUR00382	treatment_control_label	GSE264344	GSE264344_design__T=Blood__H=12__B=NA__G=delivery_ad5__VS=baseline_0	treatment_group_clean	delivery_ad5	delivery ad5	<local_project_root>\audit\results\supplement_dataset_split_provenance_v7.tsv	40162786	10.1128/jvi.00247-25	Curated treatment/delivery label harmonized from dataset metadata.	not_recorded_in_source	NA	02_design_and_split_generation	Supplementary Table S2	documented	delivery group label
CUR00383	treatment_control_label	GSE264344	GSE264344_design__T=Blood__H=12__B=NA__G=delivery_ad5__VS=baseline_0	control_group_clean	baseline_0	baseline 0	<local_project_root>\audit\results\supplement_dataset_split_provenance_v7.tsv	40162786	10.1128/jvi.00247-25	Curated control/baseline label harmonized from dataset metadata.	not_recorded_in_source	NA	02_design_and_split_generation	Supplementary Table S2	documented	control group label
CUR00384	tissue_timepoint_annotation	GSE264344	GSE264344_design__T=Blood__H=12__B=NA__G=delivery_ad5__VS=baseline_0	tissue; timepoint_h	Blood; 0; 12	Blood; 12	<local_project_root>\audit\results\supplement_dataset_split_provenance_v7.tsv	40162786	10.1128/jvi.00247-25	Curated tissue and timepoint annotations harmonize public metadata for split-level analysis.	not_recorded_in_source	NA	01_metadata_processing; 02_design_and_split_generation	Figures 1-5; Supplementary Tables S1-S3	documented	metadata annotation
CUR00385	delivery_platform_annotation	GSE264344	GSE264344_design__T=Blood__H=12__B=NA__G=delivery_ad5__VS=baseline_0	delivery_platform_or_modality	adenoviral vector	adenoviral vector	<local_project_root>\audit\results\supplement_dataset_split_provenance_v7.tsv	40162786	10.1128/jvi.00247-25	Curated delivery platform/modality label used for interpretation and provenance tables.	not_recorded_in_source	NA	01_metadata_processing; 08_dataset_role_cleanup	Supplementary Tables S1-S3	documented	delivery platform annotation
CUR00386	publication_context_mapping	GSE264344	GSE264344_design__T=Blood__H=12__B=NA__G=delivery_ad5__VS=baseline_0	paper_result_alignment	Strong positive IMRS at 1-24 h matches acute innate tissue response. Weak 72 h IMRS matches waning tissue-time kinetics, not model failure.	matches_paper_context	<local_project_root>\audit\results\supplement_dataset_split_provenance_v7.tsv	40162786	10.1128/jvi.00247-25	Publication context was mapped to support interpretation of dataset role and boundary-context handling.	not_recorded_in_source	NA	09_boundary_context_audit	Supplementary Tables S1-S3	documented	Mouse Ad26/Ad5 vector vaccination time course across blood, muscle, and draining lymph node from 1 h to 72 h. The paper reports that innate immune response begins by 1 h, evolves across tissues within 24 h, and wanes by 72 h.
CUR00387	split_definition	GSE264344	GSE264344_design__T=Muscle__H=12__B=NA__G=delivery_ad26__VS=baseline_0	delivery_vs_control_split	<local_project_root>/00_metadata/verified_metadata/splited/GSE264344_design/GSE264344_design__T=Muscle__H=12__B=NA__G=delivery_ad26__VS=baseline_0.tsv	delivery ad26 versus baseline 0	<local_project_root>\audit\results\supplement_dataset_split_provenance_v7.tsv	40162786	10.1128/jvi.00247-25	Curated split definition consumed by automated scoring and transfer-evaluation scripts.	not_recorded_in_source	NA	02_design_and_split_generation; 07_split_contrast_transfer_evaluation	Supplementary Table S2; validation figures	documented	verified_from_local_metadata_and_manual_paper_context
CUR00388	treatment_control_label	GSE264344	GSE264344_design__T=Muscle__H=12__B=NA__G=delivery_ad26__VS=baseline_0	treatment_group_clean	delivery_ad26	delivery ad26	<local_project_root>\audit\results\supplement_dataset_split_provenance_v7.tsv	40162786	10.1128/jvi.00247-25	Curated treatment/delivery label harmonized from dataset metadata.	not_recorded_in_source	NA	02_design_and_split_generation	Supplementary Table S2	documented	delivery group label
CUR00389	treatment_control_label	GSE264344	GSE264344_design__T=Muscle__H=12__B=NA__G=delivery_ad26__VS=baseline_0	control_group_clean	baseline_0	baseline 0	<local_project_root>\audit\results\supplement_dataset_split_provenance_v7.tsv	40162786	10.1128/jvi.00247-25	Curated control/baseline label harmonized from dataset metadata.	not_recorded_in_source	NA	02_design_and_split_generation	Supplementary Table S2	documented	control group label
CUR00390	tissue_timepoint_annotation	GSE264344	GSE264344_design__T=Muscle__H=12__B=NA__G=delivery_ad26__VS=baseline_0	tissue; timepoint_h	Muscle; 0; 12	Muscle; 12	<local_project_root>\audit\results\supplement_dataset_split_provenance_v7.tsv	40162786	10.1128/jvi.00247-25	Curated tissue and timepoint annotations harmonize public metadata for split-level analysis.	not_recorded_in_source	NA	01_metadata_processing; 02_design_and_split_generation	Figures 1-5; Supplementary Tables S1-S3	documented	metadata annotation
CUR00391	delivery_platform_annotation	GSE264344	GSE264344_design__T=Muscle__H=12__B=NA__G=delivery_ad26__VS=baseline_0	delivery_platform_or_modality	adenoviral vector	adenoviral vector	<local_project_root>\audit\results\supplement_dataset_split_provenance_v7.tsv	40162786	10.1128/jvi.00247-25	Curated delivery platform/modality label used for interpretation and provenance tables.	not_recorded_in_source	NA	01_metadata_processing; 08_dataset_role_cleanup	Supplementary Tables S1-S3	documented	delivery platform annotation
CUR00392	publication_context_mapping	GSE264344	GSE264344_design__T=Muscle__H=12__B=NA__G=delivery_ad26__VS=baseline_0	paper_result_alignment	Strong positive IMRS at 1-24 h matches acute innate tissue response. Weak 72 h IMRS matches waning tissue-time kinetics, not model failure.	matches_paper_context	<local_project_root>\audit\results\supplement_dataset_split_provenance_v7.tsv	40162786	10.1128/jvi.00247-25	Publication context was mapped to support interpretation of dataset role and boundary-context handling.	not_recorded_in_source	NA	09_boundary_context_audit	Supplementary Tables S1-S3	documented	Mouse Ad26/Ad5 vector vaccination time course across blood, muscle, and draining lymph node from 1 h to 72 h. The paper reports that innate immune response begins by 1 h, evolves across tissues within 24 h, and wanes by 72 h.
CUR00393	split_definition	GSE264344	GSE264344_design__T=Muscle__H=12__B=NA__G=delivery_ad5__VS=baseline_0	delivery_vs_control_split	<local_project_root>/00_metadata/verified_metadata/splited/GSE264344_design/GSE264344_design__T=Muscle__H=12__B=NA__G=delivery_ad5__VS=baseline_0.tsv	delivery ad5 versus baseline 0	<local_project_root>\audit\results\supplement_dataset_split_provenance_v7.tsv	40162786	10.1128/jvi.00247-25	Curated split definition consumed by automated scoring and transfer-evaluation scripts.	not_recorded_in_source	NA	02_design_and_split_generation; 07_split_contrast_transfer_evaluation	Supplementary Table S2; validation figures	documented	verified_from_local_metadata_and_manual_paper_context
CUR00394	treatment_control_label	GSE264344	GSE264344_design__T=Muscle__H=12__B=NA__G=delivery_ad5__VS=baseline_0	treatment_group_clean	delivery_ad5	delivery ad5	<local_project_root>\audit\results\supplement_dataset_split_provenance_v7.tsv	40162786	10.1128/jvi.00247-25	Curated treatment/delivery label harmonized from dataset metadata.	not_recorded_in_source	NA	02_design_and_split_generation	Supplementary Table S2	documented	delivery group label
CUR00395	treatment_control_label	GSE264344	GSE264344_design__T=Muscle__H=12__B=NA__G=delivery_ad5__VS=baseline_0	control_group_clean	baseline_0	baseline 0	<local_project_root>\audit\results\supplement_dataset_split_provenance_v7.tsv	40162786	10.1128/jvi.00247-25	Curated control/baseline label harmonized from dataset metadata.	not_recorded_in_source	NA	02_design_and_split_generation	Supplementary Table S2	documented	control group label
CUR00396	tissue_timepoint_annotation	GSE264344	GSE264344_design__T=Muscle__H=12__B=NA__G=delivery_ad5__VS=baseline_0	tissue; timepoint_h	Muscle; 0; 12	Muscle; 12	<local_project_root>\audit\results\supplement_dataset_split_provenance_v7.tsv	40162786	10.1128/jvi.00247-25	Curated tissue and timepoint annotations harmonize public metadata for split-level analysis.	not_recorded_in_source	NA	01_metadata_processing; 02_design_and_split_generation	Figures 1-5; Supplementary Tables S1-S3	documented	metadata annotation
CUR00397	delivery_platform_annotation	GSE264344	GSE264344_design__T=Muscle__H=12__B=NA__G=delivery_ad5__VS=baseline_0	delivery_platform_or_modality	adenoviral vector	adenoviral vector	<local_project_root>\audit\results\supplement_dataset_split_provenance_v7.tsv	40162786	10.1128/jvi.00247-25	Curated delivery platform/modality label used for interpretation and provenance tables.	not_recorded_in_source	NA	01_metadata_processing; 08_dataset_role_cleanup	Supplementary Tables S1-S3	documented	delivery platform annotation
CUR00398	publication_context_mapping	GSE264344	GSE264344_design__T=Muscle__H=12__B=NA__G=delivery_ad5__VS=baseline_0	paper_result_alignment	Strong positive IMRS at 1-24 h matches acute innate tissue response. Weak 72 h IMRS matches waning tissue-time kinetics, not model failure.	matches_paper_context	<local_project_root>\audit\results\supplement_dataset_split_provenance_v7.tsv	40162786	10.1128/jvi.00247-25	Publication context was mapped to support interpretation of dataset role and boundary-context handling.	not_recorded_in_source	NA	09_boundary_context_audit	Supplementary Tables S1-S3	documented	Mouse Ad26/Ad5 vector vaccination time course across blood, muscle, and draining lymph node from 1 h to 72 h. The paper reports that innate immune response begins by 1 h, evolves across tissues within 24 h, and wanes by 72 h.
CUR00399	split_definition	GSE264344	GSE264344_design__T=dLN__H=12__B=NA__G=delivery_ad26__VS=baseline_0	delivery_vs_control_split	<local_project_root>/00_metadata/verified_metadata/splited/GSE264344_design/GSE264344_design__T=dLN__H=12__B=NA__G=delivery_ad26__VS=baseline_0.tsv	delivery ad26 versus baseline 0	<local_project_root>\audit\results\supplement_dataset_split_provenance_v7.tsv	40162786	10.1128/jvi.00247-25	Curated split definition consumed by automated scoring and transfer-evaluation scripts.	not_recorded_in_source	NA	02_design_and_split_generation; 07_split_contrast_transfer_evaluation	Supplementary Table S2; validation figures	documented	verified_from_local_metadata_and_manual_paper_context
CUR00400	treatment_control_label	GSE264344	GSE264344_design__T=dLN__H=12__B=NA__G=delivery_ad26__VS=baseline_0	treatment_group_clean	delivery_ad26	delivery ad26	<local_project_root>\audit\results\supplement_dataset_split_provenance_v7.tsv	40162786	10.1128/jvi.00247-25	Curated treatment/delivery label harmonized from dataset metadata.	not_recorded_in_source	NA	02_design_and_split_generation	Supplementary Table S2	documented	delivery group label
CUR00401	treatment_control_label	GSE264344	GSE264344_design__T=dLN__H=12__B=NA__G=delivery_ad26__VS=baseline_0	control_group_clean	baseline_0	baseline 0	<local_project_root>\audit\results\supplement_dataset_split_provenance_v7.tsv	40162786	10.1128/jvi.00247-25	Curated control/baseline label harmonized from dataset metadata.	not_recorded_in_source	NA	02_design_and_split_generation	Supplementary Table S2	documented	control group label
CUR00402	tissue_timepoint_annotation	GSE264344	GSE264344_design__T=dLN__H=12__B=NA__G=delivery_ad26__VS=baseline_0	tissue; timepoint_h	dLN; 0; 12	dLN; 12	<local_project_root>\audit\results\supplement_dataset_split_provenance_v7.tsv	40162786	10.1128/jvi.00247-25	Curated tissue and timepoint annotations harmonize public metadata for split-level analysis.	not_recorded_in_source	NA	01_metadata_processing; 02_design_and_split_generation	Figures 1-5; Supplementary Tables S1-S3	documented	metadata annotation
CUR00403	delivery_platform_annotation	GSE264344	GSE264344_design__T=dLN__H=12__B=NA__G=delivery_ad26__VS=baseline_0	delivery_platform_or_modality	adenoviral vector	adenoviral vector	<local_project_root>\audit\results\supplement_dataset_split_provenance_v7.tsv	40162786	10.1128/jvi.00247-25	Curated delivery platform/modality label used for interpretation and provenance tables.	not_recorded_in_source	NA	01_metadata_processing; 08_dataset_role_cleanup	Supplementary Tables S1-S3	documented	delivery platform annotation
CUR00404	publication_context_mapping	GSE264344	GSE264344_design__T=dLN__H=12__B=NA__G=delivery_ad26__VS=baseline_0	paper_result_alignment	Strong positive IMRS at 1-24 h matches acute innate tissue response. Weak 72 h IMRS matches waning tissue-time kinetics, not model failure.	matches_paper_context	<local_project_root>\audit\results\supplement_dataset_split_provenance_v7.tsv	40162786	10.1128/jvi.00247-25	Publication context was mapped to support interpretation of dataset role and boundary-context handling.	not_recorded_in_source	NA	09_boundary_context_audit	Supplementary Tables S1-S3	documented	Mouse Ad26/Ad5 vector vaccination time course across blood, muscle, and draining lymph node from 1 h to 72 h. The paper reports that innate immune response begins by 1 h, evolves across tissues within 24 h, and wanes by 72 h.
CUR00405	split_definition	GSE264344	GSE264344_design__T=dLN__H=12__B=NA__G=delivery_ad5__VS=baseline_0	delivery_vs_control_split	<local_project_root>/00_metadata/verified_metadata/splited/GSE264344_design/GSE264344_design__T=dLN__H=12__B=NA__G=delivery_ad5__VS=baseline_0.tsv	delivery ad5 versus baseline 0	<local_project_root>\audit\results\supplement_dataset_split_provenance_v7.tsv	40162786	10.1128/jvi.00247-25	Curated split definition consumed by automated scoring and transfer-evaluation scripts.	not_recorded_in_source	NA	02_design_and_split_generation; 07_split_contrast_transfer_evaluation	Supplementary Table S2; validation figures	documented	verified_from_local_metadata_and_manual_paper_context
CUR00406	treatment_control_label	GSE264344	GSE264344_design__T=dLN__H=12__B=NA__G=delivery_ad5__VS=baseline_0	treatment_group_clean	delivery_ad5	delivery ad5	<local_project_root>\audit\results\supplement_dataset_split_provenance_v7.tsv	40162786	10.1128/jvi.00247-25	Curated treatment/delivery label harmonized from dataset metadata.	not_recorded_in_source	NA	02_design_and_split_generation	Supplementary Table S2	documented	delivery group label
CUR00407	treatment_control_label	GSE264344	GSE264344_design__T=dLN__H=12__B=NA__G=delivery_ad5__VS=baseline_0	control_group_clean	baseline_0	baseline 0	<local_project_root>\audit\results\supplement_dataset_split_provenance_v7.tsv	40162786	10.1128/jvi.00247-25	Curated control/baseline label harmonized from dataset metadata.	not_recorded_in_source	NA	02_design_and_split_generation	Supplementary Table S2	documented	control group label
CUR00408	tissue_timepoint_annotation	GSE264344	GSE264344_design__T=dLN__H=12__B=NA__G=delivery_ad5__VS=baseline_0	tissue; timepoint_h	dLN; 0; 12	dLN; 12	<local_project_root>\audit\results\supplement_dataset_split_provenance_v7.tsv	40162786	10.1128/jvi.00247-25	Curated tissue and timepoint annotations harmonize public metadata for split-level analysis.	not_recorded_in_source	NA	01_metadata_processing; 02_design_and_split_generation	Figures 1-5; Supplementary Tables S1-S3	documented	metadata annotation
CUR00409	delivery_platform_annotation	GSE264344	GSE264344_design__T=dLN__H=12__B=NA__G=delivery_ad5__VS=baseline_0	delivery_platform_or_modality	adenoviral vector	adenoviral vector	<local_project_root>\audit\results\supplement_dataset_split_provenance_v7.tsv	40162786	10.1128/jvi.00247-25	Curated delivery platform/modality label used for interpretation and provenance tables.	not_recorded_in_source	NA	01_metadata_processing; 08_dataset_role_cleanup	Supplementary Tables S1-S3	documented	delivery platform annotation
CUR00410	publication_context_mapping	GSE264344	GSE264344_design__T=dLN__H=12__B=NA__G=delivery_ad5__VS=baseline_0	paper_result_alignment	Strong positive IMRS at 1-24 h matches acute innate tissue response. Weak 72 h IMRS matches waning tissue-time kinetics, not model failure.	matches_paper_context	<local_project_root>\audit\results\supplement_dataset_split_provenance_v7.tsv	40162786	10.1128/jvi.00247-25	Publication context was mapped to support interpretation of dataset role and boundary-context handling.	not_recorded_in_source	NA	09_boundary_context_audit	Supplementary Tables S1-S3	documented	Mouse Ad26/Ad5 vector vaccination time course across blood, muscle, and draining lymph node from 1 h to 72 h. The paper reports that innate immune response begins by 1 h, evolves across tissues within 24 h, and wanes by 72 h.
CUR00411	split_definition	GSE264344	GSE264344_design__T=Blood__H=24__B=NA__G=delivery_ad26__VS=baseline_0	delivery_vs_control_split	<local_project_root>/00_metadata/verified_metadata/splited/GSE264344_design/GSE264344_design__T=Blood__H=24__B=NA__G=delivery_ad26__VS=baseline_0.tsv	delivery ad26 versus baseline 0	<local_project_root>\audit\results\supplement_dataset_split_provenance_v7.tsv	40162786	10.1128/jvi.00247-25	Curated split definition consumed by automated scoring and transfer-evaluation scripts.	not_recorded_in_source	NA	02_design_and_split_generation; 07_split_contrast_transfer_evaluation	Supplementary Table S2; validation figures	documented	verified_from_local_metadata_and_manual_paper_context
CUR00412	treatment_control_label	GSE264344	GSE264344_design__T=Blood__H=24__B=NA__G=delivery_ad26__VS=baseline_0	treatment_group_clean	delivery_ad26	delivery ad26	<local_project_root>\audit\results\supplement_dataset_split_provenance_v7.tsv	40162786	10.1128/jvi.00247-25	Curated treatment/delivery label harmonized from dataset metadata.	not_recorded_in_source	NA	02_design_and_split_generation	Supplementary Table S2	documented	delivery group label
CUR00413	treatment_control_label	GSE264344	GSE264344_design__T=Blood__H=24__B=NA__G=delivery_ad26__VS=baseline_0	control_group_clean	baseline_0	baseline 0	<local_project_root>\audit\results\supplement_dataset_split_provenance_v7.tsv	40162786	10.1128/jvi.00247-25	Curated control/baseline label harmonized from dataset metadata.	not_recorded_in_source	NA	02_design_and_split_generation	Supplementary Table S2	documented	control group label
CUR00414	tissue_timepoint_annotation	GSE264344	GSE264344_design__T=Blood__H=24__B=NA__G=delivery_ad26__VS=baseline_0	tissue; timepoint_h	Blood; 0; 24	Blood; 24	<local_project_root>\audit\results\supplement_dataset_split_provenance_v7.tsv	40162786	10.1128/jvi.00247-25	Curated tissue and timepoint annotations harmonize public metadata for split-level analysis.	not_recorded_in_source	NA	01_metadata_processing; 02_design_and_split_generation	Figures 1-5; Supplementary Tables S1-S3	documented	metadata annotation
CUR00415	delivery_platform_annotation	GSE264344	GSE264344_design__T=Blood__H=24__B=NA__G=delivery_ad26__VS=baseline_0	delivery_platform_or_modality	adenoviral vector	adenoviral vector	<local_project_root>\audit\results\supplement_dataset_split_provenance_v7.tsv	40162786	10.1128/jvi.00247-25	Curated delivery platform/modality label used for interpretation and provenance tables.	not_recorded_in_source	NA	01_metadata_processing; 08_dataset_role_cleanup	Supplementary Tables S1-S3	documented	delivery platform annotation
CUR00416	publication_context_mapping	GSE264344	GSE264344_design__T=Blood__H=24__B=NA__G=delivery_ad26__VS=baseline_0	paper_result_alignment	Strong positive IMRS at 1-24 h matches acute innate tissue response. Weak 72 h IMRS matches waning tissue-time kinetics, not model failure.	matches_paper_context	<local_project_root>\audit\results\supplement_dataset_split_provenance_v7.tsv	40162786	10.1128/jvi.00247-25	Publication context was mapped to support interpretation of dataset role and boundary-context handling.	not_recorded_in_source	NA	09_boundary_context_audit	Supplementary Tables S1-S3	documented	Mouse Ad26/Ad5 vector vaccination time course across blood, muscle, and draining lymph node from 1 h to 72 h. The paper reports that innate immune response begins by 1 h, evolves across tissues within 24 h, and wanes by 72 h.
CUR00417	split_definition	GSE264344	GSE264344_design__T=Blood__H=24__B=NA__G=delivery_ad5__VS=baseline_0	delivery_vs_control_split	<local_project_root>/00_metadata/verified_metadata/splited/GSE264344_design/GSE264344_design__T=Blood__H=24__B=NA__G=delivery_ad5__VS=baseline_0.tsv	delivery ad5 versus baseline 0	<local_project_root>\audit\results\supplement_dataset_split_provenance_v7.tsv	40162786	10.1128/jvi.00247-25	Curated split definition consumed by automated scoring and transfer-evaluation scripts.	not_recorded_in_source	NA	02_design_and_split_generation; 07_split_contrast_transfer_evaluation	Supplementary Table S2; validation figures	documented	verified_from_local_metadata_and_manual_paper_context
CUR00418	treatment_control_label	GSE264344	GSE264344_design__T=Blood__H=24__B=NA__G=delivery_ad5__VS=baseline_0	treatment_group_clean	delivery_ad5	delivery ad5	<local_project_root>\audit\results\supplement_dataset_split_provenance_v7.tsv	40162786	10.1128/jvi.00247-25	Curated treatment/delivery label harmonized from dataset metadata.	not_recorded_in_source	NA	02_design_and_split_generation	Supplementary Table S2	documented	delivery group label
CUR00419	treatment_control_label	GSE264344	GSE264344_design__T=Blood__H=24__B=NA__G=delivery_ad5__VS=baseline_0	control_group_clean	baseline_0	baseline 0	<local_project_root>\audit\results\supplement_dataset_split_provenance_v7.tsv	40162786	10.1128/jvi.00247-25	Curated control/baseline label harmonized from dataset metadata.	not_recorded_in_source	NA	02_design_and_split_generation	Supplementary Table S2	documented	control group label
CUR00420	tissue_timepoint_annotation	GSE264344	GSE264344_design__T=Blood__H=24__B=NA__G=delivery_ad5__VS=baseline_0	tissue; timepoint_h	Blood; 0; 24	Blood; 24	<local_project_root>\audit\results\supplement_dataset_split_provenance_v7.tsv	40162786	10.1128/jvi.00247-25	Curated tissue and timepoint annotations harmonize public metadata for split-level analysis.	not_recorded_in_source	NA	01_metadata_processing; 02_design_and_split_generation	Figures 1-5; Supplementary Tables S1-S3	documented	metadata annotation
CUR00421	delivery_platform_annotation	GSE264344	GSE264344_design__T=Blood__H=24__B=NA__G=delivery_ad5__VS=baseline_0	delivery_platform_or_modality	adenoviral vector	adenoviral vector	<local_project_root>\audit\results\supplement_dataset_split_provenance_v7.tsv	40162786	10.1128/jvi.00247-25	Curated delivery platform/modality label used for interpretation and provenance tables.	not_recorded_in_source	NA	01_metadata_processing; 08_dataset_role_cleanup	Supplementary Tables S1-S3	documented	delivery platform annotation
CUR00422	publication_context_mapping	GSE264344	GSE264344_design__T=Blood__H=24__B=NA__G=delivery_ad5__VS=baseline_0	paper_result_alignment	Strong positive IMRS at 1-24 h matches acute innate tissue response. Weak 72 h IMRS matches waning tissue-time kinetics, not model failure.	matches_paper_context	<local_project_root>\audit\results\supplement_dataset_split_provenance_v7.tsv	40162786	10.1128/jvi.00247-25	Publication context was mapped to support interpretation of dataset role and boundary-context handling.	not_recorded_in_source	NA	09_boundary_context_audit	Supplementary Tables S1-S3	documented	Mouse Ad26/Ad5 vector vaccination time course across blood, muscle, and draining lymph node from 1 h to 72 h. The paper reports that innate immune response begins by 1 h, evolves across tissues within 24 h, and wanes by 72 h.
CUR00423	split_definition	GSE264344	GSE264344_design__T=Muscle__H=24__B=NA__G=delivery_ad26__VS=baseline_0	delivery_vs_control_split	<local_project_root>/00_metadata/verified_metadata/splited/GSE264344_design/GSE264344_design__T=Muscle__H=24__B=NA__G=delivery_ad26__VS=baseline_0.tsv	delivery ad26 versus baseline 0	<local_project_root>\audit\results\supplement_dataset_split_provenance_v7.tsv	40162786	10.1128/jvi.00247-25	Curated split definition consumed by automated scoring and transfer-evaluation scripts.	not_recorded_in_source	NA	02_design_and_split_generation; 07_split_contrast_transfer_evaluation	Supplementary Table S2; validation figures	documented	verified_from_local_metadata_and_manual_paper_context
CUR00424	treatment_control_label	GSE264344	GSE264344_design__T=Muscle__H=24__B=NA__G=delivery_ad26__VS=baseline_0	treatment_group_clean	delivery_ad26	delivery ad26	<local_project_root>\audit\results\supplement_dataset_split_provenance_v7.tsv	40162786	10.1128/jvi.00247-25	Curated treatment/delivery label harmonized from dataset metadata.	not_recorded_in_source	NA	02_design_and_split_generation	Supplementary Table S2	documented	delivery group label
CUR00425	treatment_control_label	GSE264344	GSE264344_design__T=Muscle__H=24__B=NA__G=delivery_ad26__VS=baseline_0	control_group_clean	baseline_0	baseline 0	<local_project_root>\audit\results\supplement_dataset_split_provenance_v7.tsv	40162786	10.1128/jvi.00247-25	Curated control/baseline label harmonized from dataset metadata.	not_recorded_in_source	NA	02_design_and_split_generation	Supplementary Table S2	documented	control group label
CUR00426	tissue_timepoint_annotation	GSE264344	GSE264344_design__T=Muscle__H=24__B=NA__G=delivery_ad26__VS=baseline_0	tissue; timepoint_h	Muscle; 0; 24	Muscle; 24	<local_project_root>\audit\results\supplement_dataset_split_provenance_v7.tsv	40162786	10.1128/jvi.00247-25	Curated tissue and timepoint annotations harmonize public metadata for split-level analysis.	not_recorded_in_source	NA	01_metadata_processing; 02_design_and_split_generation	Figures 1-5; Supplementary Tables S1-S3	documented	metadata annotation
CUR00427	delivery_platform_annotation	GSE264344	GSE264344_design__T=Muscle__H=24__B=NA__G=delivery_ad26__VS=baseline_0	delivery_platform_or_modality	adenoviral vector	adenoviral vector	<local_project_root>\audit\results\supplement_dataset_split_provenance_v7.tsv	40162786	10.1128/jvi.00247-25	Curated delivery platform/modality label used for interpretation and provenance tables.	not_recorded_in_source	NA	01_metadata_processing; 08_dataset_role_cleanup	Supplementary Tables S1-S3	documented	delivery platform annotation
CUR00428	publication_context_mapping	GSE264344	GSE264344_design__T=Muscle__H=24__B=NA__G=delivery_ad26__VS=baseline_0	paper_result_alignment	Strong positive IMRS at 1-24 h matches acute innate tissue response. Weak 72 h IMRS matches waning tissue-time kinetics, not model failure.	matches_paper_context	<local_project_root>\audit\results\supplement_dataset_split_provenance_v7.tsv	40162786	10.1128/jvi.00247-25	Publication context was mapped to support interpretation of dataset role and boundary-context handling.	not_recorded_in_source	NA	09_boundary_context_audit	Supplementary Tables S1-S3	documented	Mouse Ad26/Ad5 vector vaccination time course across blood, muscle, and draining lymph node from 1 h to 72 h. The paper reports that innate immune response begins by 1 h, evolves across tissues within 24 h, and wanes by 72 h.
CUR00429	split_definition	GSE264344	GSE264344_design__T=Muscle__H=24__B=NA__G=delivery_ad5__VS=baseline_0	delivery_vs_control_split	<local_project_root>/00_metadata/verified_metadata/splited/GSE264344_design/GSE264344_design__T=Muscle__H=24__B=NA__G=delivery_ad5__VS=baseline_0.tsv	delivery ad5 versus baseline 0	<local_project_root>\audit\results\supplement_dataset_split_provenance_v7.tsv	40162786	10.1128/jvi.00247-25	Curated split definition consumed by automated scoring and transfer-evaluation scripts.	not_recorded_in_source	NA	02_design_and_split_generation; 07_split_contrast_transfer_evaluation	Supplementary Table S2; validation figures	documented	verified_from_local_metadata_and_manual_paper_context
CUR00430	treatment_control_label	GSE264344	GSE264344_design__T=Muscle__H=24__B=NA__G=delivery_ad5__VS=baseline_0	treatment_group_clean	delivery_ad5	delivery ad5	<local_project_root>\audit\results\supplement_dataset_split_provenance_v7.tsv	40162786	10.1128/jvi.00247-25	Curated treatment/delivery label harmonized from dataset metadata.	not_recorded_in_source	NA	02_design_and_split_generation	Supplementary Table S2	documented	delivery group label
CUR00431	treatment_control_label	GSE264344	GSE264344_design__T=Muscle__H=24__B=NA__G=delivery_ad5__VS=baseline_0	control_group_clean	baseline_0	baseline 0	<local_project_root>\audit\results\supplement_dataset_split_provenance_v7.tsv	40162786	10.1128/jvi.00247-25	Curated control/baseline label harmonized from dataset metadata.	not_recorded_in_source	NA	02_design_and_split_generation	Supplementary Table S2	documented	control group label
CUR00432	tissue_timepoint_annotation	GSE264344	GSE264344_design__T=Muscle__H=24__B=NA__G=delivery_ad5__VS=baseline_0	tissue; timepoint_h	Muscle; 0; 24	Muscle; 24	<local_project_root>\audit\results\supplement_dataset_split_provenance_v7.tsv	40162786	10.1128/jvi.00247-25	Curated tissue and timepoint annotations harmonize public metadata for split-level analysis.	not_recorded_in_source	NA	01_metadata_processing; 02_design_and_split_generation	Figures 1-5; Supplementary Tables S1-S3	documented	metadata annotation
CUR00433	delivery_platform_annotation	GSE264344	GSE264344_design__T=Muscle__H=24__B=NA__G=delivery_ad5__VS=baseline_0	delivery_platform_or_modality	adenoviral vector	adenoviral vector	<local_project_root>\audit\results\supplement_dataset_split_provenance_v7.tsv	40162786	10.1128/jvi.00247-25	Curated delivery platform/modality label used for interpretation and provenance tables.	not_recorded_in_source	NA	01_metadata_processing; 08_dataset_role_cleanup	Supplementary Tables S1-S3	documented	delivery platform annotation
CUR00434	publication_context_mapping	GSE264344	GSE264344_design__T=Muscle__H=24__B=NA__G=delivery_ad5__VS=baseline_0	paper_result_alignment	Strong positive IMRS at 1-24 h matches acute innate tissue response. Weak 72 h IMRS matches waning tissue-time kinetics, not model failure.	matches_paper_context	<local_project_root>\audit\results\supplement_dataset_split_provenance_v7.tsv	40162786	10.1128/jvi.00247-25	Publication context was mapped to support interpretation of dataset role and boundary-context handling.	not_recorded_in_source	NA	09_boundary_context_audit	Supplementary Tables S1-S3	documented	Mouse Ad26/Ad5 vector vaccination time course across blood, muscle, and draining lymph node from 1 h to 72 h. The paper reports that innate immune response begins by 1 h, evolves across tissues within 24 h, and wanes by 72 h.
CUR00435	split_definition	GSE264344	GSE264344_design__T=dLN__H=24__B=NA__G=delivery_ad26__VS=baseline_0	delivery_vs_control_split	<local_project_root>/00_metadata/verified_metadata/splited/GSE264344_design/GSE264344_design__T=dLN__H=24__B=NA__G=delivery_ad26__VS=baseline_0.tsv	delivery ad26 versus baseline 0	<local_project_root>\audit\results\supplement_dataset_split_provenance_v7.tsv	40162786	10.1128/jvi.00247-25	Curated split definition consumed by automated scoring and transfer-evaluation scripts.	not_recorded_in_source	NA	02_design_and_split_generation; 07_split_contrast_transfer_evaluation	Supplementary Table S2; validation figures	documented	verified_from_local_metadata_and_manual_paper_context
CUR00436	treatment_control_label	GSE264344	GSE264344_design__T=dLN__H=24__B=NA__G=delivery_ad26__VS=baseline_0	treatment_group_clean	delivery_ad26	delivery ad26	<local_project_root>\audit\results\supplement_dataset_split_provenance_v7.tsv	40162786	10.1128/jvi.00247-25	Curated treatment/delivery label harmonized from dataset metadata.	not_recorded_in_source	NA	02_design_and_split_generation	Supplementary Table S2	documented	delivery group label
CUR00437	treatment_control_label	GSE264344	GSE264344_design__T=dLN__H=24__B=NA__G=delivery_ad26__VS=baseline_0	control_group_clean	baseline_0	baseline 0	<local_project_root>\audit\results\supplement_dataset_split_provenance_v7.tsv	40162786	10.1128/jvi.00247-25	Curated control/baseline label harmonized from dataset metadata.	not_recorded_in_source	NA	02_design_and_split_generation	Supplementary Table S2	documented	control group label
CUR00438	tissue_timepoint_annotation	GSE264344	GSE264344_design__T=dLN__H=24__B=NA__G=delivery_ad26__VS=baseline_0	tissue; timepoint_h	dLN; 0; 24	dLN; 24	<local_project_root>\audit\results\supplement_dataset_split_provenance_v7.tsv	40162786	10.1128/jvi.00247-25	Curated tissue and timepoint annotations harmonize public metadata for split-level analysis.	not_recorded_in_source	NA	01_metadata_processing; 02_design_and_split_generation	Figures 1-5; Supplementary Tables S1-S3	documented	metadata annotation
CUR00439	delivery_platform_annotation	GSE264344	GSE264344_design__T=dLN__H=24__B=NA__G=delivery_ad26__VS=baseline_0	delivery_platform_or_modality	adenoviral vector	adenoviral vector	<local_project_root>\audit\results\supplement_dataset_split_provenance_v7.tsv	40162786	10.1128/jvi.00247-25	Curated delivery platform/modality label used for interpretation and provenance tables.	not_recorded_in_source	NA	01_metadata_processing; 08_dataset_role_cleanup	Supplementary Tables S1-S3	documented	delivery platform annotation
CUR00440	publication_context_mapping	GSE264344	GSE264344_design__T=dLN__H=24__B=NA__G=delivery_ad26__VS=baseline_0	paper_result_alignment	Strong positive IMRS at 1-24 h matches acute innate tissue response. Weak 72 h IMRS matches waning tissue-time kinetics, not model failure.	matches_paper_context	<local_project_root>\audit\results\supplement_dataset_split_provenance_v7.tsv	40162786	10.1128/jvi.00247-25	Publication context was mapped to support interpretation of dataset role and boundary-context handling.	not_recorded_in_source	NA	09_boundary_context_audit	Supplementary Tables S1-S3	documented	Mouse Ad26/Ad5 vector vaccination time course across blood, muscle, and draining lymph node from 1 h to 72 h. The paper reports that innate immune response begins by 1 h, evolves across tissues within 24 h, and wanes by 72 h.
CUR00441	split_definition	GSE264344	GSE264344_design__T=dLN__H=24__B=NA__G=delivery_ad5__VS=baseline_0	delivery_vs_control_split	<local_project_root>/00_metadata/verified_metadata/splited/GSE264344_design/GSE264344_design__T=dLN__H=24__B=NA__G=delivery_ad5__VS=baseline_0.tsv	delivery ad5 versus baseline 0	<local_project_root>\audit\results\supplement_dataset_split_provenance_v7.tsv	40162786	10.1128/jvi.00247-25	Curated split definition consumed by automated scoring and transfer-evaluation scripts.	not_recorded_in_source	NA	02_design_and_split_generation; 07_split_contrast_transfer_evaluation	Supplementary Table S2; validation figures	documented	verified_from_local_metadata_and_manual_paper_context
CUR00442	treatment_control_label	GSE264344	GSE264344_design__T=dLN__H=24__B=NA__G=delivery_ad5__VS=baseline_0	treatment_group_clean	delivery_ad5	delivery ad5	<local_project_root>\audit\results\supplement_dataset_split_provenance_v7.tsv	40162786	10.1128/jvi.00247-25	Curated treatment/delivery label harmonized from dataset metadata.	not_recorded_in_source	NA	02_design_and_split_generation	Supplementary Table S2	documented	delivery group label
CUR00443	treatment_control_label	GSE264344	GSE264344_design__T=dLN__H=24__B=NA__G=delivery_ad5__VS=baseline_0	control_group_clean	baseline_0	baseline 0	<local_project_root>\audit\results\supplement_dataset_split_provenance_v7.tsv	40162786	10.1128/jvi.00247-25	Curated control/baseline label harmonized from dataset metadata.	not_recorded_in_source	NA	02_design_and_split_generation	Supplementary Table S2	documented	control group label
CUR00444	tissue_timepoint_annotation	GSE264344	GSE264344_design__T=dLN__H=24__B=NA__G=delivery_ad5__VS=baseline_0	tissue; timepoint_h	dLN; 0; 24	dLN; 24	<local_project_root>\audit\results\supplement_dataset_split_provenance_v7.tsv	40162786	10.1128/jvi.00247-25	Curated tissue and timepoint annotations harmonize public metadata for split-level analysis.	not_recorded_in_source	NA	01_metadata_processing; 02_design_and_split_generation	Figures 1-5; Supplementary Tables S1-S3	documented	metadata annotation
CUR00445	delivery_platform_annotation	GSE264344	GSE264344_design__T=dLN__H=24__B=NA__G=delivery_ad5__VS=baseline_0	delivery_platform_or_modality	adenoviral vector	adenoviral vector	<local_project_root>\audit\results\supplement_dataset_split_provenance_v7.tsv	40162786	10.1128/jvi.00247-25	Curated delivery platform/modality label used for interpretation and provenance tables.	not_recorded_in_source	NA	01_metadata_processing; 08_dataset_role_cleanup	Supplementary Tables S1-S3	documented	delivery platform annotation
CUR00446	publication_context_mapping	GSE264344	GSE264344_design__T=dLN__H=24__B=NA__G=delivery_ad5__VS=baseline_0	paper_result_alignment	Strong positive IMRS at 1-24 h matches acute innate tissue response. Weak 72 h IMRS matches waning tissue-time kinetics, not model failure.	matches_paper_context	<local_project_root>\audit\results\supplement_dataset_split_provenance_v7.tsv	40162786	10.1128/jvi.00247-25	Publication context was mapped to support interpretation of dataset role and boundary-context handling.	not_recorded_in_source	NA	09_boundary_context_audit	Supplementary Tables S1-S3	documented	Mouse Ad26/Ad5 vector vaccination time course across blood, muscle, and draining lymph node from 1 h to 72 h. The paper reports that innate immune response begins by 1 h, evolves across tissues within 24 h, and wanes by 72 h.
CUR00447	split_definition	GSE264344	GSE264344_design__T=Blood__H=72__B=NA__G=delivery_ad26__VS=baseline_0	delivery_vs_control_split	<local_project_root>/00_metadata/verified_metadata/splited/GSE264344_design/GSE264344_design__T=Blood__H=72__B=NA__G=delivery_ad26__VS=baseline_0.tsv	delivery ad26 versus baseline 0	<local_project_root>\audit\results\supplement_dataset_split_provenance_v7.tsv	40162786	10.1128/jvi.00247-25	Curated split definition consumed by automated scoring and transfer-evaluation scripts.	not_recorded_in_source	NA	02_design_and_split_generation; 07_split_contrast_transfer_evaluation	Supplementary Table S2; validation figures	documented	verified_from_local_metadata_and_manual_paper_context
CUR00448	treatment_control_label	GSE264344	GSE264344_design__T=Blood__H=72__B=NA__G=delivery_ad26__VS=baseline_0	treatment_group_clean	delivery_ad26	delivery ad26	<local_project_root>\audit\results\supplement_dataset_split_provenance_v7.tsv	40162786	10.1128/jvi.00247-25	Curated treatment/delivery label harmonized from dataset metadata.	not_recorded_in_source	NA	02_design_and_split_generation	Supplementary Table S2	documented	delivery group label
CUR00449	treatment_control_label	GSE264344	GSE264344_design__T=Blood__H=72__B=NA__G=delivery_ad26__VS=baseline_0	control_group_clean	baseline_0	baseline 0	<local_project_root>\audit\results\supplement_dataset_split_provenance_v7.tsv	40162786	10.1128/jvi.00247-25	Curated control/baseline label harmonized from dataset metadata.	not_recorded_in_source	NA	02_design_and_split_generation	Supplementary Table S2	documented	control group label
CUR00450	tissue_timepoint_annotation	GSE264344	GSE264344_design__T=Blood__H=72__B=NA__G=delivery_ad26__VS=baseline_0	tissue; timepoint_h	Blood; 0; 72	Blood; 72	<local_project_root>\audit\results\supplement_dataset_split_provenance_v7.tsv	40162786	10.1128/jvi.00247-25	Curated tissue and timepoint annotations harmonize public metadata for split-level analysis.	not_recorded_in_source	NA	01_metadata_processing; 02_design_and_split_generation	Figures 1-5; Supplementary Tables S1-S3	documented	metadata annotation
CUR00451	delivery_platform_annotation	GSE264344	GSE264344_design__T=Blood__H=72__B=NA__G=delivery_ad26__VS=baseline_0	delivery_platform_or_modality	adenovirus serotype 26 vector	adenovirus serotype 26 vector	<local_project_root>\audit\results\supplement_dataset_split_provenance_v7.tsv	40162786	10.1128/jvi.00247-25	Curated delivery platform/modality label used for interpretation and provenance tables.	not_recorded_in_source	NA	01_metadata_processing; 08_dataset_role_cleanup	Supplementary Tables S1-S3	documented	delivery platform annotation
CUR00452	publication_context_mapping	GSE264344	GSE264344_design__T=Blood__H=72__B=NA__G=delivery_ad26__VS=baseline_0	paper_result_alignment	Strong positive IMRS at 1-24 h matches acute innate tissue response. Weak 72 h IMRS matches waning tissue-time kinetics, not model failure.	context_explains_weaker_signal	<local_project_root>\audit\results\supplement_dataset_split_provenance_v7.tsv	40162786	10.1128/jvi.00247-25	Publication context was mapped to support interpretation of dataset role and boundary-context handling.	not_recorded_in_source	NA	09_boundary_context_audit	Supplementary Tables S1-S3	documented	Mouse Ad26/Ad5 vector vaccination time course across blood, muscle, and draining lymph node from 1 h to 72 h. The paper reports that innate immune response begins by 1 h, evolves across tissues within 24 h, and wanes by 72 h.
CUR00453	split_definition	GSE264344	GSE264344_design__T=Blood__H=72__B=NA__G=delivery_ad5__VS=baseline_0	delivery_vs_control_split	<local_project_root>/00_metadata/verified_metadata/splited/GSE264344_design/GSE264344_design__T=Blood__H=72__B=NA__G=delivery_ad5__VS=baseline_0.tsv	delivery ad5 versus baseline 0	<local_project_root>\audit\results\supplement_dataset_split_provenance_v7.tsv	40162786	10.1128/jvi.00247-25	Curated split definition consumed by automated scoring and transfer-evaluation scripts.	not_recorded_in_source	NA	02_design_and_split_generation; 07_split_contrast_transfer_evaluation	Supplementary Table S2; validation figures	documented	verified_from_local_metadata_and_manual_paper_context
CUR00454	treatment_control_label	GSE264344	GSE264344_design__T=Blood__H=72__B=NA__G=delivery_ad5__VS=baseline_0	treatment_group_clean	delivery_ad5	delivery ad5	<local_project_root>\audit\results\supplement_dataset_split_provenance_v7.tsv	40162786	10.1128/jvi.00247-25	Curated treatment/delivery label harmonized from dataset metadata.	not_recorded_in_source	NA	02_design_and_split_generation	Supplementary Table S2	documented	delivery group label
CUR00455	treatment_control_label	GSE264344	GSE264344_design__T=Blood__H=72__B=NA__G=delivery_ad5__VS=baseline_0	control_group_clean	baseline_0	baseline 0	<local_project_root>\audit\results\supplement_dataset_split_provenance_v7.tsv	40162786	10.1128/jvi.00247-25	Curated control/baseline label harmonized from dataset metadata.	not_recorded_in_source	NA	02_design_and_split_generation	Supplementary Table S2	documented	control group label
CUR00456	tissue_timepoint_annotation	GSE264344	GSE264344_design__T=Blood__H=72__B=NA__G=delivery_ad5__VS=baseline_0	tissue; timepoint_h	Blood; 0; 72	Blood; 72	<local_project_root>\audit\results\supplement_dataset_split_provenance_v7.tsv	40162786	10.1128/jvi.00247-25	Curated tissue and timepoint annotations harmonize public metadata for split-level analysis.	not_recorded_in_source	NA	01_metadata_processing; 02_design_and_split_generation	Figures 1-5; Supplementary Tables S1-S3	documented	metadata annotation
CUR00457	delivery_platform_annotation	GSE264344	GSE264344_design__T=Blood__H=72__B=NA__G=delivery_ad5__VS=baseline_0	delivery_platform_or_modality	adenovirus serotype 5 vector	adenovirus serotype 5 vector	<local_project_root>\audit\results\supplement_dataset_split_provenance_v7.tsv	40162786	10.1128/jvi.00247-25	Curated delivery platform/modality label used for interpretation and provenance tables.	not_recorded_in_source	NA	01_metadata_processing; 08_dataset_role_cleanup	Supplementary Tables S1-S3	documented	delivery platform annotation
CUR00458	publication_context_mapping	GSE264344	GSE264344_design__T=Blood__H=72__B=NA__G=delivery_ad5__VS=baseline_0	paper_result_alignment	Strong positive IMRS at 1-24 h matches acute innate tissue response. Weak 72 h IMRS matches waning tissue-time kinetics, not model failure.	context_explains_weaker_signal	<local_project_root>\audit\results\supplement_dataset_split_provenance_v7.tsv	40162786	10.1128/jvi.00247-25	Publication context was mapped to support interpretation of dataset role and boundary-context handling.	not_recorded_in_source	NA	09_boundary_context_audit	Supplementary Tables S1-S3	documented	Mouse Ad26/Ad5 vector vaccination time course across blood, muscle, and draining lymph node from 1 h to 72 h. The paper reports that innate immune response begins by 1 h, evolves across tissues within 24 h, and wanes by 72 h.
CUR00459	split_definition	GSE264344	GSE264344_design__T=Muscle__H=72__B=NA__G=delivery_ad26__VS=baseline_0	delivery_vs_control_split	<local_project_root>/00_metadata/verified_metadata/splited/GSE264344_design/GSE264344_design__T=Muscle__H=72__B=NA__G=delivery_ad26__VS=baseline_0.tsv	delivery ad26 versus baseline 0	<local_project_root>\audit\results\supplement_dataset_split_provenance_v7.tsv	40162786	10.1128/jvi.00247-25	Curated split definition consumed by automated scoring and transfer-evaluation scripts.	not_recorded_in_source	NA	02_design_and_split_generation; 07_split_contrast_transfer_evaluation	Supplementary Table S2; validation figures	documented	verified_from_local_metadata_and_manual_paper_context
CUR00460	treatment_control_label	GSE264344	GSE264344_design__T=Muscle__H=72__B=NA__G=delivery_ad26__VS=baseline_0	treatment_group_clean	delivery_ad26	delivery ad26	<local_project_root>\audit\results\supplement_dataset_split_provenance_v7.tsv	40162786	10.1128/jvi.00247-25	Curated treatment/delivery label harmonized from dataset metadata.	not_recorded_in_source	NA	02_design_and_split_generation	Supplementary Table S2	documented	delivery group label
CUR00461	treatment_control_label	GSE264344	GSE264344_design__T=Muscle__H=72__B=NA__G=delivery_ad26__VS=baseline_0	control_group_clean	baseline_0	baseline 0	<local_project_root>\audit\results\supplement_dataset_split_provenance_v7.tsv	40162786	10.1128/jvi.00247-25	Curated control/baseline label harmonized from dataset metadata.	not_recorded_in_source	NA	02_design_and_split_generation	Supplementary Table S2	documented	control group label
CUR00462	tissue_timepoint_annotation	GSE264344	GSE264344_design__T=Muscle__H=72__B=NA__G=delivery_ad26__VS=baseline_0	tissue; timepoint_h	Muscle; 0; 72	Muscle; 72	<local_project_root>\audit\results\supplement_dataset_split_provenance_v7.tsv	40162786	10.1128/jvi.00247-25	Curated tissue and timepoint annotations harmonize public metadata for split-level analysis.	not_recorded_in_source	NA	01_metadata_processing; 02_design_and_split_generation	Figures 1-5; Supplementary Tables S1-S3	documented	metadata annotation
CUR00463	delivery_platform_annotation	GSE264344	GSE264344_design__T=Muscle__H=72__B=NA__G=delivery_ad26__VS=baseline_0	delivery_platform_or_modality	adenovirus serotype 26 vector	adenovirus serotype 26 vector	<local_project_root>\audit\results\supplement_dataset_split_provenance_v7.tsv	40162786	10.1128/jvi.00247-25	Curated delivery platform/modality label used for interpretation and provenance tables.	not_recorded_in_source	NA	01_metadata_processing; 08_dataset_role_cleanup	Supplementary Tables S1-S3	documented	delivery platform annotation
CUR00464	publication_context_mapping	GSE264344	GSE264344_design__T=Muscle__H=72__B=NA__G=delivery_ad26__VS=baseline_0	paper_result_alignment	Strong positive IMRS at 1-24 h matches acute innate tissue response. Weak 72 h IMRS matches waning tissue-time kinetics, not model failure.	context_explains_weaker_signal	<local_project_root>\audit\results\supplement_dataset_split_provenance_v7.tsv	40162786	10.1128/jvi.00247-25	Publication context was mapped to support interpretation of dataset role and boundary-context handling.	not_recorded_in_source	NA	09_boundary_context_audit	Supplementary Tables S1-S3	documented	Mouse Ad26/Ad5 vector vaccination time course across blood, muscle, and draining lymph node from 1 h to 72 h. The paper reports that innate immune response begins by 1 h, evolves across tissues within 24 h, and wanes by 72 h.
CUR00465	split_definition	GSE264344	GSE264344_design__T=Muscle__H=72__B=NA__G=delivery_ad5__VS=baseline_0	delivery_vs_control_split	<local_project_root>/00_metadata/verified_metadata/splited/GSE264344_design/GSE264344_design__T=Muscle__H=72__B=NA__G=delivery_ad5__VS=baseline_0.tsv	delivery ad5 versus baseline 0	<local_project_root>\audit\results\supplement_dataset_split_provenance_v7.tsv	40162786	10.1128/jvi.00247-25	Curated split definition consumed by automated scoring and transfer-evaluation scripts.	not_recorded_in_source	NA	02_design_and_split_generation; 07_split_contrast_transfer_evaluation	Supplementary Table S2; validation figures	documented	verified_from_local_metadata_and_manual_paper_context
CUR00466	treatment_control_label	GSE264344	GSE264344_design__T=Muscle__H=72__B=NA__G=delivery_ad5__VS=baseline_0	treatment_group_clean	delivery_ad5	delivery ad5	<local_project_root>\audit\results\supplement_dataset_split_provenance_v7.tsv	40162786	10.1128/jvi.00247-25	Curated treatment/delivery label harmonized from dataset metadata.	not_recorded_in_source	NA	02_design_and_split_generation	Supplementary Table S2	documented	delivery group label
CUR00467	treatment_control_label	GSE264344	GSE264344_design__T=Muscle__H=72__B=NA__G=delivery_ad5__VS=baseline_0	control_group_clean	baseline_0	baseline 0	<local_project_root>\audit\results\supplement_dataset_split_provenance_v7.tsv	40162786	10.1128/jvi.00247-25	Curated control/baseline label harmonized from dataset metadata.	not_recorded_in_source	NA	02_design_and_split_generation	Supplementary Table S2	documented	control group label
CUR00468	tissue_timepoint_annotation	GSE264344	GSE264344_design__T=Muscle__H=72__B=NA__G=delivery_ad5__VS=baseline_0	tissue; timepoint_h	Muscle; 0; 72	Muscle; 72	<local_project_root>\audit\results\supplement_dataset_split_provenance_v7.tsv	40162786	10.1128/jvi.00247-25	Curated tissue and timepoint annotations harmonize public metadata for split-level analysis.	not_recorded_in_source	NA	01_metadata_processing; 02_design_and_split_generation	Figures 1-5; Supplementary Tables S1-S3	documented	metadata annotation
CUR00469	delivery_platform_annotation	GSE264344	GSE264344_design__T=Muscle__H=72__B=NA__G=delivery_ad5__VS=baseline_0	delivery_platform_or_modality	adenovirus serotype 5 vector	adenovirus serotype 5 vector	<local_project_root>\audit\results\supplement_dataset_split_provenance_v7.tsv	40162786	10.1128/jvi.00247-25	Curated delivery platform/modality label used for interpretation and provenance tables.	not_recorded_in_source	NA	01_metadata_processing; 08_dataset_role_cleanup	Supplementary Tables S1-S3	documented	delivery platform annotation
CUR00470	publication_context_mapping	GSE264344	GSE264344_design__T=Muscle__H=72__B=NA__G=delivery_ad5__VS=baseline_0	paper_result_alignment	Strong positive IMRS at 1-24 h matches acute innate tissue response. Weak 72 h IMRS matches waning tissue-time kinetics, not model failure.	context_explains_weaker_signal	<local_project_root>\audit\results\supplement_dataset_split_provenance_v7.tsv	40162786	10.1128/jvi.00247-25	Publication context was mapped to support interpretation of dataset role and boundary-context handling.	not_recorded_in_source	NA	09_boundary_context_audit	Supplementary Tables S1-S3	documented	Mouse Ad26/Ad5 vector vaccination time course across blood, muscle, and draining lymph node from 1 h to 72 h. The paper reports that innate immune response begins by 1 h, evolves across tissues within 24 h, and wanes by 72 h.
CUR00471	split_definition	GSE264344	GSE264344_design__T=dLN__H=72__B=NA__G=delivery_ad26__VS=baseline_0	delivery_vs_control_split	<local_project_root>/00_metadata/verified_metadata/splited/GSE264344_design/GSE264344_design__T=dLN__H=72__B=NA__G=delivery_ad26__VS=baseline_0.tsv	delivery ad26 versus baseline 0	<local_project_root>\audit\results\supplement_dataset_split_provenance_v7.tsv	40162786	10.1128/jvi.00247-25	Curated split definition consumed by automated scoring and transfer-evaluation scripts.	not_recorded_in_source	NA	02_design_and_split_generation; 07_split_contrast_transfer_evaluation	Supplementary Table S2; validation figures	documented	verified_from_local_metadata_and_manual_paper_context
CUR00472	treatment_control_label	GSE264344	GSE264344_design__T=dLN__H=72__B=NA__G=delivery_ad26__VS=baseline_0	treatment_group_clean	delivery_ad26	delivery ad26	<local_project_root>\audit\results\supplement_dataset_split_provenance_v7.tsv	40162786	10.1128/jvi.00247-25	Curated treatment/delivery label harmonized from dataset metadata.	not_recorded_in_source	NA	02_design_and_split_generation	Supplementary Table S2	documented	delivery group label
CUR00473	treatment_control_label	GSE264344	GSE264344_design__T=dLN__H=72__B=NA__G=delivery_ad26__VS=baseline_0	control_group_clean	baseline_0	baseline 0	<local_project_root>\audit\results\supplement_dataset_split_provenance_v7.tsv	40162786	10.1128/jvi.00247-25	Curated control/baseline label harmonized from dataset metadata.	not_recorded_in_source	NA	02_design_and_split_generation	Supplementary Table S2	documented	control group label
CUR00474	tissue_timepoint_annotation	GSE264344	GSE264344_design__T=dLN__H=72__B=NA__G=delivery_ad26__VS=baseline_0	tissue; timepoint_h	dLN; 0; 72	dLN; 72	<local_project_root>\audit\results\supplement_dataset_split_provenance_v7.tsv	40162786	10.1128/jvi.00247-25	Curated tissue and timepoint annotations harmonize public metadata for split-level analysis.	not_recorded_in_source	NA	01_metadata_processing; 02_design_and_split_generation	Figures 1-5; Supplementary Tables S1-S3	documented	metadata annotation
CUR00475	delivery_platform_annotation	GSE264344	GSE264344_design__T=dLN__H=72__B=NA__G=delivery_ad26__VS=baseline_0	delivery_platform_or_modality	adenovirus serotype 26 vector	adenovirus serotype 26 vector	<local_project_root>\audit\results\supplement_dataset_split_provenance_v7.tsv	40162786	10.1128/jvi.00247-25	Curated delivery platform/modality label used for interpretation and provenance tables.	not_recorded_in_source	NA	01_metadata_processing; 08_dataset_role_cleanup	Supplementary Tables S1-S3	documented	delivery platform annotation
CUR00476	publication_context_mapping	GSE264344	GSE264344_design__T=dLN__H=72__B=NA__G=delivery_ad26__VS=baseline_0	paper_result_alignment	Strong positive IMRS at 1-24 h matches acute innate tissue response. Weak 72 h IMRS matches waning tissue-time kinetics, not model failure.	context_explains_weaker_signal	<local_project_root>\audit\results\supplement_dataset_split_provenance_v7.tsv	40162786	10.1128/jvi.00247-25	Publication context was mapped to support interpretation of dataset role and boundary-context handling.	not_recorded_in_source	NA	09_boundary_context_audit	Supplementary Tables S1-S3	documented	Mouse Ad26/Ad5 vector vaccination time course across blood, muscle, and draining lymph node from 1 h to 72 h. The paper reports that innate immune response begins by 1 h, evolves across tissues within 24 h, and wanes by 72 h.
CUR00477	split_definition	GSE264344	GSE264344_design__T=dLN__H=72__B=NA__G=delivery_ad5__VS=baseline_0	delivery_vs_control_split	<local_project_root>/00_metadata/verified_metadata/splited/GSE264344_design/GSE264344_design__T=dLN__H=72__B=NA__G=delivery_ad5__VS=baseline_0.tsv	delivery ad5 versus baseline 0	<local_project_root>\audit\results\supplement_dataset_split_provenance_v7.tsv	40162786	10.1128/jvi.00247-25	Curated split definition consumed by automated scoring and transfer-evaluation scripts.	not_recorded_in_source	NA	02_design_and_split_generation; 07_split_contrast_transfer_evaluation	Supplementary Table S2; validation figures	documented	verified_from_local_metadata_and_manual_paper_context
CUR00478	treatment_control_label	GSE264344	GSE264344_design__T=dLN__H=72__B=NA__G=delivery_ad5__VS=baseline_0	treatment_group_clean	delivery_ad5	delivery ad5	<local_project_root>\audit\results\supplement_dataset_split_provenance_v7.tsv	40162786	10.1128/jvi.00247-25	Curated treatment/delivery label harmonized from dataset metadata.	not_recorded_in_source	NA	02_design_and_split_generation	Supplementary Table S2	documented	delivery group label
CUR00479	treatment_control_label	GSE264344	GSE264344_design__T=dLN__H=72__B=NA__G=delivery_ad5__VS=baseline_0	control_group_clean	baseline_0	baseline 0	<local_project_root>\audit\results\supplement_dataset_split_provenance_v7.tsv	40162786	10.1128/jvi.00247-25	Curated control/baseline label harmonized from dataset metadata.	not_recorded_in_source	NA	02_design_and_split_generation	Supplementary Table S2	documented	control group label
CUR00480	tissue_timepoint_annotation	GSE264344	GSE264344_design__T=dLN__H=72__B=NA__G=delivery_ad5__VS=baseline_0	tissue; timepoint_h	dLN; 0; 72	dLN; 72	<local_project_root>\audit\results\supplement_dataset_split_provenance_v7.tsv	40162786	10.1128/jvi.00247-25	Curated tissue and timepoint annotations harmonize public metadata for split-level analysis.	not_recorded_in_source	NA	01_metadata_processing; 02_design_and_split_generation	Figures 1-5; Supplementary Tables S1-S3	documented	metadata annotation
CUR00481	delivery_platform_annotation	GSE264344	GSE264344_design__T=dLN__H=72__B=NA__G=delivery_ad5__VS=baseline_0	delivery_platform_or_modality	adenovirus serotype 5 vector	adenovirus serotype 5 vector	<local_project_root>\audit\results\supplement_dataset_split_provenance_v7.tsv	40162786	10.1128/jvi.00247-25	Curated delivery platform/modality label used for interpretation and provenance tables.	not_recorded_in_source	NA	01_metadata_processing; 08_dataset_role_cleanup	Supplementary Tables S1-S3	documented	delivery platform annotation
CUR00482	publication_context_mapping	GSE264344	GSE264344_design__T=dLN__H=72__B=NA__G=delivery_ad5__VS=baseline_0	paper_result_alignment	Strong positive IMRS at 1-24 h matches acute innate tissue response. Weak 72 h IMRS matches waning tissue-time kinetics, not model failure.	context_explains_weaker_signal	<local_project_root>\audit\results\supplement_dataset_split_provenance_v7.tsv	40162786	10.1128/jvi.00247-25	Publication context was mapped to support interpretation of dataset role and boundary-context handling.	not_recorded_in_source	NA	09_boundary_context_audit	Supplementary Tables S1-S3	documented	Mouse Ad26/Ad5 vector vaccination time course across blood, muscle, and draining lymph node from 1 h to 72 h. The paper reports that innate immune response begins by 1 h, evolves across tissues within 24 h, and wanes by 72 h.
CUR00483	split_definition	GSE279372	GSE279372_design__T=draining_lymph_nodes__H=24__B=NA__G=GID00110503__VS=baseline_0	delivery_vs_control_split	<local_project_root>/00_metadata/verified_metadata/splited/GSE279372_design/GSE279372_design__T=draining_lymph_nodes__H=24__B=NA__G=GID00110503__VS=baseline_0.tsv	delivery 250 g alum 5 g gi 1 gii 4 vlp injected versus baseline 0	<local_project_root>\audit\results\supplement_dataset_split_provenance_v7.tsv	39494905	10.1128/jvi.01699-24	Curated split definition consumed by automated scoring and transfer-evaluation scripts.	not_recorded_in_source	NA	02_design_and_split_generation; 07_split_contrast_transfer_evaluation	Supplementary Table S2; validation figures	documented	verified_from_local_metadata_and_manual_paper_context
CUR00484	treatment_control_label	GSE279372	GSE279372_design__T=draining_lymph_nodes__H=24__B=NA__G=GID00110503__VS=baseline_0	treatment_group_clean	delivery_250_g_alum_5_g_gi_1_gii_4_vlp_injected	delivery 250 g alum 5 g gi 1 gii 4 vlp injected	<local_project_root>\audit\results\supplement_dataset_split_provenance_v7.tsv	39494905	10.1128/jvi.01699-24	Curated treatment/delivery label harmonized from dataset metadata.	not_recorded_in_source	NA	02_design_and_split_generation	Supplementary Table S2	documented	delivery group label
CUR00485	treatment_control_label	GSE279372	GSE279372_design__T=draining_lymph_nodes__H=24__B=NA__G=GID00110503__VS=baseline_0	control_group_clean	baseline_0	baseline 0	<local_project_root>\audit\results\supplement_dataset_split_provenance_v7.tsv	39494905	10.1128/jvi.01699-24	Curated control/baseline label harmonized from dataset metadata.	not_recorded_in_source	NA	02_design_and_split_generation	Supplementary Table S2	documented	control group label
CUR00486	tissue_timepoint_annotation	GSE279372	GSE279372_design__T=draining_lymph_nodes__H=24__B=NA__G=GID00110503__VS=baseline_0	tissue; timepoint_h	draining lymph nodes; 24	draining lymph nodes; 24	<local_project_root>\audit\results\supplement_dataset_split_provenance_v7.tsv	39494905	10.1128/jvi.01699-24	Curated tissue and timepoint annotations harmonize public metadata for split-level analysis.	not_recorded_in_source	NA	01_metadata_processing; 02_design_and_split_generation	Figures 1-5; Supplementary Tables S1-S3	documented	metadata annotation
CUR00487	delivery_platform_annotation	GSE279372	GSE279372_design__T=draining_lymph_nodes__H=24__B=NA__G=GID00110503__VS=baseline_0	delivery_platform_or_modality	vaccine formulation / LNP or alum/VLP depending split	vaccine formulation / LNP or alum/VLP depending split	<local_project_root>\audit\results\supplement_dataset_split_provenance_v7.tsv	39494905	10.1128/jvi.01699-24	Curated delivery platform/modality label used for interpretation and provenance tables.	not_recorded_in_source	NA	01_metadata_processing; 08_dataset_role_cleanup	Supplementary Tables S1-S3	documented	delivery platform annotation
CUR00488	publication_context_mapping	GSE279372	GSE279372_design__T=draining_lymph_nodes__H=24__B=NA__G=GID00110503__VS=baseline_0	paper_result_alignment	Strong positive IMRS is biologically plausible because the LNP adjuvant context is associated with innate/type I IFN-dependent vaccine response.	matches_paper_context	<local_project_root>\audit\results\supplement_dataset_split_provenance_v7.tsv	39494905	10.1128/jvi.01699-24	Publication context was mapped to support interpretation of dataset role and boundary-context handling.	not_recorded_in_source	NA	09_boundary_context_audit	Supplementary Tables S1-S3	documented	Mouse draining lymph node RNA-seq 24 h after NoV VLP vaccine and LNP/adjuvant treatment. Paper reports LNP adjuvant activity and type I IFN/TLR9-dependent mechanism.
CUR00489	split_definition	GSE279372	GSE279372_design__T=draining_lymph_nodes__H=24__B=NA__G=GID00110754__VS=baseline_0	delivery_vs_control_split	<local_project_root>/00_metadata/verified_metadata/splited/GSE279372_design/GSE279372_design__T=draining_lymph_nodes__H=24__B=NA__G=GID00110754__VS=baseline_0.tsv	delivery 125 g lnps 5 g gi 1 gii 4 vlp injected versus baseline 0	<local_project_root>\audit\results\supplement_dataset_split_provenance_v7.tsv	39494905	10.1128/jvi.01699-24	Curated split definition consumed by automated scoring and transfer-evaluation scripts.	not_recorded_in_source	NA	02_design_and_split_generation; 07_split_contrast_transfer_evaluation	Supplementary Table S2; validation figures	documented	verified_from_local_metadata_and_manual_paper_context
CUR00490	treatment_control_label	GSE279372	GSE279372_design__T=draining_lymph_nodes__H=24__B=NA__G=GID00110754__VS=baseline_0	treatment_group_clean	delivery_125_g_lnps_5_g_gi_1_gii_4_vlp_injected	delivery 125 g lnps 5 g gi 1 gii 4 vlp injected	<local_project_root>\audit\results\supplement_dataset_split_provenance_v7.tsv	39494905	10.1128/jvi.01699-24	Curated treatment/delivery label harmonized from dataset metadata.	not_recorded_in_source	NA	02_design_and_split_generation	Supplementary Table S2	documented	delivery group label
CUR00491	treatment_control_label	GSE279372	GSE279372_design__T=draining_lymph_nodes__H=24__B=NA__G=GID00110754__VS=baseline_0	control_group_clean	baseline_0	baseline 0	<local_project_root>\audit\results\supplement_dataset_split_provenance_v7.tsv	39494905	10.1128/jvi.01699-24	Curated control/baseline label harmonized from dataset metadata.	not_recorded_in_source	NA	02_design_and_split_generation	Supplementary Table S2	documented	control group label
CUR00492	tissue_timepoint_annotation	GSE279372	GSE279372_design__T=draining_lymph_nodes__H=24__B=NA__G=GID00110754__VS=baseline_0	tissue; timepoint_h	draining lymph nodes; 24	draining lymph nodes; 24	<local_project_root>\audit\results\supplement_dataset_split_provenance_v7.tsv	39494905	10.1128/jvi.01699-24	Curated tissue and timepoint annotations harmonize public metadata for split-level analysis.	not_recorded_in_source	NA	01_metadata_processing; 02_design_and_split_generation	Figures 1-5; Supplementary Tables S1-S3	documented	metadata annotation
CUR00493	delivery_platform_annotation	GSE279372	GSE279372_design__T=draining_lymph_nodes__H=24__B=NA__G=GID00110754__VS=baseline_0	delivery_platform_or_modality	vaccine formulation / LNP or alum/VLP depending split	vaccine formulation / LNP or alum/VLP depending split	<local_project_root>\audit\results\supplement_dataset_split_provenance_v7.tsv	39494905	10.1128/jvi.01699-24	Curated delivery platform/modality label used for interpretation and provenance tables.	not_recorded_in_source	NA	01_metadata_processing; 08_dataset_role_cleanup	Supplementary Tables S1-S3	documented	delivery platform annotation
CUR00494	publication_context_mapping	GSE279372	GSE279372_design__T=draining_lymph_nodes__H=24__B=NA__G=GID00110754__VS=baseline_0	paper_result_alignment	Strong positive IMRS is biologically plausible because the LNP adjuvant context is associated with innate/type I IFN-dependent vaccine response.	matches_paper_context	<local_project_root>\audit\results\supplement_dataset_split_provenance_v7.tsv	39494905	10.1128/jvi.01699-24	Publication context was mapped to support interpretation of dataset role and boundary-context handling.	not_recorded_in_source	NA	09_boundary_context_audit	Supplementary Tables S1-S3	documented	Mouse draining lymph node RNA-seq 24 h after NoV VLP vaccine and LNP/adjuvant treatment. Paper reports LNP adjuvant activity and type I IFN/TLR9-dependent mechanism.
CUR00495	split_definition	GSE279372	GSE279372_design__T=draining_lymph_nodes__H=24__B=NA__G=GID00114748__VS=baseline_0	delivery_vs_control_split	<local_project_root>/00_metadata/verified_metadata/splited/GSE279372_design/GSE279372_design__T=draining_lymph_nodes__H=24__B=NA__G=GID00114748__VS=baseline_0.tsv	delivery 1000 g lnps 5 g gi 1 gii 4 vlp injected versus baseline 0	<local_project_root>\audit\results\supplement_dataset_split_provenance_v7.tsv	39494905	10.1128/jvi.01699-24	Curated split definition consumed by automated scoring and transfer-evaluation scripts.	not_recorded_in_source	NA	02_design_and_split_generation; 07_split_contrast_transfer_evaluation	Supplementary Table S2; validation figures	documented	verified_from_local_metadata_and_manual_paper_context
CUR00496	treatment_control_label	GSE279372	GSE279372_design__T=draining_lymph_nodes__H=24__B=NA__G=GID00114748__VS=baseline_0	treatment_group_clean	delivery_1000_g_lnps_5_g_gi_1_gii_4_vlp_injected	delivery 1000 g lnps 5 g gi 1 gii 4 vlp injected	<local_project_root>\audit\results\supplement_dataset_split_provenance_v7.tsv	39494905	10.1128/jvi.01699-24	Curated treatment/delivery label harmonized from dataset metadata.	not_recorded_in_source	NA	02_design_and_split_generation	Supplementary Table S2	documented	delivery group label
CUR00497	treatment_control_label	GSE279372	GSE279372_design__T=draining_lymph_nodes__H=24__B=NA__G=GID00114748__VS=baseline_0	control_group_clean	baseline_0	baseline 0	<local_project_root>\audit\results\supplement_dataset_split_provenance_v7.tsv	39494905	10.1128/jvi.01699-24	Curated control/baseline label harmonized from dataset metadata.	not_recorded_in_source	NA	02_design_and_split_generation	Supplementary Table S2	documented	control group label
CUR00498	tissue_timepoint_annotation	GSE279372	GSE279372_design__T=draining_lymph_nodes__H=24__B=NA__G=GID00114748__VS=baseline_0	tissue; timepoint_h	draining lymph nodes; 24	draining lymph nodes; 24	<local_project_root>\audit\results\supplement_dataset_split_provenance_v7.tsv	39494905	10.1128/jvi.01699-24	Curated tissue and timepoint annotations harmonize public metadata for split-level analysis.	not_recorded_in_source	NA	01_metadata_processing; 02_design_and_split_generation	Figures 1-5; Supplementary Tables S1-S3	documented	metadata annotation
CUR00499	delivery_platform_annotation	GSE279372	GSE279372_design__T=draining_lymph_nodes__H=24__B=NA__G=GID00114748__VS=baseline_0	delivery_platform_or_modality	vaccine formulation / LNP or alum/VLP depending split	vaccine formulation / LNP or alum/VLP depending split	<local_project_root>\audit\results\supplement_dataset_split_provenance_v7.tsv	39494905	10.1128/jvi.01699-24	Curated delivery platform/modality label used for interpretation and provenance tables.	not_recorded_in_source	NA	01_metadata_processing; 08_dataset_role_cleanup	Supplementary Tables S1-S3	documented	delivery platform annotation
CUR00500	publication_context_mapping	GSE279372	GSE279372_design__T=draining_lymph_nodes__H=24__B=NA__G=GID00114748__VS=baseline_0	paper_result_alignment	Strong positive IMRS is biologically plausible because the LNP adjuvant context is associated with innate/type I IFN-dependent vaccine response.	matches_paper_context	<local_project_root>\audit\results\supplement_dataset_split_provenance_v7.tsv	39494905	10.1128/jvi.01699-24	Publication context was mapped to support interpretation of dataset role and boundary-context handling.	not_recorded_in_source	NA	09_boundary_context_audit	Supplementary Tables S1-S3	documented	Mouse draining lymph node RNA-seq 24 h after NoV VLP vaccine and LNP/adjuvant treatment. Paper reports LNP adjuvant activity and type I IFN/TLR9-dependent mechanism.
CUR00501	split_definition	GSE279372	GSE279372_design__T=draining_lymph_nodes__H=24__B=NA__G=delivery_1000_g_lnps_injected__VS=baseline_0	delivery_vs_control_split	<local_project_root>/00_metadata/verified_metadata/splited/GSE279372_design/GSE279372_design__T=draining_lymph_nodes__H=24__B=NA__G=delivery_1000_g_lnps_injected__VS=baseline_0.tsv	delivery 1000 g lnps injected versus baseline 0	<local_project_root>\audit\results\supplement_dataset_split_provenance_v7.tsv	39494905	10.1128/jvi.01699-24	Curated split definition consumed by automated scoring and transfer-evaluation scripts.	not_recorded_in_source	NA	02_design_and_split_generation; 07_split_contrast_transfer_evaluation	Supplementary Table S2; validation figures	documented	verified_from_local_metadata_and_manual_paper_context
CUR00502	treatment_control_label	GSE279372	GSE279372_design__T=draining_lymph_nodes__H=24__B=NA__G=delivery_1000_g_lnps_injected__VS=baseline_0	treatment_group_clean	delivery_1000_g_lnps_injected	delivery 1000 g lnps injected	<local_project_root>\audit\results\supplement_dataset_split_provenance_v7.tsv	39494905	10.1128/jvi.01699-24	Curated treatment/delivery label harmonized from dataset metadata.	not_recorded_in_source	NA	02_design_and_split_generation	Supplementary Table S2	documented	delivery group label
CUR00503	treatment_control_label	GSE279372	GSE279372_design__T=draining_lymph_nodes__H=24__B=NA__G=delivery_1000_g_lnps_injected__VS=baseline_0	control_group_clean	baseline_0	baseline 0	<local_project_root>\audit\results\supplement_dataset_split_provenance_v7.tsv	39494905	10.1128/jvi.01699-24	Curated control/baseline label harmonized from dataset metadata.	not_recorded_in_source	NA	02_design_and_split_generation	Supplementary Table S2	documented	control group label
CUR00504	tissue_timepoint_annotation	GSE279372	GSE279372_design__T=draining_lymph_nodes__H=24__B=NA__G=delivery_1000_g_lnps_injected__VS=baseline_0	tissue; timepoint_h	draining lymph nodes; 24	draining lymph nodes; 24	<local_project_root>\audit\results\supplement_dataset_split_provenance_v7.tsv	39494905	10.1128/jvi.01699-24	Curated tissue and timepoint annotations harmonize public metadata for split-level analysis.	not_recorded_in_source	NA	01_metadata_processing; 02_design_and_split_generation	Figures 1-5; Supplementary Tables S1-S3	documented	metadata annotation
CUR00505	delivery_platform_annotation	GSE279372	GSE279372_design__T=draining_lymph_nodes__H=24__B=NA__G=delivery_1000_g_lnps_injected__VS=baseline_0	delivery_platform_or_modality	vaccine formulation / LNP or alum/VLP depending split	vaccine formulation / LNP or alum/VLP depending split	<local_project_root>\audit\results\supplement_dataset_split_provenance_v7.tsv	39494905	10.1128/jvi.01699-24	Curated delivery platform/modality label used for interpretation and provenance tables.	not_recorded_in_source	NA	01_metadata_processing; 08_dataset_role_cleanup	Supplementary Tables S1-S3	documented	delivery platform annotation
CUR00506	publication_context_mapping	GSE279372	GSE279372_design__T=draining_lymph_nodes__H=24__B=NA__G=delivery_1000_g_lnps_injected__VS=baseline_0	paper_result_alignment	Strong positive IMRS is biologically plausible because the LNP adjuvant context is associated with innate/type I IFN-dependent vaccine response.	matches_paper_context	<local_project_root>\audit\results\supplement_dataset_split_provenance_v7.tsv	39494905	10.1128/jvi.01699-24	Publication context was mapped to support interpretation of dataset role and boundary-context handling.	not_recorded_in_source	NA	09_boundary_context_audit	Supplementary Tables S1-S3	documented	Mouse draining lymph node RNA-seq 24 h after NoV VLP vaccine and LNP/adjuvant treatment. Paper reports LNP adjuvant activity and type I IFN/TLR9-dependent mechanism.
CUR00507	split_definition	GSE279372	GSE279372_design__T=draining_lymph_nodes__H=24__B=NA__G=delivery_250_g_alum_injected__VS=baseline_0	delivery_vs_control_split	<local_project_root>/00_metadata/verified_metadata/splited/GSE279372_design/GSE279372_design__T=draining_lymph_nodes__H=24__B=NA__G=delivery_250_g_alum_injected__VS=baseline_0.tsv	delivery 250 g alum injected versus baseline 0	<local_project_root>\audit\results\supplement_dataset_split_provenance_v7.tsv	39494905	10.1128/jvi.01699-24	Curated split definition consumed by automated scoring and transfer-evaluation scripts.	not_recorded_in_source	NA	02_design_and_split_generation; 07_split_contrast_transfer_evaluation	Supplementary Table S2; validation figures	documented	verified_from_local_metadata_and_manual_paper_context
CUR00508	treatment_control_label	GSE279372	GSE279372_design__T=draining_lymph_nodes__H=24__B=NA__G=delivery_250_g_alum_injected__VS=baseline_0	treatment_group_clean	delivery_250_g_alum_injected	delivery 250 g alum injected	<local_project_root>\audit\results\supplement_dataset_split_provenance_v7.tsv	39494905	10.1128/jvi.01699-24	Curated treatment/delivery label harmonized from dataset metadata.	not_recorded_in_source	NA	02_design_and_split_generation	Supplementary Table S2	documented	delivery group label
CUR00509	treatment_control_label	GSE279372	GSE279372_design__T=draining_lymph_nodes__H=24__B=NA__G=delivery_250_g_alum_injected__VS=baseline_0	control_group_clean	baseline_0	baseline 0	<local_project_root>\audit\results\supplement_dataset_split_provenance_v7.tsv	39494905	10.1128/jvi.01699-24	Curated control/baseline label harmonized from dataset metadata.	not_recorded_in_source	NA	02_design_and_split_generation	Supplementary Table S2	documented	control group label
CUR00510	tissue_timepoint_annotation	GSE279372	GSE279372_design__T=draining_lymph_nodes__H=24__B=NA__G=delivery_250_g_alum_injected__VS=baseline_0	tissue; timepoint_h	draining lymph nodes; 24	draining lymph nodes; 24	<local_project_root>\audit\results\supplement_dataset_split_provenance_v7.tsv	39494905	10.1128/jvi.01699-24	Curated tissue and timepoint annotations harmonize public metadata for split-level analysis.	not_recorded_in_source	NA	01_metadata_processing; 02_design_and_split_generation	Figures 1-5; Supplementary Tables S1-S3	documented	metadata annotation
CUR00511	delivery_platform_annotation	GSE279372	GSE279372_design__T=draining_lymph_nodes__H=24__B=NA__G=delivery_250_g_alum_injected__VS=baseline_0	delivery_platform_or_modality	vaccine formulation / LNP or alum/VLP depending split	vaccine formulation / LNP or alum/VLP depending split	<local_project_root>\audit\results\supplement_dataset_split_provenance_v7.tsv	39494905	10.1128/jvi.01699-24	Curated delivery platform/modality label used for interpretation and provenance tables.	not_recorded_in_source	NA	01_metadata_processing; 08_dataset_role_cleanup	Supplementary Tables S1-S3	documented	delivery platform annotation
CUR00512	publication_context_mapping	GSE279372	GSE279372_design__T=draining_lymph_nodes__H=24__B=NA__G=delivery_250_g_alum_injected__VS=baseline_0	paper_result_alignment	Strong positive IMRS is biologically plausible because the LNP adjuvant context is associated with innate/type I IFN-dependent vaccine response.	requires_manual_review	<local_project_root>\audit\results\supplement_dataset_split_provenance_v7.tsv	39494905	10.1128/jvi.01699-24	Publication context was mapped to support interpretation of dataset role and boundary-context handling.	not_recorded_in_source	NA	09_boundary_context_audit	Supplementary Tables S1-S3	documented	Mouse draining lymph node RNA-seq 24 h after NoV VLP vaccine and LNP/adjuvant treatment. Paper reports LNP adjuvant activity and type I IFN/TLR9-dependent mechanism.
CUR00513	split_definition	GSE279372	GSE279372_design__T=draining_lymph_nodes__H=24__B=NA__G=delivery_5_g_gi_1_gii_4_vlp__VS=baseline_0	delivery_vs_control_split	<local_project_root>/00_metadata/verified_metadata/splited/GSE279372_design/GSE279372_design__T=draining_lymph_nodes__H=24__B=NA__G=delivery_5_g_gi_1_gii_4_vlp__VS=baseline_0.tsv	delivery 5 g gi 1 gii 4 vlp versus baseline 0	<local_project_root>\audit\results\supplement_dataset_split_provenance_v7.tsv	39494905	10.1128/jvi.01699-24	Curated split definition consumed by automated scoring and transfer-evaluation scripts.	not_recorded_in_source	NA	02_design_and_split_generation; 07_split_contrast_transfer_evaluation	Supplementary Table S2; validation figures	documented	verified_from_local_metadata_and_manual_paper_context
CUR00514	treatment_control_label	GSE279372	GSE279372_design__T=draining_lymph_nodes__H=24__B=NA__G=delivery_5_g_gi_1_gii_4_vlp__VS=baseline_0	treatment_group_clean	delivery_5_g_gi_1_gii_4_vlp	delivery 5 g gi 1 gii 4 vlp	<local_project_root>\audit\results\supplement_dataset_split_provenance_v7.tsv	39494905	10.1128/jvi.01699-24	Curated treatment/delivery label harmonized from dataset metadata.	not_recorded_in_source	NA	02_design_and_split_generation	Supplementary Table S2	documented	delivery group label
CUR00515	treatment_control_label	GSE279372	GSE279372_design__T=draining_lymph_nodes__H=24__B=NA__G=delivery_5_g_gi_1_gii_4_vlp__VS=baseline_0	control_group_clean	baseline_0	baseline 0	<local_project_root>\audit\results\supplement_dataset_split_provenance_v7.tsv	39494905	10.1128/jvi.01699-24	Curated control/baseline label harmonized from dataset metadata.	not_recorded_in_source	NA	02_design_and_split_generation	Supplementary Table S2	documented	control group label
CUR00516	tissue_timepoint_annotation	GSE279372	GSE279372_design__T=draining_lymph_nodes__H=24__B=NA__G=delivery_5_g_gi_1_gii_4_vlp__VS=baseline_0	tissue; timepoint_h	draining lymph nodes; 24	draining lymph nodes; 24	<local_project_root>\audit\results\supplement_dataset_split_provenance_v7.tsv	39494905	10.1128/jvi.01699-24	Curated tissue and timepoint annotations harmonize public metadata for split-level analysis.	not_recorded_in_source	NA	01_metadata_processing; 02_design_and_split_generation	Figures 1-5; Supplementary Tables S1-S3	documented	metadata annotation
CUR00517	delivery_platform_annotation	GSE279372	GSE279372_design__T=draining_lymph_nodes__H=24__B=NA__G=delivery_5_g_gi_1_gii_4_vlp__VS=baseline_0	delivery_platform_or_modality	vaccine formulation / LNP or alum/VLP depending split	vaccine formulation / LNP or alum/VLP depending split	<local_project_root>\audit\results\supplement_dataset_split_provenance_v7.tsv	39494905	10.1128/jvi.01699-24	Curated delivery platform/modality label used for interpretation and provenance tables.	not_recorded_in_source	NA	01_metadata_processing; 08_dataset_role_cleanup	Supplementary Tables S1-S3	documented	delivery platform annotation
CUR00518	publication_context_mapping	GSE279372	GSE279372_design__T=draining_lymph_nodes__H=24__B=NA__G=delivery_5_g_gi_1_gii_4_vlp__VS=baseline_0	paper_result_alignment	Strong positive IMRS is biologically plausible because the LNP adjuvant context is associated with innate/type I IFN-dependent vaccine response.	matches_paper_context	<local_project_root>\audit\results\supplement_dataset_split_provenance_v7.tsv	39494905	10.1128/jvi.01699-24	Publication context was mapped to support interpretation of dataset role and boundary-context handling.	not_recorded_in_source	NA	09_boundary_context_audit	Supplementary Tables S1-S3	documented	Mouse draining lymph node RNA-seq 24 h after NoV VLP vaccine and LNP/adjuvant treatment. Paper reports LNP adjuvant activity and type I IFN/TLR9-dependent mechanism.
CUR00519	split_definition	GSE279743	GSE279743_design__T=Lymph_Node__H=6__B=NA__G=delivery_vaccination_with_sm102__VS=baseline_0	delivery_vs_control_split	<local_project_root>/00_metadata/verified_metadata/splited/GSE279743_design/GSE279743_design__T=Lymph_Node__H=6__B=NA__G=delivery_vaccination_with_sm102__VS=baseline_0.tsv	delivery vaccination with sm102 versus baseline 0	<local_project_root>\audit\results\supplement_dataset_split_provenance_v7.tsv	39690742	10.1016/j.ymthe.2024.12.032	Curated split definition consumed by automated scoring and transfer-evaluation scripts.	not_recorded_in_source	NA	02_design_and_split_generation; 07_split_contrast_transfer_evaluation	Supplementary Table S2; validation figures	documented	verified_from_local_metadata_and_manual_paper_context
CUR00520	treatment_control_label	GSE279743	GSE279743_design__T=Lymph_Node__H=6__B=NA__G=delivery_vaccination_with_sm102__VS=baseline_0	treatment_group_clean	delivery_vaccination_with_sm102	delivery vaccination with sm102	<local_project_root>\audit\results\supplement_dataset_split_provenance_v7.tsv	39690742	10.1016/j.ymthe.2024.12.032	Curated treatment/delivery label harmonized from dataset metadata.	not_recorded_in_source	NA	02_design_and_split_generation	Supplementary Table S2	documented	delivery group label
CUR00521	treatment_control_label	GSE279743	GSE279743_design__T=Lymph_Node__H=6__B=NA__G=delivery_vaccination_with_sm102__VS=baseline_0	control_group_clean	baseline_0	baseline 0	<local_project_root>\audit\results\supplement_dataset_split_provenance_v7.tsv	39690742	10.1016/j.ymthe.2024.12.032	Curated control/baseline label harmonized from dataset metadata.	not_recorded_in_source	NA	02_design_and_split_generation	Supplementary Table S2	documented	control group label
CUR00522	tissue_timepoint_annotation	GSE279743	GSE279743_design__T=Lymph_Node__H=6__B=NA__G=delivery_vaccination_with_sm102__VS=baseline_0	tissue; timepoint_h	Lymph Node; 6	Lymph Node; 6	<local_project_root>\audit\results\supplement_dataset_split_provenance_v7.tsv	39690742	10.1016/j.ymthe.2024.12.032	Curated tissue and timepoint annotations harmonize public metadata for split-level analysis.	not_recorded_in_source	NA	01_metadata_processing; 02_design_and_split_generation	Figures 1-5; Supplementary Tables S1-S3	documented	metadata annotation
CUR00523	delivery_platform_annotation	GSE279743	GSE279743_design__T=Lymph_Node__H=6__B=NA__G=delivery_vaccination_with_sm102__VS=baseline_0	delivery_platform_or_modality	mRNA lipid nanoparticle vaccine	mRNA lipid nanoparticle vaccine	<local_project_root>\audit\results\supplement_dataset_split_provenance_v7.tsv	39690742	10.1016/j.ymthe.2024.12.032	Curated delivery platform/modality label used for interpretation and provenance tables.	not_recorded_in_source	NA	01_metadata_processing; 08_dataset_role_cleanup	Supplementary Tables S1-S3	documented	delivery platform annotation
CUR00524	publication_context_mapping	GSE279743	GSE279743_design__T=Lymph_Node__H=6__B=NA__G=delivery_vaccination_with_sm102__VS=baseline_0	paper_result_alignment	Positive IMRS is expected for acute LNP vaccine contrasts, but lower signals for low-inflammatory formulations are biologically plausible because the paper explicitly focuses on reduced inflammatory/adverse-reaction LNP design.	matches_paper_context	<local_project_root>\audit\results\supplement_dataset_split_provenance_v7.tsv	39690742	10.1016/j.ymthe.2024.12.032	Publication context was mapped to support interpretation of dataset role and boundary-context handling.	not_recorded_in_source	NA	09_boundary_context_audit	Supplementary Tables S1-S3	documented	Whole lymph node RNA-seq after PBS, LNPssPalmO, and/or LNPSM-102 treatment in a low-inflammatory H5N1 mRNA-LNP vaccine study.
CUR00525	split_definition	GSE279743	GSE279743_design__T=Lymph_Node__H=6__B=NA__G=delivery_vaccination_with_ssop__VS=baseline_0	delivery_vs_control_split	<local_project_root>/00_metadata/verified_metadata/splited/GSE279743_design/GSE279743_design__T=Lymph_Node__H=6__B=NA__G=delivery_vaccination_with_ssop__VS=baseline_0.tsv	delivery vaccination with ssop versus baseline 0	<local_project_root>\audit\results\supplement_dataset_split_provenance_v7.tsv	39690742	10.1016/j.ymthe.2024.12.032	Curated split definition consumed by automated scoring and transfer-evaluation scripts.	not_recorded_in_source	NA	02_design_and_split_generation; 07_split_contrast_transfer_evaluation	Supplementary Table S2; validation figures	documented	verified_from_local_metadata_and_manual_paper_context
CUR00526	treatment_control_label	GSE279743	GSE279743_design__T=Lymph_Node__H=6__B=NA__G=delivery_vaccination_with_ssop__VS=baseline_0	treatment_group_clean	delivery_vaccination_with_ssop	delivery vaccination with ssop	<local_project_root>\audit\results\supplement_dataset_split_provenance_v7.tsv	39690742	10.1016/j.ymthe.2024.12.032	Curated treatment/delivery label harmonized from dataset metadata.	not_recorded_in_source	NA	02_design_and_split_generation	Supplementary Table S2	documented	delivery group label
CUR00527	treatment_control_label	GSE279743	GSE279743_design__T=Lymph_Node__H=6__B=NA__G=delivery_vaccination_with_ssop__VS=baseline_0	control_group_clean	baseline_0	baseline 0	<local_project_root>\audit\results\supplement_dataset_split_provenance_v7.tsv	39690742	10.1016/j.ymthe.2024.12.032	Curated control/baseline label harmonized from dataset metadata.	not_recorded_in_source	NA	02_design_and_split_generation	Supplementary Table S2	documented	control group label
CUR00528	tissue_timepoint_annotation	GSE279743	GSE279743_design__T=Lymph_Node__H=6__B=NA__G=delivery_vaccination_with_ssop__VS=baseline_0	tissue; timepoint_h	Lymph Node; 6	Lymph Node; 6	<local_project_root>\audit\results\supplement_dataset_split_provenance_v7.tsv	39690742	10.1016/j.ymthe.2024.12.032	Curated tissue and timepoint annotations harmonize public metadata for split-level analysis.	not_recorded_in_source	NA	01_metadata_processing; 02_design_and_split_generation	Figures 1-5; Supplementary Tables S1-S3	documented	metadata annotation
CUR00529	delivery_platform_annotation	GSE279743	GSE279743_design__T=Lymph_Node__H=6__B=NA__G=delivery_vaccination_with_ssop__VS=baseline_0	delivery_platform_or_modality	mRNA lipid nanoparticle vaccine	mRNA lipid nanoparticle vaccine	<local_project_root>\audit\results\supplement_dataset_split_provenance_v7.tsv	39690742	10.1016/j.ymthe.2024.12.032	Curated delivery platform/modality label used for interpretation and provenance tables.	not_recorded_in_source	NA	01_metadata_processing; 08_dataset_role_cleanup	Supplementary Tables S1-S3	documented	delivery platform annotation
CUR00530	publication_context_mapping	GSE279743	GSE279743_design__T=Lymph_Node__H=6__B=NA__G=delivery_vaccination_with_ssop__VS=baseline_0	paper_result_alignment	Positive IMRS is expected for acute LNP vaccine contrasts, but lower signals for low-inflammatory formulations are biologically plausible because the paper explicitly focuses on reduced inflammatory/adverse-reaction LNP design.	matches_paper_context	<local_project_root>\audit\results\supplement_dataset_split_provenance_v7.tsv	39690742	10.1016/j.ymthe.2024.12.032	Publication context was mapped to support interpretation of dataset role and boundary-context handling.	not_recorded_in_source	NA	09_boundary_context_audit	Supplementary Tables S1-S3	documented	Whole lymph node RNA-seq after PBS, LNPssPalmO, and/or LNPSM-102 treatment in a low-inflammatory H5N1 mRNA-LNP vaccine study.
CUR00531	split_definition	GSE279744	GSE279744_design__T=lymph_node__H=6__B=NA__G=delivery_vaccination_with_sm102__VS=baseline_0	delivery_vs_control_split	<local_project_root>/00_metadata/verified_metadata/splited/GSE279744_design/GSE279744_design__T=lymph_node__H=6__B=NA__G=delivery_vaccination_with_sm102__VS=baseline_0.tsv	delivery vaccination with sm102 versus baseline 0	<local_project_root>\audit\results\supplement_dataset_split_provenance_v7.tsv	39690742	10.1016/j.ymthe.2024.12.032	Curated split definition consumed by automated scoring and transfer-evaluation scripts.	not_recorded_in_source	NA	02_design_and_split_generation; 07_split_contrast_transfer_evaluation	Supplementary Table S2; validation figures	documented	verified_from_local_metadata_and_manual_paper_context
CUR00532	treatment_control_label	GSE279744	GSE279744_design__T=lymph_node__H=6__B=NA__G=delivery_vaccination_with_sm102__VS=baseline_0	treatment_group_clean	delivery_vaccination_with_sm102	delivery vaccination with sm102	<local_project_root>\audit\results\supplement_dataset_split_provenance_v7.tsv	39690742	10.1016/j.ymthe.2024.12.032	Curated treatment/delivery label harmonized from dataset metadata.	not_recorded_in_source	NA	02_design_and_split_generation	Supplementary Table S2	documented	delivery group label
CUR00533	treatment_control_label	GSE279744	GSE279744_design__T=lymph_node__H=6__B=NA__G=delivery_vaccination_with_sm102__VS=baseline_0	control_group_clean	baseline_0	baseline 0	<local_project_root>\audit\results\supplement_dataset_split_provenance_v7.tsv	39690742	10.1016/j.ymthe.2024.12.032	Curated control/baseline label harmonized from dataset metadata.	not_recorded_in_source	NA	02_design_and_split_generation	Supplementary Table S2	documented	control group label
CUR00534	tissue_timepoint_annotation	GSE279744	GSE279744_design__T=lymph_node__H=6__B=NA__G=delivery_vaccination_with_sm102__VS=baseline_0	tissue; timepoint_h	lymph node; 6	lymph node; 6	<local_project_root>\audit\results\supplement_dataset_split_provenance_v7.tsv	39690742	10.1016/j.ymthe.2024.12.032	Curated tissue and timepoint annotations harmonize public metadata for split-level analysis.	not_recorded_in_source	NA	01_metadata_processing; 02_design_and_split_generation	Figures 1-5; Supplementary Tables S1-S3	documented	metadata annotation
CUR00535	delivery_platform_annotation	GSE279744	GSE279744_design__T=lymph_node__H=6__B=NA__G=delivery_vaccination_with_sm102__VS=baseline_0	delivery_platform_or_modality	mRNA lipid nanoparticle vaccine	mRNA lipid nanoparticle vaccine	<local_project_root>\audit\results\supplement_dataset_split_provenance_v7.tsv	39690742	10.1016/j.ymthe.2024.12.032	Curated delivery platform/modality label used for interpretation and provenance tables.	not_recorded_in_source	NA	01_metadata_processing; 08_dataset_role_cleanup	Supplementary Tables S1-S3	documented	delivery platform annotation
CUR00536	publication_context_mapping	GSE279744	GSE279744_design__T=lymph_node__H=6__B=NA__G=delivery_vaccination_with_sm102__VS=baseline_0	paper_result_alignment	Strong IMRS in sorted lymph-node dendritic-cell context is plausible because dendritic cells are innate immune responders, and these acute rows are included in the production model.	matches_paper_context	<local_project_root>\audit\results\supplement_dataset_split_provenance_v7.tsv	39690742	10.1016/j.ymthe.2024.12.032	Publication context was mapped to support interpretation of dataset role and boundary-context handling.	not_recorded_in_source	NA	09_boundary_context_audit	Supplementary Tables S1-S3	documented	Lymph node dendritic-cell RNA-seq from the same H5N1 low-inflammatory LNP vaccine study.
CUR00537	split_definition	GSE279744	GSE279744_design__T=lymph_node__H=6__B=NA__G=delivery_vaccination_with_ssop__VS=baseline_0	delivery_vs_control_split	<local_project_root>/00_metadata/verified_metadata/splited/GSE279744_design/GSE279744_design__T=lymph_node__H=6__B=NA__G=delivery_vaccination_with_ssop__VS=baseline_0.tsv	delivery vaccination with ssop versus baseline 0	<local_project_root>\audit\results\supplement_dataset_split_provenance_v7.tsv	39690742	10.1016/j.ymthe.2024.12.032	Curated split definition consumed by automated scoring and transfer-evaluation scripts.	not_recorded_in_source	NA	02_design_and_split_generation; 07_split_contrast_transfer_evaluation	Supplementary Table S2; validation figures	documented	verified_from_local_metadata_and_manual_paper_context
CUR00538	treatment_control_label	GSE279744	GSE279744_design__T=lymph_node__H=6__B=NA__G=delivery_vaccination_with_ssop__VS=baseline_0	treatment_group_clean	delivery_vaccination_with_ssop	delivery vaccination with ssop	<local_project_root>\audit\results\supplement_dataset_split_provenance_v7.tsv	39690742	10.1016/j.ymthe.2024.12.032	Curated treatment/delivery label harmonized from dataset metadata.	not_recorded_in_source	NA	02_design_and_split_generation	Supplementary Table S2	documented	delivery group label
CUR00539	treatment_control_label	GSE279744	GSE279744_design__T=lymph_node__H=6__B=NA__G=delivery_vaccination_with_ssop__VS=baseline_0	control_group_clean	baseline_0	baseline 0	<local_project_root>\audit\results\supplement_dataset_split_provenance_v7.tsv	39690742	10.1016/j.ymthe.2024.12.032	Curated control/baseline label harmonized from dataset metadata.	not_recorded_in_source	NA	02_design_and_split_generation	Supplementary Table S2	documented	control group label
CUR00540	tissue_timepoint_annotation	GSE279744	GSE279744_design__T=lymph_node__H=6__B=NA__G=delivery_vaccination_with_ssop__VS=baseline_0	tissue; timepoint_h	lymph node; 6	lymph node; 6	<local_project_root>\audit\results\supplement_dataset_split_provenance_v7.tsv	39690742	10.1016/j.ymthe.2024.12.032	Curated tissue and timepoint annotations harmonize public metadata for split-level analysis.	not_recorded_in_source	NA	01_metadata_processing; 02_design_and_split_generation	Figures 1-5; Supplementary Tables S1-S3	documented	metadata annotation
CUR00541	delivery_platform_annotation	GSE279744	GSE279744_design__T=lymph_node__H=6__B=NA__G=delivery_vaccination_with_ssop__VS=baseline_0	delivery_platform_or_modality	mRNA lipid nanoparticle vaccine	mRNA lipid nanoparticle vaccine	<local_project_root>\audit\results\supplement_dataset_split_provenance_v7.tsv	39690742	10.1016/j.ymthe.2024.12.032	Curated delivery platform/modality label used for interpretation and provenance tables.	not_recorded_in_source	NA	01_metadata_processing; 08_dataset_role_cleanup	Supplementary Tables S1-S3	documented	delivery platform annotation
CUR00542	publication_context_mapping	GSE279744	GSE279744_design__T=lymph_node__H=6__B=NA__G=delivery_vaccination_with_ssop__VS=baseline_0	paper_result_alignment	Strong IMRS in sorted lymph-node dendritic-cell context is plausible because dendritic cells are innate immune responders, and these acute rows are included in the production model.	matches_paper_context	<local_project_root>\audit\results\supplement_dataset_split_provenance_v7.tsv	39690742	10.1016/j.ymthe.2024.12.032	Publication context was mapped to support interpretation of dataset role and boundary-context handling.	not_recorded_in_source	NA	09_boundary_context_audit	Supplementary Tables S1-S3	documented	Lymph node dendritic-cell RNA-seq from the same H5N1 low-inflammatory LNP vaccine study.
CUR00543	split_definition	GSE314070	GSE314070_design__T=small_intestine__H=336__B=NA__G=delivery_am80_lnp__VS=baseline_0	delivery_vs_control_split	<local_project_root>/00_metadata/verified_metadata/splited/GSE314070_design/GSE314070_design__T=small_intestine__H=336__B=NA__G=delivery_am80_lnp__VS=baseline_0.tsv	delivery am80 lnp versus baseline 0	<local_project_root>\audit\results\supplement_dataset_split_provenance_v7.tsv	41671339	10.1126/scitranslmed.adw6105	Curated split definition consumed by automated scoring and transfer-evaluation scripts.	not_recorded_in_source	NA	02_design_and_split_generation; 07_split_contrast_transfer_evaluation	Supplementary Table S2; validation figures	documented	verified_from_local_metadata_and_manual_paper_context
CUR00544	treatment_control_label	GSE314070	GSE314070_design__T=small_intestine__H=336__B=NA__G=delivery_am80_lnp__VS=baseline_0	treatment_group_clean	delivery_am80_lnp	delivery am80 lnp	<local_project_root>\audit\results\supplement_dataset_split_provenance_v7.tsv	41671339	10.1126/scitranslmed.adw6105	Curated treatment/delivery label harmonized from dataset metadata.	not_recorded_in_source	NA	02_design_and_split_generation	Supplementary Table S2	documented	delivery group label
CUR00545	treatment_control_label	GSE314070	GSE314070_design__T=small_intestine__H=336__B=NA__G=delivery_am80_lnp__VS=baseline_0	control_group_clean	baseline_0	baseline 0	<local_project_root>\audit\results\supplement_dataset_split_provenance_v7.tsv	41671339	10.1126/scitranslmed.adw6105	Curated control/baseline label harmonized from dataset metadata.	not_recorded_in_source	NA	02_design_and_split_generation	Supplementary Table S2	documented	control group label
CUR00546	tissue_timepoint_annotation	GSE314070	GSE314070_design__T=small_intestine__H=336__B=NA__G=delivery_am80_lnp__VS=baseline_0	tissue; timepoint_h	small intestine; 336	small intestine; 336	<local_project_root>\audit\results\supplement_dataset_split_provenance_v7.tsv	41671339	10.1126/scitranslmed.adw6105	Curated tissue and timepoint annotations harmonize public metadata for split-level analysis.	not_recorded_in_source	NA	01_metadata_processing; 02_design_and_split_generation	Figures 1-5; Supplementary Tables S1-S3	documented	metadata annotation
CUR00547	delivery_platform_annotation	GSE314070	GSE314070_design__T=small_intestine__H=336__B=NA__G=delivery_am80_lnp__VS=baseline_0	delivery_platform_or_modality	lipid nanoparticle	lipid nanoparticle	<local_project_root>\audit\results\supplement_dataset_split_provenance_v7.tsv	41671339	10.1126/scitranslmed.adw6105	Curated delivery platform/modality label used for interpretation and provenance tables.	not_recorded_in_source	NA	01_metadata_processing; 08_dataset_role_cleanup	Supplementary Tables S1-S3	documented	delivery platform annotation
CUR00548	publication_context_mapping	GSE314070	GSE314070_design__T=small_intestine__H=336__B=NA__G=delivery_am80_lnp__VS=baseline_0	paper_result_alignment	Weak or variable acute IMRS is expected because this is late small-intestine mucosal/adaptive biology after booster, not acute injection-site innate activation.	context_explains_weaker_signal	<local_project_root>\audit\results\supplement_dataset_split_provenance_v7.tsv	41671339	10.1126/scitranslmed.adw6105	Publication context was mapped to support interpretation of dataset role and boundary-context handling.	not_recorded_in_source	NA	09_boundary_context_audit	Supplementary Tables S1-S3	documented	Small intestine RNA-seq at 336 h/day 14 after booster immunization with Am80-LNP rotavirus mRNA vaccine. The platform is designed to induce gut mucosal immunity and mitigate injection-site inflammation.
CUR00549	split_definition	GSE314070	GSE314070_design__T=small_intestine__H=336__B=NA__G=delivery_sm102_lnp__VS=baseline_0	delivery_vs_control_split	<local_project_root>/00_metadata/verified_metadata/splited/GSE314070_design/GSE314070_design__T=small_intestine__H=336__B=NA__G=delivery_sm102_lnp__VS=baseline_0.tsv	delivery sm102 lnp versus baseline 0	<local_project_root>\audit\results\supplement_dataset_split_provenance_v7.tsv	41671339	10.1126/scitranslmed.adw6105	Curated split definition consumed by automated scoring and transfer-evaluation scripts.	not_recorded_in_source	NA	02_design_and_split_generation; 07_split_contrast_transfer_evaluation	Supplementary Table S2; validation figures	documented	verified_from_local_metadata_and_manual_paper_context
CUR00550	treatment_control_label	GSE314070	GSE314070_design__T=small_intestine__H=336__B=NA__G=delivery_sm102_lnp__VS=baseline_0	treatment_group_clean	delivery_sm102_lnp	delivery sm102 lnp	<local_project_root>\audit\results\supplement_dataset_split_provenance_v7.tsv	41671339	10.1126/scitranslmed.adw6105	Curated treatment/delivery label harmonized from dataset metadata.	not_recorded_in_source	NA	02_design_and_split_generation	Supplementary Table S2	documented	delivery group label
CUR00551	treatment_control_label	GSE314070	GSE314070_design__T=small_intestine__H=336__B=NA__G=delivery_sm102_lnp__VS=baseline_0	control_group_clean	baseline_0	baseline 0	<local_project_root>\audit\results\supplement_dataset_split_provenance_v7.tsv	41671339	10.1126/scitranslmed.adw6105	Curated control/baseline label harmonized from dataset metadata.	not_recorded_in_source	NA	02_design_and_split_generation	Supplementary Table S2	documented	control group label
CUR00552	tissue_timepoint_annotation	GSE314070	GSE314070_design__T=small_intestine__H=336__B=NA__G=delivery_sm102_lnp__VS=baseline_0	tissue; timepoint_h	small intestine; 336	small intestine; 336	<local_project_root>\audit\results\supplement_dataset_split_provenance_v7.tsv	41671339	10.1126/scitranslmed.adw6105	Curated tissue and timepoint annotations harmonize public metadata for split-level analysis.	not_recorded_in_source	NA	01_metadata_processing; 02_design_and_split_generation	Figures 1-5; Supplementary Tables S1-S3	documented	metadata annotation
CUR00553	delivery_platform_annotation	GSE314070	GSE314070_design__T=small_intestine__H=336__B=NA__G=delivery_sm102_lnp__VS=baseline_0	delivery_platform_or_modality	lipid nanoparticle	lipid nanoparticle	<local_project_root>\audit\results\supplement_dataset_split_provenance_v7.tsv	41671339	10.1126/scitranslmed.adw6105	Curated delivery platform/modality label used for interpretation and provenance tables.	not_recorded_in_source	NA	01_metadata_processing; 08_dataset_role_cleanup	Supplementary Tables S1-S3	documented	delivery platform annotation
CUR00554	publication_context_mapping	GSE314070	GSE314070_design__T=small_intestine__H=336__B=NA__G=delivery_sm102_lnp__VS=baseline_0	paper_result_alignment	Weak or variable acute IMRS is expected because this is late small-intestine mucosal/adaptive biology after booster, not acute injection-site innate activation.	context_explains_weaker_signal	<local_project_root>\audit\results\supplement_dataset_split_provenance_v7.tsv	41671339	10.1126/scitranslmed.adw6105	Publication context was mapped to support interpretation of dataset role and boundary-context handling.	not_recorded_in_source	NA	09_boundary_context_audit	Supplementary Tables S1-S3	documented	Small intestine RNA-seq at 336 h/day 14 after booster immunization with Am80-LNP rotavirus mRNA vaccine. The platform is designed to induce gut mucosal immunity and mitigate injection-site inflammation.
CUR00555	split_definition	GSE39129	GSE39129_design__T=liver__H=4__B=NA__G=delivery_lentiviral_vector_lv__VS=delivery_none	delivery_vs_control_split	<local_project_root>/00_metadata/verified_metadata/splited/GSE39129_design/GSE39129_design__T=liver__H=4__B=NA__G=delivery_lentiviral_vector_lv__VS=delivery_none.tsv	delivery lentiviral vector lv versus delivery none	<local_project_root>\audit\results\supplement_dataset_split_provenance_v7.tsv	22871668	10.1038/mt.2012.150	Curated split definition consumed by automated scoring and transfer-evaluation scripts.	not_recorded_in_source	NA	02_design_and_split_generation; 07_split_contrast_transfer_evaluation	Supplementary Table S2; validation figures	documented	verified_from_local_metadata_and_manual_paper_context
CUR00556	treatment_control_label	GSE39129	GSE39129_design__T=liver__H=4__B=NA__G=delivery_lentiviral_vector_lv__VS=delivery_none	treatment_group_clean	delivery_lentiviral_vector_lv_	delivery lentiviral vector lv	<local_project_root>\audit\results\supplement_dataset_split_provenance_v7.tsv	22871668	10.1038/mt.2012.150	Curated treatment/delivery label harmonized from dataset metadata.	not_recorded_in_source	NA	02_design_and_split_generation	Supplementary Table S2	documented	delivery group label
CUR00557	treatment_control_label	GSE39129	GSE39129_design__T=liver__H=4__B=NA__G=delivery_lentiviral_vector_lv__VS=delivery_none	control_group_clean	delivery_none	delivery none	<local_project_root>\audit\results\supplement_dataset_split_provenance_v7.tsv	22871668	10.1038/mt.2012.150	Curated control/baseline label harmonized from dataset metadata.	not_recorded_in_source	NA	02_design_and_split_generation	Supplementary Table S2	documented	control group label
CUR00558	tissue_timepoint_annotation	GSE39129	GSE39129_design__T=liver__H=4__B=NA__G=delivery_lentiviral_vector_lv__VS=delivery_none	tissue; timepoint_h	liver; 4	liver; 4	<local_project_root>\audit\results\supplement_dataset_split_provenance_v7.tsv	22871668	10.1038/mt.2012.150	Curated tissue and timepoint annotations harmonize public metadata for split-level analysis.	not_recorded_in_source	NA	01_metadata_processing; 02_design_and_split_generation	Figures 1-5; Supplementary Tables S1-S3	documented	metadata annotation
CUR00559	delivery_platform_annotation	GSE39129	GSE39129_design__T=liver__H=4__B=NA__G=delivery_lentiviral_vector_lv__VS=delivery_none	delivery_platform_or_modality	lentiviral vector	lentiviral vector	<local_project_root>\audit\results\supplement_dataset_split_provenance_v7.tsv	22871668	10.1038/mt.2012.150	Curated delivery platform/modality label used for interpretation and provenance tables.	not_recorded_in_source	NA	01_metadata_processing; 08_dataset_role_cleanup	Supplementary Tables S1-S3	documented	delivery platform annotation
CUR00560	publication_context_mapping	GSE39129	GSE39129_design__T=liver__H=4__B=NA__G=delivery_lentiviral_vector_lv__VS=delivery_none	paper_result_alignment	Strong positive IMRS is expected because this is an acute 4 h liver response to lentiviral vector delivery.	matches_paper_context	<local_project_root>\audit\results\supplement_dataset_split_provenance_v7.tsv	22871668	10.1038/mt.2012.150	Publication context was mapped to support interpretation of dataset role and boundary-context handling.	not_recorded_in_source	NA	09_boundary_context_audit	Supplementary Tables S1-S3	documented	Mouse liver RNA-seq 4 h after systemic lentiviral vector administration versus saline/control. Paper reports liver innate and interferon response after LV administration.
CUR00561	split_definition	GSE190850_HUMAN	GSE190850_HUMAN_design__T=BALF__H=1344__B=NA__G=GID00119535__VS=delivery_unstimulated	delivery_vs_control_split	<local_project_root>/00_metadata/verified_metadata/splited/GSE190850_HUMAN_design/GSE190850_HUMAN_design__T=BALF__H=1344__B=NA__G=GID00119535__VS=delivery_unstimulated.tsv	12 h ex-vivo M. tuberculosis whole-cell-lysate stimulation versus unstimulated, among BALF samples collected 8 weeks post-vaccination	<local_project_root>\audit\results\supplement_dataset_split_provenance_v7.tsv	34990408	10.1172/jci.insight.155655	Curated split definition consumed by automated scoring and transfer-evaluation scripts.	not_recorded_in_source	NA	02_design_and_split_generation; 07_split_contrast_transfer_evaluation	Supplementary Table S2; validation figures	documented	The split compares the 12 h ex-vivo stimulation clock; 1344 h separately records time since AdHu5Ag85A aerosol vaccination.
CUR00562	treatment_control_label	GSE190850_HUMAN	GSE190850_HUMAN_design__T=BALF__H=1344__B=NA__G=GID00119535__VS=delivery_unstimulated	treatment_group_clean	delivery_stimulated_with_m_tb_whole_cell_lysate	delivery stimulated with m tb whole cell lysate	<local_project_root>\audit\results\supplement_dataset_split_provenance_v7.tsv	34990408	10.1172/jci.insight.155655	Curated treatment/delivery label harmonized from dataset metadata.	not_recorded_in_source	NA	02_design_and_split_generation	Supplementary Table S2	documented	delivery group label
CUR00563	treatment_control_label	GSE190850_HUMAN	GSE190850_HUMAN_design__T=BALF__H=1344__B=NA__G=GID00119535__VS=delivery_unstimulated	control_group_clean	delivery_unstimulated	delivery unstimulated	<local_project_root>\audit\results\supplement_dataset_split_provenance_v7.tsv	34990408	10.1172/jci.insight.155655	Curated control/baseline label harmonized from dataset metadata.	not_recorded_in_source	NA	02_design_and_split_generation	Supplementary Table S2	documented	control group label
CUR00564	tissue_timepoint_annotation	GSE190850_HUMAN	GSE190850_HUMAN_design__T=BALF__H=1344__B=NA__G=GID00119535__VS=delivery_unstimulated	tissue; timepoint_h	BALF; 1344 h	BALF; 1344 h post-vaccination; 12 h ex-vivo stimulation	<local_project_root>\audit\results\supplement_dataset_split_provenance_v7.tsv	34990408	10.1172/jci.insight.155655	Curated tissue and timepoint annotations harmonize public metadata for split-level analysis.	not_recorded_in_source	NA	01_metadata_processing; 02_design_and_split_generation	Figures 1-5; Supplementary Tables S1-S3	documented	Two clocks are recorded separately: 1344 h after vaccination and 12 h ex-vivo stimulation.
CUR00565	delivery_platform_annotation	GSE190850_HUMAN	GSE190850_HUMAN_design__T=BALF__H=1344__B=NA__G=GID00119535__VS=delivery_unstimulated	delivery_platform_or_modality	human adenovirus-vectored tuberculosis vaccine	human adenovirus-vectored tuberculosis vaccine	<local_project_root>\audit\results\supplement_dataset_split_provenance_v7.tsv	34990408	10.1172/jci.insight.155655	Curated delivery platform/modality label used for interpretation and provenance tables.	not_recorded_in_source	NA	01_metadata_processing; 08_dataset_role_cleanup	Supplementary Tables S1-S3	documented	delivery platform annotation
CUR00566	publication_context_mapping	GSE190850_HUMAN	GSE190850_HUMAN_design__T=BALF__H=1344__B=NA__G=GID00119535__VS=delivery_unstimulated	paper_result_alignment	If not scored in current IMRS evaluation, keep as metadata-only. If scored later, interpret cautiously as human vaccine route/mucosal-immunity context, not mouse acute anchor behavior.	not_scored	<local_project_root>\audit\results\supplement_dataset_split_provenance_v7.tsv	34990408	10.1172/jci.insight.155655	Publication context was mapped to support interpretation of dataset role and boundary-context handling.	not_recorded_in_source	NA	09_boundary_context_audit	Supplementary Tables S1-S3	documented	Human AdHu5Ag85A aerosol-vaccine BALF samples collected 8 weeks post-vaccination; stimulated samples received a separate 12 h ex-vivo M. tuberculosis whole-cell-lysate exposure.
CUR00567	split_definition	GSE237068	GSE237068_metadata_only	delivery_vs_control_split	NA	delivery ecsth versus delivery gfp (metadata-only; no scoring split released)	<local_project_root>\audit\results\supplement_dataset_split_provenance_v7.tsv	38101397	10.1016/j.cmet.2023.11.010	Curated split definition consumed by automated scoring and transfer-evaluation scripts.	not_recorded_in_source	NA	02_design_and_split_generation; 07_split_contrast_transfer_evaluation	Supplementary Table S2; validation figures	documented	Verified from released design metadata; retained as metadata-only and not scored.
CUR00568	treatment_control_label	GSE237068	GSE237068_metadata_only	treatment_group_clean	NA	delivery ecsth	<local_project_root>\audit\results\supplement_dataset_split_provenance_v7.tsv	38101397	10.1016/j.cmet.2023.11.010	Curated treatment/delivery label harmonized from dataset metadata.	not_recorded_in_source	NA	02_design_and_split_generation	Supplementary Table S2	documented	EcSTH adenovirus treatment group; metadata-only and not scored.
CUR00569	treatment_control_label	GSE237068	GSE237068_metadata_only	control_group_clean	NA	delivery gfp	<local_project_root>\audit\results\supplement_dataset_split_provenance_v7.tsv	38101397	10.1016/j.cmet.2023.11.010	Curated control/baseline label harmonized from dataset metadata.	not_recorded_in_source	NA	02_design_and_split_generation	Supplementary Table S2	documented	GFP adenovirus comparator group; metadata-only and not scored.
CUR00570	tissue_timepoint_annotation	GSE237068	GSE237068_metadata_only	tissue; timepoint_h	NA; NA	Liver; 96	<local_project_root>\audit\results\supplement_dataset_split_provenance_v7.tsv	38101397	10.1016/j.cmet.2023.11.010	Curated tissue and timepoint annotations harmonize public metadata for split-level analysis.	not_recorded_in_source	NA	01_metadata_processing; 02_design_and_split_generation	Figures 1-5; Supplementary Tables S1-S3	documented	Liver collected 4 days (96 h) after retro-orbital EcSTH- or GFP-adenovirus administration; metadata-only and not scored.
CUR00571	delivery_platform_annotation	GSE237068	GSE237068_metadata_only	delivery_platform_or_modality	metabolic/gene perturbation context; verify local metadata for vector details	adenovirus (retro-orbital EcSTH or GFP construct)	<local_project_root>\audit\results\supplement_dataset_split_provenance_v7.tsv	38101397	10.1016/j.cmet.2023.11.010	Curated delivery platform/modality label used for interpretation and provenance tables.	not_recorded_in_source	NA	01_metadata_processing; 08_dataset_role_cleanup	Supplementary Tables S1-S3	documented	Verified delivery-platform annotation; metadata-only and not scored.
CUR00572	publication_context_mapping	GSE237068	GSE237068_metadata_only	paper_result_alignment	If not scored, keep as metadata-only/excluded. If scored, require manual review because paper context is metabolic perturbation rather than clean delivery-induced innate activation.	not_scored	<local_project_root>\audit\results\supplement_dataset_split_provenance_v7.tsv	38101397	10.1016/j.cmet.2023.11.010	Publication context was mapped to support interpretation of dataset role and boundary-context handling.	not_recorded_in_source	NA	09_boundary_context_audit	Supplementary Tables S1-S3	documented	Metabolic/reductive-stress study using retro-orbital EcSTH- or GFP-adenovirus; liver RNA-seq at 96 h. Retained as metadata-only and not scored.
CUR00573	boundary_context_category	GSE166655	GSE166655_design__T=Tibialis_anterior__H=1008__B=NA__G=delivery_aav9_ar45__VS=delivery_untreated	boundary_category	context requiring interpretation	disease-rescue model	<original_manuscript_output_folder>\supplementary_tables\Supplementary_Table_S3_late_context_shifted_boundary_audit.tsv	34417184	NA	Disease-rescue design adds biological context beyond delivery-versus-control scoring, supporting boundary-setting interpretation.	not_recorded_in_source	NA	09_boundary_context_audit	Supplementary Table S3; Figure 4; Supplementary Figure S1	documented	Retain as late or context-shifted settings and interpret as boundary-setting evidence rather than primary validation.
CUR00574	boundary_context_category	GSE166655	GSE166655_design__T=Tibialis_anterior__H=1008__B=NA__G=delivery_aav9_gfp__VS=delivery_untreated	boundary_category	context requiring interpretation	disease-rescue model	<original_manuscript_output_folder>\supplementary_tables\Supplementary_Table_S3_late_context_shifted_boundary_audit.tsv	34417184	NA	Disease-rescue design adds biological context beyond delivery-versus-control scoring, supporting boundary-setting interpretation.	not_recorded_in_source	NA	09_boundary_context_audit	Supplementary Table S3; Figure 4; Supplementary Figure S1	documented	Retain as late or context-shifted settings and interpret as boundary-setting evidence rather than primary validation.
CUR00575	boundary_context_category	GSE314070	GSE314070_design__T=small_intestine__H=336__B=NA__G=delivery_sm102_lnp__VS=baseline_0	boundary_category	context requiring interpretation	tissue/time kinetic effect	<original_manuscript_output_folder>\supplementary_tables\Supplementary_Table_S3_late_context_shifted_boundary_audit.tsv	41671339	NA	Distal or adaptive tissue context can attenuate the acute delivery-associated innate transcriptional response captured by IMRS.	not_recorded_in_source	NA	09_boundary_context_audit	Supplementary Table S3; Figure 4; Supplementary Figure S1	documented	Retain as late or context-shifted settings and interpret as boundary-setting evidence rather than primary validation.
CUR00576	boundary_context_category	GSE314070	GSE314070_design__T=small_intestine__H=336__B=NA__G=delivery_am80_lnp__VS=baseline_0	boundary_category	context requiring interpretation	formulation designed to reduce inflammation	<original_manuscript_output_folder>\supplementary_tables\Supplementary_Table_S3_late_context_shifted_boundary_audit.tsv	41671339	NA	Formulation design is expected to reduce inflammatory transcriptional signal, so the contrast is treated as boundary-setting evidence.	not_recorded_in_source	NA	09_boundary_context_audit	Supplementary Table S3; Figure 4; Supplementary Figure S1	documented	Retain as late or context-shifted settings and interpret as boundary-setting evidence rather than primary validation.
CUR00577	boundary_context_category	GSE262515_cell_line	GSE262515_cell_line__T=cell_line__H=16__B=NA__G=delivery_tlnp_sinc_50nm__VS=baseline_0	boundary_category	context requiring interpretation	in-vitro therapeutic context	<original_manuscript_output_folder>\supplementary_tables\Supplementary_Table_S3_late_context_shifted_boundary_audit.tsv	38902241	NA	The 16 h cell-line contrast is retained as secondary support because it is an in-vitro therapeutic RNAi context, not because it falls outside the acute window.	not_recorded_in_source	NA	09_boundary_context_audit	Supplementary Table S3; Figure 4; Supplementary Figure S1	documented	Retain as context-shifted secondary evidence rather than primary in-vivo validation; 16 h is within the acute timing window.
CUR00578	boundary_context_category	GSE262515_tissue	GSE262515_tissue__T=tissue__H=72__B=NA__G=delivery_tlnp_sinc_1mg_kg__VS=baseline_0	boundary_category	context requiring interpretation	late timepoint	<original_manuscript_output_folder>\supplementary_tables\Supplementary_Table_S3_late_context_shifted_boundary_audit.tsv	38902241	NA	Timing falls outside the primary acute window, so the contrast is interpreted as boundary-setting evidence for late or context-shifted settings.	not_recorded_in_source	NA	09_boundary_context_audit	Supplementary Table S3; Figure 4; Supplementary Figure S1	documented	Retain as late or context-shifted settings and interpret as boundary-setting evidence rather than primary validation.
CUR00579	boundary_context_category	GSE262515_cell_line	GSE262515_cell_line__T=cell_line__H=16__B=NA__G=delivery_tlnp_sihbv_50nm__VS=baseline_0	boundary_category	context requiring interpretation	therapeutic cargo-specific effect	<original_manuscript_output_folder>\supplementary_tables\Supplementary_Table_S3_late_context_shifted_boundary_audit.tsv	38902241	NA	Therapeutic cargo context can shape the observed transcriptional program, so the contrast is retained as boundary-setting evidence.	not_recorded_in_source	NA	09_boundary_context_audit	Supplementary Table S3; Figure 4; Supplementary Figure S1	documented	Retain as late or context-shifted settings and interpret as boundary-setting evidence rather than primary validation.
CUR00580	boundary_context_category	GSE262515_tissue	GSE262515_tissue__T=tissue__H=72__B=NA__G=delivery_tlnp_sihbv_1mg_kg__VS=baseline_0	boundary_category	context requiring interpretation	therapeutic cargo-specific effect	<original_manuscript_output_folder>\supplementary_tables\Supplementary_Table_S3_late_context_shifted_boundary_audit.tsv	38902241	NA	Therapeutic cargo context can shape the observed transcriptional program, so the contrast is retained as boundary-setting evidence.	not_recorded_in_source	NA	09_boundary_context_audit	Supplementary Table S3; Figure 4; Supplementary Figure S1	documented	Retain as late or context-shifted settings and interpret as boundary-setting evidence rather than primary validation.
CUR00581	boundary_context_category	GSE262515_tissue	GSE262515_tissue__T=tissue__H=72__B=NA__G=delivery_tlnp_sihbv_2_5mg_kg__VS=baseline_0	boundary_category	context requiring interpretation	therapeutic cargo-specific effect	<original_manuscript_output_folder>\supplementary_tables\Supplementary_Table_S3_late_context_shifted_boundary_audit.tsv	38902241	NA	Therapeutic cargo context can shape the observed transcriptional program, so the contrast is retained as boundary-setting evidence.	not_recorded_in_source	NA	09_boundary_context_audit	Supplementary Table S3; Figure 4; Supplementary Figure S1	documented	Retain as late or context-shifted settings and interpret as boundary-setting evidence rather than primary validation.
CUR00582	boundary_context_category	GSE264344	GSE264344_design__T=Blood__H=72__B=NA__G=delivery_ad26__VS=baseline_0	boundary_category	context requiring interpretation	tissue/time kinetic effect	<original_manuscript_output_folder>\supplementary_tables\Supplementary_Table_S3_late_context_shifted_boundary_audit.tsv	40162786	NA	Tissue and time kinetics differ from the primary acute validation context, supporting a boundary-setting interpretation.	not_recorded_in_source	NA	09_boundary_context_audit	Supplementary Table S3; Figure 4; Supplementary Figure S1	documented	Retain as late or context-shifted settings and interpret as boundary-setting evidence rather than primary validation.
CUR00583	boundary_context_category	GSE264344	GSE264344_design__T=Blood__H=72__B=NA__G=delivery_ad5__VS=baseline_0	boundary_category	context requiring interpretation	tissue/time kinetic effect	<original_manuscript_output_folder>\supplementary_tables\Supplementary_Table_S3_late_context_shifted_boundary_audit.tsv	40162786	NA	Tissue and time kinetics differ from the primary acute validation context, supporting a boundary-setting interpretation.	not_recorded_in_source	NA	09_boundary_context_audit	Supplementary Table S3; Figure 4; Supplementary Figure S1	documented	Retain as late or context-shifted settings and interpret as boundary-setting evidence rather than primary validation.
CUR00584	boundary_context_category	GSE264344	GSE264344_design__T=Muscle__H=72__B=NA__G=delivery_ad26__VS=baseline_0	boundary_category	context requiring interpretation	tissue/time kinetic effect	<original_manuscript_output_folder>\supplementary_tables\Supplementary_Table_S3_late_context_shifted_boundary_audit.tsv	40162786	NA	Tissue and time kinetics differ from the primary acute validation context, supporting a boundary-setting interpretation.	not_recorded_in_source	NA	09_boundary_context_audit	Supplementary Table S3; Figure 4; Supplementary Figure S1	documented	Retain as late or context-shifted settings and interpret as boundary-setting evidence rather than primary validation.
CUR00585	boundary_context_category	GSE264344	GSE264344_design__T=Muscle__H=72__B=NA__G=delivery_ad5__VS=baseline_0	boundary_category	context requiring interpretation	tissue/time kinetic effect	<original_manuscript_output_folder>\supplementary_tables\Supplementary_Table_S3_late_context_shifted_boundary_audit.tsv	40162786	NA	Tissue and time kinetics differ from the primary acute validation context, supporting a boundary-setting interpretation.	not_recorded_in_source	NA	09_boundary_context_audit	Supplementary Table S3; Figure 4; Supplementary Figure S1	documented	Retain as late or context-shifted settings and interpret as boundary-setting evidence rather than primary validation.
CUR00586	boundary_context_category	GSE264344	GSE264344_design__T=dLN__H=72__B=NA__G=delivery_ad26__VS=baseline_0	boundary_category	context requiring interpretation	tissue/time kinetic effect	<original_manuscript_output_folder>\supplementary_tables\Supplementary_Table_S3_late_context_shifted_boundary_audit.tsv	40162786	NA	Tissue and time kinetics differ from the primary acute validation context, supporting a boundary-setting interpretation.	not_recorded_in_source	NA	09_boundary_context_audit	Supplementary Table S3; Figure 4; Supplementary Figure S1	documented	Retain as late or context-shifted settings and interpret as boundary-setting evidence rather than primary validation.
CUR00587	boundary_context_category	GSE264344	GSE264344_design__T=dLN__H=72__B=NA__G=delivery_ad5__VS=baseline_0	boundary_category	context requiring interpretation	tissue/time kinetic effect	<original_manuscript_output_folder>\supplementary_tables\Supplementary_Table_S3_late_context_shifted_boundary_audit.tsv	40162786	NA	Tissue and time kinetics differ from the primary acute validation context, supporting a boundary-setting interpretation.	not_recorded_in_source	NA	09_boundary_context_audit	Supplementary Table S3; Figure 4; Supplementary Figure S1	documented	Retain as late or context-shifted settings and interpret as boundary-setting evidence rather than primary validation.
CUR00588	caption_or_subtitle_manual_text	Figure 1	NA	caption	No editable Figure 1 caption source was present in revised_plots_v5 or revised_plots_v6.	Figure 1. Frozen IMRS scoring framework and dataset-level delivery-minus-control 螖IMRSz landscape. (A) Overview of the frozen, transfer-oriented IMRS scoring framework. Delivery-versus-control split contrasts were defined from verified metadata and raw count matrices. Frozen IMRS gene coefficients were derived only from five locked-anchor datasets and were not refit during validation or transfer evaluation. Target datasets were scored using dataset-internal normalization, control-referenced gene z-scoring, weighted IMRS scoring, and control-standardized IMRSz values. (B) Dataset/tissue-level mean delivery-minus-control 螖IMRSz values across evaluated contexts. Point size indicates the number of passing split contrasts, and color indicates manuscript analysis group. This figure defines the scoring and evaluation framework; primary biological validation is evaluated in subsequent figures.	Manuscript caption source or assembled PowerPoint/Word caption block outside revised_plots_v6	NA	NA	Caption or subtitle text is manually inserted outside scoring scripts.	not_recorded_in_source	NA	manuscript caption assembly	Figure 1	manual_update_needed	caption_manual_update_needed; no editable caption source was found in v5/v6
CUR00589	caption_or_subtitle_manual_text	Figure 2	NA	caption	Figure 2. Frozen IMRS coefficients define a reproducible acute delivery-associated gene program. Body contains: Top-ranked genes by absolute coefficient include several genes compatible with innate and inflammatory biology. Body contains: Overall, these results support interpreting IMRS as a reproducible multi-gene acute delivery-associated transcriptional program rather than a signature driven by a single dataset or a single dominant gene.	Figure 2. Frozen IMRS coefficients define a reproducible acute delivery-associated innate transcriptional program. Replace body phrase with: Top-ranked genes by absolute coefficient include genes compatible with chemokine/inflammatory and interferon-associated transcriptional biology. Replace body phrase with: Overall, these results support interpreting IMRS as a reproducible multi-gene acute delivery-associated innate transcriptional program rather than a signature driven by a single dataset or a single dominant gene.	Manuscript caption source or assembled PowerPoint/Word caption block outside revised_plots_v6	NA	NA	Caption or subtitle text is manually inserted outside scoring scripts.	not_recorded_in_source	NA	manuscript caption assembly	Figure 2	manual_update_needed	caption_manual_update_needed; no editable caption source was found in v5/v6
CUR00590	caption_or_subtitle_manual_text	Figure 3	NA	caption	Figure 3. IMRS transfers most strongly to independent primary acute validation datasets. Body contains: Primary acute validation showed consistent positive IMRS elevation. Body contains: Dataset-level summaries show that the strongest non-anchor validation responses were concentrated in primary acute validation datasets. Body contains: Together, these results support transfer of the frozen IMRS score to independent acute delivery-associated contexts.	Figure 3. Frozen IMRS scoring transfers most strongly to independent primary acute validation datasets. Replace body phrase with: Primary acute validation showed consistent positive delivery-minus-control 螖IMRSz. Replace body phrase with: Dataset-level summaries show that the strongest non-anchor validation 螖IMRSz values were concentrated in primary acute validation datasets. Replace body phrase with: Together, these results support transfer of the frozen IMRS scoring framework to independent datasets showing an acute delivery-associated innate transcriptional response. Keep: while limiting the claim in late or context-shifted settings.	Manuscript caption source or assembled PowerPoint/Word caption block outside revised_plots_v6	NA	NA	Caption or subtitle text is manually inserted outside scoring scripts.	not_recorded_in_source	NA	manuscript caption assembly	Figure 3	manual_update_needed	caption_manual_update_needed; no editable caption source was found in v5/v6
CUR00591	caption_or_subtitle_manual_text	Figure 4	NA	caption	Figure 4. Late and context-shifted datasets define the biological scope of IMRS. Body contains: These lower responses were concentrated in late, therapeutic, tissue-shifted, or formulation-shifted settings. Body contains: rather than appearing as an unstructured failure pattern. Body contains: Together, these results support an acute delivery-associated interpretation of IMRS.	Figure 4. Late and context-shifted settings bound the acute delivery-associated innate transcriptional response captured by IMRS. Replace body phrase with: These attenuated responses were concentrated in late, therapeutic, tissue-shifted, or formulation-shifted settings. Replace body phrase with: rather than indicating a general failure of the scoring framework. Replace body phrase with: Together, these results support interpreting IMRS as most responsive to an acute delivery-associated innate transcriptional response. Keep: late or context-shifted settings should be interpreted as boundary-setting evidence rather than primary validation.	Manuscript caption source or assembled PowerPoint/Word caption block outside revised_plots_v6	NA	NA	Caption or subtitle text is manually inserted outside scoring scripts.	not_recorded_in_source	NA	manuscript caption assembly	Figure 4	manual_update_needed	caption_manual_update_needed; no editable caption source was found in v5/v6
CUR00592	caption_or_subtitle_manual_text	Figure 5	NA	caption	Figure 5. IMRS responses are non-random and distributed across the weighted gene set. Body contains: Most contrasts shifted in the positive direction. Body contains: Observed 螖IMRSz values remained strongest in locked-anchor and primary acute validation groups. Body contains: Together, these analyses reduce the likelihood that IMRS behavior is explained by random label structure or a single dominant gene.	Figure 5. IMRS score shifts are non-random and distributed across the weighted gene set. Replace body phrase with: Most contrasts showed positive delivery-minus-control 螖IMRSz. Replace body phrase with: Observed delivery-minus-control 螖IMRSz values remained strongest in locked-anchor and primary acute validation groups. Replace body phrase with: Together, these analyses support IMRS score stability and non-degeneracy, reducing the likelihood that observed delivery-minus-control 螖IMRSz patterns are explained by random label structure or a single dominant gene.	Manuscript caption source or assembled PowerPoint/Word caption block outside revised_plots_v6	NA	NA	Caption or subtitle text is manually inserted outside scoring scripts.	not_recorded_in_source	NA	manuscript caption assembly	Figure 5	manual_update_needed	caption_manual_update_needed; no editable caption source was found in v5/v6
CUR00593	caption_or_subtitle_manual_text	Supplementary Figure S1	NA	caption	Supplementary Figure S1. Baseline comparator immune signatures and context-shifted audits support the biological interpretation of IMRS. Body contains: Comparator immune signatures show related delivery-associated directionality across manuscript analysis groups. Body contains: Dataset-level 螖IMRSz summaries provide detailed validation context. Body contains: Attenuated IMRS responses are enriched in late or context-shifted biological categories. Body contains: These analyses contextualize IMRS biology but do not replace the frozen IMRS score or establish clinical prediction.	Supplementary Figure S1. Comparator immune signatures and context-shifted audits contextualize the acute delivery-associated innate transcriptional response measured by IMRS. Replace body phrase with: Comparator immune signatures show related delivery-associated directionality across manuscript analysis groups but do not replace the frozen IMRS scoring framework. Replace body phrase with: Dataset-level delivery-minus-control 螖IMRSz summaries provide detailed validation context. Replace body phrase with: Attenuated IMRS responses are concentrated in late or context-shifted biological categories. Replace body phrase with: These analyses contextualize the acute delivery-associated innate transcriptional response measured by IMRS but do not replace the frozen IMRS scoring framework or establish clinical prediction.	Manuscript caption source or assembled PowerPoint/Word caption block outside revised_plots_v6	NA	NA	Caption or subtitle text is manually inserted outside scoring scripts.	not_recorded_in_source	NA	manuscript caption assembly	Supplementary Figure S1	manual_update_needed	caption_manual_update_needed; no editable caption source was found in v5/v6
CUR00594	caption_or_subtitle_manual_text	Supplementary Figure S2	NA	caption candidate	Supplementary Figure S2. Gene-program enrichment of retained frozen IMRS genes supports an acute delivery-associated innate transcriptional program. (A) GO Biological Process over-representation analysis of the 287 retained frozen IMRS genes. (B) Reactome pathway enrichment analysis of the same retained gene set. (C) MSigDB Hallmark enrichment analysis. Dot size indicates the number of retained IMRS genes overlapping each term, and color indicates 鈭抣og10(FDR). Enriched terms were concentrated in antiviral, interferon-associated, cytokine/chemokine, inflammatory, and innate immune response programs. These analyses provide program-level biological context for the frozen IMRS coefficients but do not establish causal pathways, cell-type sources, clinical reactogenicity prediction, or delivery-platform safety ranking.	Supplementary Figure S2. Gene-program enrichment of retained frozen IMRS genes supports an acute delivery-associated innate transcriptional program. (A) GO Biological Process over-representation analysis of the 287 retained frozen IMRS genes. (B) Reactome pathway enrichment analysis of the same retained gene set. (C) MSigDB Hallmark enrichment analysis. Dot size indicates the number of retained IMRS genes overlapping each term, and color indicates 鈭抣og10(FDR). Enriched terms were concentrated in antiviral, interferon-associated, cytokine/chemokine, inflammatory, and innate immune response programs. These analyses provide program-level biological context for the frozen IMRS coefficients but do not establish causal pathways, cell-type sources, clinical reactogenicity prediction, or delivery-platform safety ranking.	<original_manuscript_output_folder>\Priority3_gene_program_enrichment\FigureS2_caption_candidate.txt	NA	NA	Caption or subtitle text is manually inserted outside scoring scripts.	not_recorded_in_source	NA	manuscript caption assembly	Supplementary Figure S2	manual_update_needed	Caption candidate is stored as a v6 text file; final manuscript caption placement remains manual unless integrated elsewhere.
