Database	Term ID	Term name	Overlap count	Tested-gene denominator	Background term count	Background denominator	Gene ratio	Background ratio	Nominal p-value	Adjusted p-value (FDR)	q-value	Mapped retained genes
GO Biological Process	GO:0009615	response to virus	71	241	369	18659	0.2946058091286307	0.019775979420118977	9.37545741925156e-64	2.391679187651073e-60	1.8454847762105707e-60	Trim30c;Acod1;Cxcl10;Ifit1;Ifit3;Mx2;Oasl1;Ifit3b;Mx1;Isg15;Oas1g;Ifit1bl1;Oas3;Cxcl9;Ifit2;Isg20;Tgtp1;Oas1a;Irf7;Oasl2;Rsad2;Oas2;Ifit1bl2;Zbp1;Rtp4;Ifih1;Slfn9;Dhx58;Mlkl;Igtp;Slfn8;Trim30d;Eif2ak2;Irgm2;Ddx60;Gbp5;Irgm1;Parp9;Gbp7;Il12rb1;Trim30a;Bst2;Cgas;Gbp4;Oas1b;Stat2;Tlr3;Tlr9;Rigi;Dtx3l;Mov10;Gbp3;Lgals9;Stat1;Fgl2;Pml;Ifitm3;Nmi;Trim25;Znfx1;Samhd1;Trim21;Adar;Myd88;Irf1;Il15;Oas1c;Zc3hav1;Trim34a;Trim12c;Mmp12
GO Biological Process	GO:0051607	defense response to virus	66	241	314	18659	0.27385892116182575	0.016828340211158154	9.24578879526497e-62	9.852514977128165e-59	7.602468797470412e-59	Trim30c;Acod1;Cxcl10;Ifit1;Ifit3;Mx2;Oasl1;Ifit3b;Isg15;Oas1g;Ifit1bl1;Oas3;Cxcl9;Ifit2;Isg20;Oas1a;Irf7;Oasl2;Rsad2;Oas2;Ifit1bl2;Zbp1;Rtp4;Ifih1;Slfn9;Dhx58;Mlkl;Igtp;Slfn8;Trim30d;Eif2ak2;Irgm2;Ddx60;Gbp5;Irgm1;Parp9;Gbp7;Il12rb1;Trim30a;Bst2;Cgas;Gbp4;Oas1b;Stat2;Tlr3;Tlr9;Rigi;Dtx3l;Mov10;Gbp3;Stat1;Fgl2;Pml;Ifitm3;Trim25;Znfx1;Samhd1;Trim21;Myd88;Irf1;Il15;Oas1c;Zc3hav1;Trim34a;Trim12c;Mmp12
GO Biological Process	GO:0140546	defense response to symbiont	66	241	315	18659	0.27385892116182575	0.01688193365132108	1.1586650306305173e-61	9.852514977128165e-59	7.602468797470412e-59	Trim30c;Acod1;Cxcl10;Ifit1;Ifit3;Mx2;Oasl1;Ifit3b;Isg15;Oas1g;Ifit1bl1;Oas3;Cxcl9;Ifit2;Isg20;Oas1a;Irf7;Oasl2;Rsad2;Oas2;Ifit1bl2;Zbp1;Rtp4;Ifih1;Slfn9;Dhx58;Mlkl;Igtp;Slfn8;Trim30d;Eif2ak2;Irgm2;Ddx60;Gbp5;Irgm1;Parp9;Gbp7;Il12rb1;Trim30a;Bst2;Cgas;Gbp4;Oas1b;Stat2;Tlr3;Tlr9;Rigi;Dtx3l;Mov10;Gbp3;Stat1;Fgl2;Pml;Ifitm3;Trim25;Znfx1;Samhd1;Trim21;Myd88;Irf1;Il15;Oas1c;Zc3hav1;Trim34a;Trim12c;Mmp12
GO Biological Process	GO:0035456	response to interferon-beta	40	241	72	18659	0.16597510373443983	0.0038587276917305324	1.9136470987317757e-57	1.2204284372161897e-54	9.417158091127423e-55	Ifi207;Acod1;Ifit1;Ifit3;Gm4841;Oas1g;Gm12185;Tgtp1;Oas1a;Gm5431;Ifi211;F830016B08Rik;Ifi204;Gbp6;Tgtp2;Iigp1;Ifi205;Ifi206;Ifi213;Iigp1c;Gbp2;Igtp;Xaf1;Ifi47;Irgm2;Ifi214;Irgm1;Ifi209;Gbp7;Bst2;Oas1b;Ifi203;Mndal;Gbp3;Stat1;Pnpt1;Ifitm3;Irf1;Oas1c;9930111J21Rik1
GO Biological Process	GO:0035458	cellular response to interferon-beta	37	241	61	18659	0.15352697095435686	0.0032691998499383675	3.339602878839675e-55	1.703865388784002e-52	1.3147489228274089e-52	Ifi207;Acod1;Ifit1;Ifit3;Gm4841;Oas1g;Gm12185;Tgtp1;Oas1a;Gm5431;Ifi211;F830016B08Rik;Ifi204;Gbp6;Tgtp2;Iigp1;Ifi205;Ifi206;Ifi213;Iigp1c;Gbp2;Igtp;Ifi47;Irgm2;Ifi214;Irgm1;Ifi209;Gbp7;Oas1b;Ifi203;Mndal;Gbp3;Stat1;Pnpt1;Irf1;Oas1c;9930111J21Rik1
GO Biological Process	GO:0045088	regulation of innate immune response	66	241	440	18659	0.27385892116182575	0.023581113671686586	1.217279875141691e-51	5.17546826914409e-49	3.9935322219560736e-49	Ifi207;Trim30c;Acod1;Oasl1;Isg15;Oas1g;Oas3;Oas1a;Ifi211;Irf7;Rsad2;Ifi204;Zbp1;Ifi205;Ifi206;Ifih1;Ifi213;Dhx58;Gbp2;Igtp;Fpr2;Trim30d;Eif2ak2;Irgm2;Ddx60;Ifi214;Gbp5;Irgm1;Ifi209;Parp9;Gbp7;Slc15a3;Parp14;Trim30a;Cgas;Oas1b;Ifi203;Stat2;Clec4e;Tlr3;Tlr9;Casp4;Rigi;Cd300lf;Mndal;Gbp3;Lgals9;Nlrc5;Ifi35;Nmi;Trim25;Znfx1;Samhd1;Trim21;Adar;Myd88;Irf1;Trafd1;H2-T22;Tap1;Pik3ap1;H2-T10;Oas1c;Zc3hav1;Trim12c;Mmp12
GO Biological Process	GO:0045089	positive regulation of innate immune response	58	241	363	18659	0.24066390041493776	0.019454418779141433	8.915792787481157e-47	3.2491696286949193e-44	2.5071477462541003e-44	Ifi207;Trim30c;Acod1;Oasl1;Oas1g;Oas3;Oas1a;Ifi211;Irf7;Rsad2;Ifi204;Zbp1;Ifi205;Ifi206;Ifih1;Ifi213;Dhx58;Gbp2;Igtp;Fpr2;Trim30d;Eif2ak2;Irgm2;Ddx60;Ifi214;Gbp5;Irgm1;Ifi209;Parp9;Gbp7;Slc15a3;Trim30a;Cgas;Oas1b;Ifi203;Clec4e;Tlr3;Tlr9;Casp4;Rigi;Cd300lf;Mndal;Gbp3;Lgals9;Nlrc5;Ifi35;Nmi;Trim25;Znfx1;Myd88;Irf1;H2-T22;Pik3ap1;H2-T10;Oas1c;Zc3hav1;Trim12c;Mmp12
GO Biological Process	GO:0002833	positive regulation of response to biotic stimulus	59	241	390	18659	0.24481327800829875	0.020901441663540382	3.53944602906394e-46	1.1286408525177641e-43	8.708900097828382e-44	Ifi207;Trim30c;Acod1;Oasl1;Oas1g;Oas3;Oas1a;Ifi211;Irf7;Rsad2;Ifi204;Zbp1;Ifi205;Ifi206;Ifih1;Ifi213;Dhx58;Gbp2;Igtp;Fpr2;Trim30d;Eif2ak2;Irgm2;Ddx60;Ifi214;Gbp5;Irgm1;Ifi209;Parp9;Gbp7;Slc15a3;Trim30a;Cgas;Oas1b;Ifi203;Clec4e;Tlr3;Tlr9;Casp4;Rigi;Cd274;Cd300lf;Mndal;Gbp3;Lgals9;Nlrc5;Ifi35;Nmi;Trim25;Znfx1;Myd88;Irf1;H2-T22;Pik3ap1;H2-T10;Oas1c;Zc3hav1;Trim12c;Mmp12
GO Biological Process	GO:0002218	activation of innate immune response	51	241	276	18659	0.21161825726141079	0.01479178948496704	2.429196451068664e-44	6.885422385195735e-42	5.31297937251275e-42	Ifi207;Trim30c;Acod1;Oasl1;Oas1g;Oas3;Oas1a;Ifi211;Irf7;Rsad2;Ifi204;Zbp1;Ifi205;Ifi206;Ifih1;Ifi213;Dhx58;Gbp2;Igtp;Trim30d;Eif2ak2;Irgm2;Ddx60;Ifi214;Gbp5;Irgm1;Ifi209;Gbp7;Slc15a3;Trim30a;Cgas;Oas1b;Ifi203;Clec4e;Tlr3;Tlr9;Casp4;Rigi;Cd300lf;Mndal;Gbp3;Ifi35;Nmi;Trim25;Znfx1;Myd88;Irf1;Pik3ap1;Oas1c;Zc3hav1;Trim12c
GO Biological Process	GO:0031349	positive regulation of defense response	60	241	491	18659	0.24896265560165975	0.026314379119995714	2.0431021506494988e-41	5.2119535863068714e-39	4.02168528601533e-39	Ifi207;Trim30c;Acod1;Oasl1;Oas1g;Oas3;Oas1a;Ifi211;Irf7;Rsad2;Ifi204;Zbp1;Ifi205;Ifi206;Ifih1;Fcgr1;Ifi213;Dhx58;Gbp2;Igtp;Fpr2;Trim30d;Eif2ak2;Irgm2;Ddx60;Ifi214;Gbp5;Irgm1;Ifi209;Parp9;Gbp7;Slc15a3;Trim30a;Cgas;Oas1b;Ifi203;Clec4e;Tlr3;Tlr9;Casp4;Rigi;Cd300lf;Mndal;Gbp3;Lgals9;Nlrc5;Ifi35;Nmi;Trim25;Znfx1;Myd88;Irf1;S100a9;H2-T22;Pik3ap1;H2-T10;Oas1c;Zc3hav1;Trim12c;Mmp12
GO Biological Process	GO:0034341	response to type II interferon	33	241	143	18659	0.13692946058091288	0.00766386194329814	4.0426562222353165e-32	9.375287293565719e-30	7.234226924000041e-30	Acod1;Ccl2;Ccl7;Gbp10;Gbp11;Ccl12;Tgtp1;Gbp6;Ccl4;Gbp2;Igtp;Irgm2;Gbp5;Irgm1;Parp9;Gbp7;Daxx;Parp14;Il12rb1;Bst2;Gbp4;Gbp3;Nlrc5;Stat1;Gbp9;Ifitm3;Sp100;Trim21;Stx11;Gch1;Irf1;Ubd;Gbp8
GO Biological Process	GO:0048525	negative regulation of viral process	29	241	103	18659	0.12033195020746888	0.005520124336781178	4.401045059687351e-31	9.35588828938536e-29	7.219258124223988e-29	Trim30c;Mx2;Oasl1;Isg15;Oas1g;Oas3;Isg20;Oas1a;Oasl2;Rsad2;Oas2;Ch25h;Ifih1;Trim30d;Eif2ak2;Trim30a;Bst2;Oas1b;Stat1;Ifitm3;Trim25;Sp100;Znfx1;Trim21;Trim14;Oas1c;Zc3hav1;Trim12c;Ly6e
GO Biological Process	GO:0050792	regulation of viral process	33	241	178	18659	0.13692946058091288	0.009539632349000482	8.795159096428176e-29	1.7258808349990983e-26	1.3317366405117962e-26	Trim30c;Mx2;Oasl1;Isg15;Oas1g;Oas3;Isg20;Oas1a;Oasl2;Rsad2;Oas2;Ch25h;Ifih1;Trim30d;Eif2ak2;Gbp7;Trim30a;Bst2;Oas1b;Gbp3;Stat1;Ifitm3;Trim25;Sp100;Znfx1;Trim21;Adar;Trim14;Oas1c;Zc3hav1;Trim34a;Trim12c;Ly6e
GO Biological Process	GO:1903900	regulation of viral life cycle	30	241	147	18659	0.12448132780082988	0.007878235703949837	1.5120413440219448e-27	2.7551553347142726e-25	2.1259528671586745e-25	Trim30c;Mx2;Oasl1;Isg15;Oas1g;Oas3;Isg20;Oas1a;Oasl2;Rsad2;Oas2;Ch25h;Ifih1;Trim30d;Eif2ak2;Gbp7;Trim30a;Bst2;Oas1b;Gbp3;Ifitm3;Trim25;Znfx1;Trim21;Adar;Oas1c;Zc3hav1;Trim34a;Trim12c;Ly6e
GO Biological Process	GO:0032606	type I interferon production	29	241	136	18659	0.12033195020746888	0.007288707862157672	3.0405261108320365e-27	5.1709214058216835e-25	3.9900237384252e-25	Acod1;Isg15;Oas1g;Oas3;Oas1a;Irf7;Oas2;Ifih1;Dhx58;Igtp;Xaf1;Irgm2;Irgm1;Gbp7;Cgas;Gbp4;Oas1b;Tlr3;Tlr9;Rigi;Gbp3;Stat1;Nmi;Myd88;Irf1;Irf9;Oas1c;Zc3hav1;Mmp12
GO Biological Process	GO:0140888	interferon-mediated signaling pathway	24	241	82	18659	0.0995850622406639	0.004394662093359773	2.448228218696635e-26	3.88115862888272e-24	2.994807665109941e-24	Isg15;Oas1g;Oas3;Oas1a;Irf7;Oas2;Zbp1;Ifih1;Igtp;Irgm2;Irgm1;Parp9;Parp14;Oas1b;Stat2;Nlrc5;Stat1;Ifitm3;Samhd1;Adar;Myd88;Irf1;Oas1c;Mmp12
GO Biological Process	GO:0002753	cytosolic pattern recognition receptor signaling pathway	29	241	146	18659	0.12033195020746888	0.007824642263786912	2.699357185758048e-26	3.88115862888272e-24	2.994807665109941e-24	Oasl1;Oas1g;Oas3;Oas1a;Irf7;Rsad2;Ifih1;Dhx58;Gbp2;Igtp;Eif2ak2;Irgm2;Ddx60;Gbp5;Irgm1;Slc15a3;Trim30a;Cgas;Oas1b;Tlr3;Tlr9;Casp4;Rigi;Trim25;Myd88;Irf1;Pik3ap1;Oas1c;Zc3hav1
GO Biological Process	GO:0002221	pattern recognition receptor signaling pathway	34	241	229	18659	0.14107883817427386	0.012272897797309609	2.8261676393589457e-26	3.88115862888272e-24	2.994807665109941e-24	Acod1;Oasl1;Oas1g;Oas3;Oas1a;Irf7;Rsad2;Ifih1;Dhx58;Gbp2;Igtp;Eif2ak2;Irgm2;Ddx60;Gbp5;Irgm1;Slc15a3;Trim30a;Cgas;Oas1b;Clec4e;Tlr3;Tlr9;Casp4;Rigi;Cd300lf;Ifi35;Nmi;Trim25;Myd88;Irf1;Pik3ap1;Oas1c;Zc3hav1
GO Biological Process	GO:0032479	regulation of type I interferon production	28	241	132	18659	0.11618257261410789	0.007074334101505975	2.89071007247243e-26	3.88115862888272e-24	2.994807665109941e-24	Acod1;Isg15;Oas1g;Oas3;Oas1a;Irf7;Oas2;Ifih1;Dhx58;Igtp;Xaf1;Irgm2;Irgm1;Gbp7;Cgas;Gbp4;Oas1b;Tlr3;Tlr9;Rigi;Gbp3;Stat1;Nmi;Myd88;Irf1;Oas1c;Zc3hav1;Mmp12
GO Biological Process	GO:0002758	innate immune response-activating signaling pathway	34	241	240	18659	0.14107883817427386	0.012862425639101773	1.3984281686903927e-25	1.783695129164596e-23	1.3763477239215973e-23	Acod1;Oasl1;Oas1g;Oas3;Oas1a;Irf7;Rsad2;Ifih1;Dhx58;Gbp2;Igtp;Eif2ak2;Irgm2;Ddx60;Gbp5;Irgm1;Slc15a3;Trim30a;Cgas;Oas1b;Clec4e;Tlr3;Tlr9;Casp4;Rigi;Cd300lf;Ifi35;Nmi;Trim25;Myd88;Irf1;Pik3ap1;Oas1c;Zc3hav1
GO Biological Process	GO:0071346	cellular response to type II interferon	26	241	116	18659	0.1078838174273859	0.006216839058899191	4.027451485209806e-25	4.892394637509626e-23	3.775104900923478e-23	Acod1;Ccl2;Ccl7;Gbp10;Gbp11;Ccl12;Gbp6;Ccl4;Gbp2;Igtp;Irgm2;Gbp5;Irgm1;Parp9;Gbp7;Daxx;Parp14;Il12rb1;Gbp4;Gbp3;Nlrc5;Stat1;Gbp9;Stx11;Irf1;Gbp8
GO Biological Process	GO:0042742	defense response to bacterium	36	241	305	18659	0.14937759336099585	0.016345999249691837	3.051304317032947e-24	3.5381260512504765e-22	2.730114388924216e-22	Plac8;Hp;Gbp10;Gbp11;Isg15;Oas1g;Gzmb;Oas3;Oas1a;Gbp6;Oas2;Iigp1;Fcgr1;Gbp2;Igtp;Fpr2;Rnf213;Irgm2;Gbp5;Irgm1;Gbp7;Gbp4;Oas1b;Clec4e;Tlr9;Casp4;Gbp3;Lgals9;Gbp9;Znfx1;Myd88;H2-T22;Gbp8;Hck;H2-T10;Oas1c
GO Biological Process	GO:0019221	cytokine-mediated signaling pathway	41	241	429	18659	0.17012448132780084	0.022991585829894422	5.80095590516206e-24	6.434016745247137e-22	4.96466249091673e-22	Cxcl10;Ccl2;Ccl7;Oasl1;Isg15;Oas1g;Il1rn;Oas3;Cxcl9;Ccl12;Oas1a;Irf7;Oasl2;Oas2;Iigp1;Zbp1;Ccl4;Ifih1;Socs1;Igtp;Lilrb4b;Irgm2;Irgm1;Parp9;Parp14;Il12rb1;Ccrl2;Oas1b;Stat2;Casp4;Cd300lf;Nlrc5;Stat1;Ifitm3;Samhd1;Adar;Myd88;Irf1;Il15;Oas1c;Mmp12
GO Biological Process	GO:0034340	response to type I interferon	21	241	71	18659	0.08713692946058091	0.0038051342515676083	2.7604119694090044e-23	2.934087889150988e-21	2.2640220977170343e-21	Mx2;Isg15;Oas1g;Oas3;Oas1a;Irf7;Oas2;Ch25h;Zbp1;Ifih1;Oas1b;Stat2;Nlrc5;Stat1;Ifitm3;Sp100;Samhd1;Adar;Myd88;Oas1c;Mmp12
GO Biological Process	GO:0002832	negative regulation of response to biotic stimulus	27	241	162	18659	0.11203319502074689	0.008682137306393698	2.0891166886564317e-22	2.1317346691050232e-20	1.6449045085421168e-20	Acod1;Isg15;Oas1g;Oas3;Oas1a;Dhx58;Igtp;Irgm2;Irgm1;Parp14;Trim30a;Cgas;Oas1b;Stat2;Lgals9;Nlrc5;Fgl2;Nmi;Samhd1;Trim21;Adar;Trafd1;H2-T22;Tap1;H2-T10;Oas1c;Mmp12
GO Biological Process	GO:0045069	regulation of viral genome replication	21	241	86	18659	0.08713692946058091	0.004609035854011469	2.44582592584342e-21	2.399731514164063e-19	1.851698170577812e-19	Mx2;Oasl1;Isg15;Oas1g;Oas3;Isg20;Oas1a;Oasl2;Rsad2;Oas2;Ifih1;Eif2ak2;Gbp7;Bst2;Oas1b;Gbp3;Ifitm3;Znfx1;Adar;Oas1c;Zc3hav1
GO Biological Process	GO:0019058	viral life cycle	30	241	239	18659	0.12448132780082988	0.01280883219893885	4.212566268681333e-21	3.980095019039289e-19	3.071149677362219e-19	Trim30c;Mx2;Oasl1;Isg15;Oas1g;Oas3;Isg20;Oas1a;Oasl2;Rsad2;Oas2;Ch25h;Ifih1;Trim30d;Eif2ak2;Gbp7;Trim30a;Bst2;Oas1b;Gbp3;Ifitm3;Trim25;Znfx1;Trim21;Adar;Oas1c;Zc3hav1;Trim34a;Trim12c;Ly6e
GO Biological Process	GO:0045071	negative regulation of viral genome replication	18	241	56	18659	0.07468879668049792	0.0030012326491237473	7.24564455883862e-21	6.6012997391419e-19	5.093742603394068e-19	Mx2;Oasl1;Isg15;Oas1g;Oas3;Isg20;Oas1a;Oasl2;Rsad2;Oas2;Ifih1;Eif2ak2;Bst2;Oas1b;Ifitm3;Znfx1;Oas1c;Zc3hav1
GO Biological Process	GO:0016032	viral process	33	241	318	18659	0.13692946058091288	0.01704271397180985	1.657822504744601e-20	1.4583121412425785e-18	1.1252733516778236e-18	Trim30c;Mx2;Oasl1;Isg15;Oas1g;Oas3;Isg20;Oas1a;Oasl2;Rsad2;Oas2;Ch25h;Ifih1;Trim30d;Eif2ak2;Gbp7;Trim30a;Bst2;Oas1b;Gbp3;Stat1;Ifitm3;Trim25;Sp100;Znfx1;Trim21;Adar;Trim14;Oas1c;Zc3hav1;Trim34a;Trim12c;Ly6e
GO Biological Process	GO:0045824	negative regulation of innate immune response	22	241	109	18659	0.0912863070539419	0.005841684977758723	2.3893571450874015e-20	2.031750025705988e-18	1.5677536355485761e-18	Acod1;Isg15;Oas1g;Oas3;Oas1a;Dhx58;Parp14;Cgas;Oas1b;Stat2;Lgals9;Nlrc5;Nmi;Samhd1;Trim21;Adar;Trafd1;H2-T22;Tap1;H2-T10;Oas1c;Mmp12
GO Biological Process	GO:0002757	immune response-activating signaling pathway	37	241	428	18659	0.15352697095435686	0.022937992389731498	3.575461414724382e-20	2.9422587319231933e-18	2.270326942456569e-18	Acod1;Oasl1;Oas1g;Oas3;Oas1a;Irf7;Rsad2;Ifih1;Dhx58;Gbp2;Igtp;Fpr2;Lilrb4b;Eif2ak2;Irgm2;Ddx60;Gbp5;Irgm1;Slc15a3;Trim30a;Cgas;Oas1b;Clec4e;Tlr3;Tlr9;Casp4;Rigi;Cd300lf;Nr4a3;Ifi35;Nmi;Trim25;Myd88;Irf1;Pik3ap1;Oas1c;Zc3hav1
GO Biological Process	GO:0042832	defense response to protozoan	16	241	42	18659	0.06639004149377593	0.0022509244868428105	4.489966948702364e-20	3.579345526918665e-18	2.7619204585767832e-18	Gbp10;Gbp11;Tgtp1;Batf2;Gbp6;Tgtp2;Iigp1;Gbp2;Igtp;Irgm2;Gbp7;Gbp4;Gbp3;Gbp9;Myd88;Gbp8
GO Biological Process	GO:0002764	immune response-regulating signaling pathway	37	241	438	18659	0.15352697095435686	0.023473926791360736	7.823697882301914e-20	6.047955544773388e-18	4.6667671578643e-18	Acod1;Oasl1;Oas1g;Oas3;Oas1a;Irf7;Rsad2;Ifih1;Dhx58;Gbp2;Igtp;Fpr2;Lilrb4b;Eif2ak2;Irgm2;Ddx60;Gbp5;Irgm1;Slc15a3;Trim30a;Cgas;Oas1b;Clec4e;Tlr3;Tlr9;Casp4;Rigi;Cd300lf;Nr4a3;Ifi35;Nmi;Trim25;Myd88;Irf1;Pik3ap1;Oas1c;Zc3hav1
GO Biological Process	GO:0060337	type I interferon-mediated signaling pathway	18	241	64	18659	0.07468879668049792	0.00342998017042714	1.1218766214027488e-19	8.17687788913832e-18	6.309501600069595e-18	Isg15;Oas1g;Oas3;Oas1a;Irf7;Oas2;Zbp1;Ifih1;Oas1b;Stat2;Nlrc5;Stat1;Ifitm3;Samhd1;Adar;Myd88;Oas1c;Mmp12
GO Biological Process	GO:0071357	cellular response to type I interferon	18	241	64	18659	0.07468879668049792	0.00342998017042714	1.1218766214027488e-19	8.17687788913832e-18	6.309501600069595e-18	Isg15;Oas1g;Oas3;Oas1a;Irf7;Oas2;Zbp1;Ifih1;Oas1b;Stat2;Nlrc5;Stat1;Ifitm3;Samhd1;Adar;Myd88;Oas1c;Mmp12
GO Biological Process	GO:0001562	response to protozoan	16	241	46	18659	0.06639004149377593	0.0024652982474945065	2.554127895406819e-19	1.8098834058841098e-17	1.3965553112312138e-17	Gbp10;Gbp11;Tgtp1;Batf2;Gbp6;Tgtp2;Iigp1;Gbp2;Igtp;Irgm2;Gbp7;Gbp4;Gbp3;Gbp9;Myd88;Gbp8
GO Biological Process	GO:0032481	positive regulation of type I interferon production	19	241	83	18659	0.07883817427385892	0.004448255533522696	7.765599751813674e-19	5.354066207263968e-17	4.131343253454216e-17	Isg15;Oas1g;Oas3;Oas1a;Irf7;Oas2;Ifih1;Dhx58;Cgas;Oas1b;Tlr3;Tlr9;Rigi;Stat1;Myd88;Irf1;Oas1c;Zc3hav1;Mmp12
GO Biological Process	GO:0030522	intracellular receptor signaling pathway	31	241	316	18659	0.12863070539419086	0.016935527091484003	1.3415300792095308e-18	9.005903242272402e-17	6.949200133301448e-17	Oasl1;Oas1g;Oas3;Oas1a;Irf7;Rsad2;Ifih1;Dhx58;Gbp2;Igtp;Eif2ak2;Irgm2;Ddx60;Gbp5;Irgm1;Daxx;Slc15a3;Trim30a;Cgas;Oas1b;Tlr3;Tlr9;Casp4;Rigi;Pml;Trim25;Myd88;Irf1;Pik3ap1;Oas1c;Zc3hav1
GO Biological Process	GO:0060759	regulation of response to cytokine stimulus	23	241	152	18659	0.0954356846473029	0.008146202904764456	2.9285560875594146e-18	1.9155760459907864e-16	1.4781106298882876e-16	Isg15;Oas1g;Il1rn;Oas3;Oas1a;Irf7;Zbp1;Ifih1;Igtp;Irgm2;Irgm1;Parp9;Parp14;Oas1b;Stat2;Casp4;Rigi;Cd300lf;Nlrc5;Samhd1;Adar;Oas1c;Mmp12
GO Biological Process	GO:0019079	viral genome replication	21	241	119	18659	0.08713692946058091	0.006377619379387963	3.3849219782104547e-18	2.158733991603717e-16	1.6657379208561972e-16	Mx2;Oasl1;Isg15;Oas1g;Oas3;Isg20;Oas1a;Oasl2;Rsad2;Oas2;Ifih1;Eif2ak2;Gbp7;Bst2;Oas1b;Gbp3;Ifitm3;Znfx1;Adar;Oas1c;Zc3hav1
GO Biological Process	GO:0062207	regulation of pattern recognition receptor signaling pathway	22	241	137	18659	0.0912863070539419	0.007342301302320596	4.3518169096404696e-18	2.7076792528031313e-16	2.089319029788878e-16	Acod1;Oasl1;Irf7;Rsad2;Dhx58;Gbp2;Igtp;Eif2ak2;Irgm2;Ddx60;Gbp5;Irgm1;Slc15a3;Trim30a;Tlr9;Casp4;Cd300lf;Ifi35;Myd88;Irf1;Pik3ap1;Zc3hav1
GO Biological Process	GO:0031348	negative regulation of defense response	29	241	296	18659	0.12033195020746888	0.015863658288225523	1.9307816236081133e-17	1.1727199813867377e-15	9.049026657010456e-16	Acod1;Isg15;Oas1g;Oas3;Oas1a;Dhx58;Igtp;Fpr2;Irgm2;Irgm1;Parp14;Trim30a;Cgas;Socs3;Oas1b;Stat2;Lgals9;Nlrc5;Fgl2;Nmi;Samhd1;Trim21;Adar;Trafd1;H2-T22;Tap1;H2-T10;Oas1c;Mmp12
GO Biological Process	GO:0050777	negative regulation of immune response	25	241	216	18659	0.1037344398340249	0.011576183075191596	6.852046538186024e-17	4.065016446258732e-15	3.1366773626457456e-15	Acod1;Isg15;Oas1g;Oas3;Oas1a;Dhx58;Lilrb4b;Parp14;Cgas;Oas1b;Stat2;Lgals9;Nlrc5;Fgl2;Nmi;Samhd1;Trim21;Adar;Irf1;Trafd1;H2-T22;Tap1;H2-T10;Oas1c;Mmp12
GO Biological Process	GO:0001959	regulation of cytokine-mediated signaling pathway	21	241	142	18659	0.08713692946058091	0.0076102685031352165	1.4676758979669514e-16	8.509184581167486e-15	6.5659184909047835e-15	Isg15;Oas1g;Il1rn;Oas3;Oas1a;Irf7;Zbp1;Igtp;Irgm2;Irgm1;Parp9;Parp14;Oas1b;Stat2;Casp4;Cd300lf;Nlrc5;Samhd1;Adar;Oas1c;Mmp12
GO Biological Process	GO:0032728	positive regulation of interferon-beta production	14	241	52	18659	0.058091286307053944	0.002786858888472051	2.817777715292423e-15	1.5973668781579936e-13	1.232571772537271e-13	Isg15;Oas1g;Oas3;Oas1a;Irf7;Oas2;Ifih1;Oas1b;Tlr3;Tlr9;Rigi;Irf1;Oas1c;Zc3hav1
GO Biological Process	GO:0035455	response to interferon-alpha	12	241	32	18659	0.04979253112033195	0.00171499008521357	2.9438027349791478e-15	1.6325306036808274e-13	1.259705060505951e-13	Ifit1;Oas1g;Ifit2;Tgtp1;Oas1a;Ifi204;Eif2ak2;Bst2;Oas1b;Ifitm3;Adar;Oas1c
GO Biological Process	GO:0002237	response to molecule of bacterial origin	27	241	306	18659	0.11203319502074689	0.01639959268985476	3.626695839973181e-15	1.9684470399514012e-13	1.518907328275442e-13	Trim30c;Acod1;Cxcl10;Ccl2;Gbp10;Cxcl9;Cmpk2;Gbp6;Gbp2;Igtp;Fcgr4;Trim30d;Eif2ak2;Irgm2;Gbp5;Irgm1;Trim30a;Tlr9;Casp4;Cd274;Gbp3;Lgals9;Stat1;Myd88;Gch1;S100a9;Trim12c
GO Biological Process	GO:0032496	response to lipopolysaccharide	26	241	286	18659	0.1078838174273859	0.01532772388659628	5.928988499665121e-15	3.151010346384526e-13	2.431405371573197e-13	Trim30c;Acod1;Cxcl10;Ccl2;Gbp10;Cxcl9;Cmpk2;Gbp6;Gbp2;Igtp;Fcgr4;Trim30d;Eif2ak2;Irgm2;Gbp5;Irgm1;Trim30a;Casp4;Cd274;Gbp3;Lgals9;Stat1;Myd88;Gch1;S100a9;Trim12c
GO Biological Process	GO:0060339	negative regulation of type I interferon-mediated signaling pathway	11	241	26	18659	0.04564315352697095	0.0013934294442360254	8.650081595926576e-15	4.5033383982058564e-13	3.474898514367927e-13	Isg15;Oas1g;Oas3;Oas1a;Oas1b;Stat2;Nlrc5;Samhd1;Adar;Oas1c;Mmp12
GO Biological Process	GO:0050688	regulation of defense response to virus	17	241	99	18659	0.07053941908713693	0.0053057505761294815	9.47783716756552e-15	4.835592522891929e-13	3.731274842810005e-13	Dhx58;Igtp;Irgm2;Irgm1;Parp9;Il12rb1;Trim30a;Cgas;Gbp4;Rigi;Dtx3l;Stat1;Fgl2;Pml;Il15;Zc3hav1;Mmp12
GO Biological Process	GO:0060338	regulation of type I interferon-mediated signaling pathway	13	241	45	18659	0.05394190871369295	0.0024117048073315824	1.0188679048374928e-14	5.096337304393029e-13	3.932472615162253e-13	Isg15;Oas1g;Oas3;Oas1a;Irf7;Zbp1;Oas1b;Stat2;Nlrc5;Samhd1;Adar;Oas1c;Mmp12
GO Biological Process	GO:0071222	cellular response to lipopolysaccharide	22	241	201	18659	0.0912863070539419	0.010772281472747735	1.7442905611870994e-14	8.518278864548637e-13	6.572935887559451e-13	Trim30c;Acod1;Cxcl10;Ccl2;Gbp10;Cxcl9;Cmpk2;Gbp6;Gbp2;Igtp;Fcgr4;Trim30d;Irgm2;Gbp5;Irgm1;Trim30a;Cd274;Gbp3;Stat1;Myd88;Gch1;Trim12c
GO Biological Process	GO:0032608	interferon-beta production	15	241	72	18659	0.06224066390041494	0.0038587276917305324	1.803163695357218e-14	8.518278864548637e-13	6.572935887559451e-13	Isg15;Oas1g;Oas3;Oas1a;Irf7;Oas2;Ifih1;Oas1b;Tlr3;Tlr9;Rigi;Nmi;Irf1;Oas1c;Zc3hav1
GO Biological Process	GO:0032648	regulation of interferon-beta production	15	241	72	18659	0.06224066390041494	0.0038587276917305324	1.803163695357218e-14	8.518278864548637e-13	6.572935887559451e-13	Isg15;Oas1g;Oas3;Oas1a;Irf7;Oas2;Ifih1;Oas1b;Tlr3;Tlr9;Rigi;Nmi;Irf1;Oas1c;Zc3hav1
GO Biological Process	GO:0039531	regulation of viral-induced cytoplasmic pattern recognition receptor signaling pathway	16	241	88	18659	0.06639004149377593	0.0047162227343373175	2.3076220573104863e-14	1.070317066945282e-12	8.258857889321741e-13	Oasl1;Rsad2;Dhx58;Gbp2;Igtp;Eif2ak2;Irgm2;Ddx60;Gbp5;Irgm1;Slc15a3;Trim30a;Tlr9;Casp4;Myd88;Zc3hav1
GO Biological Process	GO:0071219	cellular response to molecule of bacterial origin	22	241	211	18659	0.0912863070539419	0.011308215874376977	4.8041747497468136e-14	2.1884731761793068e-12	1.688685485343335e-12	Trim30c;Acod1;Cxcl10;Ccl2;Gbp10;Cxcl9;Cmpk2;Gbp6;Gbp2;Igtp;Fcgr4;Trim30d;Irgm2;Gbp5;Irgm1;Trim30a;Cd274;Gbp3;Stat1;Myd88;Gch1;Trim12c
GO Biological Process	GO:0140374	antiviral innate immune response	13	241	52	18659	0.05394190871369295	0.002786858888472051	8.181600874377244e-14	3.661625233427429e-12	2.8254097202373865e-12	Ifit3;Ifit3b;Oas1g;Ifit2;Oas1a;Zbp1;Ifih1;Dhx58;Eif2ak2;Oas1b;Rigi;Trim25;Oas1c
GO Biological Process	GO:0071216	cellular response to biotic stimulus	22	241	236	18659	0.0912863070539419	0.012648051878450077	4.807479517278854e-13	2.114462111823854e-11	1.6315765330873786e-11	Trim30c;Acod1;Cxcl10;Ccl2;Gbp10;Cxcl9;Cmpk2;Gbp6;Gbp2;Igtp;Fcgr4;Trim30d;Irgm2;Gbp5;Irgm1;Trim30a;Cd274;Gbp3;Stat1;Myd88;Gch1;Trim12c
GO Biological Process	GO:0032102	negative regulation of response to external stimulus	29	241	447	18659	0.12033195020746888	0.023956267752827054	9.015236068447273e-13	3.8979435950184716e-11	3.007759401961891e-11	Acod1;Isg15;Oas1g;Oas3;Oas1a;Dhx58;Igtp;Fpr2;Irgm2;Irgm1;Parp14;Trim30a;Cgas;Socs3;Oas1b;Stat2;Lgals9;Nlrc5;Fgl2;Nmi;Samhd1;Trim21;Adar;Trafd1;H2-T22;Tap1;H2-T10;Oas1c;Mmp12
GO Biological Process	GO:0007249	canonical NF-kappaB signal transduction	22	241	244	18659	0.0912863070539419	0.01307679939975347	9.456962587895317e-13	4.0207852602868246e-11	3.1025473753270596e-11	Trim30c;Saa3;Igtp;Lilrb4b;Trim30d;Irgm2;Irgm1;Gbp7;Trim30a;Tlr3;Tlr9;Gbp3;Stat1;Tnfsf10;Trim25;Trim21;Myd88;Irf1;Ubd;Zc3hav1;Trim34a;Trim12c
GO Biological Process	GO:0060760	positive regulation of response to cytokine stimulus	13	241	64	18659	0.05394190871369295	0.00342998017042714	1.4759222224629077e-12	6.172258343447339e-11	4.7626825815455344e-11	Irf7;Zbp1;Ifih1;Igtp;Irgm2;Irgm1;Parp9;Parp14;Casp4;Rigi;Cd300lf;Nlrc5;Mmp12
GO Biological Process	GO:0043122	regulation of canonical NF-kappaB signal transduction	20	241	203	18659	0.08298755186721991	0.010879468353073584	2.0611509605631438e-12	8.480638871607384e-11	6.54389184423273e-11	Trim30c;Igtp;Lilrb4b;Trim30d;Irgm2;Irgm1;Gbp7;Trim30a;Tlr3;Tlr9;Gbp3;Stat1;Tnfsf10;Trim25;Trim21;Myd88;Ubd;Zc3hav1;Trim34a;Trim12c
GO Biological Process	GO:0062208	positive regulation of pattern recognition receptor signaling pathway	13	241	67	18659	0.05394190871369295	0.003590760490915912	2.754566413938467e-12	1.1153807812630204e-10	8.606581777886271e-11	Oasl1;Rsad2;Dhx58;Gbp2;Ddx60;Gbp5;Slc15a3;Tlr9;Casp4;Ifi35;Myd88;Pik3ap1;Zc3hav1
GO Biological Process	GO:0001906	cell killing	21	241	236	18659	0.08713692946058091	0.012648051878450077	4.098464136641143e-12	1.6336221894643056e-10	1.260547357815615e-10	Cxcl10;Ccl2;Gzmb;Cxcl9;Fcgr1;Gbp2;Igtp;Fcgr4;Irgm2;Gbp5;H2-T24;Gbp7;Pnp;Gbp3;Lgals9;Fgl2;Myd88;Stx11;H2-T22;Tap1;H2-T10
GO Biological Process	GO:0032647	regulation of interferon-alpha production	10	241	33	18659	0.04149377593360996	0.0017685835253764938	7.647576838476519e-12	3.0013797715313225e-10	2.315946346226897e-10	Irf7;Ifih1;Gbp4;Tlr3;Tlr9;Rigi;Stat1;Nmi;Zc3hav1;Mmp12
GO Biological Process	GO:0060700	regulation of ribonuclease activity	8	241	16	18659	0.03319502074688797	0.000857495042606785	8.118696421656172e-12	3.1379991775219536e-10	2.421365599441315e-10	Oasl1;Oas1g;Oas3;Oas1a;Oasl2;Oas2;Oas1b;Oas1c
GO Biological Process	GO:0001960	negative regulation of cytokine-mediated signaling pathway	13	241	73	18659	0.05394190871369295	0.003912321131893456	8.746400519580314e-12	3.33015936200737e-10	2.5696416294760707e-10	Isg15;Oas1g;Il1rn;Oas3;Oas1a;Parp14;Oas1b;Stat2;Nlrc5;Samhd1;Adar;Oas1c;Mmp12
GO Biological Process	GO:0032607	interferon-alpha production	10	241	35	18659	0.04149377593360996	0.001875770405702342	1.4828400009497658e-11	5.562830650621841e-10	4.2924315816966905e-10	Irf7;Ifih1;Gbp4;Tlr3;Tlr9;Rigi;Stat1;Nmi;Zc3hav1;Mmp12
GO Biological Process	GO:0032760	positive regulation of tumor necrosis factor production	16	241	133	18659	0.06639004149377593	0.0071279275416689	1.7062039936559937e-11	6.308009257704985e-10	4.86743168289353e-10	Ccl2;Oas1g;Oas3;Oas1a;Oas2;Ccl4;Ifih1;Oas1b;Tlr3;Tlr9;Rigi;Lgals9;Myd88;H2-T22;H2-T10;Oas1c
GO Biological Process	GO:0060761	negative regulation of response to cytokine stimulus	13	241	77	18659	0.05394190871369295	0.0041266948925451526	1.7797602933440962e-11	6.485955011886842e-10	5.004739471508964e-10	Isg15;Oas1g;Il1rn;Oas3;Oas1a;Parp14;Oas1b;Stat2;Nlrc5;Samhd1;Adar;Oas1c;Mmp12
GO Biological Process	GO:1903557	positive regulation of tumor necrosis factor superfamily cytokine production	16	241	135	18659	0.06639004149377593	0.007235114421994748	2.148369836891805e-11	7.719002047761965e-10	5.95619213489648e-10	Ccl2;Oas1g;Oas3;Oas1a;Oas2;Ccl4;Ifih1;Oas1b;Tlr3;Tlr9;Rigi;Lgals9;Myd88;H2-T22;H2-T10;Oas1c
GO Biological Process	GO:1903555	regulation of tumor necrosis factor superfamily cytokine production	19	241	206	18659	0.07883817427385892	0.011040248673562356	2.3976177434756783e-11	8.494892866120079e-10	6.554890614472981e-10	Ccl2;Oas1g;Oas3;Oas1a;Oas2;Ccl4;Ifih1;Lilrb4b;Trim30a;Oas1b;Tlr3;Tlr9;Rigi;Cd274;Lgals9;Myd88;H2-T22;H2-T10;Oas1c
GO Biological Process	GO:0071706	tumor necrosis factor superfamily cytokine production	19	241	213	18659	0.07883817427385892	0.011415402754702824	4.299241296049607e-11	1.5023787049619928e-09	1.159276311984537e-09	Ccl2;Oas1g;Oas3;Oas1a;Oas2;Ccl4;Ifih1;Lilrb4b;Trim30a;Oas1b;Tlr3;Tlr9;Rigi;Cd274;Lgals9;Myd88;H2-T22;H2-T10;Oas1c
GO Biological Process	GO:0032680	regulation of tumor necrosis factor production	18	241	203	18659	0.07468879668049792	0.010879468353073584	1.568531573252259e-10	5.40719465319799e-09	4.172338608793349e-09	Ccl2;Oas1g;Oas3;Oas1a;Oas2;Ccl4;Ifih1;Lilrb4b;Trim30a;Oas1b;Tlr3;Tlr9;Rigi;Lgals9;Myd88;H2-T22;H2-T10;Oas1c
GO Biological Process	GO:0001961	positive regulation of cytokine-mediated signaling pathway	11	241	58	18659	0.04564315352697095	0.0031084195294495956	1.7723320873959274e-10	5.997364483035357e-09	4.627729717252726e-09	Irf7;Zbp1;Igtp;Irgm2;Irgm1;Parp9;Parp14;Casp4;Cd300lf;Nlrc5;Mmp12
GO Biological Process	GO:0032480	negative regulation of type I interferon production	10	241	44	18659	0.04149377593360996	0.0023581113671686587	1.8102589776312131e-10	5.997364483035357e-09	4.627729717252726e-09	Acod1;Dhx58;Igtp;Xaf1;Irgm2;Irgm1;Gbp7;Gbp4;Gbp3;Nmi
GO Biological Process	GO:0050691	regulation of defense response to virus by host	10	241	44	18659	0.04149377593360996	0.0023581113671686587	1.8102589776312131e-10	5.997364483035357e-09	4.627729717252726e-09	Parp9;Il12rb1;Cgas;Rigi;Dtx3l;Stat1;Pml;Il15;Zc3hav1;Mmp12
GO Biological Process	GO:0032640	tumor necrosis factor production	18	241	210	18659	0.07468879668049792	0.011254622434214052	2.737355135263168e-10	8.952555064174796e-09	6.908035226642544e-09	Ccl2;Oas1g;Oas3;Oas1a;Oas2;Ccl4;Ifih1;Lilrb4b;Trim30a;Oas1b;Tlr3;Tlr9;Rigi;Lgals9;Myd88;H2-T22;H2-T10;Oas1c
GO Biological Process	GO:0060333	type II interferon-mediated signaling pathway	8	241	23	18659	0.03319502074688797	0.0012326491237472533	2.86068371022478e-10	9.237473600991665e-09	7.127886126742624e-09	Igtp;Irgm2;Irgm1;Parp9;Parp14;Nlrc5;Stat1;Irf1
GO Biological Process	GO:0001818	negative regulation of cytokine production	21	241	306	18659	0.08713692946058091	0.01639959268985476	5.34877329703697e-10	1.7055900850926637e-08	1.3160797454551492e-08	Acod1;Oas1g;Oas3;Oas1a;Dhx58;Igtp;Xaf1;Lilrb4b;Irgm2;Irgm1;Gbp7;Trim30a;Bst2;Gbp4;Oas1b;Cd274;Gbp3;Lgals9;Pml;Nmi;Oas1c
GO Biological Process	GO:1903901	negative regulation of viral life cycle	9	241	36	18659	0.03734439834024896	0.0019293638458652662	5.987299439245388e-10	1.8856297369771584e-08	1.4550032425456629e-08	Trim30c;Ch25h;Trim30d;Trim30a;Bst2;Ifitm3;Trim25;Trim12c;Ly6e
GO Biological Process	GO:0046596	regulation of viral entry into host cell	10	241	50	18659	0.04149377593360996	0.002679672008146203	7.002927850479361e-10	2.1785937739722992e-08	1.6810622696272672e-08	Trim30c;Ch25h;Trim30d;Trim30a;Ifitm3;Trim25;Trim21;Trim34a;Trim12c;Ly6e
GO Biological Process	GO:0140894	endolysosomal toll-like receptor signaling pathway	10	241	51	18659	0.04149377593360996	0.002733265448309127	8.613061055167405e-10	2.647219126714705e-08	2.042666350432853e-08	Oas1g;Oas1a;Rsad2;Oas1b;Tlr3;Tlr9;Myd88;Irf1;Pik3ap1;Oas1c
GO Biological Process	GO:0141085	regulation of inflammasome-mediated signaling pathway	9	241	38	18659	0.03734439834024896	0.002036550726191114	1.0136768126696144e-09	3.078439939428793e-08	2.3754080697896986e-08	Gbp2;Igtp;Eif2ak2;Irgm2;Gbp5;Irgm1;Trim30a;Casp4;Myd88
GO Biological Process	GO:0050830	defense response to Gram-positive bacterium	14	241	127	18659	0.058091286307053944	0.006806366900691355	1.0472929568630364e-09	3.1431109799501254e-08	2.425310005367032e-08	Gbp10;Gbp11;Gbp6;Gbp2;Gbp7;Gbp4;Casp4;Gbp3;Gbp9;Myd88;H2-T22;Gbp8;Hck;H2-T10
GO Biological Process	GO:0051701	biological process involved in interaction with host	15	241	151	18659	0.06224066390041494	0.008092609464601533	1.1404502138919812e-09	3.382893599579586e-08	2.610332802910655e-08	Trim30c;Gbp6;Ch25h;Gbp2;Trim30d;Gbp7;Trim30a;Gbp3;Gbp9;Ifitm3;Trim25;Trim21;Trim34a;Trim12c;Ly6e
GO Biological Process	GO:0032069	regulation of nuclease activity	8	241	28	18659	0.03319502074688797	0.0015006163245618737	1.715071663908332e-09	4.97175888026154e-08	3.836344511373901e-08	Oasl1;Oas1g;Oas3;Oas1a;Oasl2;Oas2;Oas1b;Oas1c
GO Biological Process	GO:0032727	positive regulation of interferon-alpha production	8	241	28	18659	0.03319502074688797	0.0015006163245618737	1.715071663908332e-09	4.97175888026154e-08	3.836344511373901e-08	Irf7;Ifih1;Tlr3;Tlr9;Rigi;Stat1;Zc3hav1;Mmp12
GO Biological Process	GO:0052372	modulation by symbiont of entry into host	10	241	55	18659	0.04149377593360996	0.002947639208960823	1.8844260399939587e-09	5.40131553710628e-08	4.1678021227542326e-08	Trim30c;Ch25h;Trim30d;Trim30a;Ifitm3;Trim25;Trim21;Trim34a;Trim12c;Ly6e
GO Biological Process	GO:0071659	negative regulation of IP-10 production	6	241	11	18659	0.024896265560165973	0.0005895278417921647	1.909661411289916e-09	5.412829178000639e-08	4.1766863615346704e-08	Oas1g;Oas3;Oas1a;Lilrb4b;Oas1b;Oas1c
GO Biological Process	GO:0035457	cellular response to interferon-alpha	7	241	20	18659	0.029045643153526972	0.0010718688032584811	3.6927101491320222e-09	1.0351762187292076e-07	7.987701537162388e-08	Ifit1;Oas1g;Ifit2;Oas1a;Ifi204;Oas1b;Oas1c
GO Biological Process	GO:0071612	IP-10 production	6	241	12	18659	0.024896265560165973	0.0006431212819550887	3.778116470298841e-09	1.0363414102938005e-07	7.996692472505752e-08	Oas1g;Oas3;Oas1a;Lilrb4b;Oas1b;Oas1c
GO Biological Process	GO:0071658	regulation of IP-10 production	6	241	12	18659	0.024896265560165973	0.0006431212819550887	3.778116470298841e-09	1.0363414102938005e-07	7.996692472505752e-08	Oas1g;Oas3;Oas1a;Lilrb4b;Oas1b;Oas1c
GO Biological Process	GO:0141084	inflammasome-mediated signaling pathway	9	241	44	18659	0.03734439834024896	0.0023581113671686587	4.121077830849238e-09	1.1183903772868517e-07	8.629804640188214e-08	Gbp2;Igtp;Eif2ak2;Irgm2;Gbp5;Irgm1;Trim30a;Casp4;Myd88
GO Biological Process	GO:0046597	negative regulation of viral entry into host cell	8	241	31	18659	0.03319502074688797	0.0016613966450506458	4.2099189470416e-09	1.1304740246213813e-07	8.7230453528729e-08	Trim30c;Ch25h;Trim30d;Trim30a;Ifitm3;Trim25;Trim12c;Ly6e
GO Biological Process	GO:0043903	regulation of biological process involved in symbiotic interaction	10	241	63	18659	0.04149377593360996	0.0033763867302642157	7.522694054114805e-09	1.9989992220882157e-07	1.5424822238152066e-07	Trim30c;Ch25h;Trim30d;Trim30a;Ifitm3;Trim25;Trim21;Trim34a;Trim12c;Ly6e
GO Biological Process	GO:0044790	suppression of viral release by host	7	241	22	18659	0.029045643153526972	0.0011790556835843294	7.946893612742544e-09	2.0899510934130134e-07	1.6126631639531805e-07	Trim30c;Trim30d;Trim30a;Pml;Trim25;Trim21;Trim12c
GO Biological Process	GO:0032722	positive regulation of chemokine production	11	241	85	18659	0.04564315352697095	0.004555442413848545	1.2224893787337408e-08	3.182214699132421e-07	2.45548349971224e-07	Oas1g;Oas3;Oas1a;Eif2ak2;Oas1b;Tlr3;Tlr9;Chil3;Lgals9;Myd88;Oas1c
GO Biological Process	GO:0031640	killing of cells of another organism	11	241	86	18659	0.04564315352697095	0.004609035854011469	1.3859811877974196e-08	3.535638010071217e-07	2.728194548611763e-07	Cxcl10;Gzmb;Cxcl9;Gbp2;Igtp;Irgm2;Gbp5;Gbp7;Gbp3;Fgl2;Myd88
GO Biological Process	GO:0141061	disruption of cell in another organism	11	241	86	18659	0.04564315352697095	0.004609035854011469	1.3859811877974196e-08	3.535638010071217e-07	2.728194548611763e-07	Cxcl10;Gzmb;Cxcl9;Gbp2;Igtp;Irgm2;Gbp5;Gbp7;Gbp3;Fgl2;Myd88
GO Biological Process	GO:1900225	regulation of NLRP3 inflammasome complex assembly	8	241	36	18659	0.03319502074688797	0.0019293638458652662	1.527393360953765e-08	3.857802439399064e-07	2.9767853934169266e-07	Igtp;Eif2ak2;Irgm2;Gbp5;Irgm1;Trim30a;Casp4;Myd88
GO Biological Process	GO:0060330	regulation of response to type II interferon	6	241	15	18659	0.024896265560165973	0.0008039016024438608	1.980977737985804e-08	4.903667672352224e-07	3.78380348152372e-07	Igtp;Irgm2;Irgm1;Parp9;Parp14;Nlrc5
GO Biological Process	GO:0060334	regulation of type II interferon-mediated signaling pathway	6	241	15	18659	0.024896265560165973	0.0008039016024438608	1.980977737985804e-08	4.903667672352224e-07	3.78380348152372e-07	Igtp;Irgm2;Irgm1;Parp9;Parp14;Nlrc5
GO Biological Process	GO:0043123	positive regulation of canonical NF-kappaB signal transduction	13	241	134	18659	0.05394190871369295	0.007181520981831824	1.999143229810393e-08	4.903667672352224e-07	3.78380348152372e-07	Trim30c;Trim30d;Trim30a;Tlr3;Tlr9;Tnfsf10;Trim25;Trim21;Myd88;Ubd;Zc3hav1;Trim34a;Trim12c
GO Biological Process	GO:0141060	disruption of anatomical structure in another organism	11	241	91	18659	0.04564315352697095	0.004877003054826089	2.533351978944122e-08	6.154838950749005e-07	4.749241303885223e-07	Cxcl10;Gzmb;Cxcl9;Gbp2;Igtp;Irgm2;Gbp5;Gbp7;Gbp3;Fgl2;Myd88
GO Biological Process	GO:0032642	regulation of chemokine production	12	241	114	18659	0.04979253112033195	0.006109652178573343	2.8308977927428214e-08	6.812849310648054e-07	5.256980012342678e-07	Oas1g;Oas3;Oas1a;Lilrb4b;Eif2ak2;Oas1b;Tlr3;Tlr9;Chil3;Lgals9;Myd88;Oas1c
GO Biological Process	GO:0044546	NLRP3 inflammasome complex assembly	8	241	39	18659	0.03319502074688797	0.002090144166354038	3.0033906807784464e-08	7.16042021183721e-07	5.525175182543723e-07	Igtp;Eif2ak2;Irgm2;Gbp5;Irgm1;Trim30a;Casp4;Myd88
GO Biological Process	GO:0002697	regulation of immune effector process	22	241	432	18659	0.0912863070539419	0.023152366150383193	4.9082626125842755e-08	1.1593498078428228e-06	8.945858757829041e-07	Ccl2;Rsad2;Fcgr1;Dhx58;Lilrb4b;Ddx60;H2-T24;Bst2;Cgas;Tlr3;Tlr9;Casp4;Rigi;Pnp;Lgals9;Nr4a3;Fgl2;Myd88;Irf1;H2-T22;Tap1;H2-T10
GO Biological Process	GO:0034142	toll-like receptor 4 signaling pathway	9	241	58	18659	0.03734439834024896	0.0031084195294495956	5.290008430340202e-08	1.2380561014493446e-06	9.553177947596504e-07	Acod1;Oas1g;Oas1a;Oas1b;Ifi35;Nmi;Myd88;Pik3ap1;Oas1c
GO Biological Process	GO:0140632	canonical inflammasome complex assembly	8	241	42	18659	0.03319502074688797	0.0022509244868428105	5.5726082219864466e-08	1.2923385067534022e-06	9.972035765659957e-07	Igtp;Eif2ak2;Irgm2;Gbp5;Irgm1;Trim30a;Casp4;Myd88
GO Biological Process	GO:0032602	chemokine production	12	241	123	18659	0.04979253112033195	0.0065919931400396595	6.655279443219015e-08	1.5295151224911446e-06	1.1802155105566195e-06	Oas1g;Oas3;Oas1a;Lilrb4b;Eif2ak2;Oas1b;Tlr3;Tlr9;Chil3;Lgals9;Myd88;Oas1c
GO Biological Process	GO:0071347	cellular response to interleukin-1	10	241	79	18659	0.04149377593360996	0.004233881772871001	7.07856704761644e-08	1.6122700480776375e-06	1.2440714641957469e-06	Acod1;Ccl2;Saa3;Ccl7;Il1rn;Ccl12;Zbp1;Ccl4;Myd88;Irf1
GO Biological Process	GO:0002443	leukocyte mediated immunity	23	241	490	18659	0.0954356846473029	0.02626078567983279	1.0557200253577545e-07	2.38331131388286e-06	1.8390278969902203e-06	Ccl2;Gzmb;Irf7;Rsad2;Fcgr1;Lilrb4b;Fcgr4;H2-T24;Bst2;Tlr3;Tlr9;Rigi;Pnp;Slfn2;Lgals9;Nr4a3;Fgl2;Myd88;Stx11;H2-T22;Tap1;Fas;H2-T10
GO Biological Process	GO:0002230	positive regulation of defense response to virus by host	7	241	32	18659	0.029045643153526972	0.00171499008521357	1.40489223239291e-07	3.143754460380977e-06	2.4258065323866503e-06	Parp9;Il12rb1;Cgas;Rigi;Dtx3l;Stat1;Pml
GO Biological Process	GO:2000342	negative regulation of chemokine (C-X-C motif) ligand 2 production	5	241	11	18659	0.02074688796680498	0.0005895278417921647	1.4954927980280728e-07	3.317393154582273e-06	2.559790876258578e-06	Oas1g;Oas3;Oas1a;Oas1b;Oas1c
GO Biological Process	GO:0098586	cellular response to virus	8	241	48	18659	0.03319502074688797	0.002572485127820355	1.6665364974779325e-07	3.664943625057074e-06	2.827970281564187e-06	Igtp;Irgm2;Irgm1;Tlr3;Lgals9;Adar;Zc3hav1;Mmp12
GO Biological Process	GO:0140895	cell surface toll-like receptor signaling pathway	9	241	67	18659	0.03734439834024896	0.003590760490915912	1.9201183548328338e-07	4.186514464255178e-06	3.2304285411942417e-06	Acod1;Oas1g;Oas1a;Oas1b;Ifi35;Nmi;Myd88;Pik3ap1;Oas1c
GO Biological Process	GO:0044403	biological process involved in symbiotic interaction	16	241	253	18659	0.06639004149377593	0.013559140361219787	2.004871227726521e-07	4.334259747398606e-06	3.344432824128988e-06	Trim30c;Gbp6;Ch25h;Gbp2;Trim30d;Gbp7;Trim30a;Gbp3;Gbp9;Ifitm3;Trim25;Trim21;Myd88;Trim34a;Trim12c;Ly6e
GO Biological Process	GO:0002752	cell surface pattern recognition receptor signaling pathway	9	241	70	18659	0.03734439834024896	0.003751540811404684	2.823871086111228e-07	6.0535253282939e-06	4.6710649544697e-06	Acod1;Oas1g;Oas1a;Oas1b;Ifi35;Nmi;Myd88;Pik3ap1;Oas1c
GO Biological Process	GO:0046718	viral entry into host cell	10	241	94	18659	0.04149377593360996	0.005037783375314861	3.75085398246733e-07	7.907792156424924e-06	6.101867722674126e-06	Trim30c;Ch25h;Trim30d;Trim30a;Ifitm3;Trim25;Trim21;Trim34a;Trim12c;Ly6e
GO Biological Process	GO:0070555	response to interleukin-1	10	241	94	18659	0.04149377593360996	0.005037783375314861	3.75085398246733e-07	7.907792156424924e-06	6.101867722674126e-06	Acod1;Ccl2;Saa3;Ccl7;Il1rn;Ccl12;Zbp1;Ccl4;Myd88;Irf1
GO Biological Process	GO:0044406	adhesion of symbiont to host	5	241	13	18659	0.02074688796680498	0.0006967147221180127	4.078782417512442e-07	8.528667169732983e-06	6.580951786668048e-06	Gbp6;Gbp2;Gbp7;Gbp3;Gbp9
GO Biological Process	GO:0044409	entry into host	10	241	98	18659	0.04149377593360996	0.005252157135966558	5.554196051598643e-07	1.1519312298884664e-05	8.888614990577205e-06	Trim30c;Ch25h;Trim30d;Trim30a;Ifitm3;Trim25;Trim21;Trim34a;Trim12c;Ly6e
GO Biological Process	GO:0002755	MyD88-dependent toll-like receptor signaling pathway	5	241	14	18659	0.02074688796680498	0.0007503081622809368	6.278020269624158e-07	1.2866608332162656e-05	9.928225290863922e-06	Irf7;Tlr9;Cd300lf;Myd88;Irf1
GO Biological Process	GO:0051092	positive regulation of NF-kappaB transcription factor activity	12	241	151	18659	0.04979253112033195	0.008092609464601533	6.304688520267864e-07	1.2866608332162656e-05	9.928225290863922e-06	Trim30c;Trim30d;Eif2ak2;Trim30a;Tlr3;Tlr9;Trim25;Trim21;Trim14;Myd88;Trim34a;Trim12c
GO Biological Process	GO:0039529	RIG-I signaling pathway	6	241	26	18659	0.024896265560165973	0.0013934294442360254	8.08915627659544e-07	1.6248376111492104e-05	1.253768938021838e-05	Oasl1;Oas3;Dhx58;Ddx60;Rigi;Zc3hav1
GO Biological Process	GO:0046426	negative regulation of receptor signaling pathway via JAK-STAT	6	241	26	18659	0.024896265560165973	0.0013934294442360254	8.08915627659544e-07	1.6248376111492104e-05	1.253768938021838e-05	Socs1;Gbp7;Parp14;Socs3;Gbp3;Irf1
GO Biological Process	GO:0001909	leukocyte mediated cytotoxicity	12	241	156	18659	0.04979253112033195	0.008360576665416153	8.936750345643362e-07	1.7810664165418918e-05	1.3743193376935105e-05	Ccl2;Gzmb;Fcgr1;Fcgr4;H2-T24;Pnp;Lgals9;Myd88;Stx11;H2-T22;Tap1;H2-T10
GO Biological Process	GO:0071360	cellular response to exogenous dsRNA	5	241	15	18659	0.02074688796680498	0.0008039016024438608	9.317981517536936e-07	1.842648903196645e-05	1.421838061019508e-05	Ifih1;Cgas;Tlr3;Rigi;Zc3hav1
GO Biological Process	GO:0002220	innate immune response activating cell surface receptor signaling pathway	9	241	82	18659	0.03734439834024896	0.004394662093359773	1.1124067553095056e-06	2.182884332918884e-05	1.684372981723705e-05	Acod1;Oas1g;Oas1a;Oas1b;Ifi35;Nmi;Myd88;Pik3ap1;Oas1c
GO Biological Process	GO:0070269	pyroptosis	7	241	43	18659	0.029045643153526972	0.0023045179270057346	1.1918194315374386e-06	2.320863641108401e-05	1.7908415724990042e-05	Gzmb;Zbp1;Gbp2;Gbp5;Casp4;Gbp3;Trim21
GO Biological Process	GO:0002274	myeloid leukocyte activation	15	241	260	18659	0.06224066390041494	0.013934294442360256	1.5471681239955802e-06	2.9900196093278217e-05	2.3071805357828827e-05	Batf2;Lilrb4b;Fcgr4;Irgm1;Tlr3;Tlr9;Cd300lf;Lgals9;Nr4a3;Ifi35;Nmi;Myd88;Stx11;Ubd;Il15
GO Biological Process	GO:0072567	chemokine (C-X-C motif) ligand 2 production	6	241	29	18659	0.024896265560165973	0.0015542097647247978	1.6157073728158095e-06	3.0530885244838006e-05	2.355846227809407e-05	Oas1g;Oas3;Oas1a;Oas1b;Myd88;Oas1c
GO Biological Process	GO:1904893	negative regulation of receptor signaling pathway via STAT	6	241	29	18659	0.024896265560165973	0.0015542097647247978	1.6157073728158095e-06	3.0530885244838006e-05	2.355846227809407e-05	Socs1;Gbp7;Parp14;Socs3;Gbp3;Irf1
GO Biological Process	GO:2000341	regulation of chemokine (C-X-C motif) ligand 2 production	6	241	29	18659	0.024896265560165973	0.0015542097647247978	1.6157073728158095e-06	3.0530885244838006e-05	2.355846227809407e-05	Oas1g;Oas3;Oas1a;Oas1b;Myd88;Oas1c
GO Biological Process	GO:0050727	regulation of inflammatory response	18	241	372	18659	0.07468879668049792	0.01993675974060775	1.7640251142742254e-06	3.30884416655408e-05	2.553194244344274e-05	Acod1;Zbp1;Fcgr1;Igtp;Fpr2;Irgm2;Irgm1;Socs3;Tlr9;Casp4;Lgals9;Ifi35;Nmi;Myd88;S100a9;H2-T22;Pik3ap1;H2-T10
GO Biological Process	GO:0002699	positive regulation of immune effector process	16	241	299	18659	0.06639004149377593	0.016024438608714293	1.8511631117022772e-06	3.4469467868266493e-05	2.6597579860801068e-05	Ccl2;Rsad2;Fcgr1;Dhx58;Ddx60;H2-T24;Tlr3;Tlr9;Casp4;Rigi;Pnp;Nr4a3;Myd88;Irf1;H2-T22;H2-T10
GO Biological Process	GO:0070663	regulation of leukocyte proliferation	16	241	301	18659	0.06639004149377593	0.016131625489040142	2.018556432425602e-06	3.731403955882399e-05	2.8792528822546725e-05	Ccl12;Tarm1;Lilrb4b;Slfn1;Irgm1;Il12rb1;Tlr9;Cd274;Pnp;Lgals9;Cdkn1a;Myd88;Irf1;H2-T22;Il15;H2-T10
GO Biological Process	GO:0002224	toll-like receptor signaling pathway	8	241	68	18659	0.03319502074688797	0.003644353931078836	2.6140958200392568e-06	4.797524055338233e-05	3.701900176806824e-05	Irf7;Trim30a;Tlr3;Tlr9;Cd300lf;Myd88;Irf1;Pik3ap1
GO Biological Process	GO:0002718	regulation of cytokine production involved in immune response	11	241	144	18659	0.04564315352697095	0.007717455383461065	2.7461526820600764e-06	5.003882494239468e-05	3.861131966505521e-05	Rsad2;Lilrb4b;Bst2;Tlr3;Tlr9;Casp4;Rigi;Nr4a3;Myd88;H2-T22;H2-T10
GO Biological Process	GO:0046631	alpha-beta T cell activation	13	241	206	18659	0.05394190871369295	0.011040248673562356	2.9228005690351257e-06	5.287988830928089e-05	4.080356150873972e-05	Tarm1;Rsad2;Socs1;Igtp;Lilrb4b;Irgm1;Cd274;Pnp;Lgals9;Irf1;H2-T22;Il15;H2-T10
GO Biological Process	GO:0036037	CD8-positive, alpha-beta T cell activation	7	241	49	18659	0.029045643153526972	0.002626078567983279	2.9745016460919347e-06	5.323081954997261e-05	4.107434960838836e-05	Socs1;Igtp;Lilrb4b;Cd274;Irf1;H2-T22;H2-T10
GO Biological Process	GO:0034138	toll-like receptor 3 signaling pathway	6	241	32	18659	0.024896265560165973	0.00171499008521357	2.983930692138801e-06	5.323081954997261e-05	4.107434960838836e-05	Oas1g;Oas1a;Oas1b;Tlr3;Irf1;Oas1c
GO Biological Process	GO:0044000	movement in host	10	241	118	18659	0.04149377593360996	0.0063240259392250385	3.085224199005876e-06	5.442678700738161e-05	4.199719065951582e-05	Trim30c;Ch25h;Trim30d;Trim30a;Ifitm3;Trim25;Trim21;Trim34a;Trim12c;Ly6e
GO Biological Process	GO:0050670	regulation of lymphocyte proliferation	15	241	275	18659	0.06224066390041494	0.014738196044804116	3.093643322646152e-06	5.442678700738161e-05	4.199719065951582e-05	Tarm1;Lilrb4b;Slfn1;Irgm1;Il12rb1;Tlr9;Cd274;Pnp;Lgals9;Cdkn1a;Myd88;Irf1;H2-T22;Il15;H2-T10
GO Biological Process	GO:0046633	alpha-beta T cell proliferation	8	241	70	18659	0.03319502074688797	0.003751540811404684	3.265182324970438e-06	5.705123363698348e-05	4.402228513118039e-05	Tarm1;Irgm1;Cd274;Lgals9;Irf1;H2-T22;Il15;H2-T10
GO Biological Process	GO:0032944	regulation of mononuclear cell proliferation	15	241	279	18659	0.06224066390041494	0.014952569805455812	3.691250269601446e-06	6.405700297791353e-05	4.942812749126176e-05	Tarm1;Lilrb4b;Slfn1;Irgm1;Il12rb1;Tlr9;Cd274;Pnp;Lgals9;Cdkn1a;Myd88;Irf1;H2-T22;Il15;H2-T10
GO Biological Process	GO:0002460	adaptive immune response based on somatic recombination of immune receptors built from immunoglobulin superfamily domains	18	241	393	18659	0.07468879668049792	0.021062221984029156	3.8131737846081497e-06	6.572571840902292e-05	5.0715753749767e-05	Gzmb;Irf7;Rsad2;Fcgr1;Lilrb4b;H2-T24;Il12rb1;Cd274;Pnp;Slfn2;Fgl2;Myd88;Stx11;Irf1;H2-T22;Il18bp;Fas;H2-T10
GO Biological Process	GO:0032682	negative regulation of chemokine production	6	241	34	18659	0.024896265560165973	0.001822176965539418	4.333872977585184e-06	7.419939574375707e-05	5.7254273882616e-05	Oas1g;Oas3;Oas1a;Lilrb4b;Oas1b;Oas1c
GO Biological Process	GO:0046651	lymphocyte proliferation	17	241	362	18659	0.07053941908713693	0.01940082533897851	5.127720690717345e-06	8.720543654679965e-05	6.729008906415042e-05	Tarm1;Lilrb4b;Slfn1;Irgm1;Il12rb1;Tlr9;Cd274;Pnp;Slfn2;Lgals9;Cdkn1a;Myd88;Irf1;H2-T22;Il15;H2-T10;Psmb10
GO Biological Process	GO:1900246	positive regulation of RIG-I signaling pathway	4	241	10	18659	0.016597510373443983	0.0005359344016292406	5.363091001752607e-06	9.060427248656225e-05	6.991272341078686e-05	Oasl1;Dhx58;Ddx60;Zc3hav1
GO Biological Process	GO:0070661	leukocyte proliferation	18	241	403	18659	0.07468879668049792	0.021598156385658394	5.3993359792740925e-06	9.06164873890014e-05	6.992214876206755e-05	Ccl12;Tarm1;Lilrb4b;Slfn1;Irgm1;Il12rb1;Tlr9;Cd274;Pnp;Slfn2;Lgals9;Cdkn1a;Myd88;Irf1;H2-T22;Il15;H2-T10;Psmb10
GO Biological Process	GO:0071359	cellular response to dsRNA	5	241	21	18659	0.02074688796680498	0.0011254622434214052	5.9262871940865696e-06	9.816856254620024e-05	7.574953556351256e-05	Ifih1;Cgas;Tlr3;Rigi;Zc3hav1
GO Biological Process	GO:0071639	positive regulation of monocyte chemotactic protein-1 production	5	241	21	18659	0.02074688796680498	0.0011254622434214052	5.9262871940865696e-06	9.816856254620024e-05	7.574953556351256e-05	Oas1g;Oas3;Oas1a;Oas1b;Oas1c
GO Biological Process	GO:2001185	regulation of CD8-positive, alpha-beta T cell activation	6	241	36	18659	0.024896265560165973	0.0019293638458652662	6.142533735978916e-06	0.0001010942165192401	7.800704982193938e-05	Socs1;Lilrb4b;Cd274;Irf1;H2-T22;H2-T10
GO Biological Process	GO:0032943	mononuclear cell proliferation	17	241	368	18659	0.07053941908713693	0.019722385979956052	6.371385923254024e-06	0.000104188496732186	8.039468067803662e-05	Tarm1;Lilrb4b;Slfn1;Irgm1;Il12rb1;Tlr9;Cd274;Pnp;Slfn2;Lgals9;Cdkn1a;Myd88;Irf1;H2-T22;Il15;H2-T10;Psmb10
GO Biological Process	GO:0042098	T cell proliferation	14	241	259	18659	0.058091286307053944	0.013880701002197331	7.352542587037169e-06	0.00011946710916899248	9.218407400442178e-05	Tarm1;Lilrb4b;Slfn1;Irgm1;Il12rb1;Cd274;Pnp;Slfn2;Lgals9;Irf1;H2-T22;Il15;H2-T10;Psmb10
GO Biological Process	GO:0031663	lipopolysaccharide-mediated signaling pathway	7	241	56	18659	0.029045643153526972	0.0030012326491237473	7.437093688794595e-06	0.00012007611392477855	9.265399865453629e-05	Trim30c;Acod1;Trim30d;Trim30a;Stat1;Myd88;Trim12c
GO Biological Process	GO:0051091	positive regulation of DNA-binding transcription factor activity	14	241	260	18659	0.058091286307053944	0.013934294442360256	7.682929751600528e-06	0.0001232651182159305	9.51147211883018e-05	Trim30c;Trim30d;Eif2ak2;Trim30a;Tlr3;Tlr9;Rigi;Trim25;Sp100;Trim21;Trim14;Myd88;Trim34a;Trim12c
GO Biological Process	GO:0046634	regulation of alpha-beta T cell activation	10	241	134	18659	0.04149377593360996	0.007181520981831824	9.642139035770873e-06	0.00015373185425157185	0.00011862368419007588	Tarm1;Socs1;Lilrb4b;Irgm1;Cd274;Pnp;Lgals9;Irf1;H2-T22;H2-T10
GO Biological Process	GO:0051090	regulation of DNA-binding transcription factor activity	18	241	421	18659	0.07468879668049792	0.02256283830859103	9.811515594472524e-06	0.00015546072224533798	0.00011995772580361964	Trim30c;Acod1;Trim30d;Eif2ak2;Trim30a;Tlr3;Tlr9;Rigi;Nlrc5;Parp10;Trim25;Sp100;Trim21;Trim14;Myd88;Hck;Trim34a;Trim12c
GO Biological Process	GO:0002449	lymphocyte mediated immunity	17	241	381	18659	0.07053941908713693	0.020419100702074065	1.0037455580268662e-05	0.00015805894558805776	0.00012196258567318	Gzmb;Irf7;Rsad2;Fcgr1;Lilrb4b;Fcgr4;H2-T24;Pnp;Slfn2;Lgals9;Fgl2;Myd88;Stx11;H2-T22;Tap1;Fas;H2-T10
GO Biological Process	GO:0002367	cytokine production involved in immune response	11	241	166	18659	0.04564315352697095	0.008896511067045393	1.0788734902113618e-05	0.0001688470106459622	0.00013028695038393585	Rsad2;Lilrb4b;Bst2;Tlr3;Tlr9;Casp4;Rigi;Nr4a3;Myd88;H2-T22;H2-T10
GO Biological Process	GO:0007159	leukocyte cell-cell adhesion	18	241	428	18659	0.07468879668049792	0.022937992389731498	1.226074543595188e-05	0.00019071440004337343	0.00014716042339685503	Ccl2;Tarm1;Socs1;Olr1;Lilrb4b;Slfn1;Irgm1;Il12rb1;Cd274;Pnp;Lgals9;Nr4a3;Fgl2;Irf1;S100a9;H2-T22;Il15;H2-T10
GO Biological Process	GO:0050863	regulation of T cell activation	17	241	395	18659	0.07053941908713693	0.021169408864355	1.6002235271844e-05	0.0002474042556271154	0.0001909038593834021	Ccl2;Tarm1;Socs1;Lilrb4b;Slfn1;Irgm1;Il12rb1;Cgas;Cd274;Pnp;Lgals9;Fgl2;Irf1;H2-T22;Il15;Fas;H2-T10
GO Biological Process	GO:0042532	negative regulation of tyrosine phosphorylation of STAT protein	4	241	13	18659	0.016597510373443983	0.0006967147221180127	1.771040524195145e-05	0.0002690265817677193	0.0002075882349153625	Socs1;Parp14;Socs3;Irf1
GO Biological Process	GO:0061635	regulation of protein complex stability	4	241	13	18659	0.016597510373443983	0.0006967147221180127	1.771040524195145e-05	0.0002690265817677193	0.0002075882349153625	Igtp;Irgm2;Irgm1;Tapbp
GO Biological Process	GO:0002703	regulation of leukocyte mediated immunity	14	241	280	18659	0.058091286307053944	0.015006163245618737	1.7717156306145375e-05	0.0002690265817677193	0.0002075882349153625	Ccl2;Rsad2;Fcgr1;Lilrb4b;H2-T24;Bst2;Tlr3;Tlr9;Rigi;Pnp;Lgals9;H2-T22;Tap1;H2-T10
GO Biological Process	GO:0070534	protein K63-linked ubiquitination	7	241	64	18659	0.029045643153526972	0.00342998017042714	1.8249173824812963e-05	0.00027546533980531287	0.00021255655591653847	Trim30c;Rnf213;Trim30d;Trim30a;Parp10;Trim21;Trim12c
GO Biological Process	GO:0046640	regulation of alpha-beta T cell proliferation	7	241	65	18659	0.029045643153526972	0.003483573610590064	2.022894059667848e-05	0.00030286635996699376	0.00023369992908385916	Tarm1;Irgm1;Cd274;Lgals9;Irf1;H2-T22;H2-T10
GO Biological Process	GO:0009394	2'-deoxyribonucleotide metabolic process	6	241	44	18659	0.024896265560165973	0.0023581113671686587	2.0420624819413146e-05	0.00030286635996699376	0.00023369992908385916	Cmpk2;Upp1;Pnp;Xdh;Samhd1;Dck
GO Biological Process	GO:0019692	deoxyribose phosphate metabolic process	6	241	44	18659	0.024896265560165973	0.0023581113671686587	2.0420624819413146e-05	0.00030286635996699376	0.00023369992908385916	Cmpk2;Upp1;Pnp;Xdh;Samhd1;Dck
GO Biological Process	GO:0002474	antigen processing and presentation of peptide antigen via MHC class I	6	241	45	18659	0.024896265560165973	0.0024117048073315824	2.3309657232488044e-05	0.0003437163907518902	0.0002652209250061007	Fcgr1;H2-T24;H2-T22;Tap1;H2-T10;Tapbp
GO Biological Process	GO:0019882	antigen processing and presentation	9	241	119	18659	0.03734439834024896	0.006377619379387963	2.427709410526613e-05	0.0003559245233478959	0.0002746410524915164	Fcgr1;Fcgr4;H2-T24;Fgl2;H2-T22;Tap1;H2-T10;Psmb9;Tapbp
GO Biological Process	GO:1900226	negative regulation of NLRP3 inflammasome complex assembly	4	241	14	18659	0.016597510373443983	0.0007503081622809368	2.4543446527947117e-05	0.0003577733262445319	0.0002760676391414202	Igtp;Irgm2;Irgm1;Trim30a
GO Biological Process	GO:0070098	chemokine-mediated signaling pathway	7	241	67	18659	0.029045643153526972	0.003590760490915912	2.472179168030572e-05	0.0003583255146389766	0.0002764937227402613	Cxcl10;Ccl2;Ccl7;Cxcl9;Ccl12;Ccl4;Ccrl2
GO Biological Process	GO:0042129	regulation of T cell proliferation	12	241	216	18659	0.04979253112033195	0.011576183075191596	2.5402489788015167e-05	0.0003661115901086253	0.0002825016705536031	Tarm1;Lilrb4b;Slfn1;Irgm1;Il12rb1;Cd274;Pnp;Lgals9;Irf1;H2-T22;Il15;H2-T10
GO Biological Process	GO:0009262	deoxyribonucleotide metabolic process	6	241	46	18659	0.024896265560165973	0.0024652982474945065	2.6518785714270165e-05	0.0003788822690632214	0.000292355874124997	Cmpk2;Upp1;Pnp;Xdh;Samhd1;Dck
GO Biological Process	GO:0031664	regulation of lipopolysaccharide-mediated signaling pathway	5	241	28	18659	0.02074688796680498	0.0015006163245618737	2.658562374061804e-05	0.0003788822690632214	0.000292355874124997	Trim30c;Acod1;Trim30d;Trim30a;Trim12c
GO Biological Process	GO:0034121	regulation of toll-like receptor signaling pathway	5	241	29	18659	0.02074688796680498	0.0015542097647247978	3.178768965057687e-05	0.00044842228468787096	0.0003460148434530603	Irf7;Trim30a;Cd300lf;Irf1;Pik3ap1
GO Biological Process	GO:0002700	regulation of production of molecular mediator of immune response	12	241	221	18659	0.04979253112033195	0.011844150276006217	3.181671247687364e-05	0.00044842228468787096	0.0003460148434530603	Rsad2;Lilrb4b;Bst2;Cgas;Tlr3;Tlr9;Casp4;Rigi;Nr4a3;Myd88;H2-T22;H2-T10
GO Biological Process	GO:0141086	negative regulation of inflammasome-mediated signaling pathway	4	241	15	18659	0.016597510373443983	0.0008039016024438608	3.312950048292652e-05	0.0004643590974282723	0.0003583121220536298	Igtp;Irgm2;Irgm1;Trim30a
GO Biological Process	GO:0010508	positive regulation of autophagy	10	241	155	18659	0.04149377593360996	0.00830698322525323	3.424902062569311e-05	0.0004774276044597985	0.0003683961378777459	Trim30c;Igtp;Trim30d;Irgm2;Irgm1;Trim30a;Tlr9;Trim21;Trim34a;Trim12c
GO Biological Process	GO:0071605	monocyte chemotactic protein-1 production	5	241	30	18659	0.02074688796680498	0.0016078032048877217	3.774564393954236e-05	0.000520481825350122	0.000401617946895842	Oas1g;Oas3;Oas1a;Oas1b;Oas1c
GO Biological Process	GO:0071637	regulation of monocyte chemotactic protein-1 production	5	241	30	18659	0.02074688796680498	0.0016078032048877217	3.774564393954236e-05	0.000520481825350122	0.000401617946895842	Oas1g;Oas3;Oas1a;Oas1b;Oas1c
GO Biological Process	GO:0048247	lymphocyte chemotaxis	6	241	49	18659	0.024896265560165973	0.002626078567983279	3.833122197905264e-05	0.0005257147702610929	0.0004056558296594706	Cxcl10;Ccl2;Ccl7;Ccl12;Ch25h;Ccl4
GO Biological Process	GO:0050687	negative regulation of defense response to virus	6	241	50	18659	0.024896265560165973	0.002679672008146203	4.309171049537921e-05	0.0005878446709824191	0.0004535969525829391	Dhx58;Igtp;Irgm2;Irgm1;Trim30a;Fgl2
GO Biological Process	GO:0098792	xenophagy	4	241	16	18659	0.016597510373443983	0.000857495042606785	4.37256369845696e-05	0.0005933196805725375	0.00045782161904336585	Igtp;Rnf213;Irgm2;Irgm1
GO Biological Process	GO:0043330	response to exogenous dsRNA	6	241	51	18659	0.024896265560165973	0.002733265448309127	4.831434565990456e-05	0.0006521158506794524	0.000503190344661774	Ifih1;Cgas;Tlr3;Rigi;Stat1;Zc3hav1
GO Biological Process	GO:0051251	positive regulation of lymphocyte activation	15	241	349	18659	0.06224066390041494	0.018704110616860496	5.158047799903919e-05	0.0006925357861870998	0.000534379467358467	Ccl2;Socs1;Lilrb4b;Irgm1;Il12rb1;Tlr9;Cd274;Pnp;Lgals9;Cdkn1a;Myd88;Irf1;H2-T22;Il15;H2-T10
GO Biological Process	GO:1903037	regulation of leukocyte cell-cell adhesion	16	241	392	18659	0.06639004149377593	0.02100862854386623	5.37661063122492e-05	0.0007181012418981554	0.0005541064690212512	Ccl2;Tarm1;Socs1;Lilrb4b;Slfn1;Irgm1;Il12rb1;Cd274;Pnp;Lgals9;Nr4a3;Fgl2;Irf1;H2-T22;Il15;H2-T10
GO Biological Process	GO:0002720	positive regulation of cytokine production involved in immune response	8	241	103	18659	0.03319502074688797	0.005520124336781178	5.705954458292733e-05	0.0007581192616200398	0.0005849854625552309	Rsad2;Tlr3;Casp4;Rigi;Nr4a3;Myd88;H2-T22;H2-T10
GO Biological Process	GO:1990868	response to chemokine	7	241	77	18659	0.029045643153526972	0.0041266948925451526	6.127986471668187e-05	0.0008057986334652342	0.0006217761639728438	Cxcl10;Ccl2;Ccl7;Cxcl9;Ccl12;Ccl4;Ccrl2
GO Biological Process	GO:1990869	cellular response to chemokine	7	241	77	18659	0.029045643153526972	0.0041266948925451526	6.127986471668187e-05	0.0008057986334652342	0.0006217761639728438	Cxcl10;Ccl2;Ccl7;Cxcl9;Ccl12;Ccl4;Ccrl2
GO Biological Process	GO:0002440	production of molecular mediator of immune response	16	241	397	18659	0.06639004149377593	0.02127659574468085	6.244657568986372e-05	0.000816929305563294	0.0006303648936034827	Rsad2;Lilrb4b;Fcgr4;Bst2;Cgas;Tlr3;Tlr9;Casp4;Rigi;Nr4a3;Fgl2;Samhd1;Myd88;H2-T22;Fas;H2-T10
GO Biological Process	GO:0007259	receptor signaling pathway via JAK-STAT	10	241	169	18659	0.04149377593360996	0.009057291387534167	7.126026483678325e-05	0.0009188338202129162	0.0007089971915237176	Socs1;Parp9;Gbp7;Parp14;Socs3;Stat2;Gbp3;Stat1;Irf1;Il15
GO Biological Process	GO:0002730	regulation of dendritic cell cytokine production	4	241	18	18659	0.016597510373443983	0.0009646819229326331	7.203714780187504e-05	0.0009188338202129162	0.0007089971915237176	Bst2;Tlr3;Tlr9;Rigi
GO Biological Process	GO:0032897	negative regulation of viral transcription	4	241	18	18659	0.016597510373443983	0.0009646819229326331	7.203714780187504e-05	0.0009188338202129162	0.0007089971915237176	Ifitm3;Sp100;Trim21;Trim14
GO Biological Process	GO:0039535	regulation of RIG-I signaling pathway	4	241	18	18659	0.016597510373443983	0.0009646819229326331	7.203714780187504e-05	0.0009188338202129162	0.0007089971915237176	Oasl1;Dhx58;Ddx60;Zc3hav1
GO Biological Process	GO:0070431	nucleotide-binding oligomerization domain containing 2 signaling pathway	4	241	18	18659	0.016597510373443983	0.0009646819229326331	7.203714780187504e-05	0.0009188338202129162	0.0007089971915237176	Igtp;Irgm2;Irgm1;Slc15a3
GO Biological Process	GO:0019885	antigen processing and presentation of endogenous peptide antigen via MHC class I	5	241	35	18659	0.02074688796680498	0.001875770405702342	8.157881579082619e-05	0.0010302354410019	0.0007949577151060188	H2-T24;H2-T22;Tap1;H2-T10;Tapbp
GO Biological Process	GO:0039532	negative regulation of viral-induced cytoplasmic pattern recognition receptor signaling pathway	5	241	35	18659	0.02074688796680498	0.001875770405702342	8.157881579082619e-05	0.0010302354410019	0.0007949577151060188	Dhx58;Igtp;Irgm2;Irgm1;Trim30a
GO Biological Process	GO:0002696	positive regulation of leukocyte activation	16	241	407	18659	0.06639004149377593	0.021812530146310093	8.358096334687792e-05	0.0010503203817629	0.0008104558022227727	Ccl2;Socs1;Lilrb4b;Irgm1;Il12rb1;Tlr9;Cd274;Pnp;Lgals9;Nr4a3;Cdkn1a;Myd88;Irf1;H2-T22;Il15;H2-T10
GO Biological Process	GO:0050671	positive regulation of lymphocyte proliferation	10	241	173	18659	0.04149377593360996	0.009271665148185861	8.664425200898516e-05	0.0010834778768378	0.0008360410281568746	Irgm1;Il12rb1;Tlr9;Cd274;Pnp;Cdkn1a;Myd88;H2-T22;Il15;H2-T10
GO Biological Process	GO:0002371	dendritic cell cytokine production	4	241	19	18659	0.016597510373443983	0.001018275363095557	9.032472872186428e-05	0.0011239921120462	0.0008673029150700192	Bst2;Tlr3;Tlr9;Rigi
GO Biological Process	GO:0002548	monocyte chemotaxis	6	241	57	18659	0.024896265560165973	0.0030548260892866714	9.126623139016266e-05	0.0011301949333801	0.0008720891808870935	Cxcl10;Ccl2;Ccl7;Ccl12;Ccl4;Fpr2
GO Biological Process	GO:0002768	immune response-regulating cell surface receptor signaling pathway	13	241	286	18659	0.05394190871369295	0.01532772388659628	9.357615147062188e-05	0.0011532017507321	0.0008898418675314669	Acod1;Oas1g;Oas1a;Fpr2;Lilrb4b;Oas1b;Clec4e;Nr4a3;Ifi35;Nmi;Myd88;Pik3ap1;Oas1c
GO Biological Process	GO:0032946	positive regulation of mononuclear cell proliferation	10	241	176	18659	0.04149377593360996	0.009432445468674635	9.995369253613918e-05	0.0012258743733638	0.000945918041713463	Irgm1;Il12rb1;Tlr9;Cd274;Pnp;Cdkn1a;Myd88;H2-T22;Il15;H2-T10
GO Biological Process	GO:0043331	response to dsRNA	6	241	58	18659	0.024896265560165973	0.0031084195294495956	0.0001007085413327904	0.0012292224351193	0.0009485014973171396	Ifih1;Cgas;Tlr3;Rigi;Stat1;Zc3hav1
GO Biological Process	GO:0097696	receptor signaling pathway via STAT	10	241	177	18659	0.04149377593360996	0.009486038908837558	0.00010475821495434542	0.0012725628873739	0.0009819441702487515	Socs1;Parp9;Gbp7;Parp14;Socs3;Stat2;Gbp3;Stat1;Irf1;Il15
GO Biological Process	GO:0002483	antigen processing and presentation of endogenous peptide antigen	5	241	37	18659	0.02074688796680498	0.0019829572860281903	0.0001072605314599492	0.0012939876102457	0.0009984760697186114	H2-T24;H2-T22;Tap1;H2-T10;Tapbp
GO Biological Process	GO:1903039	positive regulation of leukocyte cell-cell adhesion	13	241	290	18659	0.05394190871369295	0.015542097647247977	0.00010753640665311676	0.0012939876102457	0.0009984760697186114	Ccl2;Socs1;Lilrb4b;Irgm1;Il12rb1;Cd274;Pnp;Lgals9;Nr4a3;Irf1;H2-T22;Il15;H2-T10
GO Biological Process	GO:0060340	positive regulation of type I interferon-mediated signaling pathway	4	241	20	18659	0.016597510373443983	0.0010718688032584811	0.00011176511459143457	0.0013385577808579	0.0010328676268148	Irf7;Zbp1;Nlrc5;Mmp12
GO Biological Process	GO:0031331	positive regulation of cellular catabolic process	14	241	335	18659	0.058091286307053944	0.01795380245457956	0.0001232707673467388	0.0014694566705679	0.0011338727739222	Trim30c;Igtp;Trim30d;Irgm2;Irgm1;Trim30a;Tlr9;Dtx3l;Mov10;Pnpt1;Trim21;Zc3hav1;Trim34a;Trim12c
GO Biological Process	GO:0002456	T cell mediated immunity	9	241	148	18659	0.03734439834024896	0.007931829144112761	0.00013309368145901897	0.0015791720065207	0.0012185321142147	Gzmb;Rsad2;Lilrb4b;H2-T24;Pnp;Slfn2;Stx11;H2-T22;H2-T10
GO Biological Process	GO:0048245	eosinophil chemotaxis	4	241	21	18659	0.016597510373443983	0.0011254622434214052	0.0001366683680966928	0.001606640585321	0.0012397276174669	Ccl2;Ccl7;Ccl12;Ccl4
GO Biological Process	GO:0070423	nucleotide-binding oligomerization domain containing signaling pathway	4	241	21	18659	0.016597510373443983	0.0011254622434214052	0.0001366683680966928	0.001606640585321	0.0012397276174669	Igtp;Irgm2;Irgm1;Slc15a3
GO Biological Process	GO:0034612	response to tumor necrosis factor	10	241	184	18659	0.04149377593360996	0.009861192989978026	0.00014418695037123652	0.0016872518825551	0.0013019294891077	Acod1;Ccl2;Ccl7;Ccl12;Ccl4;Gbp3;Stat1;Gch1;Irf1;Ubd
GO Biological Process	GO:0050867	positive regulation of cell activation	16	241	429	18659	0.06639004149377593	0.022991585829894422	0.00015332645452231534	0.001786008152906	0.001378132516014	Ccl2;Socs1;Lilrb4b;Irgm1;Il12rb1;Tlr9;Cd274;Pnp;Lgals9;Nr4a3;Cdkn1a;Myd88;Irf1;H2-T22;Il15;H2-T10
GO Biological Process	GO:0019883	antigen processing and presentation of endogenous antigen	5	241	40	18659	0.02074688796680498	0.0021437376065169622	0.00015689243635970315	0.0018192391143345	0.0014037744305868	H2-T24;H2-T22;Tap1;H2-T10;Tapbp
GO Biological Process	GO:0009151	purine deoxyribonucleotide metabolic process	4	241	22	18659	0.016597510373443983	0.0011790556835843294	0.00016535271704554142	0.0018747323608141	0.0014465945304101	Pnp;Xdh;Samhd1;Dck
GO Biological Process	GO:0009164	nucleoside catabolic process	4	241	22	18659	0.016597510373443983	0.0011790556835843294	0.00016535271704554142	0.0018747323608141	0.0014465945304101	Pnp2;Upp1;Pnp;Xdh
GO Biological Process	GO:0035872	nucleotide-binding domain, leucine rich repeat containing receptor signaling pathway	4	241	22	18659	0.016597510373443983	0.0011790556835843294	0.00016535271704554142	0.0018747323608141	0.0014465945304101	Igtp;Irgm2;Irgm1;Slc15a3
GO Biological Process	GO:0043374	CD8-positive, alpha-beta T cell differentiation	4	241	22	18659	0.016597510373443983	0.0011790556835843294	0.00016535271704554142	0.0018747323608141	0.0014465945304101	Socs1;Igtp;Lilrb4b;Irf1
GO Biological Process	GO:0141087	positive regulation of inflammasome-mediated signaling pathway	4	241	22	18659	0.016597510373443983	0.0011790556835843294	0.00016535271704554142	0.0018747323608141	0.0014465945304101	Gbp2;Gbp5;Casp4;Myd88
GO Biological Process	GO:0050870	positive regulation of T cell activation	12	241	264	18659	0.04979253112033195	0.01414866820301195	0.00017368069538847885	0.0019604400616637	0.0015127289258335	Ccl2;Socs1;Lilrb4b;Irgm1;Il12rb1;Cd274;Pnp;Lgals9;Irf1;H2-T22;Il15;H2-T10
GO Biological Process	GO:0061081	positive regulation of myeloid leukocyte cytokine production involved in immune response	5	241	41	18659	0.02074688796680498	0.0021973310466798864	0.00017681709070477676	0.0019870502131624	0.0015332620432085	Tlr3;Casp4;Rigi;Nr4a3;Myd88
GO Biological Process	GO:0032649	regulation of type II interferon production	8	241	122	18659	0.03319502074688797	0.006538399699876735	0.0001873525969938533	0.0020962126093478	0.0016174947201223	Isg15;Lilrb4b;Irgm1;Il12rb1;Tlr3;Tlr9;Cd274;Lgals9
GO Biological Process	GO:0002819	regulation of adaptive immune response	11	241	228	18659	0.04564315352697095	0.012219304357146686	0.00019323649384407867	0.0021526039117739	0.0016610077843641	Irf7;Rsad2;Fcgr1;Lilrb4b;H2-T24;Il12rb1;Cd274;Pnp;Irf1;H2-T22;H2-T10
GO Biological Process	GO:0070665	positive regulation of leukocyte proliferation	10	241	191	18659	0.04149377593360996	0.010236347071118495	0.00019546489212636672	0.0021679606078885	0.0016728574291821	Irgm1;Il12rb1;Tlr9;Cd274;Pnp;Cdkn1a;Myd88;H2-T22;Il15;H2-T10
GO Biological Process	GO:0042267	natural killer cell mediated cytotoxicity	7	241	93	18659	0.029045643153526972	0.004984189935151938	0.00020272757349941504	0.0022291294827457	0.0017200569983843	Gzmb;Fcgr4;Lgals9;Stx11;H2-T22;Tap1;H2-T10
GO Biological Process	GO:0046635	positive regulation of alpha-beta T cell activation	7	241	93	18659	0.029045643153526972	0.004984189935151938	0.00020272757349941504	0.0022291294827457	0.0017200569983843	Socs1;Lilrb4b;Irgm1;Pnp;Irf1;H2-T22;H2-T10
GO Biological Process	GO:1990266	neutrophil migration	8	241	125	18659	0.03319502074688797	0.006699180020365507	0.00022140659641437863	0.0024240696457213	0.0018704781355088	Cxcl10;Ccl2;Ccl7;Cxcl9;Ccl12;Ccl4;Myd88;S100a9
GO Biological Process	GO:0002702	positive regulation of production of molecular mediator of immune response	9	241	159	18659	0.03734439834024896	0.008521356985904924	0.00022846855665832985	0.002490697812117	0.0019218902426949	Rsad2;Tlr3;Tlr9;Casp4;Rigi;Nr4a3;Myd88;H2-T22;H2-T10
GO Biological Process	GO:0043320	natural killer cell degranulation	3	241	10	18659	0.012448132780082987	0.0005359344016292406	0.0002388020815723212	0.0025812886020804	0.0019917925626237	Fcgr4;Lgals9;Stx11
GO Biological Process	GO:1901526	positive regulation of mitophagy	3	241	10	18659	0.012448132780082987	0.0005359344016292406	0.0002388020815723212	0.0025812886020804	0.0019917925626237	Igtp;Irgm2;Irgm1
GO Biological Process	GO:0001913	T cell mediated cytotoxicity	6	241	68	18659	0.024896265560165973	0.003644353931078836	0.0002446102971479498	0.0026329150549553	0.0020316289392256	Gzmb;H2-T24;Pnp;Stx11;H2-T22;H2-T10
GO Biological Process	GO:0002228	natural killer cell mediated immunity	7	241	96	18659	0.029045643153526972	0.00514497025564071	0.0002468571363730719	0.0026459351045701	0.0020416755639878	Gzmb;Fcgr4;Lgals9;Stx11;H2-T22;Tap1;H2-T10
GO Biological Process	GO:0002429	immune response-activating cell surface receptor signaling pathway	12	241	276	18659	0.04979253112033195	0.01479178948496704	0.0002614571987244323	0.0027907000583515	0.0021533801436454	Acod1;Oas1g;Oas1a;Fpr2;Lilrb4b;Oas1b;Nr4a3;Ifi35;Nmi;Myd88;Pik3ap1;Oas1c
GO Biological Process	GO:0046782	regulation of viral transcription	4	241	25	18659	0.016597510373443983	0.0013398360040731015	0.0002773816531353869	0.0029361020628563	0.0022655762889852	Ifitm3;Sp100;Trim21;Trim14
GO Biological Process	GO:0072677	eosinophil migration	4	241	25	18659	0.016597510373443983	0.0013398360040731015	0.0002773816531353869	0.0029361020628563	0.0022655762889852	Ccl2;Ccl7;Ccl12;Ccl4
GO Biological Process	GO:0042509	regulation of tyrosine phosphorylation of STAT protein	6	241	70	18659	0.024896265560165973	0.003751540811404684	0.00028680547698907216	0.0030108673736589	0.0023232672383346	Socs1;Parp9;Parp14;Socs3;Irf1;Il15
GO Biological Process	GO:0048002	antigen processing and presentation of peptide antigen	6	241	70	18659	0.024896265560165973	0.003751540811404684	0.00028680547698907216	0.0030108673736589	0.0023232672383346	Fcgr1;H2-T24;H2-T22;Tap1;H2-T10;Tapbp
GO Biological Process	GO:0002507	tolerance induction	5	241	46	18659	0.02074688796680498	0.0024652982474945065	0.00030689897473419966	0.0032086036251923	0.0024758459135157	Acod1;Lilrb4b;Cd274;H2-T22;H2-T10
GO Biological Process	GO:0030593	neutrophil chemotaxis	7	241	100	18659	0.029045643153526972	0.005359344016292406	0.0003173983241665163	0.0033048290814236	0.0025500960953442	Cxcl10;Ccl2;Ccl7;Cxcl9;Ccl12;Ccl4;S100a9
GO Biological Process	GO:0034656	nucleobase-containing small molecule catabolic process	4	241	26	18659	0.016597510373443983	0.0013934294442360254	0.00032451048356256246	0.0033185909564113	0.0025607151327608	Pnp2;Upp1;Pnp;Xdh
GO Biological Process	GO:0046386	deoxyribose phosphate catabolic process	4	241	26	18659	0.016597510373443983	0.0013934294442360254	0.00032451048356256246	0.0033185909564113	0.0025607151327608	Upp1;Pnp;Xdh;Samhd1
GO Biological Process	GO:1901857	positive regulation of cellular respiration	4	241	26	18659	0.016597510373443983	0.0013934294442360254	0.00032451048356256246	0.0033185909564113	0.0025607151327608	Oas1g;Oas1a;Oas1b;Oas1c
GO Biological Process	GO:2000561	regulation of CD4-positive, alpha-beta T cell proliferation	4	241	26	18659	0.016597510373443983	0.0013934294442360254	0.00032451048356256246	0.0033185909564113	0.0025607151327608	Tarm1;Irgm1;Cd274;Lgals9
GO Biological Process	GO:0070213	protein auto-ADP-ribosylation	3	241	11	18659	0.012448132780082987	0.0005895278417921647	0.00032522451552443807	0.0033185909564113	0.0025607151327608	Parp12;Parp10;Parp11
GO Biological Process	GO:0002695	negative regulation of leukocyte activation	10	241	204	18659	0.04149377593360996	0.010933061793236509	0.0003315944893001605	0.0033701097298992	0.0026004684210161	Tarm1;Socs1;Lilrb4b;Slfn1;Cd274;Cd300lf;Lgals9;Fgl2;Irf1;Fas
GO Biological Process	GO:0046636	negative regulation of alpha-beta T cell activation	5	241	47	18659	0.02074688796680498	0.0025188916876574307	0.00033985435112000384	0.0034403509909013	0.0026546684903692	Tarm1;Socs1;Cd274;Lgals9;Irf1
GO Biological Process	GO:0000209	protein polyubiquitination	11	241	245	18659	0.04564315352697095	0.013130392839916395	0.0003581764004328612	0.0036114940612815	0.0027867271429558	Trim30c;Rnf213;Trim30d;Trim30a;Dtx3l;Ube2l6;Nmi;Parp10;Trim21;Trim34a;Trim12c
GO Biological Process	GO:0009264	deoxyribonucleotide catabolic process	4	241	27	18659	0.016597510373443983	0.0014470228843989495	0.000377108914765726	0.0037725680061465	0.0029110161841564	Upp1;Pnp;Xdh;Samhd1
GO Biological Process	GO:0035739	CD4-positive, alpha-beta T cell proliferation	4	241	27	18659	0.016597510373443983	0.0014470228843989495	0.000377108914765726	0.0037725680061465	0.0029110161841564	Tarm1;Irgm1;Cd274;Lgals9
GO Biological Process	GO:0007260	tyrosine phosphorylation of STAT protein	6	241	74	18659	0.024896265560165973	0.003965914572056381	0.0003882185734268472	0.0038685374250464	0.0029850688006093	Socs1;Parp9;Parp14;Socs3;Irf1;Il15
GO Biological Process	GO:0032609	type II interferon production	8	241	136	18659	0.03319502074688797	0.007288707862157672	0.0003924512265854421	0.0038954983619434	0.0030058725935481	Isg15;Lilrb4b;Irgm1;Il12rb1;Tlr3;Tlr9;Cd274;Lgals9
GO Biological Process	GO:0050868	negative regulation of T cell activation	8	241	137	18659	0.03319502074688797	0.007342301302320596	0.00041222732631849	0.0040759376334824	0.0031451044480439	Tarm1;Socs1;Lilrb4b;Slfn1;Cd274;Lgals9;Fgl2;Irf1
GO Biological Process	GO:0051250	negative regulation of lymphocyte activation	9	241	173	18659	0.03734439834024896	0.009271665148185861	0.0004259559595986989	0.0041502435168821	0.0032024408907011	Tarm1;Socs1;Lilrb4b;Slfn1;Cd274;Lgals9;Fgl2;Irf1;Fas
GO Biological Process	GO:0046054	dGMP metabolic process	3	241	12	18659	0.012448132780082987	0.0006431212819550887	0.0004295038371057994	0.0041502435168821	0.0032024408907011	Pnp;Xdh;Dck
GO Biological Process	GO:1904415	regulation of xenophagy	3	241	12	18659	0.012448132780082987	0.0006431212819550887	0.0004295038371057994	0.0041502435168821	0.0032024408907011	Igtp;Irgm2;Irgm1
GO Biological Process	GO:1904417	positive regulation of xenophagy	3	241	12	18659	0.012448132780082987	0.0006431212819550887	0.0004295038371057994	0.0041502435168821	0.0032024408907011	Igtp;Irgm2;Irgm1
GO Biological Process	GO:1905671	regulation of lysosome organization	3	241	12	18659	0.012448132780082987	0.0006431212819550887	0.0004295038371057994	0.0041502435168821	0.0032024408907011	Igtp;Irgm2;Irgm1
GO Biological Process	GO:2000562	negative regulation of CD4-positive, alpha-beta T cell proliferation	3	241	12	18659	0.012448132780082987	0.0006431212819550887	0.0004295038371057994	0.0041502435168821	0.0032024408907011	Tarm1;Cd274;Lgals9
GO Biological Process	GO:0002822	regulation of adaptive immune response based on somatic recombination of immune receptors built from immunoglobulin superfamily domains	10	241	212	18659	0.04149377593360996	0.0113618093145399	0.0004493213577549278	0.0043253539005012	0.0033375608301954	Rsad2;Fcgr1;Lilrb4b;H2-T24;Il12rb1;Cd274;Pnp;Irf1;H2-T22;H2-T10
GO Biological Process	GO:0072676	lymphocyte migration	7	241	106	18659	0.029045643153526972	0.00568090465726995	0.00045266956476503167	0.0043412032320135	0.0033497906058987	Cxcl10;Ccl2;Ccl7;Ccl12;Ch25h;Ccl4;Lgals9
GO Biological Process	GO:0009116	nucleoside metabolic process	5	241	50	18659	0.02074688796680498	0.002679672008146203	0.00045490534514220434	0.0043463053762463	0.0033537275592979	Pnp2;Upp1;Pnp;Xdh;Dck
GO Biological Process	GO:0043129	surfactant homeostasis	4	241	29	18659	0.016597510373443983	0.0015542097647247978	0.0005001281470490044	0.004742850940974	0.0036597129132523	Oas1g;Oas1a;Oas1b;Oas1c
GO Biological Process	GO:1900017	positive regulation of cytokine production involved in inflammatory response	4	241	29	18659	0.016597510373443983	0.0015542097647247978	0.0005001281470490044	0.004742850940974	0.0036597129132523	Tarm1;Gbp5;Tlr3;Myd88
GO Biological Process	GO:2000514	regulation of CD4-positive, alpha-beta T cell activation	6	241	78	18659	0.024896265560165973	0.004180288332708076	0.000515702761164074	0.0048631096412292	0.0037525078004905	Tarm1;Socs1;Irgm1;Cd274;Lgals9;Irf1
GO Biological Process	GO:0022409	positive regulation of cell-cell adhesion	13	241	341	18659	0.05394190871369295	0.018275363095557103	0.0005166219963830377	0.0048631096412292	0.0037525078004905	Ccl2;Socs1;Lilrb4b;Irgm1;Il12rb1;Cd274;Pnp;Lgals9;Nr4a3;Irf1;H2-T22;Il15;H2-T10
GO Biological Process	GO:0043124	negative regulation of canonical NF-kappaB signal transduction	5	241	52	18659	0.02074688796680498	0.002786858888472051	0.0005464477302932805	0.0051249564705079	0.0039545559429118	Igtp;Lilrb4b;Irgm2;Irgm1;Stat1
GO Biological Process	GO:0061762	CAMKK-AMPK signaling cascade	3	241	13	18659	0.012448132780082987	0.0006967147221180127	0.0005530418666649536	0.005167801472023	0.0039876163125639	Igtp;Irgm2;Irgm1
GO Biological Process	GO:0009162	deoxyribonucleoside monophosphate metabolic process	4	241	30	18659	0.016597510373443983	0.0016078032048877217	0.0005712639167581525	0.0052992518241819	0.0040890469831109	Upp1;Pnp;Xdh;Dck
GO Biological Process	GO:1901658	glycosyl compound catabolic process	4	241	30	18659	0.016597510373443983	0.0016078032048877217	0.0005712639167581525	0.0052992518241819	0.0040890469831109	Pnp2;Upp1;Pnp;Xdh
GO Biological Process	GO:0002824	positive regulation of adaptive immune response based on somatic recombination of immune receptors built from immunoglobulin superfamily domains	8	241	145	18659	0.03319502074688797	0.0077710488236239885	0.0006014228466194194	0.0055588031946599	0.0042893238870263	Rsad2;Fcgr1;H2-T24;Il12rb1;Cd274;Pnp;H2-T22;H2-T10
GO Biological Process	GO:0034655	nucleobase-containing compound catabolic process	14	241	393	18659	0.058091286307053944	0.021062221984029156	0.0006215632550153733	0.005724216113878	0.0044169609989692	Pnp2;Isg20;Oas2;Slfn9;Slfn8;Upp1;Pnp;Slfn2;Mov10;Pnpt1;Xdh;Samhd1;Myd88;Zc3hav1
GO Biological Process	GO:0050866	negative regulation of cell activation	10	241	222	18659	0.04149377593360996	0.01189774371616914	0.0006434282875002156	0.0059042646093994	0.0045558913200507	Tarm1;Socs1;Lilrb4b;Slfn1;Cd274;Cd300lf;Lgals9;Fgl2;Irf1;Fas
GO Biological Process	GO:0009120	deoxyribonucleoside metabolic process	3	241	14	18659	0.012448132780082987	0.0007503081622809368	0.000697177799429592	0.0063291835101241	0.0048837703125429	Pnp;Xdh;Dck
GO Biological Process	GO:0018410	C-terminal protein amino acid modification	3	241	14	18659	0.012448132780082987	0.0007503081622809368	0.000697177799429592	0.0063291835101241	0.0048837703125429	Igtp;Irgm2;Irgm1
GO Biological Process	GO:1903599	positive regulation of autophagy of mitochondrion	3	241	14	18659	0.012448132780082987	0.0007503081622809368	0.000697177799429592	0.0063291835101241	0.0048837703125429	Igtp;Irgm2;Irgm1
GO Biological Process	GO:0001910	regulation of leukocyte mediated cytotoxicity	7	241	115	18659	0.029045643153526972	0.006163245618736267	0.0007380032880864064	0.0066760510209518	0.0051514227275908	Ccl2;H2-T24;Pnp;Lgals9;H2-T22;Tap1;H2-T10
GO Biological Process	GO:1903038	negative regulation of leukocyte cell-cell adhesion	8	241	150	18659	0.03319502074688797	0.008039016024438609	0.0007516186458565412	0.0067751913978093	0.0052279221415351	Tarm1;Socs1;Lilrb4b;Slfn1;Cd274;Lgals9;Fgl2;Irf1
GO Biological Process	GO:0050732	negative regulation of peptidyl-tyrosine phosphorylation	5	241	56	18659	0.02074688796680498	0.0030012326491237473	0.0007702421588911625	0.0069186188286315	0.0053385946520625	Socs1;Lilrb4b;Parp14;Socs3;Irf1
GO Biological Process	GO:0002698	negative regulation of immune effector process	8	241	152	18659	0.03319502074688797	0.008146202904764456	0.000819557262757155	0.0073101069136136	0.005640677516952	Lilrb4b;Bst2;Lgals9;Fgl2;Irf1;H2-T22;Tap1;H2-T10
GO Biological Process	GO:0050729	positive regulation of inflammatory response	8	241	152	18659	0.03319502074688797	0.008146202904764456	0.000819557262757155	0.0073101069136136	0.005640677516952	Zbp1;Fcgr1;Casp4;Ifi35;Nmi;S100a9;H2-T22;H2-T10
GO Biological Process	GO:0002821	positive regulation of adaptive immune response	8	241	153	18659	0.03319502074688797	0.00819979634492738	0.0008553298483307548	0.0075930943758556	0.0058590383473354	Rsad2;Fcgr1;H2-T24;Il12rb1;Cd274;Pnp;H2-T22;H2-T10
GO Biological Process	GO:0030101	natural killer cell activation	7	241	118	18659	0.029045643153526972	0.0063240259392250385	0.0008596031008792281	0.0075930943758556	0.0058590383473354	Fcgr4;Lgals9;Stx11;Irf1;H2-T22;Il15;H2-T10
GO Biological Process	GO:0009155	purine deoxyribonucleotide catabolic process	3	241	15	18659	0.012448132780082987	0.0008039016024438608	0.0008631898741662583	0.0075930943758556	0.0058590383473354	Pnp;Xdh;Samhd1
GO Biological Process	GO:0009170	purine deoxyribonucleoside monophosphate metabolic process	3	241	15	18659	0.012448132780082987	0.0008039016024438608	0.0008631898741662583	0.0075930943758556	0.0058590383473354	Pnp;Xdh;Dck
GO Biological Process	GO:0097530	granulocyte migration	8	241	154	18659	0.03319502074688797	0.008253389785090305	0.0008923455684439302	0.0078225895020634	0.0060361230348712	Cxcl10;Ccl2;Ccl7;Cxcl9;Ccl12;Ccl4;Myd88;S100a9
GO Biological Process	GO:0002526	acute inflammatory response	7	241	119	18659	0.029045643153526972	0.006377619379387963	0.000903470392149585	0.007892989624567	0.006090445686084	Hp;Saa3;Il1rn;Fcgr1;Serpina3n;H2-T22;H2-T10
GO Biological Process	GO:0002704	negative regulation of leukocyte mediated immunity	6	241	87	18659	0.024896265560165973	0.004662629294174393	0.0009208860247330472	0.0080176800310375	0.0061866601984939	Lilrb4b;Bst2;Lgals9;H2-T22;Tap1;H2-T10
GO Biological Process	GO:0031400	negative regulation of protein modification process	15	241	461	18659	0.06224066390041494	0.02470657591510799	0.0010103464375311	0.0087666454494628	0.0067645823064208	Isg15;Socs1;Lilrb4b;Slfn1;Daxx;Parp14;Socs3;Gbp4;Dtx3l;Cdkn1a;Xdh;Parp10;Trim21;Adar;Irf1
GO Biological Process	GO:0016078	tRNA catabolic process	3	241	16	18659	0.012448132780082987	0.000857495042606785	0.0010522970058235	0.0089779587353041	0.0069276373909173	Slfn9;Slfn8;Slfn2
GO Biological Process	GO:0034162	toll-like receptor 9 signaling pathway	3	241	16	18659	0.012448132780082987	0.000857495042606785	0.0010522970058235	0.0089779587353041	0.0069276373909173	Rsad2;Tlr9;Pik3ap1
GO Biological Process	GO:0042454	ribonucleoside catabolic process	3	241	16	18659	0.012448132780082987	0.000857495042606785	0.0010522970058235	0.0089779587353041	0.0069276373909173	Upp1;Pnp;Xdh
GO Biological Process	GO:0046642	negative regulation of alpha-beta T cell proliferation	3	241	16	18659	0.012448132780082987	0.000857495042606785	0.0010522970058235	0.0089779587353041	0.0069276373909173	Tarm1;Cd274;Lgals9
GO Biological Process	GO:0099004	calmodulin dependent kinase signaling pathway	3	241	16	18659	0.012448132780082987	0.000857495042606785	0.0010522970058235	0.0089779587353041	0.0069276373909173	Igtp;Irgm2;Irgm1
GO Biological Process	GO:0098926	postsynaptic signal transduction	5	241	60	18659	0.02074688796680498	0.0032156064097754434	0.001056222635759	0.008981413146071	0.0069303029083137	Ly6c2;Ly6i;Nrg1;Ly6a;Ly6e
GO Biological Process	GO:0002520	immune system development	10	241	239	18659	0.04149377593360996	0.01280883219893885	0.0011298818707817	0.0095758426988846	0.0073889809349952	Acod1;Lilrb4b;Cd274;Samd9l;Samhd1;Adar;H2-T22;Il15;Fas;H2-T10
GO Biological Process	GO:0043457	regulation of cellular respiration	5	241	61	18659	0.02074688796680498	0.0032691998499383675	0.0011385842334331	0.0095859022425344	0.007396743152753	Oas1g;Oas1a;Oas1b;Pnpt1;Oas1c
GO Biological Process	GO:1900015	regulation of cytokine production involved in inflammatory response	5	241	61	18659	0.02074688796680498	0.0032691998499383675	0.0011385842334331	0.0095859022425344	0.007396743152753	Tarm1;Lilrb4b;Gbp5;Tlr3;Myd88
GO Biological Process	GO:0043094	cellular metabolic compound salvage	4	241	36	18659	0.016597510373443983	0.0019293638458652662	0.001155694905186	0.0096345676572859	0.0074342947117228	Pnp2;Upp1;Pnp;Dck
GO Biological Process	GO:0045953	negative regulation of natural killer cell mediated cytotoxicity	4	241	36	18659	0.016597510373443983	0.0019293638458652662	0.001155694905186	0.0096345676572859	0.0074342947117228	Lgals9;H2-T22;Tap1;H2-T10
GO Biological Process	GO:2000515	negative regulation of CD4-positive, alpha-beta T cell activation	4	241	36	18659	0.016597510373443983	0.0019293638458652662	0.001155694905186	0.0096345676572859	0.0074342947117228	Tarm1;Cd274;Lgals9;Irf1
GO Biological Process	GO:0071621	granulocyte chemotaxis	7	241	125	18659	0.029045643153526972	0.006699180020365507	0.001205064033425	0.01001341481846	0.0077266234956447	Cxcl10;Ccl2;Ccl7;Cxcl9;Ccl12;Ccl4;S100a9
GO Biological Process	GO:0043254	regulation of protein-containing complex assembly	14	241	422	18659	0.058091286307053944	0.022616431748753954	0.0012320790606406	0.0101716300443178	0.0078487066714289	Isg15;Gbp2;Igtp;Xaf1;Eif2ak2;Irgm2;Gbp5;Irgm1;Trim30a;Casp4;Nrg1;Myd88;Hck;Fas
GO Biological Process	GO:0046700	heterocycle catabolic process	14	241	422	18659	0.058091286307053944	0.022616431748753954	0.0012320790606406	0.0101716300443178	0.0078487066714289	Pnp2;Isg20;Oas2;Slfn9;Slfn8;Upp1;Pnp;Slfn2;Mov10;Pnpt1;Xdh;Samhd1;Myd88;Zc3hav1
GO Biological Process	GO:0044270	cellular nitrogen compound catabolic process	14	241	423	18659	0.058091286307053944	0.022670025188916875	0.0012598972936353	0.0103677354711731	0.008000026957888	Pnp2;Isg20;Oas2;Slfn9;Slfn8;Upp1;Pnp;Slfn2;Mov10;Pnpt1;Xdh;Samhd1;Myd88;Zc3hav1
GO Biological Process	GO:1901096	regulation of autophagosome maturation	3	241	17	18659	0.012448132780082987	0.000911088482769709	0.0012656603828492	0.0103816708573901	0.008010779881293	Igtp;Irgm2;Irgm1
GO Biological Process	GO:0002716	negative regulation of natural killer cell mediated immunity	4	241	37	18659	0.016597510373443983	0.0019829572860281903	0.001282777859577	0.0104548444721439	0.0080672426346362	Lgals9;H2-T22;Tap1;H2-T10
GO Biological Process	GO:0090140	regulation of mitochondrial fission	4	241	37	18659	0.016597510373443983	0.0019829572860281903	0.001282777859577	0.0104548444721439	0.0080672426346362	Igtp;Irgm2;Irgm1;Stat2
GO Biological Process	GO:0032653	regulation of interleukin-10 production	5	241	63	18659	0.02074688796680498	0.0033763867302642157	0.0013174510828074	0.0107032411217889	0.0082589122522624	Isg15;Lilrb4b;Tlr9;Cd274;Lgals9
GO Biological Process	GO:0071356	cellular response to tumor necrosis factor	8	241	164	18659	0.03319502074688797	0.008789324186719545	0.0013379618344871	0.0108353671104023	0.0083608642622923	Acod1;Ccl2;Ccl7;Ccl12;Ccl4;Gbp3;Stat1;Irf1
GO Biological Process	GO:0022408	negative regulation of cell-cell adhesion	9	241	204	18659	0.03734439834024896	0.010933061793236509	0.001375949105248	0.0111077410363539	0.0085710353991136	Il1rn;Tarm1;Socs1;Lilrb4b;Slfn1;Cd274;Lgals9;Fgl2;Irf1
GO Biological Process	GO:0035710	CD4-positive, alpha-beta T cell activation	7	241	128	18659	0.029045643153526972	0.00685996034085428	0.0013828094438483	0.0111279081743124	0.0085865969118258	Tarm1;Rsad2;Socs1;Irgm1;Cd274;Lgals9;Irf1
GO Biological Process	GO:0042119	neutrophil activation	4	241	38	18659	0.016597510373443983	0.002036550726191114	0.0014193139369392	0.0113500622355236	0.0087580170337449	Fcgr4;Myd88;Stx11;Il15
GO Biological Process	GO:0070266	necroptotic process	4	241	38	18659	0.016597510373443983	0.002036550726191114	0.0014193139369392	0.0113500622355236	0.0087580170337449	Zbp1;Mlkl;Tlr3;Fas
GO Biological Process	GO:0032823	regulation of natural killer cell differentiation	3	241	18	18659	0.012448132780082987	0.0009646819229326331	0.0015043850298586	0.0119554087575373	0.0092251188910828	Lgals9;Irf1;Il15
GO Biological Process	GO:1901524	regulation of mitophagy	3	241	18	18659	0.012448132780082987	0.0009646819229326331	0.0015043850298586	0.0119554087575373	0.0092251188910828	Igtp;Irgm2;Irgm1
GO Biological Process	GO:0042102	positive regulation of T cell proliferation	7	241	130	18659	0.029045643153526972	0.006967147221180128	0.0015122461721052	0.0119805589597531	0.0092445254718431	Irgm1;Il12rb1;Cd274;Pnp;H2-T22;Il15;H2-T10
GO Biological Process	GO:0006953	acute-phase response	4	241	39	18659	0.016597510373443983	0.002090144166354038	0.0015656663828822	0.0123272066133719	0.0095120082390829	Hp;Saa3;Il1rn;Serpina3n
GO Biological Process	GO:0045589	regulation of regulatory T cell differentiation	4	241	39	18659	0.016597510373443983	0.002090144166354038	0.0015656663828822	0.0123272066133719	0.0095120082390829	Socs1;Lilrb4b;Lgals9;Irf1
GO Biological Process	GO:0010506	regulation of autophagy	11	241	294	18659	0.04564315352697095	0.015756471407899673	0.001596074462846	0.0125279567837548	0.0096669125361041	Trim30c;Iigp1;Igtp;Trim30d;Irgm2;Irgm1;Trim30a;Tlr9;Trim21;Trim34a;Trim12c
GO Biological Process	GO:0032613	interleukin-10 production	5	241	66	18659	0.02074688796680498	0.0035371670507529877	0.0016235253025274	0.0127032799472323	0.0098021966623303	Isg15;Lilrb4b;Tlr9;Cd274;Lgals9
GO Biological Process	GO:0051259	protein complex oligomerization	10	241	251	18659	0.04149377593360996	0.013451953480893938	0.0016283702637181	0.0127032799472323	0.0098021966623303	Isg15;Oas1g;Oas1a;Ifih1;Mlkl;Gbp5;Oas1b;Pnpt1;Samhd1;Oas1c
GO Biological Process	GO:0032675	regulation of interleukin-6 production	8	241	170	18659	0.03319502074688797	0.00911088482769709	0.0016804603537902	0.0130696779345091	0.0100849193247362	Ifih1;Lilrb4b;Trim30a;Tlr3;Tlr9;Rigi;Lgals9;Myd88
GO Biological Process	GO:0032689	negative regulation of type II interferon production	4	241	40	18659	0.016597510373443983	0.0021437376065169622	0.0017221968213847	0.0133535686667245	0.0103039771428232	Lilrb4b;Irgm1;Cd274;Lgals9
GO Biological Process	GO:0002534	cytokine production involved in inflammatory response	5	241	67	18659	0.02074688796680498	0.003590760490915912	0.0017362747447788	0.0133813802837787	0.0103254373437315	Tarm1;Lilrb4b;Gbp5;Tlr3;Myd88
GO Biological Process	GO:0061082	myeloid leukocyte cytokine production	5	241	67	18659	0.02074688796680498	0.003590760490915912	0.0017362747447788	0.0133813802837787	0.0103254373437315	Tlr3;Casp4;Rigi;Nr4a3;Myd88
GO Biological Process	GO:0002706	regulation of lymphocyte mediated immunity	9	241	212	18659	0.03734439834024896	0.0113618093145399	0.0017927383556407	0.013774926341083	0.0106291081960945	Rsad2;Fcgr1;Lilrb4b;H2-T24;Pnp;Lgals9;H2-T22;Tap1;H2-T10
GO Biological Process	GO:0002444	myeloid leukocyte mediated immunity	7	241	134	18659	0.029045643153526972	0.007181520981831824	0.0017993380072594	0.0137841178874441	0.0106362006435126	Fcgr1;Rigi;Nr4a3;Myd88;Stx11;H2-T22;H2-T10
GO Biological Process	GO:0032814	regulation of natural killer cell activation	5	241	68	18659	0.02074688796680498	0.003644353931078836	0.0018546608120511	0.0141231036762459	0.0108977713072602	Lgals9;Irf1;H2-T22;Il15;H2-T10
GO Biological Process	GO:0048524	positive regulation of viral process	5	241	68	18659	0.02074688796680498	0.003644353931078836	0.0018546608120511	0.0141231036762459	0.0108977713072602	Gbp7;Trim30a;Gbp3;Trim21;Adar
GO Biological Process	GO:0031341	regulation of cell killing	7	241	135	18659	0.029045643153526972	0.007235114421994748	0.0018773160361891	0.0142530750247574	0.0109980607383261	Ccl2;H2-T24;Pnp;Lgals9;H2-T22;Tap1;H2-T10
GO Biological Process	GO:0002532	production of molecular mediator involved in inflammatory response	6	241	100	18659	0.024896265560165973	0.005359344016292406	0.0018924329318563	0.0143252118966337	0.011053723512639	Tarm1;Lilrb4b;Gbp5;Tlr3;Chil3;Myd88
GO Biological Process	GO:0019439	aromatic compound catabolic process	14	241	443	18659	0.058091286307053944	0.02374189399217536	0.0019371824310195	0.0146205691761265	0.0112816292307894	Pnp2;Isg20;Oas2;Slfn9;Slfn8;Upp1;Pnp;Slfn2;Mov10;Pnpt1;Xdh;Samhd1;Myd88;Zc3hav1
GO Biological Process	GO:0060326	cell chemotaxis	11	241	302	18659	0.04564315352697095	0.016185218929203066	0.0019707303463323	0.0148298911902471	0.0114431477958126	Cxcl10;Ccl2;Saa3;Ccl7;Cxcl9;Ccl12;Ch25h;Ccl4;Fpr2;Ccrl2;S100a9
GO Biological Process	GO:0002705	positive regulation of leukocyte mediated immunity	8	241	175	18659	0.03319502074688797	0.00937885202851171	0.0020159084474932	0.0151252424986921	0.01167104890654	Ccl2;Rsad2;Fcgr1;H2-T24;Rigi;Pnp;H2-T22;H2-T10
GO Biological Process	GO:0001788	antibody-dependent cellular cytotoxicity	3	241	20	18659	0.012448132780082987	0.0010718688032584811	0.0020620665519213	0.0152855029265998	0.0117947102159077	Fcgr1;H2-T22;H2-T10
GO Biological Process	GO:0009159	deoxyribonucleoside monophosphate catabolic process	3	241	20	18659	0.012448132780082987	0.0010718688032584811	0.0020620665519213	0.0152855029265998	0.0117947102159077	Upp1;Pnp;Xdh
GO Biological Process	GO:0034122	negative regulation of toll-like receptor signaling pathway	3	241	20	18659	0.012448132780082987	0.0010718688032584811	0.0020620665519213	0.0152855029265998	0.0117947102159077	Trim30a;Cd300lf;Pik3ap1
GO Biological Process	GO:0001911	negative regulation of leukocyte mediated cytotoxicity	4	241	42	18659	0.016597510373443983	0.0022509244868428105	0.0020672279536169	0.0152855029265998	0.0117947102159077	Lgals9;H2-T22;Tap1;H2-T10
GO Biological Process	GO:0095500	acetylcholine receptor signaling pathway	4	241	42	18659	0.016597510373443983	0.0022509244868428105	0.0020672279536169	0.0152855029265998	0.0117947102159077	Ly6c2;Ly6i;Ly6a;Ly6e
GO Biological Process	GO:0046425	regulation of receptor signaling pathway via JAK-STAT	6	241	102	18659	0.024896265560165973	0.005466530896618254	0.0020926724224729	0.015428922976094	0.0119053770308015	Socs1;Gbp7;Parp14;Socs3;Gbp3;Irf1
GO Biological Process	GO:0002366	leukocyte activation involved in immune response	11	241	306	18659	0.04564315352697095	0.01639959268985476	0.0021832927657242	0.0160506623785663	0.012385128081008	Fcgr4;Clec4e;Slfn2;Lgals9;Nr4a3;Fgl2;Ifi35;Nmi;Myd88;Stx11;Irf1
GO Biological Process	GO:0070664	negative regulation of leukocyte proliferation	6	241	103	18659	0.024896265560165973	0.005520124336781178	0.0021985959798319	0.0161167193808946	0.0124360994624494	Ccl12;Tarm1;Lilrb4b;Slfn1;Cd274;Lgals9
GO Biological Process	GO:0045619	regulation of lymphocyte differentiation	9	241	219	18659	0.03734439834024896	0.011736963395680368	0.0022352937706728	0.0162603959619926	0.0125469642241128	Socs1;Lilrb4b;Tlr9;Pnp;Lgals9;Fgl2;Irf1;Il15;Fas
GO Biological Process	GO:0007162	negative regulation of cell adhesion	11	241	307	18659	0.04564315352697095	0.016453186130017686	0.0022392442891004	0.0162603959619926	0.0125469642241128	Il1rn;Tarm1;Socs1;Lilrb4b;Slfn1;Rnd1;Cd274;Lgals9;Fgl2;Irf1;Mmp12
GO Biological Process	GO:1901224	positive regulation of non-canonical NF-kappaB signal transduction	5	241	71	18659	0.02074688796680498	0.0038051342515676083	0.0022452994126333	0.0162603959619926	0.0125469642241128	Eif2ak2;Tlr3;Tlr9;Ifi35;Nmi
GO Biological Process	GO:0002888	positive regulation of myeloid leukocyte mediated immunity	4	241	43	18659	0.016597510373443983	0.0023045179270057346	0.0022564406783792	0.0162603959619926	0.0125469642241128	Fcgr1;Rigi;H2-T22;H2-T10
GO Biological Process	GO:0032733	positive regulation of interleukin-10 production	4	241	43	18659	0.016597510373443983	0.0023045179270057346	0.0022564406783792	0.0162603959619926	0.0125469642241128	Isg15;Tlr9;Cd274;Lgals9
GO Biological Process	GO:0034661	ncRNA catabolic process	4	241	43	18659	0.016597510373443983	0.0023045179270057346	0.0022564406783792	0.0162603959619926	0.0125469642241128	Slfn9;Slfn8;Slfn2;Pnpt1
GO Biological Process	GO:0032635	interleukin-6 production	8	241	179	18659	0.03319502074688797	0.009593225789163407	0.0023204991314095	0.0166749106597911	0.0128668150503659	Ifih1;Lilrb4b;Trim30a;Tlr3;Tlr9;Rigi;Lgals9;Myd88
GO Biological Process	GO:0030595	leukocyte chemotaxis	9	241	221	18659	0.03734439834024896	0.011844150276006217	0.002376528506451	0.0170278624699552	0.0131391622764308	Cxcl10;Ccl2;Ccl7;Cxcl9;Ccl12;Ch25h;Ccl4;Fpr2;S100a9
GO Biological Process	GO:1900227	positive regulation of NLRP3 inflammasome complex assembly	3	241	21	18659	0.012448132780082987	0.0011254622434214052	0.0023829662492254	0.0170278624699552	0.0131391622764308	Gbp5;Casp4;Myd88
GO Biological Process	GO:0002263	cell activation involved in immune response	11	241	310	18659	0.04564315352697095	0.01661396645050646	0.0024141237322866	0.0172023174331378	0.0132737764756722	Fcgr4;Clec4e;Slfn2;Lgals9;Nr4a3;Fgl2;Ifi35;Nmi;Myd88;Stx11;Irf1
GO Biological Process	GO:0002478	antigen processing and presentation of exogenous peptide antigen	4	241	44	18659	0.016597510373443983	0.0023581113671686587	0.0024572548284939	0.0173641470013519	0.0133986485764212	Fcgr1;H2-T22;H2-T10;Tapbp
GO Biological Process	GO:0045066	regulatory T cell differentiation	4	241	44	18659	0.016597510373443983	0.0023581113671686587	0.0024572548284939	0.0173641470013519	0.0133986485764212	Socs1;Lilrb4b;Lgals9;Irf1
GO Biological Process	GO:1905145	cellular response to acetylcholine	4	241	44	18659	0.016597510373443983	0.0023581113671686587	0.0024572548284939	0.0173641470013519	0.0133986485764212	Ly6c2;Ly6i;Ly6a;Ly6e
GO Biological Process	GO:0071674	mononuclear cell migration	8	241	181	18659	0.03319502074688797	0.009700412669489254	0.0024857569067766	0.0175170327878101	0.0135166194116672	Cxcl10;Ccl2;Ccl7;Ccl12;Ch25h;Ccl4;Fpr2;Lgals9
GO Biological Process	GO:0002709	regulation of T cell mediated immunity	6	241	107	18659	0.024896265560165973	0.0057344980974328745	0.0026631828376058	0.01869216699527	0.0144233849599352	Rsad2;Lilrb4b;H2-T24;Pnp;H2-T22;H2-T10
GO Biological Process	GO:0042771	intrinsic apoptotic signaling pathway in response to DNA damage by p53 class mediator	4	241	45	18659	0.016597510373443983	0.0024117048073315824	0.0026700189222755	0.01869216699527	0.0144233849599352	Ifi204;Cdkn1a;Pml;Shisa5
GO Biological Process	GO:0002707	negative regulation of lymphocyte mediated immunity	5	241	74	18659	0.02074688796680498	0.003965914572056381	0.0026926686663325	0.01869216699527	0.0144233849599352	Lilrb4b;Lgals9;H2-T22;Tap1;H2-T10
GO Biological Process	GO:0050829	defense response to Gram-negative bacterium	5	241	74	18659	0.02074688796680498	0.003965914572056381	0.0026926686663325	0.01869216699527	0.0144233849599352	Iigp1;Igtp;Irgm2;Irgm1;Tlr9
GO Biological Process	GO:0001796	regulation of type IIa hypersensitivity	3	241	22	18659	0.012448132780082987	0.0011790556835843294	0.0027331157543064	0.01869216699527	0.0144233849599352	Fcgr1;H2-T22;H2-T10
GO Biological Process	GO:0001798	positive regulation of type IIa hypersensitivity	3	241	22	18659	0.012448132780082987	0.0011790556835843294	0.0027331157543064	0.01869216699527	0.0144233849599352	Fcgr1;H2-T22;H2-T10
GO Biological Process	GO:0002892	regulation of type II hypersensitivity	3	241	22	18659	0.012448132780082987	0.0011790556835843294	0.0027331157543064	0.01869216699527	0.0144233849599352	Fcgr1;H2-T22;H2-T10
GO Biological Process	GO:0002894	positive regulation of type II hypersensitivity	3	241	22	18659	0.012448132780082987	0.0011790556835843294	0.0027331157543064	0.01869216699527	0.0144233849599352	Fcgr1;H2-T22;H2-T10
GO Biological Process	GO:0009158	ribonucleoside monophosphate catabolic process	3	241	22	18659	0.012448132780082987	0.0011790556835843294	0.0027331157543064	0.01869216699527	0.0144233849599352	Upp1;Pnp;Xdh
GO Biological Process	GO:0042270	protection from natural killer cell mediated cytotoxicity	3	241	22	18659	0.012448132780082987	0.0011790556835843294	0.0027331157543064	0.01869216699527	0.0144233849599352	H2-T22;Tap1;H2-T10
GO Biological Process	GO:0043101	purine-containing compound salvage	3	241	22	18659	0.012448132780082987	0.0011790556835843294	0.0027331157543064	0.01869216699527	0.0144233849599352	Pnp2;Pnp;Dck
GO Biological Process	GO:0042116	macrophage activation	6	241	108	18659	0.024896265560165973	0.005788091537595798	0.0027900298666344	0.0190303908817767	0.0146843677191287	Irgm1;Tlr3;Tlr9;Lgals9;Ifi35;Nmi
GO Biological Process	GO:0071677	positive regulation of mononuclear cell migration	5	241	75	18659	0.02074688796680498	0.004019508012219304	0.0028551820402313	0.0194228516923474	0.0149872011655654	Cxcl10;Ccl2;Ccl7;Fpr2;Lgals9
GO Biological Process	GO:1901361	organic cyclic compound catabolic process	14	241	463	18659	0.058091286307053944	0.02481376279543384	0.0028928449673857	0.0196267221058536	0.0151445131271313	Pnp2;Isg20;Oas2;Slfn9;Slfn8;Upp1;Pnp;Slfn2;Mov10;Pnpt1;Xdh;Samhd1;Myd88;Zc3hav1
GO Biological Process	GO:0045580	regulation of T cell differentiation	8	241	186	18659	0.03319502074688797	0.009968379870303875	0.0029393757209905	0.0198895158202835	0.0153472919119149	Socs1;Lilrb4b;Pnp;Lgals9;Fgl2;Irf1;Il15;Fas
GO Biological Process	GO:1901657	glycosyl compound metabolic process	5	241	76	18659	0.02074688796680498	0.004073101452382228	0.003024671055333	0.0204125287358589	0.0157508629169392	Pnp2;Upp1;Pnp;Xdh;Dck
GO Biological Process	GO:1904892	regulation of receptor signaling pathway via STAT	6	241	110	18659	0.024896265560165973	0.005895278417921646	0.0030572392720178	0.0205442272349265	0.0158524850643968	Socs1;Gbp7;Parp14;Socs3;Gbp3;Irf1
GO Biological Process	GO:0001794	type IIa hypersensitivity	3	241	23	18659	0.012448132780082987	0.0012326491237472533	0.0031133615459244	0.0205442272349265	0.0158524850643968	Fcgr1;H2-T22;H2-T10
GO Biological Process	GO:0002445	type II hypersensitivity	3	241	23	18659	0.012448132780082987	0.0012326491237472533	0.0031133615459244	0.0205442272349265	0.0158524850643968	Fcgr1;H2-T22;H2-T10
GO Biological Process	GO:0035634	response to stilbenoid	3	241	23	18659	0.012448132780082987	0.0012326491237472533	0.0031133615459244	0.0205442272349265	0.0158524850643968	Saa3;Ifit3;Usp18
GO Biological Process	GO:0045591	positive regulation of regulatory T cell differentiation	3	241	23	18659	0.012448132780082987	0.0012326491237472533	0.0031133615459244	0.0205442272349265	0.0158524850643968	Socs1;Lilrb4b;Lgals9
GO Biological Process	GO:0090026	positive regulation of monocyte chemotaxis	3	241	23	18659	0.012448132780082987	0.0012326491237472533	0.0031133615459244	0.0205442272349265	0.0158524850643968	Cxcl10;Ccl2;Fpr2
GO Biological Process	GO:0090141	positive regulation of mitochondrial fission	3	241	23	18659	0.012448132780082987	0.0012326491237472533	0.0031133615459244	0.0205442272349265	0.0158524850643968	Igtp;Irgm2;Irgm1
GO Biological Process	GO:0031342	negative regulation of cell killing	4	241	47	18659	0.016597510373443983	0.0025188916876574307	0.0031327731847849	0.0205442272349265	0.0158524850643968	Lgals9;H2-T22;Tap1;H2-T10
GO Biological Process	GO:0032816	positive regulation of natural killer cell activation	4	241	47	18659	0.016597510373443983	0.0025188916876574307	0.0031327731847849	0.0205442272349265	0.0158524850643968	Irf1;H2-T22;Il15;H2-T10
GO Biological Process	GO:0036230	granulocyte activation	4	241	47	18659	0.016597510373443983	0.0025188916876574307	0.0031327731847849	0.0205442272349265	0.0158524850643968	Fcgr4;Myd88;Stx11;Il15
GO Biological Process	GO:1905144	response to acetylcholine	4	241	47	18659	0.016597510373443983	0.0025188916876574307	0.0031327731847849	0.0205442272349265	0.0158524850643968	Ly6c2;Ly6i;Ly6a;Ly6e
GO Biological Process	GO:0032755	positive regulation of interleukin-6 production	6	241	111	18659	0.024896265560165973	0.00594887185808457	0.003197796247175	0.0208862575125323	0.0161164049385939	Ifih1;Tlr3;Tlr9;Rigi;Lgals9;Myd88
GO Biological Process	GO:0010822	positive regulation of mitochondrion organization	5	241	77	18659	0.02074688796680498	0.0041266948925451526	0.0032013040718934	0.0208862575125323	0.0161164049385939	Igtp;Irgm2;Irgm1;Tnfsf10;Fas
GO Biological Process	GO:0097529	myeloid leukocyte migration	9	241	233	18659	0.03734439834024896	0.012487271557961305	0.0033796773302654	0.0219622391600856	0.0169466616721451	Cxcl10;Ccl2;Ccl7;Cxcl9;Ccl12;Ccl4;Fpr2;Myd88;S100a9
GO Biological Process	GO:0001916	positive regulation of T cell mediated cytotoxicity	4	241	48	18659	0.016597510373443983	0.002572485127820355	0.0033834417835804	0.0219622391600856	0.0169466616721451	H2-T24;Pnp;H2-T22;H2-T10
GO Biological Process	GO:0032652	regulation of interleukin-1 production	6	241	113	18659	0.024896265560165973	0.006056058738410418	0.0034933040279233	0.0226178136427218	0.0174525207913882	Lilrb4b;Gbp5;Casp4;Lgals9;Pml;Myd88
GO Biological Process	GO:0043173	nucleotide salvage	3	241	24	18659	0.012448132780082987	0.0012862425639101774	0.0035245026238849	0.022704561094774	0.0175194574871474	Upp1;Pnp;Dck
GO Biological Process	GO:2000564	regulation of CD8-positive, alpha-beta T cell proliferation	3	241	24	18659	0.012448132780082987	0.0012862425639101774	0.0035245026238849	0.022704561094774	0.0175194574871474	Irf1;H2-T22;H2-T10
GO Biological Process	GO:0002711	positive regulation of T cell mediated immunity	5	241	79	18659	0.02074688796680498	0.004233881772871001	0.0035766750478674	0.0229826147282364	0.0177340112409178	Rsad2;H2-T24;Pnp;H2-T22;H2-T10
GO Biological Process	GO:0034198	cellular response to amino acid starvation	4	241	49	18659	0.016597510373443983	0.002626078567983279	0.0036474166993051	0.023378291457104	0.0180393261774678	Atf3;Eif2ak2;Cdkn1a;Fas
GO Biological Process	GO:0006935	chemotaxis	13	241	425	18659	0.05394190871369295	0.022777212069242724	0.0036696072390076	0.0234615741020264	0.018103589333714	Cxcl10;Ccl2;Saa3;Ccl7;Cxcl9;Ccl12;Ch25h;Ccl4;Fpr2;Ccrl2;Nrg1;Lgals9;S100a9
GO Biological Process	GO:0042330	taxis	13	241	426	18659	0.05394190871369295	0.02283080550940565	0.0037427306837363	0.0238692649355287	0.0184181746804922	Cxcl10;Ccl2;Saa3;Ccl7;Cxcl9;Ccl12;Ch25h;Ccl4;Fpr2;Ccrl2;Nrg1;Lgals9;S100a9
GO Biological Process	GO:0042130	negative regulation of T cell proliferation	5	241	80	18659	0.02074688796680498	0.0042874752130339245	0.0037757489641078	0.0240197895447361	0.0185343235670868	Tarm1;Lilrb4b;Slfn1;Cd274;Lgals9
GO Biological Process	GO:1902075	cellular response to salt	8	241	195	18659	0.03319502074688797	0.010450720831770191	0.0039160766282954	0.0248350277601592	0.0191633835694971	Ly6c2;Daxx;Ly6i;Tlr9;Clic4;Ly6a;Fas;Ly6e
GO Biological Process	GO:0000266	mitochondrial fission	4	241	50	18659	0.016597510373443983	0.002679672008146203	0.0039250263822758	0.0248350277601592	0.0191633835694971	Igtp;Irgm2;Irgm1;Stat2
GO Biological Process	GO:0009125	nucleoside monophosphate catabolic process	3	241	25	18659	0.012448132780082987	0.0013398360040731015	0.0039672918471689	0.0248350277601592	0.0191633835694971	Upp1;Pnp;Xdh
GO Biological Process	GO:0035740	CD8-positive, alpha-beta T cell proliferation	3	241	25	18659	0.012448132780082987	0.0013398360040731015	0.0039672918471689	0.0248350277601592	0.0191633835694971	Irf1;H2-T22;H2-T10
GO Biological Process	GO:0044090	positive regulation of vacuole organization	3	241	25	18659	0.012448132780082987	0.0013398360040731015	0.0039672918471689	0.0248350277601592	0.0191633835694971	Igtp;Irgm2;Irgm1
GO Biological Process	GO:2001187	positive regulation of CD8-positive, alpha-beta T cell activation	3	241	25	18659	0.012448132780082987	0.0013398360040731015	0.0039672918471689	0.0248350277601592	0.0191633835694971	Lilrb4b;H2-T22;H2-T10
GO Biological Process	GO:0030217	T cell differentiation	11	241	331	18659	0.04564315352697095	0.017739428693927865	0.003972046776223	0.0248350277601592	0.0191633835694971	Rsad2;Socs1;Igtp;Lilrb4b;Clec4e;Pnp;Lgals9;Fgl2;Irf1;Il15;Fas
GO Biological Process	GO:0001933	negative regulation of protein phosphorylation	11	241	332	18659	0.04564315352697095	0.017793022134090786	0.0040625736637484	0.0253389374479762	0.0195522140038852	Socs1;Lilrb4b;Slfn1;Daxx;Parp14;Socs3;Gbp4;Cdkn1a;Xdh;Adar;Irf1
GO Biological Process	GO:0019884	antigen processing and presentation of exogenous antigen	4	241	51	18659	0.016597510373443983	0.002733265448309127	0.0042165945834057	0.0261716126089248	0.020194728828195	Fcgr1;H2-T22;H2-T10;Tapbp
GO Biological Process	GO:0097300	programmed necrotic cell death	4	241	51	18659	0.016597510373443983	0.002733265448309127	0.0042165945834057	0.0261716126089248	0.020194728828195	Zbp1;Mlkl;Tlr3;Fas
GO Biological Process	GO:0050764	regulation of phagocytosis	6	241	118	18659	0.024896265560165973	0.0063240259392250385	0.0043206390474479	0.026752306335048	0.0206428079170355	Ccl2;Fcgr1;Fpr2;Cd300lf;Il15;Hck
GO Biological Process	GO:0052548	regulation of endopeptidase activity	11	241	336	18659	0.04564315352697095	0.018007395894742484	0.0044412909296337	0.0272419649168714	0.0210206418100434	Serpinb2;Serpina3f;Serpina3n;Stat1;Tnfsf10;Pml;Serpina3g;Xdh;S100a9;Fas;Psmb9
GO Biological Process	GO:0002885	positive regulation of hypersensitivity	3	241	26	18659	0.012448132780082987	0.0013934294442360254	0.004442437242422	0.0272419649168714	0.0210206418100434	Fcgr1;H2-T22;H2-T10
GO Biological Process	GO:0032819	positive regulation of natural killer cell proliferation	3	241	26	18659	0.012448132780082987	0.0013934294442360254	0.004442437242422	0.0272419649168714	0.0210206418100434	H2-T22;Il15;H2-T10
GO Biological Process	GO:0070498	interleukin-1-mediated signaling pathway	3	241	26	18659	0.012448132780082987	0.0013934294442360254	0.004442437242422	0.0272419649168714	0.0210206418100434	Il1rn;Zbp1;Myd88
GO Biological Process	GO:0032612	interleukin-1 production	6	241	119	18659	0.024896265560165973	0.006377619379387963	0.0045020816309151	0.0275415113680205	0.0212517800070966	Lilrb4b;Gbp5;Casp4;Lgals9;Pml;Myd88
GO Biological Process	GO:0046638	positive regulation of alpha-beta T cell differentiation	4	241	52	18659	0.016597510373443983	0.002786858888472051	0.0045224401544984	0.0275998680242239	0.021296809591821	Socs1;Lilrb4b;Pnp;Irf1
GO Biological Process	GO:0050766	positive regulation of phagocytosis	5	241	84	18659	0.02074688796680498	0.004501848973685621	0.004651870277438	0.0283220073454521	0.0218540319527927	Ccl2;Fcgr1;Fpr2;Cd300lf;Il15
GO Biological Process	GO:0050728	negative regulation of inflammatory response	7	241	159	18659	0.029045643153526972	0.008521356985904924	0.004666400182105	0.0283428258679761	0.02187009609157	Acod1;Igtp;Fpr2;Irgm2;Irgm1;Socs3;Lgals9
GO Biological Process	GO:0006914	autophagy	14	241	494	18659	0.058091286307053944	0.026475159440484484	0.0051137703228795	0.0309128627811982	0.0238532065447361	Trim30c;Iigp1;Igtp;Rnf213;Trim30d;Irgm2;Irgm1;Trim30a;Tlr9;Trim21;S100a9;Trim34a;Trim12c;1600014C10Rik
GO Biological Process	GO:0061919	process utilizing autophagic mechanism	14	241	494	18659	0.058091286307053944	0.026475159440484484	0.0051137703228795	0.0309128627811982	0.0238532065447361	Trim30c;Iigp1;Igtp;Rnf213;Trim30d;Irgm2;Irgm1;Trim30a;Tlr9;Trim21;S100a9;Trim34a;Trim12c;1600014C10Rik
GO Biological Process	GO:0001912	positive regulation of leukocyte mediated cytotoxicity	5	241	86	18659	0.02074688796680498	0.004609035854011469	0.0051401515221159	0.030925770124806	0.0238631662024747	Ccl2;H2-T24;Pnp;H2-T22;H2-T10
GO Biological Process	GO:0090398	cellular senescence	5	241	86	18659	0.02074688796680498	0.004609035854011469	0.0051401515221159	0.030925770124806	0.0238631662024747	Cgas;Pnpt1;Rbl1;Cdkn1a;Pml
GO Biological Process	GO:1901136	carbohydrate derivative catabolic process	7	241	162	18659	0.029045643153526972	0.008682137306393698	0.0051626514715382	0.0309358826128175	0.0238709692735434	Pnp2;Upp1;Chil3;Pnp;Xdh;Samhd1;Mmp12
GO Biological Process	GO:0045581	negative regulation of T cell differentiation	4	241	54	18659	0.016597510373443983	0.002894045768797899	0.0051782132009694	0.0309358826128175	0.0238709692735434	Socs1;Lilrb4b;Fgl2;Irf1
GO Biological Process	GO:1990928	response to amino acid starvation	4	241	54	18659	0.016597510373443983	0.002894045768797899	0.0051782132009694	0.0309358826128175	0.0238709692735434	Atf3;Eif2ak2;Cdkn1a;Fas
GO Biological Process	GO:0002866	positive regulation of acute inflammatory response to antigenic stimulus	3	241	28	18659	0.012448132780082987	0.0015006163245618737	0.0054924121417921	0.0326600078641299	0.0252013512578856	Fcgr1;H2-T22;H2-T10
GO Biological Process	GO:0032817	regulation of natural killer cell proliferation	3	241	28	18659	0.012448132780082987	0.0015006163245618737	0.0054924121417921	0.0326600078641299	0.0252013512578856	H2-T22;Il15;H2-T10
GO Biological Process	GO:0001914	regulation of T cell mediated cytotoxicity	4	241	55	18659	0.016597510373443983	0.002947639208960823	0.0055287522475368	0.032723542885073	0.0252503766098275	H2-T24;Pnp;H2-T22;H2-T10
GO Biological Process	GO:0019083	viral transcription	4	241	55	18659	0.016597510373443983	0.002947639208960823	0.0055287522475368	0.032723542885073	0.0252503766098275	Ifitm3;Sp100;Trim21;Trim14
GO Biological Process	GO:0031648	protein destabilization	4	241	56	18659	0.016597510373443983	0.0030012326491237473	0.0058947914851249	0.0348092895336893	0.0268597955097068	Igtp;Irgm2;Irgm1;Trim21
GO Biological Process	GO:0043280	positive regulation of cysteine-type endopeptidase activity involved in apoptotic process	6	241	126	18659	0.024896265560165973	0.0067527734605284315	0.0059333658111102	0.0349561574691507	0.0269731228072837	Stat1;Tnfsf10;Pml;Xdh;S100a9;Fas
GO Biological Process	GO:0045070	positive regulation of viral genome replication	3	241	29	18659	0.012448132780082987	0.0015542097647247978	0.0060684449104163	0.0355875930263726	0.0274603556744792	Gbp7;Gbp3;Adar
GO Biological Process	GO:0060907	positive regulation of macrophage cytokine production	3	241	29	18659	0.012448132780082987	0.0015542097647247978	0.0060684449104163	0.0355875930263726	0.0274603556744792	Tlr3;Casp4;Myd88
GO Biological Process	GO:1903321	negative regulation of protein modification by small protein conjugation or removal	5	241	91	18659	0.02074688796680498	0.004877003054826089	0.0065178451674421	0.0381353739040022	0.0294262927646471	Isg15;Gbp4;Dtx3l;Parp10;Trim21
GO Biological Process	GO:0032757	positive regulation of interleukin-8 production	4	241	58	18659	0.016597510373443983	0.0031084195294495956	0.0066745316865039	0.0387244281346138	0.029880823046371	Tlr3;Tlr9;Rigi;Myd88
GO Biological Process	GO:0002486	antigen processing and presentation of endogenous peptide antigen via MHC class I via ER pathway, TAP-independent	3	241	30	18659	0.012448132780082987	0.0016078032048877217	0.0066792427986005	0.0387244281346138	0.029880823046371	H2-T24;H2-T22;H2-T10
GO Biological Process	GO:0002883	regulation of hypersensitivity	3	241	30	18659	0.012448132780082987	0.0016078032048877217	0.0066792427986005	0.0387244281346138	0.029880823046371	Fcgr1;H2-T22;H2-T10
GO Biological Process	GO:0010800	positive regulation of peptidyl-threonine phosphorylation	3	241	30	18659	0.012448132780082987	0.0016078032048877217	0.0066792427986005	0.0387244281346138	0.029880823046371	Igtp;Irgm2;Irgm1
GO Biological Process	GO:0019730	antimicrobial humoral response	6	241	130	18659	0.024896265560165973	0.006967147221180128	0.0068866491006859	0.0398363760903625	0.0307388323625319	Acod1;Cxcl10;Cxcl9;S100a9;H2-T22;H2-T10
GO Biological Process	GO:0006196	AMP catabolic process	2	241	10	18659	0.008298755186721992	0.0005359344016292406	0.0069822831308318	0.0398474368383714	0.0307473671368316	Pnp;Xdh
GO Biological Process	GO:0032661	regulation of interleukin-18 production	2	241	10	18659	0.008298755186721992	0.0005359344016292406	0.0069822831308318	0.0398474368383714	0.0307473671368316	Gbp5;Tlr9
GO Biological Process	GO:0034163	regulation of toll-like receptor 9 signaling pathway	2	241	10	18659	0.008298755186721992	0.0005359344016292406	0.0069822831308318	0.0398474368383714	0.0307473671368316	Rsad2;Tlr9
GO Biological Process	GO:0035726	common myeloid progenitor cell proliferation	2	241	10	18659	0.008298755186721992	0.0005359344016292406	0.0069822831308318	0.0398474368383714	0.0307473671368316	Nr4a3;Samd9l
GO Biological Process	GO:0046055	dGMP catabolic process	2	241	10	18659	0.008298755186721992	0.0005359344016292406	0.0069822831308318	0.0398474368383714	0.0307473671368316	Pnp;Xdh
GO Biological Process	GO:0046130	purine ribonucleoside catabolic process	2	241	10	18659	0.008298755186721992	0.0005359344016292406	0.0069822831308318	0.0398474368383714	0.0307473671368316	Pnp;Xdh
GO Biological Process	GO:0032651	regulation of interleukin-1 beta production	5	241	93	18659	0.02074688796680498	0.004984189935151938	0.0071350945181181	0.0406286297225878	0.0313501568347765	Lilrb4b;Gbp5;Casp4;Pml;Myd88
GO Biological Process	GO:0002484	antigen processing and presentation of endogenous peptide antigen via MHC class I via ER pathway	3	241	31	18659	0.012448132780082987	0.0016613966450506458	0.0073253083010198	0.0414342826516664	0.0319718205692777	H2-T24;H2-T22;H2-T10
GO Biological Process	GO:0090025	regulation of monocyte chemotaxis	3	241	31	18659	0.012448132780082987	0.0016613966450506458	0.0073253083010198	0.0414342826516664	0.0319718205692777	Cxcl10;Ccl2;Fpr2
GO Biological Process	GO:1903146	regulation of autophagy of mitochondrion	3	241	31	18659	0.012448132780082987	0.0016613966450506458	0.0073253083010198	0.0414342826516664	0.0319718205692777	Igtp;Irgm2;Irgm1
GO Biological Process	GO:0042326	negative regulation of phosphorylation	11	241	362	18659	0.04564315352697095	0.01940082533897851	0.0076382865372687	0.0431090021163112	0.0332640797035227	Socs1;Lilrb4b;Slfn1;Daxx;Parp14;Socs3;Gbp4;Cdkn1a;Xdh;Adar;Irf1
GO Biological Process	GO:0050672	negative regulation of lymphocyte proliferation	5	241	95	18659	0.02074688796680498	0.005091376815477786	0.0077920467533261	0.0438797158228147	0.0338587833826419	Tarm1;Lilrb4b;Slfn1;Cd274;Lgals9
GO Biological Process	GO:0046632	alpha-beta T cell differentiation	6	241	134	18659	0.024896265560165973	0.007181520981831824	0.0079463294367152	0.0446499700287681	0.0344531324986265	Rsad2;Socs1;Igtp;Lilrb4b;Pnp;Irf1
GO Biological Process	GO:0001787	natural killer cell proliferation	3	241	32	18659	0.012448132780082987	0.00171499008521357	0.0080071063400751	0.0447941409507275	0.0345643787071573	H2-T22;Il15;H2-T10
GO Biological Process	GO:0002476	antigen processing and presentation of endogenous peptide antigen via MHC class Ib	3	241	32	18659	0.012448132780082987	0.00171499008521357	0.0080071063400751	0.0447941409507275	0.0345643787071573	H2-T24;H2-T22;H2-T10
GO Biological Process	GO:0018108	peptidyl-tyrosine phosphorylation	10	241	315	18659	0.04149377593360996	0.01688193365132108	0.0080528994012933	0.0449517426098455	0.0346859884381403	Socs1;Lilrb4b;Parp9;Parp14;Il12rb1;Socs3;Nrg1;Irf1;Il15;Hck
GO Biological Process	GO:0032945	negative regulation of mononuclear cell proliferation	5	241	96	18659	0.02074688796680498	0.00514497025564071	0.0081357969653595	0.0453153232721228	0.0349665371758731	Tarm1;Lilrb4b;Slfn1;Cd274;Lgals9
GO Biological Process	GO:0018212	peptidyl-tyrosine modification	10	241	317	18659	0.04149377593360996	0.016989120531646928	0.0083992240530817	0.0466763318793666	0.0360167284715656	Socs1;Lilrb4b;Parp9;Parp14;Il12rb1;Socs3;Nrg1;Irf1;Il15;Hck
GO Biological Process	GO:0002645	positive regulation of tolerance induction	2	241	11	18659	0.008298755186721992	0.0005895278417921647	0.008461629489789	0.0466763318793666	0.0360167284715656	Lilrb4b;Cd274
GO Biological Process	GO:0009172	purine deoxyribonucleoside monophosphate catabolic process	2	241	11	18659	0.008298755186721992	0.0005895278417921647	0.008461629489789	0.0466763318793666	0.0360167284715656	Pnp;Xdh
GO Biological Process	GO:0009215	purine deoxyribonucleoside triphosphate metabolic process	2	241	11	18659	0.008298755186721992	0.0005895278417921647	0.008461629489789	0.0466763318793666	0.0360167284715656	Pnp;Samhd1
GO Biological Process	GO:0031343	positive regulation of cell killing	5	241	97	18659	0.02074688796680498	0.005198563695803633	0.0084899325723348	0.0466763318793666	0.0360167284715656	Ccl2;H2-T24;Pnp;H2-T22;H2-T10
GO Biological Process	GO:1901874	negative regulation of post-translational protein modification	5	241	97	18659	0.02074688796680498	0.005198563695803633	0.0084899325723348	0.0466763318793666	0.0360167284715656	Isg15;Gbp4;Dtx3l;Parp10;Trim21
GO Biological Process	GO:0002323	natural killer cell activation involved in immune response	3	241	33	18659	0.012448132780082987	0.0017685835253764938	0.0087250653824796	0.0475590636553538	0.0366978683428631	Fcgr4;Lgals9;Stx11
GO Biological Process	GO:0002428	antigen processing and presentation of peptide antigen via MHC class Ib	3	241	33	18659	0.012448132780082987	0.0017685835253764938	0.0087250653824796	0.0475590636553538	0.0366978683428631	H2-T24;H2-T22;H2-T10
GO Biological Process	GO:0002524	hypersensitivity	3	241	33	18659	0.012448132780082987	0.0017685835253764938	0.0087250653824796	0.0475590636553538	0.0366978683428631	Fcgr1;H2-T22;H2-T10
GO Biological Process	GO:0071353	cellular response to interleukin-4	3	241	33	18659	0.012448132780082987	0.0017685835253764938	0.0087250653824796	0.0475590636553538	0.0366978683428631	Parp14;Cd300lf;Pml
GO Biological Process	GO:0045620	negative regulation of lymphocyte differentiation	4	241	63	18659	0.016597510373443983	0.0033763867302642157	0.0089148247254772	0.0484898035707727	0.0374160526015989	Socs1;Lilrb4b;Fgl2;Irf1
Reactome	R-MMU-1169408	ISG15 antiviral mechanism	9	101	28	8124	0.0891089108910891	0.0034465780403741997	2.8067765039886283e-11	8.869413752604066e-09	6.4112684354266565e-09	Mx2;Isg15;Usp18;Ifit1bl2;Eif2ak2;Rigi;Ube2l6;Trim25;Uba7
Reactome	R-MMU-1280215	Cytokine Signaling in Immune system	24	101	441	8124	0.2376237623762376	0.05428360413589365	4.932980760174342e-10	6.555164335234645e-08	4.73840992920026e-08	Mx2;Oasl1;Isg15;Il1rn;Usp18;Ifit1bl2;Psme2b;Socs1;Eif2ak2;Il12rb1;Socs3;Rigi;Ube2l6;Nlrc5;Trim25;Adar;Myd88;Map3k8;Il15;Hck;Irf9;Uba7;Psmb9;Psmb10
Reactome	R-MMU-913531	Interferon Signaling	14	101	131	8124	0.13861386138613863	0.016125061546036434	6.223257280286055e-10	6.555164335234645e-08	4.73840992920026e-08	Mx2;Oasl1;Isg15;Usp18;Ifit1bl2;Socs1;Eif2ak2;Socs3;Rigi;Ube2l6;Trim25;Adar;Irf9;Uba7
Reactome	R-MMU-1169410	Antiviral mechanism by IFN-stimulated genes	11	101	91	8124	0.10891089108910891	0.01120137863121615	1.3100828881634717e-08	1.0349654816491424e-06	7.481262808722982e-07	Mx2;Oasl1;Isg15;Usp18;Ifit1bl2;Eif2ak2;Rigi;Ube2l6;Trim25;Adar;Uba7
Reactome	R-MMU-449147	Signaling by Interleukins	13	101	260	8124	0.12871287128712872	0.032003938946331856	1.8088570111715307e-05	0.0011431976310604	0.0008263620451036257	Il1rn;Usp18;Psme2b;Socs1;Il12rb1;Socs3;Nlrc5;Myd88;Map3k8;Il15;Hck;Psmb9;Psmb10
Reactome	R-MMU-380108	Chemokine receptors bind chemokines	6	101	47	8124	0.0594059405940594	0.005785327424913836	2.260495266222596e-05	0.0011905275068772	0.000860574513632111	Cxcl10;Ccl7;Cxcl9;Ccl12;Ccl4;Ccrl2
Reactome	R-MMU-9020702	Interleukin-1 signaling	8	101	101	8124	0.07920792079207921	0.01243229935992122	3.3649125834495373e-05	0.0015190176805286	0.0010980241061782	Il1rn;Usp18;Psme2b;Nlrc5;Myd88;Map3k8;Psmb9;Psmb10
Reactome	R-MMU-8956319	Nucleotide catabolism	5	101	35	8124	0.04950495049504951	0.00430822255046775	6.491788025121597e-05	0.0023052839150371	0.0016663777800235	Pnp2;Upp1;Pnp;Xdh;Samhd1
Reactome	R-MMU-1236975	Antigen processing-Cross presentation	7	101	83	8124	0.06930693069306931	0.010216642048252093	7.137727537540971e-05	0.0023052839150371	0.0016663777800235	Psme2b;Fcgr1;H2-T22;Tap1;Psmb9;Tapbp;Psmb10
Reactome	R-MMU-6798695	Neutrophil degranulation	17	101	478	8124	0.16831683168316833	0.05883801083210241	7.30259215159063e-05	0.0023052839150371	0.0016663777800235	Plac8;Hp;Pnp2;Tarm1;Ifi211;Ifi204;Ifi205;Olr1;Fpr2;Lilrb4b;Fcgr4;Bst2;Pnp;Mndal;Fgl2;S100a9;H2-T22
Reactome	R-MMU-446652	Interleukin-1 family signaling	8	101	114	8124	0.07920792079207921	0.014032496307237814	8.024722489053358e-05	0.0023052839150371	0.0016663777800235	Il1rn;Usp18;Psme2b;Nlrc5;Myd88;Map3k8;Psmb9;Psmb10
Reactome	R-MMU-8956321	Nucleotide salvage	4	101	22	8124	0.039603960396039604	0.0027080256031511572	0.00013860128529887537	0.0036498338462037	0.0026382876236715	Pnp2;Upp1;Pnp;Dck
Reactome	R-MMU-983169	Class I MHC mediated antigen processing & presentation	13	101	332	8124	0.12871287128712872	0.04086656819300837	0.0002215638080881463	0.0053857048735272	0.0038930644821965	Herc6;Psme2b;Fcgr1;Socs1;Socs3;Dtx3l;Ube2l6;H2-T22;Tap1;Uba7;Psmb9;Tapbp;Psmb10
Reactome	R-MMU-5218859	Regulated Necrosis	5	101	51	8124	0.04950495049504951	0.006277695716395864	0.00040138164838615496	0.0088680702203906	0.0064102972612417	Gzmb;Mlkl;Casp4;Tnfsf10;Fas
Reactome	R-MMU-909733	Interferon alpha/beta signaling	4	101	29	8124	0.039603960396039604	0.003569670113244707	0.00042095270033499767	0.0088680702203906	0.0064102972612417	Usp18;Socs1;Socs3;Irf9
Reactome	R-MMU-5656169	Termination of translesion DNA synthesis	4	101	30	8124	0.039603960396039604	0.003692762186115214	0.000481109061553065	0.009057701973926	0.0065473728459092	Isg15;Ube2l6;Trim25;Uba7
Reactome	R-MMU-2029481	FCGR activation	3	101	13	8124	0.0297029702970297	0.001600196947316593	0.00048728143530614784	0.009057701973926	0.0065473728459092	Fcgr1;Fcgr4;Hck
Reactome	R-MMU-74217	Purine salvage	3	101	14	8124	0.0297029702970297	0.0017232890201870998	0.0006145924437116521	0.0107895117896045	0.0077992140517794	Pnp2;Pnp;Dck
Reactome	R-MMU-15869	Metabolism of nucleotides	6	101	92	8124	0.0594059405940594	0.011324470704086657	0.0009569928926599048	0.0159163028463436	0.0115051223106481	Pnp2;Upp1;Pnp;Xdh;Samhd1;Dck
Reactome	R-MMU-110313	Translesion synthesis by Y family DNA polymerases bypasses lesions on DNA template	4	101	37	8124	0.039603960396039604	0.004554406696208764	0.0010847469787359	0.0164744306842865	0.0119085658177554	Isg15;Ube2l6;Trim25;Uba7
Reactome	R-MMU-197264	Nicotinamide salvaging	3	101	17	8124	0.0297029702970297	0.0020925652387986213	0.0011174376075555	0.0164744306842865	0.0119085658177554	Parp9;Parp14;Parp10
Reactome	R-MMU-9833482	PKR-mediated signaling	5	101	64	8124	0.04950495049504951	0.007877892663712457	0.0011469540349819	0.0164744306842865	0.0119085658177554	Isg15;Eif2ak2;Ube2l6;Trim25;Adar
Reactome	R-MMU-74259	Purine catabolism	3	101	18	8124	0.0297029702970297	0.0022156573116691287	0.0013288773778117	0.0182576196255877	0.0131975464981763	Pnp2;Pnp;Xdh
Reactome	R-MMU-9705462	Inactivation of CSF3 (G-CSF) signaling	3	101	19	8124	0.0297029702970297	0.0023387493845396356	0.0015638713193659	0.0205909723716522	0.0148842138729132	Socs1;Socs3;Hck
Reactome	R-MMU-2168880	Scavenging of heme from plasma	3	101	22	8124	0.0297029702970297	0.0027080256031511572	0.0024191240711469	0.0299084315135209	0.0216193525597402	Hp;Apol9a;Apol9b
Reactome	R-MMU-73893	DNA Damage Bypass	4	101	46	8124	0.039603960396039604	0.005662235352043328	0.0024608203144036	0.0299084315135209	0.0216193525597402	Isg15;Ube2l6;Trim25;Uba7
Reactome	R-MMU-375276	Peptide ligand-binding receptors	7	101	151	8124	0.06930693069306931	0.018586903003446578	0.0026677510629341	0.0311154454210363	0.0224918442916885	Cxcl10;Ccl7;Cxcl9;Ccl12;Ccl4;Fpr2;Ccrl2
Reactome	R-MMU-9674555	Signaling by CSF3 (G-CSF)	3	101	23	8124	0.0297029702970297	0.002831117676021664	0.0027570647841424	0.0311154454210363	0.0224918442916885	Socs1;Socs3;Hck
Reactome	R-MMU-1236978	Cross-presentation of soluble exogenous antigens (endosomes)	4	101	49	8124	0.039603960396039604	0.00603151157065485	0.0031055904933229	0.0338402274444842	0.0244614568802567	Psme2b;Fcgr1;Psmb9;Psmb10
Reactome	R-MMU-1236974	ER-Phagosome pathway	3	101	25	8124	0.0297029702970297	0.0030773018217626785	0.0035167755197919	0.0370433688084755	0.0267768522033284	H2-T22;Tap1;Tapbp
Reactome	R-MMU-168138	Toll Like Receptor 9 (TLR9) Cascade	5	101	88	8124	0.04950495049504951	0.010832102412604629	0.00466269045885	0.0475293608063426	0.0343566665388952	Usp18;Irf7;Tlr9;Nlrc5;Map3k8
MSigDB Hallmark	HALLMARK_INTERFERON_GAMMA_RESPONSE	HALLMARK_INTERFERON_GAMMA_RESPONSE	77	103	187	4224	0.7475728155339806	0.044270833333333336	1.0121710444225362e-88	3.238947342152116e-87	2.557063691172723e-87	Cxcl10;Ccl7;Ifit3;Mx2;Ifi44;Oasl1;Isg15;Oas3;Cxcl9;Ifit2;Cmpk2;Usp18;Isg20;Batf2;Irf7;Rsad2;Oas2;Zbp1;Rtp4;Herc6;Ifih1;Fcgr1;Dhx58;Socs1;Cd69;Xaf1;Upp1;Rnf213;Eif2ak2;Ddx60;Parp12;Parp14;Bst2;Socs3;Stat2;Casp4;Rigi;Cd274;Pnp;Ube2l6;Gbp3;Nlrc5;Helz2;Stat1;Pnpt1;Tnfsf10;Samd9l;Fgl2;Cdkn1a;Pml;Ifitm3;Sp110;Lgals3bp;Ifi35;Nmi;Trim25;Znfx1;Samhd1;Trim21;Adar;Trim14;Myd88;Gch1;Irf1;Tdrd7;Trafd1;Tap1;Il18bp;Il15;Irf9;Fas;Ogfr;Epsti1;Psmb9;Tapbp;Psmb10;Ly6e
MSigDB Hallmark	HALLMARK_INTERFERON_ALPHA_RESPONSE	HALLMARK_INTERFERON_ALPHA_RESPONSE	53	103	93	4224	0.5145631067961165	0.022017045454545456	6.393394042209731e-67	1.022943046753557e-65	8.075866158580712e-66	Cxcl10;Ifit3;Mx2;Ifi44;Oasl1;Isg15;Ifit2;Cmpk2;Usp18;Isg20;Oas1a;Batf2;Irf7;Rsad2;Rtp4;Herc6;Ifih1;Dhx58;Eif2ak2;Ddx60;Parp9;Parp12;Parp14;Bst2;Ccrl2;Stat2;Mov10;Ube2l6;Gbp3;Helz2;Pnpt1;Samd9l;Ifitm3;Sp110;Lgals3bp;Ifi35;Nmi;Trim25;Trim21;Adar;Trim14;Irf1;Tdrd7;Trafd1;Tap1;Il15;Irf9;Uba7;Trim12c;Ogfr;Epsti1;Psmb9;Ly6e
MSigDB Hallmark	HALLMARK_INFLAMMATORY_RESPONSE	HALLMARK_INFLAMMATORY_RESPONSE	20	103	193	4224	0.1941747572815534	0.04569128787878788	2.1799637718828562e-08	2.32529469000838e-07	1.8357589657960894e-07	Cxcl10;Ccl7;Cxcl9;Irf7;Rtp4;Olr1;Cd69;Eif2ak2;Bst2;Ccrl2;Tlr3;Tnfsf10;Cdkn1a;Nmi;Mxd1;Gch1;Irf1;Il15;Tapbp;Ly6e
MSigDB Hallmark	HALLMARK_IL6_JAK_STAT3_SIGNALING	HALLMARK_IL6_JAK_STAT3_SIGNALING	13	103	83	4224	0.1262135922330097	0.019649621212121212	6.443384561348639e-08	5.15470764907891e-07	4.069506038746508e-07	Cxcl10;Ccl7;Cxcl9;Socs1;Il12rb1;Socs3;Stat2;Stat1;Myd88;Irf1;Map3k8;Irf9;Fas
MSigDB Hallmark	HALLMARK_TNFA_SIGNALING_VIA_NFKB	HALLMARK_TNFA_SIGNALING_VIA_NFKB	18	103	195	4224	0.17475728155339806	0.04616477272727273	7.138007453582819e-07	4.568324770293005e-06	3.606572187073425e-06	Serpinb2;Cxcl10;Ifit2;Ifih1;Atf3;Olr1;Cd69;Ccrl2;Socs3;Rigi;Nr4a3;Cdkn1a;Mxd1;B4galt5;Gch1;Irf1;Tap1;Map3k8
MSigDB Hallmark	HALLMARK_ALLOGRAFT_REJECTION	HALLMARK_ALLOGRAFT_REJECTION	13	103	190	4224	0.1262135922330097	0.04498106060606061	0.000617150775566971	0.0032914708030238	0.0025985295813346	Ccl7;Gzmb;Cxcl9;Irf7;Socs1;Il12rb1;Tlr3;Stat1;Tap1;Il15;Fas;Tapbp;Psmb10
MSigDB Hallmark	HALLMARK_APOPTOSIS	HALLMARK_APOPTOSIS	11	103	160	4224	0.10679611650485436	0.03787878787878788	0.0015920345802247	0.0072778723667414	0.0057456887105853	Isg20;Atf3;Cd69;Casp4;Tnfsf10;Cdkn1a;Ifitm3;Gch1;Irf1;Tap1;Fas
