dataset_id	gse_id	split_id	source_design_file	source_split_file	sample_ids_delivery	sample_ids_control	n_delivery	n_control	n_total	organism	tissue	cell_type_or_cell_line	in_vivo_or_in_vitro	disease_model	time_h	timepoint_original	treatment_group_raw	control_group_raw	treatment_group_clean	control_group_clean	condition_simple	delivery_platform	vector_or_formulation	cargo_or_transgene	route	dose	PMID	DOI	paper_title	publication_year	source_database	accession	pipeline_role	manuscript_interpretation_group	used_for_primary_claim	delta_mean_imrs_z	auc_imrs_z_secondary	direction_positive	qc_pass	inclusion_rationale	limitation	weak_score_explanation	reviewer_risk	notes	verification_status	scoring_status	expected_imrs_behavior	paper_result_alignment_rule	imrs_result_interpretation	paper_result_alignment	manuscript_context_note	limitations_note	paper_treatment_context	paper_context_source
GSE119119	GSE119119	GSE119119_design__T=whole_liver__H=4__B=NA__G=GID00069418__VS=WT_uninfected_whole_liver	<local_project_root>/00_metadata/verified_metadata/scoring/GSE119119/GSE119119_design.tsv	<local_project_root>/00_metadata/verified_metadata/splited/GSE119119_design/GSE119119_design__T=whole_liver__H=4__B=NA__G=GID00069418__VS=WT_uninfected_whole_liver.tsv	SRR7761121; SRR7761122; SRR7761123; SRR7761124	SRR7761109; SRR7761110; SRR7761111; SRR7761112	4	4	8	Mus musculus	whole liver	NA	in vivo	NA	4	4	WT_virus_plus_rh9C12_H433A_whole_liver	WT_uninfected_whole_liver	WT virus plus rh9C12 H433A whole liver	WT uninfected whole liver	CONTROL; DELIVERY	adenoviral vector / virus-antibody perturbation	adenoviral vector / Ad5 antibody perturbation	NA	NA	NA	30209217	10.1073/pnas.1806314115	TRIM21 mediates antibody inhibition of adenovirus-based gene delivery and vaccination	2018	GEO	GSE119119	validation	Primary acute validation	TRUE	11.160680267451342	1	TRUE	TRUE	External acute validation contrast not used as a strict anchor.	External dataset; interpret with dataset-specific sample size and design constraints. Organism metadata unavailable in inspected design files.	NA	NA	external acute validation, but interpret with genotype/antibody perturbation context	verified_from_local_metadata_and_manual_paper_context	scored_in_current_transfer_eval	strong_expected_acute_innate_signal	Positive IMRS is expected because this is an acute adenoviral-vector perturbation with innate antiviral biology at 4 h. Genotype/antibody perturbation should be mentioned as context.	strong_expected_acute_innate_signal	matches_paper_context	Primary acute validation with perturbation context.	Not a clean formulation-only comparison because TRIM21 genotype and antibody perturbation are involved.	Mouse liver RNA-seq 4 h after Ad5 delivery and Ad5 plus antibody perturbation in WT and TRIM21 KO contexts. Current splits compare virus/antibody perturbation groups against WT uninfected whole liver.	manual_curated_from_paper
GSE119119	GSE119119	GSE119119_design__T=whole_liver__H=4__B=NA__G=GID00088542__VS=TRIM21_KO_uninfected_whole_liver	<local_project_root>/00_metadata/verified_metadata/scoring/GSE119119/GSE119119_design.tsv	<local_project_root>/00_metadata/verified_metadata/splited/GSE119119_design/GSE119119_design__T=whole_liver__H=4__B=NA__G=GID00088542__VS=TRIM21_KO_uninfected_whole_liver.tsv	SRR7761133; SRR7761134; SRR7761135; SRR7761136	SRR7761125; SRR7761126; SRR7761127; SRR7761128	4	4	8	Mus musculus	whole liver	NA	in vivo	NA	4	4	TRIM21_KO_virus_plus_rh9C12_WT_whole_liver	TRIM21_KO_uninfected_whole_liver	TRIM21 KO virus plus rh9C12 WT whole liver	TRIM21 KO uninfected whole liver	CONTROL; DELIVERY	adenoviral vector / virus-antibody perturbation	adenoviral vector / Ad5 antibody perturbation	NA	NA	NA	30209217	10.1073/pnas.1806314115	TRIM21 mediates antibody inhibition of adenovirus-based gene delivery and vaccination	2018	GEO	GSE119119	validation	Primary acute validation	TRUE	10.144728497024795	1	TRUE	TRUE	External acute validation contrast not used as a strict anchor.	External dataset; interpret with dataset-specific sample size and design constraints. Organism metadata unavailable in inspected design files.	NA	NA	external acute validation, but interpret with genotype/antibody perturbation context	verified_from_local_metadata_and_manual_paper_context	scored_in_current_transfer_eval	strong_expected_acute_innate_signal	Positive IMRS is expected because this is an acute adenoviral-vector perturbation with innate antiviral biology at 4 h. Genotype/antibody perturbation should be mentioned as context.	strong_expected_acute_innate_signal	matches_paper_context	Primary acute validation with perturbation context.	Not a clean formulation-only comparison because TRIM21 genotype and antibody perturbation are involved.	Mouse liver RNA-seq 4 h after Ad5 delivery and Ad5 plus antibody perturbation in WT and TRIM21 KO contexts. Current splits compare virus/antibody perturbation groups against WT uninfected whole liver.	manual_curated_from_paper
GSE119119	GSE119119	GSE119119_design__T=whole_liver__H=4__B=NA__G=GID00096342__VS=TRIM21_KO_uninfected_whole_liver	<local_project_root>/00_metadata/verified_metadata/scoring/GSE119119/GSE119119_design.tsv	<local_project_root>/00_metadata/verified_metadata/splited/GSE119119_design/GSE119119_design__T=whole_liver__H=4__B=NA__G=GID00096342__VS=TRIM21_KO_uninfected_whole_liver.tsv	SRR7761137; SRR7761138; SRR7761139; SRR7761140	SRR7761125; SRR7761126; SRR7761127; SRR7761128	4	4	8	Mus musculus	whole liver	NA	in vivo	NA	4	4	TRIM21_KO_virus_plus_rh9C12_H433A_whole_liver	TRIM21_KO_uninfected_whole_liver	TRIM21 KO virus plus rh9C12 H433A whole liver	TRIM21 KO uninfected whole liver	CONTROL; DELIVERY	adenoviral vector / virus-antibody perturbation	adenoviral vector / Ad5 antibody perturbation	NA	NA	NA	30209217	10.1073/pnas.1806314115	TRIM21 mediates antibody inhibition of adenovirus-based gene delivery and vaccination	2018	GEO	GSE119119	validation	Primary acute validation	TRUE	9.804251345714937	1	TRUE	TRUE	External acute validation contrast not used as a strict anchor.	External dataset; interpret with dataset-specific sample size and design constraints. Organism metadata unavailable in inspected design files.	NA	NA	external acute validation, but interpret with genotype/antibody perturbation context	verified_from_local_metadata_and_manual_paper_context	scored_in_current_transfer_eval	strong_expected_acute_innate_signal	Positive IMRS is expected because this is an acute adenoviral-vector perturbation with innate antiviral biology at 4 h. Genotype/antibody perturbation should be mentioned as context.	strong_expected_acute_innate_signal	matches_paper_context	Primary acute validation with perturbation context.	Not a clean formulation-only comparison because TRIM21 genotype and antibody perturbation are involved.	Mouse liver RNA-seq 4 h after Ad5 delivery and Ad5 plus antibody perturbation in WT and TRIM21 KO contexts. Current splits compare virus/antibody perturbation groups against WT uninfected whole liver.	manual_curated_from_paper
GSE119119	GSE119119	GSE119119_design__T=whole_liver__H=4__B=NA__G=TRIM21_KO_virus_only_whole_liver__VS=TRIM21_KO_uninfected_whole_liver	<local_project_root>/00_metadata/verified_metadata/scoring/GSE119119/GSE119119_design.tsv	<local_project_root>/00_metadata/verified_metadata/splited/GSE119119_design/GSE119119_design__T=whole_liver__H=4__B=NA__G=TRIM21_KO_virus_only_whole_liver__VS=TRIM21_KO_uninfected_whole_liver.tsv	SRR7761129; SRR7761130; SRR7761131; SRR7761132	SRR7761125; SRR7761126; SRR7761127; SRR7761128	4	4	8	Mus musculus	whole liver	NA	in vivo	NA	4	4	TRIM21_KO_virus_only_whole_liver	TRIM21_KO_uninfected_whole_liver	TRIM21 KO virus only whole liver	TRIM21 KO uninfected whole liver	CONTROL; DELIVERY	adenoviral vector / virus-antibody perturbation	adenoviral vector / Ad5 antibody perturbation	NA	NA	NA	30209217	10.1073/pnas.1806314115	TRIM21 mediates antibody inhibition of adenovirus-based gene delivery and vaccination	2018	GEO	GSE119119	validation	Primary acute validation	TRUE	8.694617784859638	1	TRUE	TRUE	External acute validation contrast not used as a strict anchor.	External dataset; interpret with dataset-specific sample size and design constraints. Organism metadata unavailable in inspected design files.	NA	NA	external acute validation, but interpret with genotype/antibody perturbation context	verified_from_local_metadata_and_manual_paper_context	scored_in_current_transfer_eval	strong_expected_acute_innate_signal	Positive IMRS is expected because this is an acute adenoviral-vector perturbation with innate antiviral biology at 4 h. Genotype/antibody perturbation should be mentioned as context.	strong_expected_acute_innate_signal	matches_paper_context	Primary acute validation with perturbation context.	Not a clean formulation-only comparison because TRIM21 genotype and antibody perturbation are involved.	Mouse liver RNA-seq 4 h after Ad5 delivery and Ad5 plus antibody perturbation in WT and TRIM21 KO contexts. Current splits compare virus/antibody perturbation groups against WT uninfected whole liver.	manual_curated_from_paper
GSE119119	GSE119119	GSE119119_design__T=whole_liver__H=4__B=NA__G=WT_virus_only_whole_liver__VS=WT_uninfected_whole_liver	<local_project_root>/00_metadata/verified_metadata/scoring/GSE119119/GSE119119_design.tsv	<local_project_root>/00_metadata/verified_metadata/splited/GSE119119_design/GSE119119_design__T=whole_liver__H=4__B=NA__G=WT_virus_only_whole_liver__VS=WT_uninfected_whole_liver.tsv	SRR7761113; SRR7761114; SRR7761115; SRR7761116	SRR7761109; SRR7761110; SRR7761111; SRR7761112	4	4	8	Mus musculus	whole liver	NA	in vivo	NA	4	4	WT_virus_only_whole_liver	WT_uninfected_whole_liver	WT virus only whole liver	WT uninfected whole liver	CONTROL; DELIVERY	adenoviral vector / virus-antibody perturbation	adenoviral vector / Ad5 antibody perturbation	NA	NA	NA	30209217	10.1073/pnas.1806314115	TRIM21 mediates antibody inhibition of adenovirus-based gene delivery and vaccination	2018	GEO	GSE119119	validation	Primary acute validation	TRUE	9.606681809911851	1	TRUE	TRUE	External acute validation contrast not used as a strict anchor.	External dataset; interpret with dataset-specific sample size and design constraints. Organism metadata unavailable in inspected design files.	NA	NA	external acute validation, but interpret with genotype/antibody perturbation context	verified_from_local_metadata_and_manual_paper_context	scored_in_current_transfer_eval	strong_expected_acute_innate_signal	Positive IMRS is expected because this is an acute adenoviral-vector perturbation with innate antiviral biology at 4 h. Genotype/antibody perturbation should be mentioned as context.	strong_expected_acute_innate_signal	matches_paper_context	Primary acute validation with perturbation context.	Not a clean formulation-only comparison because TRIM21 genotype and antibody perturbation are involved.	Mouse liver RNA-seq 4 h after Ad5 delivery and Ad5 plus antibody perturbation in WT and TRIM21 KO contexts. Current splits compare virus/antibody perturbation groups against WT uninfected whole liver.	manual_curated_from_paper
GSE119119	GSE119119	GSE119119_design__T=whole_liver__H=4__B=NA__G=WT_virus_plus_rh9C12_WT_whole_liver__VS=WT_uninfected_whole_liver	<local_project_root>/00_metadata/verified_metadata/scoring/GSE119119/GSE119119_design.tsv	<local_project_root>/00_metadata/verified_metadata/splited/GSE119119_design/GSE119119_design__T=whole_liver__H=4__B=NA__G=WT_virus_plus_rh9C12_WT_whole_liver__VS=WT_uninfected_whole_liver.tsv	SRR7761117; SRR7761118; SRR7761119; SRR7761120	SRR7761109; SRR7761110; SRR7761111; SRR7761112	4	4	8	Mus musculus	whole liver	NA	in vivo	NA	4	4	WT_virus_plus_rh9C12_WT_whole_liver	WT_uninfected_whole_liver	WT virus plus rh9C12 WT whole liver	WT uninfected whole liver	CONTROL; DELIVERY	adenoviral vector / virus-antibody perturbation	adenoviral vector / Ad5 antibody perturbation	NA	NA	NA	30209217	10.1073/pnas.1806314115	TRIM21 mediates antibody inhibition of adenovirus-based gene delivery and vaccination	2018	GEO	GSE119119	validation	Primary acute validation	TRUE	15.021082164906732	1	TRUE	TRUE	External acute validation contrast not used as a strict anchor.	External dataset; interpret with dataset-specific sample size and design constraints. Organism metadata unavailable in inspected design files.	NA	NA	external acute validation, but interpret with genotype/antibody perturbation context	verified_from_local_metadata_and_manual_paper_context	scored_in_current_transfer_eval	strong_expected_acute_innate_signal	Positive IMRS is expected because this is an acute adenoviral-vector perturbation with innate antiviral biology at 4 h. Genotype/antibody perturbation should be mentioned as context.	strong_expected_acute_innate_signal	matches_paper_context	Primary acute validation with perturbation context.	Not a clean formulation-only comparison because TRIM21 genotype and antibody perturbation are involved.	Mouse liver RNA-seq 4 h after Ad5 delivery and Ad5 plus antibody perturbation in WT and TRIM21 KO contexts. Current splits compare virus/antibody perturbation groups against WT uninfected whole liver.	manual_curated_from_paper
GSE139529	GSE139529	GSE139529_design__T=blood__H=24__B=NA__G=ad.mva__VS=none	<local_project_root>/00_metadata/verified_metadata/scoring/GSE139529/GSE139529_design.tsv	<local_project_root>/00_metadata/verified_metadata/splited/GSE139529_design/GSE139529_design__T=blood__H=24__B=NA__G=ad.mva__VS=none.tsv	SRR10358651; SRR10358652; SRR10358653; SRR10358654; SRR10358655; SRR10358656	SRR10358645; SRR10358646; SRR10358647; SRR10358648; SRR10358649; SRR10358650	6	6	12	Mus musculus	blood	NA	in vivo	NA	24	24	ad.mva	none	ad.mva	none	CONTROL; DELIVERY	adenoviral / MVA vaccine vector	adenoviral and modified vaccinia Ankara viral vector vaccines	NA	NA	NA	34717548	10.1186/s12864-021-08061-8	Distinct patterns of whole blood transcriptional responses are induced in mice following immunisation with adenoviral and poxviral vector vaccines encoding the same antigen	2021	GEO	GSE139529	validation	Primary acute validation	TRUE	12.68878133451116	1	TRUE	TRUE	External acute validation contrast not used as a strict anchor.	External dataset; interpret with dataset-specific sample size and design constraints. Organism metadata unavailable in inspected design files.	NA	NA	external acute validation	verified_from_local_metadata_and_manual_paper_context	scored_in_current_transfer_eval	strong_expected_acute_innate_signal	Strong positive IMRS is expected for most vector vaccine groups because the paper studies acute blood transcriptional responses after viral-vector immunisation.	strong_expected_acute_innate_signal	matches_paper_context	Primary acute validation.	Whole blood response includes systemic immune-cell composition and vector-specific antigen effects.	Mouse whole-blood RNA-seq 24 h after immunisation with adenoviral and poxviral vector vaccines encoding the same antigen.	manual_curated_from_paper
GSE139529	GSE139529	GSE139529_design__T=blood__H=24__B=NA__G=ad_empty__VS=none	<local_project_root>/00_metadata/verified_metadata/scoring/GSE139529/GSE139529_design.tsv	<local_project_root>/00_metadata/verified_metadata/splited/GSE139529_design/GSE139529_design__T=blood__H=24__B=NA__G=ad_empty__VS=none.tsv	SRR10358657; SRR10358658; SRR10358659; SRR10358660; SRR10358661; SRR10358662	SRR10358645; SRR10358646; SRR10358647; SRR10358648; SRR10358649; SRR10358650	6	6	12	Mus musculus	blood	NA	in vivo	NA	24	24	ad_empty	none	ad empty	none	CONTROL; DELIVERY	adenoviral / MVA vaccine vector	adenoviral and modified vaccinia Ankara viral vector vaccines	NA	NA	NA	34717548	10.1186/s12864-021-08061-8	Distinct patterns of whole blood transcriptional responses are induced in mice following immunisation with adenoviral and poxviral vector vaccines encoding the same antigen	2021	GEO	GSE139529	validation	Primary acute validation	TRUE	13.17891812194547	1	TRUE	TRUE	External acute validation contrast not used as a strict anchor.	External dataset; interpret with dataset-specific sample size and design constraints. Organism metadata unavailable in inspected design files.	NA	NA	external acute validation	verified_from_local_metadata_and_manual_paper_context	scored_in_current_transfer_eval	strong_expected_acute_innate_signal	Strong positive IMRS is expected for most vector vaccine groups because the paper studies acute blood transcriptional responses after viral-vector immunisation.	strong_expected_acute_innate_signal	matches_paper_context	Primary acute validation.	Whole blood response includes systemic immune-cell composition and vector-specific antigen effects.	Mouse whole-blood RNA-seq 24 h after immunisation with adenoviral and poxviral vector vaccines encoding the same antigen.	manual_curated_from_paper
GSE139529	GSE139529	GSE139529_design__T=blood__H=24__B=NA__G=ad_fhbp__VS=none	<local_project_root>/00_metadata/verified_metadata/scoring/GSE139529/GSE139529_design.tsv	<local_project_root>/00_metadata/verified_metadata/splited/GSE139529_design/GSE139529_design__T=blood__H=24__B=NA__G=ad_fhbp__VS=none.tsv	SRR10358615; SRR10358616; SRR10358617; SRR10358618; SRR10358619; SRR10358620	SRR10358645; SRR10358646; SRR10358647; SRR10358648; SRR10358649; SRR10358650	6	6	12	Mus musculus	blood	NA	in vivo	NA	24	24	ad_fhbp	none	ad fhbp	none	CONTROL; DELIVERY	adenoviral / MVA vaccine vector	adenoviral and modified vaccinia Ankara viral vector vaccines	NA	NA	NA	34717548	10.1186/s12864-021-08061-8	Distinct patterns of whole blood transcriptional responses are induced in mice following immunisation with adenoviral and poxviral vector vaccines encoding the same antigen	2021	GEO	GSE139529	validation	Primary acute validation	TRUE	14.328300033552733	1	TRUE	TRUE	External acute validation contrast not used as a strict anchor.	External dataset; interpret with dataset-specific sample size and design constraints. Organism metadata unavailable in inspected design files.	NA	NA	external acute validation	verified_from_local_metadata_and_manual_paper_context	scored_in_current_transfer_eval	strong_expected_acute_innate_signal	Strong positive IMRS is expected for most vector vaccine groups because the paper studies acute blood transcriptional responses after viral-vector immunisation.	strong_expected_acute_innate_signal	matches_paper_context	Primary acute validation.	Whole blood response includes systemic immune-cell composition and vector-specific antigen effects.	Mouse whole-blood RNA-seq 24 h after immunisation with adenoviral and poxviral vector vaccines encoding the same antigen.	manual_curated_from_paper
GSE139529	GSE139529	GSE139529_design__T=blood__H=24__B=NA__G=ad_pref__VS=none	<local_project_root>/00_metadata/verified_metadata/scoring/GSE139529/GSE139529_design.tsv	<local_project_root>/00_metadata/verified_metadata/splited/GSE139529_design/GSE139529_design__T=blood__H=24__B=NA__G=ad_pref__VS=none.tsv	SRR10358674; SRR10358675; SRR10358676; SRR10358677; SRR10358678; SRR10358679	SRR10358645; SRR10358646; SRR10358647; SRR10358648; SRR10358649; SRR10358650	6	6	12	Mus musculus	blood	NA	in vivo	NA	24	24	ad_pref	none	ad pref	none	CONTROL; DELIVERY	adenoviral / MVA vaccine vector	adenoviral and modified vaccinia Ankara viral vector vaccines	NA	NA	NA	34717548	10.1186/s12864-021-08061-8	Distinct patterns of whole blood transcriptional responses are induced in mice following immunisation with adenoviral and poxviral vector vaccines encoding the same antigen	2021	GEO	GSE139529	validation	Primary acute validation	TRUE	1.670093998272992	0.6944444444444444	TRUE	TRUE	External acute validation contrast not used as a strict anchor.	External dataset; interpret with dataset-specific sample size and design constraints. Organism metadata unavailable in inspected design files.	NA	NA	external acute validation	verified_from_local_metadata_and_manual_paper_context	scored_in_current_transfer_eval	strong_expected_acute_innate_signal	Strong positive IMRS is expected for most vector vaccine groups because the paper studies acute blood transcriptional responses after viral-vector immunisation.	strong_expected_acute_innate_signal	matches_paper_context	Primary acute validation.	Whole blood response includes systemic immune-cell composition and vector-specific antigen effects.	Mouse whole-blood RNA-seq 24 h after immunisation with adenoviral and poxviral vector vaccines encoding the same antigen.	manual_curated_from_paper
GSE139529	GSE139529	GSE139529_design__T=blood__H=24__B=NA__G=mva.ad__VS=none	<local_project_root>/00_metadata/verified_metadata/scoring/GSE139529/GSE139529_design.tsv	<local_project_root>/00_metadata/verified_metadata/splited/GSE139529_design/GSE139529_design__T=blood__H=24__B=NA__G=mva.ad__VS=none.tsv	SRR10358639; SRR10358640; SRR10358641; SRR10358642; SRR10358643; SRR10358644	SRR10358645; SRR10358646; SRR10358647; SRR10358648; SRR10358649; SRR10358650	6	6	12	Mus musculus	blood	NA	in vivo	NA	24	24	mva.ad	none	mva.ad	none	CONTROL; DELIVERY	adenoviral / MVA vaccine vector	adenoviral and modified vaccinia Ankara viral vector vaccines	NA	NA	NA	34717548	10.1186/s12864-021-08061-8	Distinct patterns of whole blood transcriptional responses are induced in mice following immunisation with adenoviral and poxviral vector vaccines encoding the same antigen	2021	GEO	GSE139529	validation	Primary acute validation	TRUE	15.317256935802664	1	TRUE	TRUE	External acute validation contrast not used as a strict anchor.	External dataset; interpret with dataset-specific sample size and design constraints. Organism metadata unavailable in inspected design files.	NA	NA	external acute validation	verified_from_local_metadata_and_manual_paper_context	scored_in_current_transfer_eval	strong_expected_acute_innate_signal	Strong positive IMRS is expected for most vector vaccine groups because the paper studies acute blood transcriptional responses after viral-vector immunisation.	strong_expected_acute_innate_signal	matches_paper_context	Primary acute validation.	Whole blood response includes systemic immune-cell composition and vector-specific antigen effects.	Mouse whole-blood RNA-seq 24 h after immunisation with adenoviral and poxviral vector vaccines encoding the same antigen.	manual_curated_from_paper
GSE139529	GSE139529	GSE139529_design__T=blood__H=24__B=NA__G=mva_fhbp__VS=none	<local_project_root>/00_metadata/verified_metadata/scoring/GSE139529/GSE139529_design.tsv	<local_project_root>/00_metadata/verified_metadata/splited/GSE139529_design/GSE139529_design__T=blood__H=24__B=NA__G=mva_fhbp__VS=none.tsv	SRR10358621; SRR10358622; SRR10358623; SRR10358624; SRR10358625; SRR10358626	SRR10358645; SRR10358646; SRR10358647; SRR10358648; SRR10358649; SRR10358650	6	6	12	Mus musculus	blood	NA	in vivo	NA	24	24	mva_fhbp	none	mva fhbp	none	CONTROL; DELIVERY	adenoviral / MVA vaccine vector	adenoviral and modified vaccinia Ankara viral vector vaccines	NA	NA	NA	34717548	10.1186/s12864-021-08061-8	Distinct patterns of whole blood transcriptional responses are induced in mice following immunisation with adenoviral and poxviral vector vaccines encoding the same antigen	2021	GEO	GSE139529	validation	Primary acute validation	TRUE	14.336311710882493	1	TRUE	TRUE	External acute validation contrast not used as a strict anchor.	External dataset; interpret with dataset-specific sample size and design constraints. Organism metadata unavailable in inspected design files.	NA	NA	external acute validation	verified_from_local_metadata_and_manual_paper_context	scored_in_current_transfer_eval	strong_expected_acute_innate_signal	Strong positive IMRS is expected for most vector vaccine groups because the paper studies acute blood transcriptional responses after viral-vector immunisation.	strong_expected_acute_innate_signal	matches_paper_context	Primary acute validation.	Whole blood response includes systemic immune-cell composition and vector-specific antigen effects.	Mouse whole-blood RNA-seq 24 h after immunisation with adenoviral and poxviral vector vaccines encoding the same antigen.	manual_curated_from_paper
GSE166655	GSE166655	GSE166655_design__T=Tibialis_anterior__H=672__B=NA__G=delivery_aav9_ar45__VS=delivery_untreated	<local_project_root>/00_metadata/verified_metadata/scoring/GSE166655/GSE166655_design.tsv	<local_project_root>/00_metadata/verified_metadata/splited/GSE166655_design/GSE166655_design__T=Tibialis_anterior__H=672__B=NA__G=delivery_aav9_ar45__VS=delivery_untreated.tsv	SRR13694562; SRR13694563; SRR13694564	SRR13694568; SRR13694569; SRR13694570	3	3	6	Mus musculus	Tibialis anterior	NA	in vivo	SBMA therapeutic transgene/disease-rescue model	672	672	delivery_aav9_ar45	delivery_untreated	delivery aav9 ar45	delivery untreated	CONTROL; DELIVERY	AAV9	AAV9 gene therapy	AR45 transgene	NA	NA	34417184	10.1126/sciadv.abi6896	Gene therapy with AR isoform 2 rescues spinal and bulbar muscular atrophy phenotype by modulating AR transcriptional activity	2021	GEO	GSE166655	validation	Extended validation	FALSE	2.14949309685498	1	TRUE	TRUE	External late-time transfer contrast; exploratory for publication claims.	Late timepoint; exploratory transfer, not strict acute innate validation. Organism metadata unavailable in inspected design files.	Delta IMRSz is 2.149 in tibialis anterior at 672 h. This is a late AAV therapeutic transgene/disease-rescue design, so weak acute innate signal is biologically plausible.	medium	PMID/title from user-provided verified mapping; no local metadata contradiction was found. Current Step 09 split uses delivery_untreated as control; direct AAV9-AR45-vs-AAV9-GFP shared-vector comparison is not represented here.	verified_from_local_metadata_and_manual_paper_context	scored_in_current_transfer_eval	weak_but_biologically_explainable	Weak or near-zero acute IMRS is expected because this is 672 h after delivery and dominated by therapeutic transgene/disease-rescue biology rather than acute innate activation.	weak_but_biologically_explainable	context_explains_weaker_signal	Extended validation only, not primary acute validation.	Late AAV therapeutic context; not suitable as strict acute innate validation.	AAV9-AR45 or AAV9-GFP gene therapy in SBMA mouse model; RNA-seq from tibialis anterior muscle at late post-delivery timepoint. Current splits are AAV9-AR45 or AAV9-GFP versus untreated.	manual_curated_from_paper
GSE166655	GSE166655	GSE166655_design__T=Tibialis_anterior__H=672__B=NA__G=delivery_aav9_gfp__VS=delivery_untreated	<local_project_root>/00_metadata/verified_metadata/scoring/GSE166655/GSE166655_design.tsv	<local_project_root>/00_metadata/verified_metadata/splited/GSE166655_design/GSE166655_design__T=Tibialis_anterior__H=672__B=NA__G=delivery_aav9_gfp__VS=delivery_untreated.tsv	SRR13694565; SRR13694566; SRR13694567	SRR13694568; SRR13694569; SRR13694570	3	3	6	Mus musculus	Tibialis anterior	NA	in vivo	SBMA therapeutic transgene/disease-rescue model	672	672	delivery_aav9_gfp	delivery_untreated	delivery aav9 gfp	delivery untreated	CONTROL; DELIVERY	AAV9	AAV9 gene therapy	GFP control transgene	NA	NA	34417184	10.1126/sciadv.abi6896	Gene therapy with AR isoform 2 rescues spinal and bulbar muscular atrophy phenotype by modulating AR transcriptional activity	2021	GEO	GSE166655	validation	Extended validation	FALSE	-0.05802375536641783	0.4444444444444444	FALSE	TRUE	External late-time transfer contrast; exploratory for publication claims.	Late timepoint; exploratory transfer, not strict acute innate validation. Organism metadata unavailable in inspected design files.	Delta IMRSz is -0.058 in tibialis anterior at 672 h. This is a late AAV therapeutic transgene/disease-rescue design, so weak acute innate signal is biologically plausible.	medium	PMID/title from user-provided verified mapping; no local metadata contradiction was found. Current Step 09 split uses delivery_untreated as control; direct AAV9-AR45-vs-AAV9-GFP shared-vector comparison is not represented here.	verified_from_local_metadata_and_manual_paper_context	scored_in_current_transfer_eval	weak_but_biologically_explainable	Weak or near-zero acute IMRS is expected because this is 672 h after delivery and dominated by therapeutic transgene/disease-rescue biology rather than acute innate activation.	weak_but_biologically_explainable	context_explains_weaker_signal	Extended validation only, not primary acute validation.	Late AAV therapeutic context; not suitable as strict acute innate validation.	AAV9-AR45 or AAV9-GFP gene therapy in SBMA mouse model; RNA-seq from tibialis anterior muscle at late post-delivery timepoint. Current splits are AAV9-AR45 or AAV9-GFP versus untreated.	manual_curated_from_paper
GSE167521	GSE167521	GSE167521_design__T=skin__H=24__B=NA__G=delivery_lnp__VS=baseline_0	<local_project_root>/00_metadata/verified_metadata/scoring/GSE167521/GSE167521_design.tsv	<local_project_root>/00_metadata/verified_metadata/splited/GSE167521_design/GSE167521_design__T=skin__H=24__B=NA__G=delivery_lnp__VS=baseline_0.tsv	SRR13783174; SRR13783176; SRR13783178; SRR13783180	SRR13783173; SRR13783175; SRR13783177; SRR13783179	4	4	8	Mus musculus	skin	NA	in vivo	NA	24	24	delivery_lnp	baseline_0	delivery lnp	baseline 0	CONTROL; DELIVERY	lipid nanoparticle	lipid nanoparticle	NA	NA	NA	34841223	10.1016/j.isci.2021.103479	The mRNA-LNP platform's lipid nanoparticle component used in preclinical vaccine studies is highly inflammatory	2021	GEO	GSE167521	Anchor	Locked anchor	FALSE	8.690306696957737	1	TRUE	TRUE	Strict anchor used for portability checks and frozen-score validation.	Not independent of the anchor evidence except in leave-one-anchor-out analysis. Organism metadata unavailable in inspected design files.	NA	NA	locked anchor; mouse skin; 24 h	verified_from_local_metadata_and_manual_paper_context	scored_in_current_transfer_eval	strong_expected_acute_innate_signal	Positive IMRS is expected because the study directly describes inflammatory innate activation from LNP exposure.	strong_expected_acute_innate_signal	matches_paper_context	Locked anchor / acute LNP inflammatory response.	Preclinical LNP inflammation model; not a clinical safety endpoint.	Mouse LNP exposure dataset. The paper reports that preclinical LNPs induce strong inflammatory responses, including neutrophil infiltration, inflammatory pathways, cytokines, and chemokines.	manual_curated_from_paper
GSE178313	GSE178313	GSE178313_design__T=Liver__H=48__B=NA__G=mouse_repopulated_lnp__VS=mouse_repopulated_pbs	<local_project_root>/00_metadata/verified_metadata/scoring/GSE178313/GSE178313_design.tsv	<local_project_root>/00_metadata/verified_metadata/splited/GSE178313_design/GSE178313_design__T=Liver__H=48__B=NA__G=mouse_repopulated_lnp__VS=mouse_repopulated_pbs.tsv	SRR14828049; SRR14828062; SRR14828063; SRR14828064	SRR14828048; SRR14828059; SRR14828060; SRR14828061	4	4	8	Mus musculus or humanized mouse if metadata indicates	Liver	NA	in vivo	NA	48	48	mouse_repopulated_lnp	mouse_repopulated_pbs	mouse repopulated lnp	mouse repopulated pbs	CONTROL; DELIVERY	lipid nanoparticle	lipid nanoparticle	NA	NA	NA	35132167	10.1038/s41565-021-01030-y	Species-dependent in vivo mRNA delivery and cellular responses to nanoparticles	2022	GEO	GSE178313	validation	Extended validation	FALSE	6.743275601355258	1	TRUE	TRUE	External late-time transfer contrast; exploratory for publication claims.	Late timepoint; exploratory transfer, not strict acute innate validation. Organism metadata unavailable in inspected design files.	NA	NA	external extended transfer; not strict acute validation	verified_from_local_metadata_and_manual_paper_context	scored_in_current_transfer_eval	moderate_expected_signal	Moderate positive IMRS is biologically plausible because the paper studies LNP-induced cellular responses, but interpretation is extended/context-shifted due to species/humanized context and 48 h timing.	moderate_expected_signal	matches_paper_context	Extended validation, not primary acute validation.	Species-transfer context; tissue/cell composition may differ from mouse acute anchors.	Species-dependent LNP delivery and cellular-response study; includes transcriptomic response to LNPs and humanized/mouse liver context.	manual_curated_from_paper
GSE262515_cell_line	GSE262515	GSE262515_cell_line__T=cell_line__H=72__B=NA__G=delivery_tlnp_sihbv_50nm__VS=baseline_0	<local_project_root>/00_metadata/verified_metadata/scoring/GSE262515_tissue/GSE262515_tissue_design.tsv	<local_project_root>/00_metadata/verified_metadata/splited/GSE262515_cell_line_design/GSE262515_cell_line__T=cell_line__H=72__B=NA__G=delivery_tlnp_sihbv_50nm__VS=baseline_0.tsv	SRR28462975; SRR28462976; SRR28462977	SRR28462981; SRR28462982; SRR28462983	3	3	6	Homo sapiens	cell line	cell line	in vitro	HBV therapeutic RNAi context	72	72	delivery_tlnp_sihbv_50nm	baseline_0	delivery tlnp sihbv 50nm	baseline 0	CONTROL; DELIVERY	lipid nanoparticle	optimized therapeutic lipid nanoparticle / tLNP RNAi	siHBV	NA	NA	38902241	10.1038/s41392-024-01871-8	Optimized RNA interference therapeutics combined with interleukin-2 mRNA for treating hepatitis B virus infection	2024	GEO	GSE262515	validation	Secondary support	FALSE	3.0762415648459083	1	TRUE	TRUE	Calibration dataset beyond 24 h; treated as exploratory transfer.	Late timepoint; exploratory transfer, not strict acute innate validation. Organism metadata unavailable in inspected design files.	Delta IMRSz is 3.076 for delivery_tlnp_sihbv_50nm versus baseline_0. The siHBV cargo is therapeutic RNAi in an optimized tLNP context; the result should not be interpreted as pure delivery-induced innate activation.	medium	PMID/title from user-provided verified mapping; no local metadata contradiction was found. Current Step 09 split is versus baseline_0, not a direct tLNP/siHBV-vs-tLNP/siNC shared-vehicle contrast.	verified_from_local_metadata_and_manual_paper_context	scored_in_current_transfer_eval	weak_but_biologically_explainable	Weak or variable IMRS is explainable because the contrast is late, therapeutic, cargo/formulation-specific, and often baseline-vs-treatment rather than a clean shared-vehicle acute delivery contrast.	weak_but_biologically_explainable	context_explains_weaker_signal	Secondary support / non-primary evidence.	Do not claim direct shared-vehicle comparison unless the split is explicitly tLNP/siHBV versus tLNP/siNC.	Therapeutic tLNP/RNAi context with cell-line and mouse tissue/liver arms. Current splits include tLNP/siHBV or tLNP/siNC treatment versus baseline_0 at 72 h.	manual_curated_from_paper
GSE262515_cell_line	GSE262515	GSE262515_cell_line__T=cell_line__H=72__B=NA__G=delivery_tlnp_sinc_50nm__VS=baseline_0	<local_project_root>/00_metadata/verified_metadata/scoring/GSE262515_tissue/GSE262515_tissue_design.tsv	<local_project_root>/00_metadata/verified_metadata/splited/GSE262515_cell_line_design/GSE262515_cell_line__T=cell_line__H=72__B=NA__G=delivery_tlnp_sinc_50nm__VS=baseline_0.tsv	SRR28462978; SRR28462979; SRR28462980	SRR28462981; SRR28462982; SRR28462983	3	3	6	Homo sapiens	cell line	cell line	in vitro	HBV therapeutic RNAi context	72	72	delivery_tlnp_sinc_50nm	baseline_0	delivery tlnp sinc 50nm	baseline 0	CONTROL; DELIVERY	lipid nanoparticle	optimized therapeutic lipid nanoparticle / tLNP RNAi	siNC	NA	NA	38902241	10.1038/s41392-024-01871-8	Optimized RNA interference therapeutics combined with interleukin-2 mRNA for treating hepatitis B virus infection	2024	GEO	GSE262515	validation	Secondary support	FALSE	-0.48131475690837977	0.5555555555555556	FALSE	TRUE	Calibration dataset beyond 24 h; treated as exploratory transfer.	Late timepoint; exploratory transfer, not strict acute innate validation. Organism metadata unavailable in inspected design files.	Delta IMRSz is -0.481 at 72 h. The contrast is non-acute and weak signal is plausibly affected by late post-delivery kinetics.	medium	PMID/title from user-provided verified mapping; no local metadata contradiction was found. Current Step 09 split is versus baseline_0, not a direct tLNP/siHBV-vs-tLNP/siNC shared-vehicle contrast.	verified_from_local_metadata_and_manual_paper_context	scored_in_current_transfer_eval	weak_but_biologically_explainable	Weak or variable IMRS is explainable because the contrast is late, therapeutic, cargo/formulation-specific, and often baseline-vs-treatment rather than a clean shared-vehicle acute delivery contrast.	weak_but_biologically_explainable	context_explains_weaker_signal	Secondary support / non-primary evidence.	Do not claim direct shared-vehicle comparison unless the split is explicitly tLNP/siHBV versus tLNP/siNC.	Therapeutic tLNP/RNAi context with cell-line and mouse tissue/liver arms. Current splits include tLNP/siHBV or tLNP/siNC treatment versus baseline_0 at 72 h.	manual_curated_from_paper
GSE262515_tissue	GSE262515	GSE262515_tissue__T=tissue__H=72__B=NA__G=delivery_tlnp_sihbv_1mg_kg__VS=baseline_0	<local_project_root>/00_metadata/verified_metadata/scoring/GSE262515_tissue/GSE262515_tissue_design.tsv	<local_project_root>/00_metadata/verified_metadata/splited/GSE262515_tissue_design/GSE262515_tissue__T=tissue__H=72__B=NA__G=delivery_tlnp_sihbv_1mg_kg__VS=baseline_0.tsv	SRR28462966; SRR28462967; SRR28462968	SRR28462972; SRR28462973; SRR28462974	3	3	6	Mus musculus	tissue	NA	in vivo	HBV therapeutic RNAi context	72	72	delivery_tlnp_sihbv_1mg_kg	baseline_0	delivery tlnp sihbv 1mg kg	baseline 0	CONTROL; DELIVERY	lipid nanoparticle	optimized therapeutic lipid nanoparticle / tLNP RNAi	siHBV	NA	NA	38902241	10.1038/s41392-024-01871-8	Optimized RNA interference therapeutics combined with interleukin-2 mRNA for treating hepatitis B virus infection	2024	GEO	GSE262515	validation	Secondary support	FALSE	1.0413601243524528	0.8888888888888888	TRUE	TRUE	Calibration dataset beyond 24 h; treated as exploratory transfer.	Late timepoint; exploratory transfer, not strict acute innate validation. Organism metadata unavailable in inspected design files.	Delta IMRSz is 1.041 for delivery_tlnp_sihbv_1mg_kg versus baseline_0. The siHBV cargo is therapeutic RNAi in an optimized tLNP context; the result should not be interpreted as pure delivery-induced innate activation.	medium	PMID/title from user-provided verified mapping; no local metadata contradiction was found. Current Step 09 split is versus baseline_0, not a direct tLNP/siHBV-vs-tLNP/siNC shared-vehicle contrast.	verified_from_local_metadata_and_manual_paper_context	scored_in_current_transfer_eval	weak_but_biologically_explainable	Weak or variable IMRS is explainable because the contrast is late, therapeutic, cargo/formulation-specific, and often baseline-vs-treatment rather than a clean shared-vehicle acute delivery contrast.	weak_but_biologically_explainable	context_explains_weaker_signal	Secondary support / non-primary evidence.	Do not claim direct shared-vehicle comparison unless the split is explicitly tLNP/siHBV versus tLNP/siNC.	Therapeutic tLNP/RNAi context with cell-line and mouse tissue/liver arms. Current splits include tLNP/siHBV or tLNP/siNC treatment versus baseline_0 at 72 h.	manual_curated_from_paper
GSE262515_tissue	GSE262515	GSE262515_tissue__T=tissue__H=72__B=NA__G=delivery_tlnp_sihbv_2_5mg_kg__VS=baseline_0	<local_project_root>/00_metadata/verified_metadata/scoring/GSE262515_tissue/GSE262515_tissue_design.tsv	<local_project_root>/00_metadata/verified_metadata/splited/GSE262515_tissue_design/GSE262515_tissue__T=tissue__H=72__B=NA__G=delivery_tlnp_sihbv_2_5mg_kg__VS=baseline_0.tsv	SRR28462963; SRR28462964; SRR28462965	SRR28462972; SRR28462973; SRR28462974	3	3	6	Mus musculus	tissue	NA	in vivo	HBV therapeutic RNAi context	72	72	delivery_tlnp_sihbv_2_5mg_kg	baseline_0	delivery tlnp sihbv 2 5mg kg	baseline 0	CONTROL; DELIVERY	lipid nanoparticle	optimized therapeutic lipid nanoparticle / tLNP RNAi	siHBV	NA	NA	38902241	10.1038/s41392-024-01871-8	Optimized RNA interference therapeutics combined with interleukin-2 mRNA for treating hepatitis B virus infection	2024	GEO	GSE262515	validation	Secondary support	FALSE	0.5621390394308718	0.6666666666666666	TRUE	TRUE	Calibration dataset beyond 24 h; treated as exploratory transfer.	Late timepoint; exploratory transfer, not strict acute innate validation. Organism metadata unavailable in inspected design files.	Delta IMRSz is 0.562 for delivery_tlnp_sihbv_2_5mg_kg versus baseline_0. The siHBV cargo is therapeutic RNAi in an optimized tLNP context; the result should not be interpreted as pure delivery-induced innate activation.	medium	PMID/title from user-provided verified mapping; no local metadata contradiction was found. Current Step 09 split is versus baseline_0, not a direct tLNP/siHBV-vs-tLNP/siNC shared-vehicle contrast.	verified_from_local_metadata_and_manual_paper_context	scored_in_current_transfer_eval	weak_but_biologically_explainable	Weak or variable IMRS is explainable because the contrast is late, therapeutic, cargo/formulation-specific, and often baseline-vs-treatment rather than a clean shared-vehicle acute delivery contrast.	weak_but_biologically_explainable	context_explains_weaker_signal	Secondary support / non-primary evidence.	Do not claim direct shared-vehicle comparison unless the split is explicitly tLNP/siHBV versus tLNP/siNC.	Therapeutic tLNP/RNAi context with cell-line and mouse tissue/liver arms. Current splits include tLNP/siHBV or tLNP/siNC treatment versus baseline_0 at 72 h.	manual_curated_from_paper
GSE262515_tissue	GSE262515	GSE262515_tissue__T=tissue__H=72__B=NA__G=delivery_tlnp_sinc_1mg_kg__VS=baseline_0	<local_project_root>/00_metadata/verified_metadata/scoring/GSE262515_tissue/GSE262515_tissue_design.tsv	<local_project_root>/00_metadata/verified_metadata/splited/GSE262515_tissue_design/GSE262515_tissue__T=tissue__H=72__B=NA__G=delivery_tlnp_sinc_1mg_kg__VS=baseline_0.tsv	SRR28462969; SRR28462970; SRR28462971	SRR28462972; SRR28462973; SRR28462974	3	3	6	Mus musculus	tissue	NA	in vivo	HBV therapeutic RNAi context	72	72	delivery_tlnp_sinc_1mg_kg	baseline_0	delivery tlnp sinc 1mg kg	baseline 0	CONTROL; DELIVERY	lipid nanoparticle	optimized therapeutic lipid nanoparticle / tLNP RNAi	siNC	NA	NA	38902241	10.1038/s41392-024-01871-8	Optimized RNA interference therapeutics combined with interleukin-2 mRNA for treating hepatitis B virus infection	2024	GEO	GSE262515	validation	Secondary support	FALSE	0.7571044035156834	0.7777777777777778	TRUE	TRUE	Calibration dataset beyond 24 h; treated as exploratory transfer.	Late timepoint; exploratory transfer, not strict acute innate validation. Organism metadata unavailable in inspected design files.	Delta IMRSz is 0.757 at 72 h. The contrast is non-acute and weak signal is plausibly affected by late post-delivery kinetics.	medium	PMID/title from user-provided verified mapping; no local metadata contradiction was found. Current Step 09 split is versus baseline_0, not a direct tLNP/siHBV-vs-tLNP/siNC shared-vehicle contrast.	verified_from_local_metadata_and_manual_paper_context	scored_in_current_transfer_eval	weak_but_biologically_explainable	Weak or variable IMRS is explainable because the contrast is late, therapeutic, cargo/formulation-specific, and often baseline-vs-treatment rather than a clean shared-vehicle acute delivery contrast.	weak_but_biologically_explainable	context_explains_weaker_signal	Secondary support / non-primary evidence.	Do not claim direct shared-vehicle comparison unless the split is explicitly tLNP/siHBV versus tLNP/siNC.	Therapeutic tLNP/RNAi context with cell-line and mouse tissue/liver arms. Current splits include tLNP/siHBV or tLNP/siNC treatment versus baseline_0 at 72 h.	manual_curated_from_paper
GSE264344	GSE264344	GSE264344_design__T=Blood__H=1__B=NA__G=delivery_ad26__VS=baseline_0	<local_project_root>/00_metadata/verified_metadata/scoring/GSE264344/GSE264344_design.tsv	<local_project_root>/00_metadata/verified_metadata/splited/GSE264344_design/GSE264344_design__T=Blood__H=1__B=NA__G=delivery_ad26__VS=baseline_0.tsv	SRR28740306; SRR28740307; SRR28740308; SRR28740309; SRR28740310	SRR28740199; SRR28740200; SRR28740201; SRR28740202; SRR28740203	5	5	10	Mus musculus	Blood	NA	in vivo	NA	1	0; 1	delivery_ad26	baseline_0	delivery ad26	baseline 0	CONTROL; DELIVERY	adenoviral vector	adenoviral vector	NA	NA	NA	40162786	10.1128/jvi.00247-25	Early spatiotemporal evolution of the immune response elicited by adenovirus serotype 26 vector vaccination in mice	2025	GEO	GSE264344	Anchor	Locked anchor	FALSE	0.0779068941903649	0.68	TRUE	TRUE	Strict anchor used for portability checks and frozen-score validation.	Not independent of the anchor evidence except in leave-one-anchor-out analysis. Organism metadata unavailable in inspected design files.	NA	NA	time_h <= 24: locked anchor discovery evidence	verified_from_local_metadata_and_manual_paper_context	scored_in_current_transfer_eval	strong_expected_acute_innate_signal_for_1_to_24h; weak_but_biologically_explainable_for_72h	Strong positive IMRS at 1-24 h matches acute innate tissue response. Weak 72 h IMRS matches waning tissue-time kinetics, not model failure.	strong_expected_acute_innate_signal	matches_paper_context	1-24 h rows = locked anchor; 72 h rows = extended validation/kinetic context.	Time-course rows must not be pooled as one biological role.	Mouse Ad26/Ad5 vector vaccination time course across blood, muscle, and draining lymph node from 1 h to 72 h. The paper reports that innate immune response begins by 1 h, evolves across tissues within 24 h, and wanes by 72 h.	manual_curated_from_paper
GSE264344	GSE264344	GSE264344_design__T=Blood__H=1__B=NA__G=delivery_ad5__VS=baseline_0	<local_project_root>/00_metadata/verified_metadata/scoring/GSE264344/GSE264344_design.tsv	<local_project_root>/00_metadata/verified_metadata/splited/GSE264344_design/GSE264344_design__T=Blood__H=1__B=NA__G=delivery_ad5__VS=baseline_0.tsv	SRR28740301; SRR28740302; SRR28740303; SRR28740304; SRR28740305	SRR28740199; SRR28740200; SRR28740201; SRR28740202; SRR28740203	5	5	10	Mus musculus	Blood	NA	in vivo	NA	1	0; 1	delivery_ad5	baseline_0	delivery ad5	baseline 0	CONTROL; DELIVERY	adenoviral vector	adenoviral vector	NA	NA	NA	40162786	10.1128/jvi.00247-25	Early spatiotemporal evolution of the immune response elicited by adenovirus serotype 26 vector vaccination in mice	2025	GEO	GSE264344	Anchor	Locked anchor	FALSE	0.22131834935303651	0.88	TRUE	TRUE	Strict anchor used for portability checks and frozen-score validation.	Not independent of the anchor evidence except in leave-one-anchor-out analysis. Organism metadata unavailable in inspected design files.	NA	NA	time_h <= 24: locked anchor discovery evidence	verified_from_local_metadata_and_manual_paper_context	scored_in_current_transfer_eval	strong_expected_acute_innate_signal_for_1_to_24h; weak_but_biologically_explainable_for_72h	Strong positive IMRS at 1-24 h matches acute innate tissue response. Weak 72 h IMRS matches waning tissue-time kinetics, not model failure.	strong_expected_acute_innate_signal	matches_paper_context	1-24 h rows = locked anchor; 72 h rows = extended validation/kinetic context.	Time-course rows must not be pooled as one biological role.	Mouse Ad26/Ad5 vector vaccination time course across blood, muscle, and draining lymph node from 1 h to 72 h. The paper reports that innate immune response begins by 1 h, evolves across tissues within 24 h, and wanes by 72 h.	manual_curated_from_paper
GSE264344	GSE264344	GSE264344_design__T=Muscle__H=1__B=NA__G=delivery_ad26__VS=baseline_0	<local_project_root>/00_metadata/verified_metadata/scoring/GSE264344/GSE264344_design.tsv	<local_project_root>/00_metadata/verified_metadata/splited/GSE264344_design/GSE264344_design__T=Muscle__H=1__B=NA__G=delivery_ad26__VS=baseline_0.tsv	SRR28740296; SRR28740297; SRR28740298; SRR28740299; SRR28740300	SRR28740119; SRR28740120; SRR28740121; SRR28740122; SRR28740123	5	5	10	Mus musculus	Muscle	NA	in vivo	NA	1	0; 1	delivery_ad26	baseline_0	delivery ad26	baseline 0	CONTROL; DELIVERY	adenoviral vector	adenoviral vector	NA	NA	NA	40162786	10.1128/jvi.00247-25	Early spatiotemporal evolution of the immune response elicited by adenovirus serotype 26 vector vaccination in mice	2025	GEO	GSE264344	Anchor	Locked anchor	FALSE	0.5752137463208833	1	TRUE	TRUE	Strict anchor used for portability checks and frozen-score validation.	Not independent of the anchor evidence except in leave-one-anchor-out analysis. Organism metadata unavailable in inspected design files.	NA	NA	time_h <= 24: locked anchor discovery evidence	verified_from_local_metadata_and_manual_paper_context	scored_in_current_transfer_eval	strong_expected_acute_innate_signal_for_1_to_24h; weak_but_biologically_explainable_for_72h	Strong positive IMRS at 1-24 h matches acute innate tissue response. Weak 72 h IMRS matches waning tissue-time kinetics, not model failure.	strong_expected_acute_innate_signal	matches_paper_context	1-24 h rows = locked anchor; 72 h rows = extended validation/kinetic context.	Time-course rows must not be pooled as one biological role.	Mouse Ad26/Ad5 vector vaccination time course across blood, muscle, and draining lymph node from 1 h to 72 h. The paper reports that innate immune response begins by 1 h, evolves across tissues within 24 h, and wanes by 72 h.	manual_curated_from_paper
GSE264344	GSE264344	GSE264344_design__T=Muscle__H=1__B=NA__G=delivery_ad5__VS=baseline_0	<local_project_root>/00_metadata/verified_metadata/scoring/GSE264344/GSE264344_design.tsv	<local_project_root>/00_metadata/verified_metadata/splited/GSE264344_design/GSE264344_design__T=Muscle__H=1__B=NA__G=delivery_ad5__VS=baseline_0.tsv	SRR28740291; SRR28740292; SRR28740293; SRR28740294; SRR28740295	SRR28740119; SRR28740120; SRR28740121; SRR28740122; SRR28740123	5	5	10	Mus musculus	Muscle	NA	in vivo	NA	1	0; 1	delivery_ad5	baseline_0	delivery ad5	baseline 0	CONTROL; DELIVERY	adenoviral vector	adenoviral vector	NA	NA	NA	40162786	10.1128/jvi.00247-25	Early spatiotemporal evolution of the immune response elicited by adenovirus serotype 26 vector vaccination in mice	2025	GEO	GSE264344	Anchor	Locked anchor	FALSE	0.5210164970803043	0.96	TRUE	TRUE	Strict anchor used for portability checks and frozen-score validation.	Not independent of the anchor evidence except in leave-one-anchor-out analysis. Organism metadata unavailable in inspected design files.	NA	NA	time_h <= 24: locked anchor discovery evidence	verified_from_local_metadata_and_manual_paper_context	scored_in_current_transfer_eval	strong_expected_acute_innate_signal_for_1_to_24h; weak_but_biologically_explainable_for_72h	Strong positive IMRS at 1-24 h matches acute innate tissue response. Weak 72 h IMRS matches waning tissue-time kinetics, not model failure.	strong_expected_acute_innate_signal	matches_paper_context	1-24 h rows = locked anchor; 72 h rows = extended validation/kinetic context.	Time-course rows must not be pooled as one biological role.	Mouse Ad26/Ad5 vector vaccination time course across blood, muscle, and draining lymph node from 1 h to 72 h. The paper reports that innate immune response begins by 1 h, evolves across tissues within 24 h, and wanes by 72 h.	manual_curated_from_paper
GSE264344	GSE264344	GSE264344_design__T=dLN__H=1__B=NA__G=delivery_ad26__VS=baseline_0	<local_project_root>/00_metadata/verified_metadata/scoring/GSE264344/GSE264344_design.tsv	<local_project_root>/00_metadata/verified_metadata/splited/GSE264344_design/GSE264344_design__T=dLN__H=1__B=NA__G=delivery_ad26__VS=baseline_0.tsv	SRR28740272; SRR28740274; SRR28740276; SRR28740278; SRR28740280	SRR28740124; SRR28740125; SRR28740126; SRR28740127; SRR28740128	5	5	10	Mus musculus	dLN	NA	in vivo	NA	1	0; 1	delivery_ad26	baseline_0	delivery ad26	baseline 0	CONTROL; DELIVERY	adenoviral vector	adenoviral vector	NA	NA	NA	40162786	10.1128/jvi.00247-25	Early spatiotemporal evolution of the immune response elicited by adenovirus serotype 26 vector vaccination in mice	2025	GEO	GSE264344	Anchor	Locked anchor	FALSE	0.3695107717465071	0.8400000000000001	TRUE	TRUE	Strict anchor used for portability checks and frozen-score validation.	Not independent of the anchor evidence except in leave-one-anchor-out analysis. Organism metadata unavailable in inspected design files.	NA	NA	time_h <= 24: locked anchor discovery evidence	verified_from_local_metadata_and_manual_paper_context	scored_in_current_transfer_eval	strong_expected_acute_innate_signal_for_1_to_24h; weak_but_biologically_explainable_for_72h	Strong positive IMRS at 1-24 h matches acute innate tissue response. Weak 72 h IMRS matches waning tissue-time kinetics, not model failure.	strong_expected_acute_innate_signal	matches_paper_context	1-24 h rows = locked anchor; 72 h rows = extended validation/kinetic context.	Time-course rows must not be pooled as one biological role.	Mouse Ad26/Ad5 vector vaccination time course across blood, muscle, and draining lymph node from 1 h to 72 h. The paper reports that innate immune response begins by 1 h, evolves across tissues within 24 h, and wanes by 72 h.	manual_curated_from_paper
GSE264344	GSE264344	GSE264344_design__T=dLN__H=1__B=NA__G=delivery_ad5__VS=baseline_0	<local_project_root>/00_metadata/verified_metadata/scoring/GSE264344/GSE264344_design.tsv	<local_project_root>/00_metadata/verified_metadata/splited/GSE264344_design/GSE264344_design__T=dLN__H=1__B=NA__G=delivery_ad5__VS=baseline_0.tsv	SRR28740242; SRR28740244; SRR28740246; SRR28740248; SRR28740250	SRR28740124; SRR28740125; SRR28740126; SRR28740127; SRR28740128	5	5	10	Mus musculus	dLN	NA	in vivo	NA	1	0; 1	delivery_ad5	baseline_0	delivery ad5	baseline 0	CONTROL; DELIVERY	adenoviral vector	adenoviral vector	NA	NA	NA	40162786	10.1128/jvi.00247-25	Early spatiotemporal evolution of the immune response elicited by adenovirus serotype 26 vector vaccination in mice	2025	GEO	GSE264344	Anchor	Locked anchor	FALSE	0.3592382013315616	0.8	TRUE	TRUE	Strict anchor used for portability checks and frozen-score validation.	Not independent of the anchor evidence except in leave-one-anchor-out analysis. Organism metadata unavailable in inspected design files.	NA	NA	time_h <= 24: locked anchor discovery evidence	verified_from_local_metadata_and_manual_paper_context	scored_in_current_transfer_eval	strong_expected_acute_innate_signal_for_1_to_24h; weak_but_biologically_explainable_for_72h	Strong positive IMRS at 1-24 h matches acute innate tissue response. Weak 72 h IMRS matches waning tissue-time kinetics, not model failure.	strong_expected_acute_innate_signal	matches_paper_context	1-24 h rows = locked anchor; 72 h rows = extended validation/kinetic context.	Time-course rows must not be pooled as one biological role.	Mouse Ad26/Ad5 vector vaccination time course across blood, muscle, and draining lymph node from 1 h to 72 h. The paper reports that innate immune response begins by 1 h, evolves across tissues within 24 h, and wanes by 72 h.	manual_curated_from_paper
GSE264344	GSE264344	GSE264344_design__T=Blood__H=3__B=NA__G=delivery_ad26__VS=baseline_0	<local_project_root>/00_metadata/verified_metadata/scoring/GSE264344/GSE264344_design.tsv	<local_project_root>/00_metadata/verified_metadata/splited/GSE264344_design/GSE264344_design__T=Blood__H=3__B=NA__G=delivery_ad26__VS=baseline_0.tsv	SRR28740286; SRR28740287; SRR28740288; SRR28740289; SRR28740290	SRR28740199; SRR28740200; SRR28740201; SRR28740202; SRR28740203	5	5	10	Mus musculus	Blood	NA	in vivo	NA	3	0; 3	delivery_ad26	baseline_0	delivery ad26	baseline 0	CONTROL; DELIVERY	adenoviral vector	adenoviral vector	NA	NA	NA	40162786	10.1128/jvi.00247-25	Early spatiotemporal evolution of the immune response elicited by adenovirus serotype 26 vector vaccination in mice	2025	GEO	GSE264344	Anchor	Locked anchor	FALSE	3.6646891330381473	1	TRUE	TRUE	Strict anchor used for portability checks and frozen-score validation.	Not independent of the anchor evidence except in leave-one-anchor-out analysis. Organism metadata unavailable in inspected design files.	NA	NA	time_h <= 24: locked anchor discovery evidence	verified_from_local_metadata_and_manual_paper_context	scored_in_current_transfer_eval	strong_expected_acute_innate_signal_for_1_to_24h; weak_but_biologically_explainable_for_72h	Strong positive IMRS at 1-24 h matches acute innate tissue response. Weak 72 h IMRS matches waning tissue-time kinetics, not model failure.	strong_expected_acute_innate_signal	matches_paper_context	1-24 h rows = locked anchor; 72 h rows = extended validation/kinetic context.	Time-course rows must not be pooled as one biological role.	Mouse Ad26/Ad5 vector vaccination time course across blood, muscle, and draining lymph node from 1 h to 72 h. The paper reports that innate immune response begins by 1 h, evolves across tissues within 24 h, and wanes by 72 h.	manual_curated_from_paper
GSE264344	GSE264344	GSE264344_design__T=Blood__H=3__B=NA__G=delivery_ad5__VS=baseline_0	<local_project_root>/00_metadata/verified_metadata/scoring/GSE264344/GSE264344_design.tsv	<local_project_root>/00_metadata/verified_metadata/splited/GSE264344_design/GSE264344_design__T=Blood__H=3__B=NA__G=delivery_ad5__VS=baseline_0.tsv	SRR28740281; SRR28740282; SRR28740283; SRR28740284; SRR28740285	SRR28740199; SRR28740200; SRR28740201; SRR28740202; SRR28740203	5	5	10	Mus musculus	Blood	NA	in vivo	NA	3	0; 3	delivery_ad5	baseline_0	delivery ad5	baseline 0	CONTROL; DELIVERY	adenoviral vector	adenoviral vector	NA	NA	NA	40162786	10.1128/jvi.00247-25	Early spatiotemporal evolution of the immune response elicited by adenovirus serotype 26 vector vaccination in mice	2025	GEO	GSE264344	Anchor	Locked anchor	FALSE	0.9366653756632484	1	TRUE	TRUE	Strict anchor used for portability checks and frozen-score validation.	Not independent of the anchor evidence except in leave-one-anchor-out analysis. Organism metadata unavailable in inspected design files.	NA	NA	time_h <= 24: locked anchor discovery evidence	verified_from_local_metadata_and_manual_paper_context	scored_in_current_transfer_eval	strong_expected_acute_innate_signal_for_1_to_24h; weak_but_biologically_explainable_for_72h	Strong positive IMRS at 1-24 h matches acute innate tissue response. Weak 72 h IMRS matches waning tissue-time kinetics, not model failure.	strong_expected_acute_innate_signal	matches_paper_context	1-24 h rows = locked anchor; 72 h rows = extended validation/kinetic context.	Time-course rows must not be pooled as one biological role.	Mouse Ad26/Ad5 vector vaccination time course across blood, muscle, and draining lymph node from 1 h to 72 h. The paper reports that innate immune response begins by 1 h, evolves across tissues within 24 h, and wanes by 72 h.	manual_curated_from_paper
GSE264344	GSE264344	GSE264344_design__T=Muscle__H=3__B=NA__G=delivery_ad26__VS=baseline_0	<local_project_root>/00_metadata/verified_metadata/scoring/GSE264344/GSE264344_design.tsv	<local_project_root>/00_metadata/verified_metadata/splited/GSE264344_design/GSE264344_design__T=Muscle__H=3__B=NA__G=delivery_ad26__VS=baseline_0.tsv	SRR28740236; SRR28740237; SRR28740238; SRR28740239; SRR28740240	SRR28740119; SRR28740120; SRR28740121; SRR28740122; SRR28740123	5	5	10	Mus musculus	Muscle	NA	in vivo	NA	3	0; 3	delivery_ad26	baseline_0	delivery ad26	baseline 0	CONTROL; DELIVERY	adenoviral vector	adenoviral vector	NA	NA	NA	40162786	10.1128/jvi.00247-25	Early spatiotemporal evolution of the immune response elicited by adenovirus serotype 26 vector vaccination in mice	2025	GEO	GSE264344	Anchor	Locked anchor	FALSE	3.166868738099831	1	TRUE	TRUE	Strict anchor used for portability checks and frozen-score validation.	Not independent of the anchor evidence except in leave-one-anchor-out analysis. Organism metadata unavailable in inspected design files.	NA	NA	time_h <= 24: locked anchor discovery evidence	verified_from_local_metadata_and_manual_paper_context	scored_in_current_transfer_eval	strong_expected_acute_innate_signal_for_1_to_24h; weak_but_biologically_explainable_for_72h	Strong positive IMRS at 1-24 h matches acute innate tissue response. Weak 72 h IMRS matches waning tissue-time kinetics, not model failure.	strong_expected_acute_innate_signal	matches_paper_context	1-24 h rows = locked anchor; 72 h rows = extended validation/kinetic context.	Time-course rows must not be pooled as one biological role.	Mouse Ad26/Ad5 vector vaccination time course across blood, muscle, and draining lymph node from 1 h to 72 h. The paper reports that innate immune response begins by 1 h, evolves across tissues within 24 h, and wanes by 72 h.	manual_curated_from_paper
GSE264344	GSE264344	GSE264344_design__T=Muscle__H=3__B=NA__G=delivery_ad5__VS=baseline_0	<local_project_root>/00_metadata/verified_metadata/scoring/GSE264344/GSE264344_design.tsv	<local_project_root>/00_metadata/verified_metadata/splited/GSE264344_design/GSE264344_design__T=Muscle__H=3__B=NA__G=delivery_ad5__VS=baseline_0.tsv	SRR28740231; SRR28740232; SRR28740233; SRR28740234; SRR28740235	SRR28740119; SRR28740120; SRR28740121; SRR28740122; SRR28740123	5	5	10	Mus musculus	Muscle	NA	in vivo	NA	3	0; 3	delivery_ad5	baseline_0	delivery ad5	baseline 0	CONTROL; DELIVERY	adenoviral vector	adenoviral vector	NA	NA	NA	40162786	10.1128/jvi.00247-25	Early spatiotemporal evolution of the immune response elicited by adenovirus serotype 26 vector vaccination in mice	2025	GEO	GSE264344	Anchor	Locked anchor	FALSE	1.8285090170879783	1	TRUE	TRUE	Strict anchor used for portability checks and frozen-score validation.	Not independent of the anchor evidence except in leave-one-anchor-out analysis. Organism metadata unavailable in inspected design files.	NA	NA	time_h <= 24: locked anchor discovery evidence	verified_from_local_metadata_and_manual_paper_context	scored_in_current_transfer_eval	strong_expected_acute_innate_signal_for_1_to_24h; weak_but_biologically_explainable_for_72h	Strong positive IMRS at 1-24 h matches acute innate tissue response. Weak 72 h IMRS matches waning tissue-time kinetics, not model failure.	strong_expected_acute_innate_signal	matches_paper_context	1-24 h rows = locked anchor; 72 h rows = extended validation/kinetic context.	Time-course rows must not be pooled as one biological role.	Mouse Ad26/Ad5 vector vaccination time course across blood, muscle, and draining lymph node from 1 h to 72 h. The paper reports that innate immune response begins by 1 h, evolves across tissues within 24 h, and wanes by 72 h.	manual_curated_from_paper
GSE264344	GSE264344	GSE264344_design__T=dLN__H=3__B=NA__G=delivery_ad26__VS=baseline_0	<local_project_root>/00_metadata/verified_metadata/scoring/GSE264344/GSE264344_design.tsv	<local_project_root>/00_metadata/verified_metadata/splited/GSE264344_design/GSE264344_design__T=dLN__H=3__B=NA__G=delivery_ad26__VS=baseline_0.tsv	SRR28740271; SRR28740273; SRR28740275; SRR28740277; SRR28740279	SRR28740124; SRR28740125; SRR28740126; SRR28740127; SRR28740128	5	5	10	Mus musculus	dLN	NA	in vivo	NA	3	0; 3	delivery_ad26	baseline_0	delivery ad26	baseline 0	CONTROL; DELIVERY	adenoviral vector	adenoviral vector	NA	NA	NA	40162786	10.1128/jvi.00247-25	Early spatiotemporal evolution of the immune response elicited by adenovirus serotype 26 vector vaccination in mice	2025	GEO	GSE264344	Anchor	Locked anchor	FALSE	4.35817929066291	1	TRUE	TRUE	Strict anchor used for portability checks and frozen-score validation.	Not independent of the anchor evidence except in leave-one-anchor-out analysis. Organism metadata unavailable in inspected design files.	NA	NA	time_h <= 24: locked anchor discovery evidence	verified_from_local_metadata_and_manual_paper_context	scored_in_current_transfer_eval	strong_expected_acute_innate_signal_for_1_to_24h; weak_but_biologically_explainable_for_72h	Strong positive IMRS at 1-24 h matches acute innate tissue response. Weak 72 h IMRS matches waning tissue-time kinetics, not model failure.	strong_expected_acute_innate_signal	matches_paper_context	1-24 h rows = locked anchor; 72 h rows = extended validation/kinetic context.	Time-course rows must not be pooled as one biological role.	Mouse Ad26/Ad5 vector vaccination time course across blood, muscle, and draining lymph node from 1 h to 72 h. The paper reports that innate immune response begins by 1 h, evolves across tissues within 24 h, and wanes by 72 h.	manual_curated_from_paper
GSE264344	GSE264344	GSE264344_design__T=dLN__H=3__B=NA__G=delivery_ad5__VS=baseline_0	<local_project_root>/00_metadata/verified_metadata/scoring/GSE264344/GSE264344_design.tsv	<local_project_root>/00_metadata/verified_metadata/splited/GSE264344_design/GSE264344_design__T=dLN__H=3__B=NA__G=delivery_ad5__VS=baseline_0.tsv	SRR28740241; SRR28740243; SRR28740245; SRR28740247; SRR28740249	SRR28740124; SRR28740125; SRR28740126; SRR28740127; SRR28740128	5	5	10	Mus musculus	dLN	NA	in vivo	NA	3	0; 3	delivery_ad5	baseline_0	delivery ad5	baseline 0	CONTROL; DELIVERY	adenoviral vector	adenoviral vector	NA	NA	NA	40162786	10.1128/jvi.00247-25	Early spatiotemporal evolution of the immune response elicited by adenovirus serotype 26 vector vaccination in mice	2025	GEO	GSE264344	Anchor	Locked anchor	FALSE	2.7627049595948865	1	TRUE	TRUE	Strict anchor used for portability checks and frozen-score validation.	Not independent of the anchor evidence except in leave-one-anchor-out analysis. Organism metadata unavailable in inspected design files.	NA	NA	time_h <= 24: locked anchor discovery evidence	verified_from_local_metadata_and_manual_paper_context	scored_in_current_transfer_eval	strong_expected_acute_innate_signal_for_1_to_24h; weak_but_biologically_explainable_for_72h	Strong positive IMRS at 1-24 h matches acute innate tissue response. Weak 72 h IMRS matches waning tissue-time kinetics, not model failure.	strong_expected_acute_innate_signal	matches_paper_context	1-24 h rows = locked anchor; 72 h rows = extended validation/kinetic context.	Time-course rows must not be pooled as one biological role.	Mouse Ad26/Ad5 vector vaccination time course across blood, muscle, and draining lymph node from 1 h to 72 h. The paper reports that innate immune response begins by 1 h, evolves across tissues within 24 h, and wanes by 72 h.	manual_curated_from_paper
GSE264344	GSE264344	GSE264344_design__T=Blood__H=6__B=NA__G=delivery_ad26__VS=baseline_0	<local_project_root>/00_metadata/verified_metadata/scoring/GSE264344/GSE264344_design.tsv	<local_project_root>/00_metadata/verified_metadata/splited/GSE264344_design/GSE264344_design__T=Blood__H=6__B=NA__G=delivery_ad26__VS=baseline_0.tsv	SRR28740266; SRR28740267; SRR28740268; SRR28740269; SRR28740270	SRR28740199; SRR28740200; SRR28740201; SRR28740202; SRR28740203	5	5	10	Mus musculus	Blood	NA	in vivo	NA	6	0; 6	delivery_ad26	baseline_0	delivery ad26	baseline 0	CONTROL; DELIVERY	adenoviral vector	adenoviral vector	NA	NA	NA	40162786	10.1128/jvi.00247-25	Early spatiotemporal evolution of the immune response elicited by adenovirus serotype 26 vector vaccination in mice	2025	GEO	GSE264344	Anchor	Locked anchor	FALSE	3.515367759659114	1	TRUE	TRUE	Strict anchor used for portability checks and frozen-score validation.	Not independent of the anchor evidence except in leave-one-anchor-out analysis. Organism metadata unavailable in inspected design files.	NA	NA	time_h <= 24: locked anchor discovery evidence	verified_from_local_metadata_and_manual_paper_context	scored_in_current_transfer_eval	strong_expected_acute_innate_signal_for_1_to_24h; weak_but_biologically_explainable_for_72h	Strong positive IMRS at 1-24 h matches acute innate tissue response. Weak 72 h IMRS matches waning tissue-time kinetics, not model failure.	strong_expected_acute_innate_signal	matches_paper_context	1-24 h rows = locked anchor; 72 h rows = extended validation/kinetic context.	Time-course rows must not be pooled as one biological role.	Mouse Ad26/Ad5 vector vaccination time course across blood, muscle, and draining lymph node from 1 h to 72 h. The paper reports that innate immune response begins by 1 h, evolves across tissues within 24 h, and wanes by 72 h.	manual_curated_from_paper
GSE264344	GSE264344	GSE264344_design__T=Blood__H=6__B=NA__G=delivery_ad5__VS=baseline_0	<local_project_root>/00_metadata/verified_metadata/scoring/GSE264344/GSE264344_design.tsv	<local_project_root>/00_metadata/verified_metadata/splited/GSE264344_design/GSE264344_design__T=Blood__H=6__B=NA__G=delivery_ad5__VS=baseline_0.tsv	SRR28740261; SRR28740262; SRR28740263; SRR28740264; SRR28740265	SRR28740199; SRR28740200; SRR28740201; SRR28740202; SRR28740203	5	5	10	Mus musculus	Blood	NA	in vivo	NA	6	0; 6	delivery_ad5	baseline_0	delivery ad5	baseline 0	CONTROL; DELIVERY	adenoviral vector	adenoviral vector	NA	NA	NA	40162786	10.1128/jvi.00247-25	Early spatiotemporal evolution of the immune response elicited by adenovirus serotype 26 vector vaccination in mice	2025	GEO	GSE264344	Anchor	Locked anchor	FALSE	4.749455631909948	1	TRUE	TRUE	Strict anchor used for portability checks and frozen-score validation.	Not independent of the anchor evidence except in leave-one-anchor-out analysis. Organism metadata unavailable in inspected design files.	NA	NA	time_h <= 24: locked anchor discovery evidence	verified_from_local_metadata_and_manual_paper_context	scored_in_current_transfer_eval	strong_expected_acute_innate_signal_for_1_to_24h; weak_but_biologically_explainable_for_72h	Strong positive IMRS at 1-24 h matches acute innate tissue response. Weak 72 h IMRS matches waning tissue-time kinetics, not model failure.	strong_expected_acute_innate_signal	matches_paper_context	1-24 h rows = locked anchor; 72 h rows = extended validation/kinetic context.	Time-course rows must not be pooled as one biological role.	Mouse Ad26/Ad5 vector vaccination time course across blood, muscle, and draining lymph node from 1 h to 72 h. The paper reports that innate immune response begins by 1 h, evolves across tissues within 24 h, and wanes by 72 h.	manual_curated_from_paper
GSE264344	GSE264344	GSE264344_design__T=Muscle__H=6__B=NA__G=delivery_ad26__VS=baseline_0	<local_project_root>/00_metadata/verified_metadata/scoring/GSE264344/GSE264344_design.tsv	<local_project_root>/00_metadata/verified_metadata/splited/GSE264344_design/GSE264344_design__T=Muscle__H=6__B=NA__G=delivery_ad26__VS=baseline_0.tsv	SRR28740117; SRR28740257; SRR28740258; SRR28740259; SRR28740260	SRR28740119; SRR28740120; SRR28740121; SRR28740122; SRR28740123	5	5	10	Mus musculus	Muscle	NA	in vivo	NA	6	0; 6	delivery_ad26	baseline_0	delivery ad26	baseline 0	CONTROL; DELIVERY	adenoviral vector	adenoviral vector	NA	NA	NA	40162786	10.1128/jvi.00247-25	Early spatiotemporal evolution of the immune response elicited by adenovirus serotype 26 vector vaccination in mice	2025	GEO	GSE264344	Anchor	Locked anchor	FALSE	4.409334481944208	1	TRUE	TRUE	Strict anchor used for portability checks and frozen-score validation.	Not independent of the anchor evidence except in leave-one-anchor-out analysis. Organism metadata unavailable in inspected design files.	NA	NA	time_h <= 24: locked anchor discovery evidence	verified_from_local_metadata_and_manual_paper_context	scored_in_current_transfer_eval	strong_expected_acute_innate_signal_for_1_to_24h; weak_but_biologically_explainable_for_72h	Strong positive IMRS at 1-24 h matches acute innate tissue response. Weak 72 h IMRS matches waning tissue-time kinetics, not model failure.	strong_expected_acute_innate_signal	matches_paper_context	1-24 h rows = locked anchor; 72 h rows = extended validation/kinetic context.	Time-course rows must not be pooled as one biological role.	Mouse Ad26/Ad5 vector vaccination time course across blood, muscle, and draining lymph node from 1 h to 72 h. The paper reports that innate immune response begins by 1 h, evolves across tissues within 24 h, and wanes by 72 h.	manual_curated_from_paper
GSE264344	GSE264344	GSE264344_design__T=Muscle__H=6__B=NA__G=delivery_ad5__VS=baseline_0	<local_project_root>/00_metadata/verified_metadata/scoring/GSE264344/GSE264344_design.tsv	<local_project_root>/00_metadata/verified_metadata/splited/GSE264344_design/GSE264344_design__T=Muscle__H=6__B=NA__G=delivery_ad5__VS=baseline_0.tsv	SRR28740252; SRR28740253; SRR28740254; SRR28740255; SRR28740256	SRR28740119; SRR28740120; SRR28740121; SRR28740122; SRR28740123	5	5	10	Mus musculus	Muscle	NA	in vivo	NA	6	0; 6	delivery_ad5	baseline_0	delivery ad5	baseline 0	CONTROL; DELIVERY	adenoviral vector	adenoviral vector	NA	NA	NA	40162786	10.1128/jvi.00247-25	Early spatiotemporal evolution of the immune response elicited by adenovirus serotype 26 vector vaccination in mice	2025	GEO	GSE264344	Anchor	Locked anchor	FALSE	4.115105313956205	1	TRUE	TRUE	Strict anchor used for portability checks and frozen-score validation.	Not independent of the anchor evidence except in leave-one-anchor-out analysis. Organism metadata unavailable in inspected design files.	NA	NA	time_h <= 24: locked anchor discovery evidence	verified_from_local_metadata_and_manual_paper_context	scored_in_current_transfer_eval	strong_expected_acute_innate_signal_for_1_to_24h; weak_but_biologically_explainable_for_72h	Strong positive IMRS at 1-24 h matches acute innate tissue response. Weak 72 h IMRS matches waning tissue-time kinetics, not model failure.	strong_expected_acute_innate_signal	matches_paper_context	1-24 h rows = locked anchor; 72 h rows = extended validation/kinetic context.	Time-course rows must not be pooled as one biological role.	Mouse Ad26/Ad5 vector vaccination time course across blood, muscle, and draining lymph node from 1 h to 72 h. The paper reports that innate immune response begins by 1 h, evolves across tissues within 24 h, and wanes by 72 h.	manual_curated_from_paper
GSE264344	GSE264344	GSE264344_design__T=dLN__H=6__B=NA__G=delivery_ad26__VS=baseline_0	<local_project_root>/00_metadata/verified_metadata/scoring/GSE264344/GSE264344_design.tsv	<local_project_root>/00_metadata/verified_metadata/splited/GSE264344_design/GSE264344_design__T=dLN__H=6__B=NA__G=delivery_ad26__VS=baseline_0.tsv	SRR28740213; SRR28740215; SRR28740217; SRR28740219; SRR28740221	SRR28740124; SRR28740125; SRR28740126; SRR28740127; SRR28740128	5	5	10	Mus musculus	dLN	NA	in vivo	NA	6	0; 6	delivery_ad26	baseline_0	delivery ad26	baseline 0	CONTROL; DELIVERY	adenoviral vector	adenoviral vector	NA	NA	NA	40162786	10.1128/jvi.00247-25	Early spatiotemporal evolution of the immune response elicited by adenovirus serotype 26 vector vaccination in mice	2025	GEO	GSE264344	Anchor	Locked anchor	FALSE	5.703930536988686	1	TRUE	TRUE	Strict anchor used for portability checks and frozen-score validation.	Not independent of the anchor evidence except in leave-one-anchor-out analysis. Organism metadata unavailable in inspected design files.	NA	NA	time_h <= 24: locked anchor discovery evidence	verified_from_local_metadata_and_manual_paper_context	scored_in_current_transfer_eval	strong_expected_acute_innate_signal_for_1_to_24h; weak_but_biologically_explainable_for_72h	Strong positive IMRS at 1-24 h matches acute innate tissue response. Weak 72 h IMRS matches waning tissue-time kinetics, not model failure.	strong_expected_acute_innate_signal	matches_paper_context	1-24 h rows = locked anchor; 72 h rows = extended validation/kinetic context.	Time-course rows must not be pooled as one biological role.	Mouse Ad26/Ad5 vector vaccination time course across blood, muscle, and draining lymph node from 1 h to 72 h. The paper reports that innate immune response begins by 1 h, evolves across tissues within 24 h, and wanes by 72 h.	manual_curated_from_paper
GSE264344	GSE264344	GSE264344_design__T=dLN__H=6__B=NA__G=delivery_ad5__VS=baseline_0	<local_project_root>/00_metadata/verified_metadata/scoring/GSE264344/GSE264344_design.tsv	<local_project_root>/00_metadata/verified_metadata/splited/GSE264344_design/GSE264344_design__T=dLN__H=6__B=NA__G=delivery_ad5__VS=baseline_0.tsv	SRR28740143; SRR28740145; SRR28740147; SRR28740149; SRR28740211	SRR28740124; SRR28740125; SRR28740126; SRR28740127; SRR28740128	5	5	10	Mus musculus	dLN	NA	in vivo	NA	6	0; 6	delivery_ad5	baseline_0	delivery ad5	baseline 0	CONTROL; DELIVERY	adenoviral vector	adenoviral vector	NA	NA	NA	40162786	10.1128/jvi.00247-25	Early spatiotemporal evolution of the immune response elicited by adenovirus serotype 26 vector vaccination in mice	2025	GEO	GSE264344	Anchor	Locked anchor	FALSE	5.288429542245774	1	TRUE	TRUE	Strict anchor used for portability checks and frozen-score validation.	Not independent of the anchor evidence except in leave-one-anchor-out analysis. Organism metadata unavailable in inspected design files.	NA	NA	time_h <= 24: locked anchor discovery evidence	verified_from_local_metadata_and_manual_paper_context	scored_in_current_transfer_eval	strong_expected_acute_innate_signal_for_1_to_24h; weak_but_biologically_explainable_for_72h	Strong positive IMRS at 1-24 h matches acute innate tissue response. Weak 72 h IMRS matches waning tissue-time kinetics, not model failure.	strong_expected_acute_innate_signal	matches_paper_context	1-24 h rows = locked anchor; 72 h rows = extended validation/kinetic context.	Time-course rows must not be pooled as one biological role.	Mouse Ad26/Ad5 vector vaccination time course across blood, muscle, and draining lymph node from 1 h to 72 h. The paper reports that innate immune response begins by 1 h, evolves across tissues within 24 h, and wanes by 72 h.	manual_curated_from_paper
GSE264344	GSE264344	GSE264344_design__T=Blood__H=12__B=NA__G=delivery_ad26__VS=baseline_0	<local_project_root>/00_metadata/verified_metadata/scoring/GSE264344/GSE264344_design.tsv	<local_project_root>/00_metadata/verified_metadata/splited/GSE264344_design/GSE264344_design__T=Blood__H=12__B=NA__G=delivery_ad26__VS=baseline_0.tsv	SRR28740187; SRR28740188; SRR28740189; SRR28740190; SRR28740251	SRR28740199; SRR28740200; SRR28740201; SRR28740202; SRR28740203	5	5	10	Mus musculus	Blood	NA	in vivo	NA	12	0; 12	delivery_ad26	baseline_0	delivery ad26	baseline 0	CONTROL; DELIVERY	adenoviral vector	adenoviral vector	NA	NA	NA	40162786	10.1128/jvi.00247-25	Early spatiotemporal evolution of the immune response elicited by adenovirus serotype 26 vector vaccination in mice	2025	GEO	GSE264344	Anchor	Locked anchor	FALSE	4.557142380026869	1	TRUE	TRUE	Strict anchor used for portability checks and frozen-score validation.	Not independent of the anchor evidence except in leave-one-anchor-out analysis. Organism metadata unavailable in inspected design files.	NA	NA	time_h <= 24: locked anchor discovery evidence	verified_from_local_metadata_and_manual_paper_context	scored_in_current_transfer_eval	strong_expected_acute_innate_signal_for_1_to_24h; weak_but_biologically_explainable_for_72h	Strong positive IMRS at 1-24 h matches acute innate tissue response. Weak 72 h IMRS matches waning tissue-time kinetics, not model failure.	strong_expected_acute_innate_signal	matches_paper_context	1-24 h rows = locked anchor; 72 h rows = extended validation/kinetic context.	Time-course rows must not be pooled as one biological role.	Mouse Ad26/Ad5 vector vaccination time course across blood, muscle, and draining lymph node from 1 h to 72 h. The paper reports that innate immune response begins by 1 h, evolves across tissues within 24 h, and wanes by 72 h.	manual_curated_from_paper
GSE264344	GSE264344	GSE264344_design__T=Blood__H=12__B=NA__G=delivery_ad5__VS=baseline_0	<local_project_root>/00_metadata/verified_metadata/scoring/GSE264344/GSE264344_design.tsv	<local_project_root>/00_metadata/verified_metadata/splited/GSE264344_design/GSE264344_design__T=Blood__H=12__B=NA__G=delivery_ad5__VS=baseline_0.tsv	SRR28740182; SRR28740183; SRR28740184; SRR28740185; SRR28740186	SRR28740199; SRR28740200; SRR28740201; SRR28740202; SRR28740203	5	5	10	Mus musculus	Blood	NA	in vivo	NA	12	0; 12	delivery_ad5	baseline_0	delivery ad5	baseline 0	CONTROL; DELIVERY	adenoviral vector	adenoviral vector	NA	NA	NA	40162786	10.1128/jvi.00247-25	Early spatiotemporal evolution of the immune response elicited by adenovirus serotype 26 vector vaccination in mice	2025	GEO	GSE264344	Anchor	Locked anchor	FALSE	2.7728375923214097	1	TRUE	TRUE	Strict anchor used for portability checks and frozen-score validation.	Not independent of the anchor evidence except in leave-one-anchor-out analysis. Organism metadata unavailable in inspected design files.	NA	NA	time_h <= 24: locked anchor discovery evidence	verified_from_local_metadata_and_manual_paper_context	scored_in_current_transfer_eval	strong_expected_acute_innate_signal_for_1_to_24h; weak_but_biologically_explainable_for_72h	Strong positive IMRS at 1-24 h matches acute innate tissue response. Weak 72 h IMRS matches waning tissue-time kinetics, not model failure.	strong_expected_acute_innate_signal	matches_paper_context	1-24 h rows = locked anchor; 72 h rows = extended validation/kinetic context.	Time-course rows must not be pooled as one biological role.	Mouse Ad26/Ad5 vector vaccination time course across blood, muscle, and draining lymph node from 1 h to 72 h. The paper reports that innate immune response begins by 1 h, evolves across tissues within 24 h, and wanes by 72 h.	manual_curated_from_paper
GSE264344	GSE264344	GSE264344_design__T=Muscle__H=12__B=NA__G=delivery_ad26__VS=baseline_0	<local_project_root>/00_metadata/verified_metadata/scoring/GSE264344/GSE264344_design.tsv	<local_project_root>/00_metadata/verified_metadata/splited/GSE264344_design/GSE264344_design__T=Muscle__H=12__B=NA__G=delivery_ad26__VS=baseline_0.tsv	SRR28740135; SRR28740137; SRR28740139; SRR28740140; SRR28740142	SRR28740119; SRR28740120; SRR28740121; SRR28740122; SRR28740123	5	5	10	Mus musculus	Muscle	NA	in vivo	NA	12	0; 12	delivery_ad26	baseline_0	delivery ad26	baseline 0	CONTROL; DELIVERY	adenoviral vector	adenoviral vector	NA	NA	NA	40162786	10.1128/jvi.00247-25	Early spatiotemporal evolution of the immune response elicited by adenovirus serotype 26 vector vaccination in mice	2025	GEO	GSE264344	Anchor	Locked anchor	FALSE	4.379052454232406	1	TRUE	TRUE	Strict anchor used for portability checks and frozen-score validation.	Not independent of the anchor evidence except in leave-one-anchor-out analysis. Organism metadata unavailable in inspected design files.	NA	NA	time_h <= 24: locked anchor discovery evidence	verified_from_local_metadata_and_manual_paper_context	scored_in_current_transfer_eval	strong_expected_acute_innate_signal_for_1_to_24h; weak_but_biologically_explainable_for_72h	Strong positive IMRS at 1-24 h matches acute innate tissue response. Weak 72 h IMRS matches waning tissue-time kinetics, not model failure.	strong_expected_acute_innate_signal	matches_paper_context	1-24 h rows = locked anchor; 72 h rows = extended validation/kinetic context.	Time-course rows must not be pooled as one biological role.	Mouse Ad26/Ad5 vector vaccination time course across blood, muscle, and draining lymph node from 1 h to 72 h. The paper reports that innate immune response begins by 1 h, evolves across tissues within 24 h, and wanes by 72 h.	manual_curated_from_paper
GSE264344	GSE264344	GSE264344_design__T=Muscle__H=12__B=NA__G=delivery_ad5__VS=baseline_0	<local_project_root>/00_metadata/verified_metadata/scoring/GSE264344/GSE264344_design.tsv	<local_project_root>/00_metadata/verified_metadata/splited/GSE264344_design/GSE264344_design__T=Muscle__H=12__B=NA__G=delivery_ad5__VS=baseline_0.tsv	SRR28740131; SRR28740133; SRR28740165; SRR28740167; SRR28740169	SRR28740119; SRR28740120; SRR28740121; SRR28740122; SRR28740123	5	5	10	Mus musculus	Muscle	NA	in vivo	NA	12	0; 12	delivery_ad5	baseline_0	delivery ad5	baseline 0	CONTROL; DELIVERY	adenoviral vector	adenoviral vector	NA	NA	NA	40162786	10.1128/jvi.00247-25	Early spatiotemporal evolution of the immune response elicited by adenovirus serotype 26 vector vaccination in mice	2025	GEO	GSE264344	Anchor	Locked anchor	FALSE	4.561337243094393	1	TRUE	TRUE	Strict anchor used for portability checks and frozen-score validation.	Not independent of the anchor evidence except in leave-one-anchor-out analysis. Organism metadata unavailable in inspected design files.	NA	NA	time_h <= 24: locked anchor discovery evidence	verified_from_local_metadata_and_manual_paper_context	scored_in_current_transfer_eval	strong_expected_acute_innate_signal_for_1_to_24h; weak_but_biologically_explainable_for_72h	Strong positive IMRS at 1-24 h matches acute innate tissue response. Weak 72 h IMRS matches waning tissue-time kinetics, not model failure.	strong_expected_acute_innate_signal	matches_paper_context	1-24 h rows = locked anchor; 72 h rows = extended validation/kinetic context.	Time-course rows must not be pooled as one biological role.	Mouse Ad26/Ad5 vector vaccination time course across blood, muscle, and draining lymph node from 1 h to 72 h. The paper reports that innate immune response begins by 1 h, evolves across tissues within 24 h, and wanes by 72 h.	manual_curated_from_paper
GSE264344	GSE264344	GSE264344_design__T=dLN__H=12__B=NA__G=delivery_ad26__VS=baseline_0	<local_project_root>/00_metadata/verified_metadata/scoring/GSE264344/GSE264344_design.tsv	<local_project_root>/00_metadata/verified_metadata/splited/GSE264344_design/GSE264344_design__T=dLN__H=12__B=NA__G=delivery_ad26__VS=baseline_0.tsv	SRR28740177; SRR28740178; SRR28740179; SRR28740180; SRR28740181	SRR28740124; SRR28740125; SRR28740126; SRR28740127; SRR28740128	5	5	10	Mus musculus	dLN	NA	in vivo	NA	12	0; 12	delivery_ad26	baseline_0	delivery ad26	baseline 0	CONTROL; DELIVERY	adenoviral vector	adenoviral vector	NA	NA	NA	40162786	10.1128/jvi.00247-25	Early spatiotemporal evolution of the immune response elicited by adenovirus serotype 26 vector vaccination in mice	2025	GEO	GSE264344	Anchor	Locked anchor	FALSE	5.521888634175941	1	TRUE	TRUE	Strict anchor used for portability checks and frozen-score validation.	Not independent of the anchor evidence except in leave-one-anchor-out analysis. Organism metadata unavailable in inspected design files.	NA	NA	time_h <= 24: locked anchor discovery evidence	verified_from_local_metadata_and_manual_paper_context	scored_in_current_transfer_eval	strong_expected_acute_innate_signal_for_1_to_24h; weak_but_biologically_explainable_for_72h	Strong positive IMRS at 1-24 h matches acute innate tissue response. Weak 72 h IMRS matches waning tissue-time kinetics, not model failure.	strong_expected_acute_innate_signal	matches_paper_context	1-24 h rows = locked anchor; 72 h rows = extended validation/kinetic context.	Time-course rows must not be pooled as one biological role.	Mouse Ad26/Ad5 vector vaccination time course across blood, muscle, and draining lymph node from 1 h to 72 h. The paper reports that innate immune response begins by 1 h, evolves across tissues within 24 h, and wanes by 72 h.	manual_curated_from_paper
GSE264344	GSE264344	GSE264344_design__T=dLN__H=12__B=NA__G=delivery_ad5__VS=baseline_0	<local_project_root>/00_metadata/verified_metadata/scoring/GSE264344/GSE264344_design.tsv	<local_project_root>/00_metadata/verified_metadata/splited/GSE264344_design/GSE264344_design__T=dLN__H=12__B=NA__G=delivery_ad5__VS=baseline_0.tsv	SRR28740118; SRR28740173; SRR28740174; SRR28740175; SRR28740176	SRR28740124; SRR28740125; SRR28740126; SRR28740127; SRR28740128	5	5	10	Mus musculus	dLN	NA	in vivo	NA	12	0; 12	delivery_ad5	baseline_0	delivery ad5	baseline 0	CONTROL; DELIVERY	adenoviral vector	adenoviral vector	NA	NA	NA	40162786	10.1128/jvi.00247-25	Early spatiotemporal evolution of the immune response elicited by adenovirus serotype 26 vector vaccination in mice	2025	GEO	GSE264344	Anchor	Locked anchor	FALSE	5.006224300092883	1	TRUE	TRUE	Strict anchor used for portability checks and frozen-score validation.	Not independent of the anchor evidence except in leave-one-anchor-out analysis. Organism metadata unavailable in inspected design files.	NA	NA	time_h <= 24: locked anchor discovery evidence	verified_from_local_metadata_and_manual_paper_context	scored_in_current_transfer_eval	strong_expected_acute_innate_signal_for_1_to_24h; weak_but_biologically_explainable_for_72h	Strong positive IMRS at 1-24 h matches acute innate tissue response. Weak 72 h IMRS matches waning tissue-time kinetics, not model failure.	strong_expected_acute_innate_signal	matches_paper_context	1-24 h rows = locked anchor; 72 h rows = extended validation/kinetic context.	Time-course rows must not be pooled as one biological role.	Mouse Ad26/Ad5 vector vaccination time course across blood, muscle, and draining lymph node from 1 h to 72 h. The paper reports that innate immune response begins by 1 h, evolves across tissues within 24 h, and wanes by 72 h.	manual_curated_from_paper
GSE264344	GSE264344	GSE264344_design__T=Blood__H=24__B=NA__G=delivery_ad26__VS=baseline_0	<local_project_root>/00_metadata/verified_metadata/scoring/GSE264344/GSE264344_design.tsv	<local_project_root>/00_metadata/verified_metadata/splited/GSE264344_design/GSE264344_design__T=Blood__H=24__B=NA__G=delivery_ad26__VS=baseline_0.tsv	SRR28740171; SRR28740172; SRR28740228; SRR28740229; SRR28740230	SRR28740199; SRR28740200; SRR28740201; SRR28740202; SRR28740203	5	5	10	Mus musculus	Blood	NA	in vivo	NA	24	0; 24	delivery_ad26	baseline_0	delivery ad26	baseline 0	CONTROL; DELIVERY	adenoviral vector	adenoviral vector	NA	NA	NA	40162786	10.1128/jvi.00247-25	Early spatiotemporal evolution of the immune response elicited by adenovirus serotype 26 vector vaccination in mice	2025	GEO	GSE264344	Anchor	Locked anchor	FALSE	2.7381119047981937	1	TRUE	TRUE	Strict anchor used for portability checks and frozen-score validation.	Not independent of the anchor evidence except in leave-one-anchor-out analysis. Organism metadata unavailable in inspected design files.	NA	NA	time_h <= 24: locked anchor discovery evidence	verified_from_local_metadata_and_manual_paper_context	scored_in_current_transfer_eval	strong_expected_acute_innate_signal_for_1_to_24h; weak_but_biologically_explainable_for_72h	Strong positive IMRS at 1-24 h matches acute innate tissue response. Weak 72 h IMRS matches waning tissue-time kinetics, not model failure.	strong_expected_acute_innate_signal	matches_paper_context	1-24 h rows = locked anchor; 72 h rows = extended validation/kinetic context.	Time-course rows must not be pooled as one biological role.	Mouse Ad26/Ad5 vector vaccination time course across blood, muscle, and draining lymph node from 1 h to 72 h. The paper reports that innate immune response begins by 1 h, evolves across tissues within 24 h, and wanes by 72 h.	manual_curated_from_paper
GSE264344	GSE264344	GSE264344_design__T=Blood__H=24__B=NA__G=delivery_ad5__VS=baseline_0	<local_project_root>/00_metadata/verified_metadata/scoring/GSE264344/GSE264344_design.tsv	<local_project_root>/00_metadata/verified_metadata/splited/GSE264344_design/GSE264344_design__T=Blood__H=24__B=NA__G=delivery_ad5__VS=baseline_0.tsv	SRR28740223; SRR28740224; SRR28740225; SRR28740226; SRR28740227	SRR28740199; SRR28740200; SRR28740201; SRR28740202; SRR28740203	5	5	10	Mus musculus	Blood	NA	in vivo	NA	24	0; 24	delivery_ad5	baseline_0	delivery ad5	baseline 0	CONTROL; DELIVERY	adenoviral vector	adenoviral vector	NA	NA	NA	40162786	10.1128/jvi.00247-25	Early spatiotemporal evolution of the immune response elicited by adenovirus serotype 26 vector vaccination in mice	2025	GEO	GSE264344	Anchor	Locked anchor	FALSE	1.4094733289679715	1	TRUE	TRUE	Strict anchor used for portability checks and frozen-score validation.	Not independent of the anchor evidence except in leave-one-anchor-out analysis. Organism metadata unavailable in inspected design files.	NA	NA	time_h <= 24: locked anchor discovery evidence	verified_from_local_metadata_and_manual_paper_context	scored_in_current_transfer_eval	strong_expected_acute_innate_signal_for_1_to_24h; weak_but_biologically_explainable_for_72h	Strong positive IMRS at 1-24 h matches acute innate tissue response. Weak 72 h IMRS matches waning tissue-time kinetics, not model failure.	strong_expected_acute_innate_signal	matches_paper_context	1-24 h rows = locked anchor; 72 h rows = extended validation/kinetic context.	Time-course rows must not be pooled as one biological role.	Mouse Ad26/Ad5 vector vaccination time course across blood, muscle, and draining lymph node from 1 h to 72 h. The paper reports that innate immune response begins by 1 h, evolves across tissues within 24 h, and wanes by 72 h.	manual_curated_from_paper
GSE264344	GSE264344	GSE264344_design__T=Muscle__H=24__B=NA__G=delivery_ad26__VS=baseline_0	<local_project_root>/00_metadata/verified_metadata/scoring/GSE264344/GSE264344_design.tsv	<local_project_root>/00_metadata/verified_metadata/splited/GSE264344_design/GSE264344_design__T=Muscle__H=24__B=NA__G=delivery_ad26__VS=baseline_0.tsv	SRR28740116; SRR28740134; SRR28740136; SRR28740138; SRR28740141	SRR28740119; SRR28740120; SRR28740121; SRR28740122; SRR28740123	5	5	10	Mus musculus	Muscle	NA	in vivo	NA	24	0; 24	delivery_ad26	baseline_0	delivery ad26	baseline 0	CONTROL; DELIVERY	adenoviral vector	adenoviral vector	NA	NA	NA	40162786	10.1128/jvi.00247-25	Early spatiotemporal evolution of the immune response elicited by adenovirus serotype 26 vector vaccination in mice	2025	GEO	GSE264344	Anchor	Locked anchor	FALSE	3.5649069751207745	1	TRUE	TRUE	Strict anchor used for portability checks and frozen-score validation.	Not independent of the anchor evidence except in leave-one-anchor-out analysis. Organism metadata unavailable in inspected design files.	NA	NA	time_h <= 24: locked anchor discovery evidence	verified_from_local_metadata_and_manual_paper_context	scored_in_current_transfer_eval	strong_expected_acute_innate_signal_for_1_to_24h; weak_but_biologically_explainable_for_72h	Strong positive IMRS at 1-24 h matches acute innate tissue response. Weak 72 h IMRS matches waning tissue-time kinetics, not model failure.	strong_expected_acute_innate_signal	matches_paper_context	1-24 h rows = locked anchor; 72 h rows = extended validation/kinetic context.	Time-course rows must not be pooled as one biological role.	Mouse Ad26/Ad5 vector vaccination time course across blood, muscle, and draining lymph node from 1 h to 72 h. The paper reports that innate immune response begins by 1 h, evolves across tissues within 24 h, and wanes by 72 h.	manual_curated_from_paper
GSE264344	GSE264344	GSE264344_design__T=Muscle__H=24__B=NA__G=delivery_ad5__VS=baseline_0	<local_project_root>/00_metadata/verified_metadata/scoring/GSE264344/GSE264344_design.tsv	<local_project_root>/00_metadata/verified_metadata/splited/GSE264344_design/GSE264344_design__T=Muscle__H=24__B=NA__G=delivery_ad5__VS=baseline_0.tsv	SRR28740132; SRR28740164; SRR28740166; SRR28740168; SRR28740170	SRR28740119; SRR28740120; SRR28740121; SRR28740122; SRR28740123	5	5	10	Mus musculus	Muscle	NA	in vivo	NA	24	0; 24	delivery_ad5	baseline_0	delivery ad5	baseline 0	CONTROL; DELIVERY	adenoviral vector	adenoviral vector	NA	NA	NA	40162786	10.1128/jvi.00247-25	Early spatiotemporal evolution of the immune response elicited by adenovirus serotype 26 vector vaccination in mice	2025	GEO	GSE264344	Anchor	Locked anchor	FALSE	3.5245362334746155	1	TRUE	TRUE	Strict anchor used for portability checks and frozen-score validation.	Not independent of the anchor evidence except in leave-one-anchor-out analysis. Organism metadata unavailable in inspected design files.	NA	NA	time_h <= 24: locked anchor discovery evidence	verified_from_local_metadata_and_manual_paper_context	scored_in_current_transfer_eval	strong_expected_acute_innate_signal_for_1_to_24h; weak_but_biologically_explainable_for_72h	Strong positive IMRS at 1-24 h matches acute innate tissue response. Weak 72 h IMRS matches waning tissue-time kinetics, not model failure.	strong_expected_acute_innate_signal	matches_paper_context	1-24 h rows = locked anchor; 72 h rows = extended validation/kinetic context.	Time-course rows must not be pooled as one biological role.	Mouse Ad26/Ad5 vector vaccination time course across blood, muscle, and draining lymph node from 1 h to 72 h. The paper reports that innate immune response begins by 1 h, evolves across tissues within 24 h, and wanes by 72 h.	manual_curated_from_paper
GSE264344	GSE264344	GSE264344_design__T=dLN__H=24__B=NA__G=delivery_ad26__VS=baseline_0	<local_project_root>/00_metadata/verified_metadata/scoring/GSE264344/GSE264344_design.tsv	<local_project_root>/00_metadata/verified_metadata/splited/GSE264344_design/GSE264344_design__T=dLN__H=24__B=NA__G=delivery_ad26__VS=baseline_0.tsv	SRR28740214; SRR28740216; SRR28740218; SRR28740220; SRR28740222	SRR28740124; SRR28740125; SRR28740126; SRR28740127; SRR28740128	5	5	10	Mus musculus	dLN	NA	in vivo	NA	24	0; 24	delivery_ad26	baseline_0	delivery ad26	baseline 0	CONTROL; DELIVERY	adenoviral vector	adenoviral vector	NA	NA	NA	40162786	10.1128/jvi.00247-25	Early spatiotemporal evolution of the immune response elicited by adenovirus serotype 26 vector vaccination in mice	2025	GEO	GSE264344	Anchor	Locked anchor	FALSE	3.75024700596753	1	TRUE	TRUE	Strict anchor used for portability checks and frozen-score validation.	Not independent of the anchor evidence except in leave-one-anchor-out analysis. Organism metadata unavailable in inspected design files.	NA	NA	time_h <= 24: locked anchor discovery evidence	verified_from_local_metadata_and_manual_paper_context	scored_in_current_transfer_eval	strong_expected_acute_innate_signal_for_1_to_24h; weak_but_biologically_explainable_for_72h	Strong positive IMRS at 1-24 h matches acute innate tissue response. Weak 72 h IMRS matches waning tissue-time kinetics, not model failure.	strong_expected_acute_innate_signal	matches_paper_context	1-24 h rows = locked anchor; 72 h rows = extended validation/kinetic context.	Time-course rows must not be pooled as one biological role.	Mouse Ad26/Ad5 vector vaccination time course across blood, muscle, and draining lymph node from 1 h to 72 h. The paper reports that innate immune response begins by 1 h, evolves across tissues within 24 h, and wanes by 72 h.	manual_curated_from_paper
GSE264344	GSE264344	GSE264344_design__T=dLN__H=24__B=NA__G=delivery_ad5__VS=baseline_0	<local_project_root>/00_metadata/verified_metadata/scoring/GSE264344/GSE264344_design.tsv	<local_project_root>/00_metadata/verified_metadata/splited/GSE264344_design/GSE264344_design__T=dLN__H=24__B=NA__G=delivery_ad5__VS=baseline_0.tsv	SRR28740144; SRR28740146; SRR28740148; SRR28740150; SRR28740212	SRR28740124; SRR28740125; SRR28740126; SRR28740127; SRR28740128	5	5	10	Mus musculus	dLN	NA	in vivo	NA	24	0; 24	delivery_ad5	baseline_0	delivery ad5	baseline 0	CONTROL; DELIVERY	adenoviral vector	adenoviral vector	NA	NA	NA	40162786	10.1128/jvi.00247-25	Early spatiotemporal evolution of the immune response elicited by adenovirus serotype 26 vector vaccination in mice	2025	GEO	GSE264344	Anchor	Locked anchor	FALSE	3.164769842555989	1	TRUE	TRUE	Strict anchor used for portability checks and frozen-score validation.	Not independent of the anchor evidence except in leave-one-anchor-out analysis. Organism metadata unavailable in inspected design files.	NA	NA	time_h <= 24: locked anchor discovery evidence	verified_from_local_metadata_and_manual_paper_context	scored_in_current_transfer_eval	strong_expected_acute_innate_signal_for_1_to_24h; weak_but_biologically_explainable_for_72h	Strong positive IMRS at 1-24 h matches acute innate tissue response. Weak 72 h IMRS matches waning tissue-time kinetics, not model failure.	strong_expected_acute_innate_signal	matches_paper_context	1-24 h rows = locked anchor; 72 h rows = extended validation/kinetic context.	Time-course rows must not be pooled as one biological role.	Mouse Ad26/Ad5 vector vaccination time course across blood, muscle, and draining lymph node from 1 h to 72 h. The paper reports that innate immune response begins by 1 h, evolves across tissues within 24 h, and wanes by 72 h.	manual_curated_from_paper
GSE264344	GSE264344	GSE264344_design__T=Blood__H=72__B=NA__G=delivery_ad26__VS=baseline_0	<local_project_root>/00_metadata/verified_metadata/scoring/GSE264344/GSE264344_design.tsv	<local_project_root>/00_metadata/verified_metadata/splited/GSE264344_design/GSE264344_design__T=Blood__H=72__B=NA__G=delivery_ad26__VS=baseline_0.tsv	SRR28740151; SRR28740152; SRR28740153; SRR28740209; SRR28740210	SRR28740199; SRR28740200; SRR28740201; SRR28740202; SRR28740203	5	5	10	Mus musculus	Blood	NA	in vivo	NA	72	0; 72	delivery_ad26	baseline_0	delivery ad26	baseline 0	CONTROL; DELIVERY	adenovirus serotype 26 vector	adenoviral vector	NA	NA	NA	40162786	10.1128/jvi.00247-25	Early spatiotemporal evolution of the immune response elicited by adenovirus serotype 26 vector vaccination in mice	2025	GEO	GSE264344	validation	Extended validation	FALSE	0.08713996296972348	0.7200000000000001	TRUE	TRUE	External late-time transfer contrast; exploratory for publication claims.	Late timepoint; exploratory transfer, not strict acute innate validation. Organism metadata unavailable in inspected design files.	Delta IMRSz is 0.087 in Blood at 72 h. For the Ad vector time-course, this 72 h external split is best interpreted as waning tissue-time kinetics, not as evidence against early innate activation.	low	PMID/title from user-provided verified mapping; no local metadata contradiction was found.	verified_from_local_metadata_and_manual_paper_context	scored_in_current_transfer_eval	strong_expected_acute_innate_signal_for_1_to_24h; weak_but_biologically_explainable_for_72h	Strong positive IMRS at 1-24 h matches acute innate tissue response. Weak 72 h IMRS matches waning tissue-time kinetics, not model failure.	weak_but_biologically_explainable	context_explains_weaker_signal	1-24 h rows = locked anchor; 72 h rows = extended validation/kinetic context.	Time-course rows must not be pooled as one biological role.	Mouse Ad26/Ad5 vector vaccination time course across blood, muscle, and draining lymph node from 1 h to 72 h. The paper reports that innate immune response begins by 1 h, evolves across tissues within 24 h, and wanes by 72 h.	manual_curated_from_paper
GSE264344	GSE264344	GSE264344_design__T=Blood__H=72__B=NA__G=delivery_ad5__VS=baseline_0	<local_project_root>/00_metadata/verified_metadata/scoring/GSE264344/GSE264344_design.tsv	<local_project_root>/00_metadata/verified_metadata/splited/GSE264344_design/GSE264344_design__T=Blood__H=72__B=NA__G=delivery_ad5__VS=baseline_0.tsv	SRR28740204; SRR28740205; SRR28740206; SRR28740207; SRR28740208	SRR28740199; SRR28740200; SRR28740201; SRR28740202; SRR28740203	5	5	10	Mus musculus	Blood	NA	in vivo	NA	72	0; 72	delivery_ad5	baseline_0	delivery ad5	baseline 0	CONTROL; DELIVERY	adenovirus serotype 5 vector	adenoviral vector	NA	NA	NA	40162786	10.1128/jvi.00247-25	Early spatiotemporal evolution of the immune response elicited by adenovirus serotype 26 vector vaccination in mice	2025	GEO	GSE264344	validation	Extended validation	FALSE	0.26635130536495155	0.96	TRUE	TRUE	External late-time transfer contrast; exploratory for publication claims.	Late timepoint; exploratory transfer, not strict acute innate validation. Organism metadata unavailable in inspected design files.	Delta IMRSz is 0.266 in Blood at 72 h. For the Ad vector time-course, this 72 h external split is best interpreted as waning tissue-time kinetics, not as evidence against early innate activation.	low	PMID/title from user-provided verified mapping; no local metadata contradiction was found.	verified_from_local_metadata_and_manual_paper_context	scored_in_current_transfer_eval	strong_expected_acute_innate_signal_for_1_to_24h; weak_but_biologically_explainable_for_72h	Strong positive IMRS at 1-24 h matches acute innate tissue response. Weak 72 h IMRS matches waning tissue-time kinetics, not model failure.	weak_but_biologically_explainable	context_explains_weaker_signal	1-24 h rows = locked anchor; 72 h rows = extended validation/kinetic context.	Time-course rows must not be pooled as one biological role.	Mouse Ad26/Ad5 vector vaccination time course across blood, muscle, and draining lymph node from 1 h to 72 h. The paper reports that innate immune response begins by 1 h, evolves across tissues within 24 h, and wanes by 72 h.	manual_curated_from_paper
GSE264344	GSE264344	GSE264344_design__T=Muscle__H=72__B=NA__G=delivery_ad26__VS=baseline_0	<local_project_root>/00_metadata/verified_metadata/scoring/GSE264344/GSE264344_design.tsv	<local_project_root>/00_metadata/verified_metadata/splited/GSE264344_design/GSE264344_design__T=Muscle__H=72__B=NA__G=delivery_ad26__VS=baseline_0.tsv	SRR28740159; SRR28740160; SRR28740161; SRR28740162; SRR28740163	SRR28740119; SRR28740120; SRR28740121; SRR28740122; SRR28740123	5	5	10	Mus musculus	Muscle	NA	in vivo	NA	72	0; 72	delivery_ad26	baseline_0	delivery ad26	baseline 0	CONTROL; DELIVERY	adenovirus serotype 26 vector	adenoviral vector	NA	NA	NA	40162786	10.1128/jvi.00247-25	Early spatiotemporal evolution of the immune response elicited by adenovirus serotype 26 vector vaccination in mice	2025	GEO	GSE264344	validation	Extended validation	FALSE	1.0550234100660878	0.96	TRUE	TRUE	External late-time transfer contrast; exploratory for publication claims.	Late timepoint; exploratory transfer, not strict acute innate validation. Organism metadata unavailable in inspected design files.	Delta IMRSz is 1.055 in Muscle at 72 h. For the Ad vector time-course, this 72 h external split is best interpreted as waning tissue-time kinetics, not as evidence against early innate activation.	low	PMID/title from user-provided verified mapping; no local metadata contradiction was found.	verified_from_local_metadata_and_manual_paper_context	scored_in_current_transfer_eval	strong_expected_acute_innate_signal_for_1_to_24h; weak_but_biologically_explainable_for_72h	Strong positive IMRS at 1-24 h matches acute innate tissue response. Weak 72 h IMRS matches waning tissue-time kinetics, not model failure.	weak_but_biologically_explainable	context_explains_weaker_signal	1-24 h rows = locked anchor; 72 h rows = extended validation/kinetic context.	Time-course rows must not be pooled as one biological role.	Mouse Ad26/Ad5 vector vaccination time course across blood, muscle, and draining lymph node from 1 h to 72 h. The paper reports that innate immune response begins by 1 h, evolves across tissues within 24 h, and wanes by 72 h.	manual_curated_from_paper
GSE264344	GSE264344	GSE264344_design__T=Muscle__H=72__B=NA__G=delivery_ad5__VS=baseline_0	<local_project_root>/00_metadata/verified_metadata/scoring/GSE264344/GSE264344_design.tsv	<local_project_root>/00_metadata/verified_metadata/splited/GSE264344_design/GSE264344_design__T=Muscle__H=72__B=NA__G=delivery_ad5__VS=baseline_0.tsv	SRR28740154; SRR28740155; SRR28740156; SRR28740157; SRR28740158	SRR28740119; SRR28740120; SRR28740121; SRR28740122; SRR28740123	5	5	10	Mus musculus	Muscle	NA	in vivo	NA	72	0; 72	delivery_ad5	baseline_0	delivery ad5	baseline 0	CONTROL; DELIVERY	adenovirus serotype 5 vector	adenoviral vector	NA	NA	NA	40162786	10.1128/jvi.00247-25	Early spatiotemporal evolution of the immune response elicited by adenovirus serotype 26 vector vaccination in mice	2025	GEO	GSE264344	validation	Extended validation	FALSE	1.441223145245387	1	TRUE	TRUE	External late-time transfer contrast; exploratory for publication claims.	Late timepoint; exploratory transfer, not strict acute innate validation. Organism metadata unavailable in inspected design files.	Delta IMRSz is 1.441 in Muscle at 72 h. For the Ad vector time-course, this 72 h external split is best interpreted as waning tissue-time kinetics, not as evidence against early innate activation.	low	PMID/title from user-provided verified mapping; no local metadata contradiction was found.	verified_from_local_metadata_and_manual_paper_context	scored_in_current_transfer_eval	strong_expected_acute_innate_signal_for_1_to_24h; weak_but_biologically_explainable_for_72h	Strong positive IMRS at 1-24 h matches acute innate tissue response. Weak 72 h IMRS matches waning tissue-time kinetics, not model failure.	weak_but_biologically_explainable	context_explains_weaker_signal	1-24 h rows = locked anchor; 72 h rows = extended validation/kinetic context.	Time-course rows must not be pooled as one biological role.	Mouse Ad26/Ad5 vector vaccination time course across blood, muscle, and draining lymph node from 1 h to 72 h. The paper reports that innate immune response begins by 1 h, evolves across tissues within 24 h, and wanes by 72 h.	manual_curated_from_paper
GSE264344	GSE264344	GSE264344_design__T=dLN__H=72__B=NA__G=delivery_ad26__VS=baseline_0	<local_project_root>/00_metadata/verified_metadata/scoring/GSE264344/GSE264344_design.tsv	<local_project_root>/00_metadata/verified_metadata/splited/GSE264344_design/GSE264344_design__T=dLN__H=72__B=NA__G=delivery_ad26__VS=baseline_0.tsv	SRR28740194; SRR28740195; SRR28740196; SRR28740197; SRR28740198	SRR28740124; SRR28740125; SRR28740126; SRR28740127; SRR28740128	5	5	10	Mus musculus	dLN	NA	in vivo	NA	72	0; 72	delivery_ad26	baseline_0	delivery ad26	baseline 0	CONTROL; DELIVERY	adenovirus serotype 26 vector	adenoviral vector	NA	NA	NA	40162786	10.1128/jvi.00247-25	Early spatiotemporal evolution of the immune response elicited by adenovirus serotype 26 vector vaccination in mice	2025	GEO	GSE264344	validation	Extended validation	FALSE	0.3932971804473866	0.8	TRUE	TRUE	External late-time transfer contrast; exploratory for publication claims.	Late timepoint; exploratory transfer, not strict acute innate validation. Organism metadata unavailable in inspected design files.	Delta IMRSz is 0.393 in dLN at 72 h. For the Ad vector time-course, this 72 h external split is best interpreted as waning tissue-time kinetics, not as evidence against early innate activation.	low	PMID/title from user-provided verified mapping; no local metadata contradiction was found.	verified_from_local_metadata_and_manual_paper_context	scored_in_current_transfer_eval	strong_expected_acute_innate_signal_for_1_to_24h; weak_but_biologically_explainable_for_72h	Strong positive IMRS at 1-24 h matches acute innate tissue response. Weak 72 h IMRS matches waning tissue-time kinetics, not model failure.	weak_but_biologically_explainable	context_explains_weaker_signal	1-24 h rows = locked anchor; 72 h rows = extended validation/kinetic context.	Time-course rows must not be pooled as one biological role.	Mouse Ad26/Ad5 vector vaccination time course across blood, muscle, and draining lymph node from 1 h to 72 h. The paper reports that innate immune response begins by 1 h, evolves across tissues within 24 h, and wanes by 72 h.	manual_curated_from_paper
GSE264344	GSE264344	GSE264344_design__T=dLN__H=72__B=NA__G=delivery_ad5__VS=baseline_0	<local_project_root>/00_metadata/verified_metadata/scoring/GSE264344/GSE264344_design.tsv	<local_project_root>/00_metadata/verified_metadata/splited/GSE264344_design/GSE264344_design__T=dLN__H=72__B=NA__G=delivery_ad5__VS=baseline_0.tsv	SRR28740129; SRR28740130; SRR28740191; SRR28740192; SRR28740193	SRR28740124; SRR28740125; SRR28740126; SRR28740127; SRR28740128	5	5	10	Mus musculus	dLN	NA	in vivo	NA	72	0; 72	delivery_ad5	baseline_0	delivery ad5	baseline 0	CONTROL; DELIVERY	adenovirus serotype 5 vector	adenoviral vector	NA	NA	NA	40162786	10.1128/jvi.00247-25	Early spatiotemporal evolution of the immune response elicited by adenovirus serotype 26 vector vaccination in mice	2025	GEO	GSE264344	validation	Extended validation	FALSE	0.4507210263939263	0.8	TRUE	TRUE	External late-time transfer contrast; exploratory for publication claims.	Late timepoint; exploratory transfer, not strict acute innate validation. Organism metadata unavailable in inspected design files.	Delta IMRSz is 0.451 in dLN at 72 h. For the Ad vector time-course, this 72 h external split is best interpreted as waning tissue-time kinetics, not as evidence against early innate activation.	low	PMID/title from user-provided verified mapping; no local metadata contradiction was found.	verified_from_local_metadata_and_manual_paper_context	scored_in_current_transfer_eval	strong_expected_acute_innate_signal_for_1_to_24h; weak_but_biologically_explainable_for_72h	Strong positive IMRS at 1-24 h matches acute innate tissue response. Weak 72 h IMRS matches waning tissue-time kinetics, not model failure.	weak_but_biologically_explainable	context_explains_weaker_signal	1-24 h rows = locked anchor; 72 h rows = extended validation/kinetic context.	Time-course rows must not be pooled as one biological role.	Mouse Ad26/Ad5 vector vaccination time course across blood, muscle, and draining lymph node from 1 h to 72 h. The paper reports that innate immune response begins by 1 h, evolves across tissues within 24 h, and wanes by 72 h.	manual_curated_from_paper
GSE279372	GSE279372	GSE279372_design__T=draining_lymph_nodes__H=24__B=NA__G=GID00110503__VS=baseline_0	<local_project_root>/00_metadata/verified_metadata/scoring/GSE279372/GSE279372_design.tsv	<local_project_root>/00_metadata/verified_metadata/splited/GSE279372_design/GSE279372_design__T=draining_lymph_nodes__H=24__B=NA__G=GID00110503__VS=baseline_0.tsv	SRR30976293; SRR30976294; SRR30976295; SRR30976296	SRR30976313; SRR30976314; SRR30976315; SRR30976316	4	4	8	Mus musculus	draining lymph nodes	NA	in vivo	NA	24	24	delivery_250_g_alum_5_g_gi_1_gii_4_vlp_injected	baseline_0	delivery 250 g alum 5 g gi 1 gii 4 vlp injected	baseline 0	CONTROL; DELIVERY	vaccine formulation / LNP or alum/VLP depending split	LNP adjuvant / norovirus VLP vaccine	NA	NA	NA	39494905	10.1128/jvi.01699-24	Lipid nanoparticles as adjuvant of norovirus VLP vaccine augment cellular and humoral immune responses in a TLR9- and type I IFN-dependent pathway	2024	GEO	GSE279372	Anchor	Locked anchor	FALSE	0.4684414966881426	0.6875	TRUE	TRUE	Non-strict acute calibration dataset; supports external acute validation without expanding anchor set.	Calibration dataset; not counted as a strict anchor. Organism metadata unavailable in inspected design files.	NA	NA	locked anchor; acute discovery context	verified_from_local_metadata_and_manual_paper_context	scored_in_current_transfer_eval	strong_expected_acute_innate_signal	Strong positive IMRS is biologically plausible because the LNP adjuvant context is associated with innate/type I IFN-dependent vaccine response.	moderate_expected_signal	matches_paper_context	Locked anchor evidence in the five-dataset production anchor set.	VLP antigen and adjuvant biology are mixed.	Mouse draining lymph node RNA-seq 24 h after NoV VLP vaccine and LNP/adjuvant treatment. Paper reports LNP adjuvant activity and type I IFN/TLR9-dependent mechanism.	manual_curated_from_paper
GSE279372	GSE279372	GSE279372_design__T=draining_lymph_nodes__H=24__B=NA__G=GID00110754__VS=baseline_0	<local_project_root>/00_metadata/verified_metadata/scoring/GSE279372/GSE279372_design.tsv	<local_project_root>/00_metadata/verified_metadata/splited/GSE279372_design/GSE279372_design__T=draining_lymph_nodes__H=24__B=NA__G=GID00110754__VS=baseline_0.tsv	SRR30976301; SRR30976302; SRR30976303; SRR30976304	SRR30976313; SRR30976314; SRR30976315; SRR30976316	4	4	8	Mus musculus	draining lymph nodes	NA	in vivo	NA	24	24	delivery_125_g_lnps_5_g_gi_1_gii_4_vlp_injected	baseline_0	delivery 125 g lnps 5 g gi 1 gii 4 vlp injected	baseline 0	CONTROL; DELIVERY	vaccine formulation / LNP or alum/VLP depending split	LNP adjuvant / norovirus VLP vaccine	NA	NA	NA	39494905	10.1128/jvi.01699-24	Lipid nanoparticles as adjuvant of norovirus VLP vaccine augment cellular and humoral immune responses in a TLR9- and type I IFN-dependent pathway	2024	GEO	GSE279372	Anchor	Locked anchor	FALSE	22.534933511125143	1	TRUE	TRUE	Non-strict acute calibration dataset; supports external acute validation without expanding anchor set.	Calibration dataset; not counted as a strict anchor. Organism metadata unavailable in inspected design files.	NA	NA	locked anchor; acute discovery context	verified_from_local_metadata_and_manual_paper_context	scored_in_current_transfer_eval	strong_expected_acute_innate_signal	Strong positive IMRS is biologically plausible because the LNP adjuvant context is associated with innate/type I IFN-dependent vaccine response.	strong_expected_acute_innate_signal	matches_paper_context	Locked anchor evidence in the five-dataset production anchor set.	VLP antigen and adjuvant biology are mixed.	Mouse draining lymph node RNA-seq 24 h after NoV VLP vaccine and LNP/adjuvant treatment. Paper reports LNP adjuvant activity and type I IFN/TLR9-dependent mechanism.	manual_curated_from_paper
GSE279372	GSE279372	GSE279372_design__T=draining_lymph_nodes__H=24__B=NA__G=GID00114748__VS=baseline_0	<local_project_root>/00_metadata/verified_metadata/scoring/GSE279372/GSE279372_design.tsv	<local_project_root>/00_metadata/verified_metadata/splited/GSE279372_design/GSE279372_design__T=draining_lymph_nodes__H=24__B=NA__G=GID00114748__VS=baseline_0.tsv	SRR30976297; SRR30976298; SRR30976299; SRR30976300	SRR30976313; SRR30976314; SRR30976315; SRR30976316	4	4	8	Mus musculus	draining lymph nodes	NA	in vivo	NA	24	24	delivery_1000_g_lnps_5_g_gi_1_gii_4_vlp_injected	baseline_0	delivery 1000 g lnps 5 g gi 1 gii 4 vlp injected	baseline 0	CONTROL; DELIVERY	vaccine formulation / LNP or alum/VLP depending split	LNP adjuvant / norovirus VLP vaccine	NA	NA	NA	39494905	10.1128/jvi.01699-24	Lipid nanoparticles as adjuvant of norovirus VLP vaccine augment cellular and humoral immune responses in a TLR9- and type I IFN-dependent pathway	2024	GEO	GSE279372	Anchor	Locked anchor	FALSE	28.73023370273408	1	TRUE	TRUE	Non-strict acute calibration dataset; supports external acute validation without expanding anchor set.	Calibration dataset; not counted as a strict anchor. Organism metadata unavailable in inspected design files.	NA	NA	locked anchor; acute discovery context	verified_from_local_metadata_and_manual_paper_context	scored_in_current_transfer_eval	strong_expected_acute_innate_signal	Strong positive IMRS is biologically plausible because the LNP adjuvant context is associated with innate/type I IFN-dependent vaccine response.	strong_expected_acute_innate_signal	matches_paper_context	Locked anchor evidence in the five-dataset production anchor set.	VLP antigen and adjuvant biology are mixed.	Mouse draining lymph node RNA-seq 24 h after NoV VLP vaccine and LNP/adjuvant treatment. Paper reports LNP adjuvant activity and type I IFN/TLR9-dependent mechanism.	manual_curated_from_paper
GSE279372	GSE279372	GSE279372_design__T=draining_lymph_nodes__H=24__B=NA__G=delivery_1000_g_lnps_injected__VS=baseline_0	<local_project_root>/00_metadata/verified_metadata/scoring/GSE279372/GSE279372_design.tsv	<local_project_root>/00_metadata/verified_metadata/splited/GSE279372_design/GSE279372_design__T=draining_lymph_nodes__H=24__B=NA__G=delivery_1000_g_lnps_injected__VS=baseline_0.tsv	SRR30976305; SRR30976306; SRR30976307; SRR30976308	SRR30976313; SRR30976314; SRR30976315; SRR30976316	4	4	8	Mus musculus	draining lymph nodes	NA	in vivo	NA	24	24	delivery_1000_g_lnps_injected	baseline_0	delivery 1000 g lnps injected	baseline 0	CONTROL; DELIVERY	vaccine formulation / LNP or alum/VLP depending split	LNP adjuvant / norovirus VLP vaccine	NA	NA	NA	39494905	10.1128/jvi.01699-24	Lipid nanoparticles as adjuvant of norovirus VLP vaccine augment cellular and humoral immune responses in a TLR9- and type I IFN-dependent pathway	2024	GEO	GSE279372	Anchor	Locked anchor	FALSE	28.281184954437517	1	TRUE	TRUE	Non-strict acute calibration dataset; supports external acute validation without expanding anchor set.	Calibration dataset; not counted as a strict anchor. Organism metadata unavailable in inspected design files.	NA	NA	locked anchor; acute discovery context	verified_from_local_metadata_and_manual_paper_context	scored_in_current_transfer_eval	strong_expected_acute_innate_signal	Strong positive IMRS is biologically plausible because the LNP adjuvant context is associated with innate/type I IFN-dependent vaccine response.	strong_expected_acute_innate_signal	matches_paper_context	Locked anchor evidence in the five-dataset production anchor set.	VLP antigen and adjuvant biology are mixed.	Mouse draining lymph node RNA-seq 24 h after NoV VLP vaccine and LNP/adjuvant treatment. Paper reports LNP adjuvant activity and type I IFN/TLR9-dependent mechanism.	manual_curated_from_paper
GSE279372	GSE279372	GSE279372_design__T=draining_lymph_nodes__H=24__B=NA__G=delivery_250_g_alum_injected__VS=baseline_0	<local_project_root>/00_metadata/verified_metadata/scoring/GSE279372/GSE279372_design.tsv	<local_project_root>/00_metadata/verified_metadata/splited/GSE279372_design/GSE279372_design__T=draining_lymph_nodes__H=24__B=NA__G=delivery_250_g_alum_injected__VS=baseline_0.tsv	SRR30976309; SRR30976310; SRR30976311; SRR30976312	SRR30976313; SRR30976314; SRR30976315; SRR30976316	4	4	8	Mus musculus	draining lymph nodes	NA	in vivo	NA	24	24	delivery_250_g_alum_injected	baseline_0	delivery 250 g alum injected	baseline 0	CONTROL; DELIVERY	vaccine formulation / LNP or alum/VLP depending split	LNP adjuvant / norovirus VLP vaccine	NA	NA	NA	39494905	10.1128/jvi.01699-24	Lipid nanoparticles as adjuvant of norovirus VLP vaccine augment cellular and humoral immune responses in a TLR9- and type I IFN-dependent pathway	2024	GEO	GSE279372	Anchor	Locked anchor	FALSE	-0.521111432394882	0.3125	FALSE	TRUE	Non-strict acute calibration dataset; supports external acute validation without expanding anchor set.	Calibration dataset; not counted as a strict anchor. Organism metadata unavailable in inspected design files.	NA	NA	locked anchor; acute discovery context	verified_from_local_metadata_and_manual_paper_context	scored_in_current_transfer_eval	strong_expected_acute_innate_signal	Strong positive IMRS is biologically plausible because the LNP adjuvant context is associated with innate/type I IFN-dependent vaccine response.	negative_or_low_requires_review	requires_manual_review	Locked anchor evidence in the five-dataset production anchor set.	VLP antigen and adjuvant biology are mixed.	Mouse draining lymph node RNA-seq 24 h after NoV VLP vaccine and LNP/adjuvant treatment. Paper reports LNP adjuvant activity and type I IFN/TLR9-dependent mechanism.	manual_curated_from_paper
GSE279372	GSE279372	GSE279372_design__T=draining_lymph_nodes__H=24__B=NA__G=delivery_5_g_gi_1_gii_4_vlp__VS=baseline_0	<local_project_root>/00_metadata/verified_metadata/scoring/GSE279372/GSE279372_design.tsv	<local_project_root>/00_metadata/verified_metadata/splited/GSE279372_design/GSE279372_design__T=draining_lymph_nodes__H=24__B=NA__G=delivery_5_g_gi_1_gii_4_vlp__VS=baseline_0.tsv	SRR30976289; SRR30976290; SRR30976291; SRR30976292	SRR30976313; SRR30976314; SRR30976315; SRR30976316	4	4	8	Mus musculus	draining lymph nodes	NA	in vivo	NA	24	24	delivery_5_g_gi_1_gii_4_vlp	baseline_0	delivery 5 g gi 1 gii 4 vlp	baseline 0	CONTROL; DELIVERY	vaccine formulation / LNP or alum/VLP depending split	LNP adjuvant / norovirus VLP vaccine	NA	NA	NA	39494905	10.1128/jvi.01699-24	Lipid nanoparticles as adjuvant of norovirus VLP vaccine augment cellular and humoral immune responses in a TLR9- and type I IFN-dependent pathway	2024	GEO	GSE279372	Anchor	Locked anchor	FALSE	2.562748652650221	1	TRUE	TRUE	Non-strict acute calibration dataset; supports external acute validation without expanding anchor set.	Calibration dataset; not counted as a strict anchor. Organism metadata unavailable in inspected design files.	NA	NA	locked anchor; acute discovery context	verified_from_local_metadata_and_manual_paper_context	scored_in_current_transfer_eval	strong_expected_acute_innate_signal	Strong positive IMRS is biologically plausible because the LNP adjuvant context is associated with innate/type I IFN-dependent vaccine response.	strong_expected_acute_innate_signal	matches_paper_context	Locked anchor evidence in the five-dataset production anchor set.	VLP antigen and adjuvant biology are mixed.	Mouse draining lymph node RNA-seq 24 h after NoV VLP vaccine and LNP/adjuvant treatment. Paper reports LNP adjuvant activity and type I IFN/TLR9-dependent mechanism.	manual_curated_from_paper
GSE279743	GSE279743	GSE279743_design__T=Lymph_Node__H=6__B=NA__G=delivery_vaccination_with_sm102__VS=baseline_0	<local_project_root>/00_metadata/verified_metadata/scoring/GSE279743/GSE279743_design.tsv	<local_project_root>/00_metadata/verified_metadata/splited/GSE279743_design/GSE279743_design__T=Lymph_Node__H=6__B=NA__G=delivery_vaccination_with_sm102__VS=baseline_0.tsv	SRR31032960; SRR31032961; SRR31032962	SRR31032963; SRR31032964; SRR31032965	3	3	6	Mus musculus	Lymph Node	NA	in vivo	NA	6	6	delivery_vaccination_with_sm102	baseline_0	delivery vaccination with sm102	baseline 0	CONTROL; DELIVERY	mRNA lipid nanoparticle vaccine	mRNA lipid nanoparticle vaccine	NA	NA	NA	39690742	10.1016/j.ymthe.2024.12.032	Low-inflammatory lipid nanoparticle-based mRNA vaccine elicits protective immunity against H5N1 influenza virus with reduced adverse reactions	2025	GEO	GSE279743	validation	Primary acute validation	TRUE	13.946939108182676	1	TRUE	TRUE	External acute validation contrast not used as a strict anchor.	External dataset; interpret with dataset-specific sample size and design constraints. Organism metadata unavailable in inspected design files.	NA	NA	external acute validation	verified_from_local_metadata_and_manual_paper_context	scored_in_current_transfer_eval	moderate_expected_signal	Positive IMRS is expected for acute LNP vaccine contrasts, but lower signals for low-inflammatory formulations are biologically plausible because the paper explicitly focuses on reduced inflammatory/adverse-reaction LNP design.	strong_expected_acute_innate_signal	matches_paper_context	Primary acute validation.	Formulation intentionally reduces inflammation; contrast-specific interpretation matters.	Whole lymph node RNA-seq after PBS, LNPssPalmO, and/or LNPSM-102 treatment in a low-inflammatory H5N1 mRNA-LNP vaccine study.	manual_curated_from_paper
GSE279743	GSE279743	GSE279743_design__T=Lymph_Node__H=6__B=NA__G=delivery_vaccination_with_ssop__VS=baseline_0	<local_project_root>/00_metadata/verified_metadata/scoring/GSE279743/GSE279743_design.tsv	<local_project_root>/00_metadata/verified_metadata/splited/GSE279743_design/GSE279743_design__T=Lymph_Node__H=6__B=NA__G=delivery_vaccination_with_ssop__VS=baseline_0.tsv	SRR31032957; SRR31032958; SRR31032959	SRR31032963; SRR31032964; SRR31032965	3	3	6	Mus musculus	Lymph Node	NA	in vivo	NA	6	6	delivery_vaccination_with_ssop	baseline_0	delivery vaccination with ssop	baseline 0	CONTROL; DELIVERY	mRNA lipid nanoparticle vaccine	mRNA lipid nanoparticle vaccine	NA	NA	NA	39690742	10.1016/j.ymthe.2024.12.032	Low-inflammatory lipid nanoparticle-based mRNA vaccine elicits protective immunity against H5N1 influenza virus with reduced adverse reactions	2025	GEO	GSE279743	validation	Primary acute validation	TRUE	2.349508430440869	0.8888888888888888	TRUE	TRUE	External acute validation contrast not used as a strict anchor.	External dataset; interpret with dataset-specific sample size and design constraints. Organism metadata unavailable in inspected design files.	NA	NA	external acute validation	verified_from_local_metadata_and_manual_paper_context	scored_in_current_transfer_eval	moderate_expected_signal	Positive IMRS is expected for acute LNP vaccine contrasts, but lower signals for low-inflammatory formulations are biologically plausible because the paper explicitly focuses on reduced inflammatory/adverse-reaction LNP design.	strong_expected_acute_innate_signal	matches_paper_context	Primary acute validation.	Formulation intentionally reduces inflammation; contrast-specific interpretation matters.	Whole lymph node RNA-seq after PBS, LNPssPalmO, and/or LNPSM-102 treatment in a low-inflammatory H5N1 mRNA-LNP vaccine study.	manual_curated_from_paper
GSE279744	GSE279744	GSE279744_design__T=lymph_node__H=6__B=NA__G=delivery_vaccination_with_sm102__VS=baseline_0	<local_project_root>/00_metadata/verified_metadata/scoring/GSE279744/GSE279744_design.tsv	<local_project_root>/00_metadata/verified_metadata/splited/GSE279744_design/GSE279744_design__T=lymph_node__H=6__B=NA__G=delivery_vaccination_with_sm102__VS=baseline_0.tsv	SRR31032507; SRR31032508; SRR31032509	SRR31032510; SRR31032511; SRR31032512	3	3	6	Mus musculus	lymph node	NA	in vivo	NA	6	6	delivery_vaccination_with_sm102	baseline_0	delivery vaccination with sm102	baseline 0	CONTROL; DELIVERY	mRNA lipid nanoparticle vaccine	mRNA lipid nanoparticle vaccine	NA	NA	NA	39690742	10.1016/j.ymthe.2024.12.032	Low-inflammatory lipid nanoparticle-based mRNA vaccine elicits protective immunity against H5N1 influenza virus with reduced adverse reactions	2025	GEO	GSE279744	Anchor	Locked anchor	FALSE	56.61527045924109	1	TRUE	TRUE	Non-strict acute calibration dataset; supports external acute validation without expanding anchor set.	Calibration dataset; not counted as a strict anchor. Organism metadata unavailable in inspected design files.	NA	NA	locked anchor; acute LNP formulation / dLN context	verified_from_local_metadata_and_manual_paper_context	scored_in_current_transfer_eval	strong_expected_acute_innate_signal	Strong IMRS in sorted lymph-node dendritic-cell context is plausible because dendritic cells are innate immune responders, and these acute rows are included in the production model.	strong_expected_acute_innate_signal	matches_paper_context	Locked anchor evidence in the five-dataset production anchor set.	Cell-sorted immune population from same study; interpret separately from primary validation.	Lymph node dendritic-cell RNA-seq from the same H5N1 low-inflammatory LNP vaccine study.	manual_curated_from_paper
GSE279744	GSE279744	GSE279744_design__T=lymph_node__H=6__B=NA__G=delivery_vaccination_with_ssop__VS=baseline_0	<local_project_root>/00_metadata/verified_metadata/scoring/GSE279744/GSE279744_design.tsv	<local_project_root>/00_metadata/verified_metadata/splited/GSE279744_design/GSE279744_design__T=lymph_node__H=6__B=NA__G=delivery_vaccination_with_ssop__VS=baseline_0.tsv	SRR31032504; SRR31032505; SRR31032506	SRR31032510; SRR31032511; SRR31032512	3	3	6	Mus musculus	lymph node	NA	in vivo	NA	6	6	delivery_vaccination_with_ssop	baseline_0	delivery vaccination with ssop	baseline 0	CONTROL; DELIVERY	mRNA lipid nanoparticle vaccine	mRNA lipid nanoparticle vaccine	NA	NA	NA	39690742	10.1016/j.ymthe.2024.12.032	Low-inflammatory lipid nanoparticle-based mRNA vaccine elicits protective immunity against H5N1 influenza virus with reduced adverse reactions	2025	GEO	GSE279744	Anchor	Locked anchor	FALSE	13.680287410826422	1	TRUE	TRUE	Non-strict acute calibration dataset; supports external acute validation without expanding anchor set.	Calibration dataset; not counted as a strict anchor. Organism metadata unavailable in inspected design files.	NA	NA	locked anchor; acute LNP formulation / dLN context	verified_from_local_metadata_and_manual_paper_context	scored_in_current_transfer_eval	strong_expected_acute_innate_signal	Strong IMRS in sorted lymph-node dendritic-cell context is plausible because dendritic cells are innate immune responders, and these acute rows are included in the production model.	strong_expected_acute_innate_signal	matches_paper_context	Locked anchor evidence in the five-dataset production anchor set.	Cell-sorted immune population from same study; interpret separately from primary validation.	Lymph node dendritic-cell RNA-seq from the same H5N1 low-inflammatory LNP vaccine study.	manual_curated_from_paper
GSE314070	GSE314070	GSE314070_design__T=small_intestine__H=336__B=NA__G=delivery_am80_lnp__VS=baseline_0	<local_project_root>/00_metadata/verified_metadata/scoring/GSE314070/GSE314070_design.tsv	<local_project_root>/00_metadata/verified_metadata/splited/GSE314070_design/GSE314070_design__T=small_intestine__H=336__B=NA__G=delivery_am80_lnp__VS=baseline_0.tsv	SRR36481704; SRR36481705; SRR36481706	SRR36481710; SRR36481711; SRR36481712	3	3	6	Mus musculus	small intestine	NA	in vivo	rotavirus vaccine mucosal immunity context	336	336	delivery_am80_lnp	baseline_0	delivery am80 lnp	baseline 0	CONTROL; DELIVERY	lipid nanoparticle	adjuvanted mRNA lipid nanoparticle vaccine / Am80-LNP	mRNA vaccine with Am80 retinoic acid receptor agonist	NA	NA	41671339	10.1126/scitranslmed.adw6105	Parenteral vaccination with an adjuvanted mRNA vaccine induces protective mucosal immunity against rotavirus in neonatal mice	2026	GEO	GSE314070	validation	Extended validation	FALSE	3.7750612954626153	0.6666666666666666	TRUE	TRUE	External late-time transfer contrast; exploratory for publication claims.	Late timepoint; exploratory transfer, not strict acute innate validation. Organism metadata unavailable in inspected design files.	Delta IMRSz is 3.775 in small intestine at 336 h. The Am80-LNP context is late mucosal/adaptive biology and the formulation is designed to support gut immunity while mitigating injection-site inflammation.	low	PMID/title from user-provided verified mapping; no local metadata contradiction was found.	verified_from_local_metadata_and_manual_paper_context	scored_in_current_transfer_eval	weak_but_biologically_explainable	Weak or variable acute IMRS is expected because this is late small-intestine mucosal/adaptive biology after booster, not acute injection-site innate activation.	weak_but_biologically_explainable	context_explains_weaker_signal	Extended validation or supplement.	Late distal-tissue adaptive/mucosal context; not primary acute validation.	Small intestine RNA-seq at 336 h/day 14 after booster immunization with Am80-LNP rotavirus mRNA vaccine. The platform is designed to induce gut mucosal immunity and mitigate injection-site inflammation.	manual_curated_from_paper
GSE314070	GSE314070	GSE314070_design__T=small_intestine__H=336__B=NA__G=delivery_sm102_lnp__VS=baseline_0	<local_project_root>/00_metadata/verified_metadata/scoring/GSE314070/GSE314070_design.tsv	<local_project_root>/00_metadata/verified_metadata/splited/GSE314070_design/GSE314070_design__T=small_intestine__H=336__B=NA__G=delivery_sm102_lnp__VS=baseline_0.tsv	SRR36481707; SRR36481708; SRR36481709	SRR36481710; SRR36481711; SRR36481712	3	3	6	Mus musculus	small intestine	NA	in vivo	rotavirus vaccine mucosal immunity context	336	336	delivery_sm102_lnp	baseline_0	delivery sm102 lnp	baseline 0	CONTROL; DELIVERY	lipid nanoparticle	adjuvanted mRNA lipid nanoparticle vaccine / Am80-LNP	mRNA vaccine in SM102-LNP	NA	NA	41671339	10.1126/scitranslmed.adw6105	Parenteral vaccination with an adjuvanted mRNA vaccine induces protective mucosal immunity against rotavirus in neonatal mice	2026	GEO	GSE314070	validation	Extended validation	FALSE	-1.3684435005519688	0.3333333333333333	FALSE	TRUE	External late-time transfer contrast; exploratory for publication claims.	Late timepoint; exploratory transfer, not strict acute innate validation. Organism metadata unavailable in inspected design files.	Delta IMRSz is -1.368 in small intestine at 336 h. This is distal late mucosal/adaptive tissue profiling, not an acute injection-site innate readout.	low	PMID/title from user-provided verified mapping; no local metadata contradiction was found.	verified_from_local_metadata_and_manual_paper_context	scored_in_current_transfer_eval	weak_but_biologically_explainable	Weak or variable acute IMRS is expected because this is late small-intestine mucosal/adaptive biology after booster, not acute injection-site innate activation.	weak_but_biologically_explainable	context_explains_weaker_signal	Extended validation or supplement.	Late distal-tissue adaptive/mucosal context; not primary acute validation.	Small intestine RNA-seq at 336 h/day 14 after booster immunization with Am80-LNP rotavirus mRNA vaccine. The platform is designed to induce gut mucosal immunity and mitigate injection-site inflammation.	manual_curated_from_paper
GSE39129	GSE39129	GSE39129_design__T=liver__H=4__B=NA__G=delivery_lentiviral_vector_lv__VS=delivery_none	<local_project_root>/00_metadata/verified_metadata/scoring/GSE39129/GSE39129_design.tsv	<local_project_root>/00_metadata/verified_metadata/splited/GSE39129_design/GSE39129_design__T=liver__H=4__B=NA__G=delivery_lentiviral_vector_lv__VS=delivery_none.tsv	SRR518631; SRR518632; SRR518633	SRR518634; SRR518635; SRR518636	3	3	6	Mus musculus	liver	NA	in vivo	NA	4	4	delivery_lentiviral_vector_lv_	delivery_none	delivery lentiviral vector lv	delivery none	CONTROL; DELIVERY	lentiviral vector	lentiviral vector	NA	NA	NA	22871668	10.1038/mt.2012.150	A TLR and Non-TLR Mediated Innate Response to Lentiviruses Restricts Hepatocyte Entry and Can be Ameliorated by Pharmacological Blockade	2012	GEO	GSE39129	Anchor	Locked anchor	FALSE	34.722530908038976	1	TRUE	TRUE	Strict anchor used for portability checks and frozen-score validation.	Not independent of the anchor evidence except in leave-one-anchor-out analysis. Organism metadata unavailable in inspected design files.	NA	NA	locked anchor; mouse liver; 4 h	verified_from_local_metadata_and_manual_paper_context	scored_in_current_transfer_eval	strong_expected_acute_innate_signal	Strong positive IMRS is expected because this is an acute 4 h liver response to lentiviral vector delivery.	strong_expected_acute_innate_signal	matches_paper_context	Locked anchor / acute viral-vector innate response. Good anchor evidence.	Mouse liver vector response; not clinical reactogenicity.	Mouse liver RNA-seq 4 h after systemic lentiviral vector administration versus saline/control. Paper reports liver innate and interferon response after LV administration.	manual_curated_from_paper
GSE190850_HUMAN	GSE190850	GSE190850_HUMAN_design__T=BALF__H=1344__B=NA__G=GID00119535__VS=delivery_unstimulated	<local_project_root>/00_metadata/verified_metadata/scoring/GSE190850_HUMAN/GSE190850_HUMAN_design.tsv	<local_project_root>/00_metadata/verified_metadata/splited/GSE190850_HUMAN_design/GSE190850_HUMAN_design__T=BALF__H=1344__B=NA__G=GID00119535__VS=delivery_unstimulated.tsv	NA	NA	20	20	40	Homo sapiens	BALF	BALF	in vivo	NA	1344	1344 h	delivery_stimulated_with_m_tb_whole_cell_lysate	delivery_unstimulated	delivery stimulated with m tb whole cell lysate	delivery unstimulated	NA	human adenovirus-vectored tuberculosis vaccine	human adenovirus-vectored tuberculosis vaccine	NA	NA	NA	34990408	10.1172/jci.insight.155655	Aerosol delivery, but not intramuscular injection, of adenovirus-vectored tuberculosis vaccine induces respiratory-mucosal immunity in humans	2022	GEO	GSE190850	validation	Excluded/unclear	FALSE	NA	NA	NA	NA	Verified metadata and split design exist, but this split is not scored in the current IMRS transfer evaluation.	Human clinical design, route-specific mucosal immunity, may not match mouse delivery-induced innate anchors.	NA	manual review if later used	Metadata-only split. No current IMRS result is assigned.	verified_from_local_metadata_and_manual_paper_context	verified_metadata_only_not_scored	metadata_only_not_interpreted	If not scored in current IMRS evaluation, keep as metadata-only. If scored later, interpret cautiously as human vaccine route/mucosal-immunity context, not mouse acute anchor behavior.	metadata_only_not_interpreted	not_scored	Metadata-only / possible future human validation.	Human clinical design, route-specific mucosal immunity, may not match mouse delivery-induced innate anchors.	Human phase Ib AdHu5Ag85A adenovirus-vectored tuberculosis vaccine study comparing inhaled aerosol and intramuscular delivery. Samples include peripheral blood and bronchoalveolar lavage immune readouts.	manual_curated_from_paper
GSE237068	GSE237068	GSE237068_metadata_only	<local_project_root>/00_metadata/verified_metadata/GSE237068_design.tsv	NA	NA	NA	NA	NA	NA	Mus musculus	NA	NA	NA	NA	NA	NA	NA	NA	NA	NA	NA	metabolic/gene perturbation context; verify local metadata for vector details	metabolic/gene perturbation context; verify local metadata for vector details	NA	NA	NA	38101397	10.1016/j.cmet.2023.11.010	ChREBP is activated by reductive stress and mediates GCKR-associated metabolic traits	2024	GEO	GSE237068	validation	Excluded/unclear	FALSE	NA	NA	NA	NA	Verified metadata folder/design exists, but no current scored split is present in the manuscript role table.	Not a clean delivery-response dataset unless verified split metadata shows a relevant vector-delivery contrast.	NA	manual review if later used	Metadata-only dataset. No current IMRS result is assigned.	needs_treatment_control_verification; needs_tissue_time_verification	verified_metadata_only_not_scored	excluded_or_not_delivery_relevant	If not scored, keep as metadata-only/excluded. If scored, require manual review because paper context is metabolic perturbation rather than clean delivery-induced innate activation.	excluded_or_not_delivery_relevant	not_scored	Metadata-audited but likely non-primary or excluded/contextual.	Not a clean delivery-response dataset unless verified split metadata shows a relevant vector-delivery contrast.	Metabolic/reductive-stress and ChREBP/GCKR-associated trait study. Not primarily a delivery-induced innate immune activation study.	manual_curated_from_paper

