n_datasets	mean_DRS	median_DRS	min_DRS	max_DRS
10	0.60011856329316	0.5870296998245181	0.4827396094557541	0.7466068387442502
