n_datasets	mean_DRS	median_DRS	min_DRS	max_DRS
10	0.5740112466492521	0.5569006845724922	0.4282612515284424	0.709891309038376
