database	term_id	term_name	description	gene_count	background_count	gene_ratio	bg_ratio	p_value	adjusted_p_value	q_value	overlapping_genes_symbols	overlapping_genes_entrez	analysis_background	query_gene_count	mapped_query_gene_count	background_gene_count	software_package	software_version
GO Biological Process	GO:0009615	response to virus	response to virus	71	369	71/241	369/18659	9.375457419251561e-64	2.3916791876510734e-60	1.8454847762105707e-60	Trim30c;Acod1;Cxcl10;Ifit1;Ifit3;Mx2;Oasl1;Ifit3b;Mx1;Isg15;Oas1g;Ifit1bl1;Oas3;Cxcl9;Ifit2;Isg20;Tgtp1;Oas1a;Irf7;Oasl2;Rsad2;Oas2;Ifit1bl2;Zbp1;Rtp4;Ifih1;Slfn9;Dhx58;Mlkl;Igtp;Slfn8;Trim30d;Eif2ak2;Irgm2;Ddx60;Gbp5;Irgm1;Parp9;Gbp7;Il12rb1;Trim30a;Bst2;Cgas;Gbp4;Oas1b;Stat2;Tlr3;Tlr9;Rigi;Dtx3l;Mov10;Gbp3;Lgals9;Stat1;Fgl2;Pml;Ifitm3;Nmi;Trim25;Znfx1;Samhd1;Trim21;Adar;Myd88;Irf1;Il15;Oas1c;Zc3hav1;Trim34a;Trim12c;Mmp12	434219;16365;15945;15957;15959;17858;231655;667370;17857;100038882;23960;667373;246727;17329;15958;57444;21822;246730;54123;23962;58185;246728;112419;58203;67775;71586;237886;80861;74568;16145;276950;209387;19106;54396;234311;229898;15944;80285;229900;16161;20128;69550;214763;17472;23961;20847;142980;81897;230073;209200;17454;55932;16859;20846;14190;18854;66141;64685;217069;98999;56045;20821;56417;17874;16362;16168;114643;78781;94094;319236;17381	project-specific anchor-eligible gene_power.tsv background	287	252	22304	clusterProfiler	4.10.1
GO Biological Process	GO:0051607	defense response to virus	defense response to virus	66	314	66/241	314/18659	9.24578879526497e-62	9.852514977128165e-59	7.602468797470411e-59	Trim30c;Acod1;Cxcl10;Ifit1;Ifit3;Mx2;Oasl1;Ifit3b;Isg15;Oas1g;Ifit1bl1;Oas3;Cxcl9;Ifit2;Isg20;Oas1a;Irf7;Oasl2;Rsad2;Oas2;Ifit1bl2;Zbp1;Rtp4;Ifih1;Slfn9;Dhx58;Mlkl;Igtp;Slfn8;Trim30d;Eif2ak2;Irgm2;Ddx60;Gbp5;Irgm1;Parp9;Gbp7;Il12rb1;Trim30a;Bst2;Cgas;Gbp4;Oas1b;Stat2;Tlr3;Tlr9;Rigi;Dtx3l;Mov10;Gbp3;Stat1;Fgl2;Pml;Ifitm3;Trim25;Znfx1;Samhd1;Trim21;Myd88;Irf1;Il15;Oas1c;Zc3hav1;Trim34a;Trim12c;Mmp12	434219;16365;15945;15957;15959;17858;231655;667370;100038882;23960;667373;246727;17329;15958;57444;246730;54123;23962;58185;246728;112419;58203;67775;71586;237886;80861;74568;16145;276950;209387;19106;54396;234311;229898;15944;80285;229900;16161;20128;69550;214763;17472;23961;20847;142980;81897;230073;209200;17454;55932;20846;14190;18854;66141;217069;98999;56045;20821;17874;16362;16168;114643;78781;94094;319236;17381	project-specific anchor-eligible gene_power.tsv background	287	252	22304	clusterProfiler	4.10.1
GO Biological Process	GO:0140546	defense response to symbiont	defense response to symbiont	66	315	66/241	315/18659	1.1586650306305171e-61	9.852514977128165e-59	7.602468797470411e-59	Trim30c;Acod1;Cxcl10;Ifit1;Ifit3;Mx2;Oasl1;Ifit3b;Isg15;Oas1g;Ifit1bl1;Oas3;Cxcl9;Ifit2;Isg20;Oas1a;Irf7;Oasl2;Rsad2;Oas2;Ifit1bl2;Zbp1;Rtp4;Ifih1;Slfn9;Dhx58;Mlkl;Igtp;Slfn8;Trim30d;Eif2ak2;Irgm2;Ddx60;Gbp5;Irgm1;Parp9;Gbp7;Il12rb1;Trim30a;Bst2;Cgas;Gbp4;Oas1b;Stat2;Tlr3;Tlr9;Rigi;Dtx3l;Mov10;Gbp3;Stat1;Fgl2;Pml;Ifitm3;Trim25;Znfx1;Samhd1;Trim21;Myd88;Irf1;Il15;Oas1c;Zc3hav1;Trim34a;Trim12c;Mmp12	434219;16365;15945;15957;15959;17858;231655;667370;100038882;23960;667373;246727;17329;15958;57444;246730;54123;23962;58185;246728;112419;58203;67775;71586;237886;80861;74568;16145;276950;209387;19106;54396;234311;229898;15944;80285;229900;16161;20128;69550;214763;17472;23961;20847;142980;81897;230073;209200;17454;55932;20846;14190;18854;66141;217069;98999;56045;20821;17874;16362;16168;114643;78781;94094;319236;17381	project-specific anchor-eligible gene_power.tsv background	287	252	22304	clusterProfiler	4.10.1
GO Biological Process	GO:0035456	response to interferon-beta	response to interferon-beta	40	72	40/241	72/18659	1.9136470987317755e-57	1.2204284372161898e-54	9.417158091127423e-55	Ifi207;Acod1;Ifit1;Ifit3;Gm4841;Oas1g;Gm12185;Tgtp1;Oas1a;Gm5431;Ifi211;F830016B08Rik;Ifi204;Gbp6;Tgtp2;Iigp1;Ifi205;Ifi206;Ifi213;Iigp1c;Gbp2;Igtp;Xaf1;Ifi47;Irgm2;Ifi214;Irgm1;Ifi209;Gbp7;Bst2;Oas1b;Ifi203;Mndal;Gbp3;Stat1;Pnpt1;Ifitm3;Irf1;Oas1c;9930111J21Rik1	226691;16365;15957;15959;225594;23960;620913;21822;246730;432555;381308;240328;15951;100702;100039796;60440;226695;102639543;623121;240327;14469;16145;327959;15953;54396;545384;15944;236312;229900;69550;23961;15950;100040462;55932;20846;71701;66141;16362;114643;667214	project-specific anchor-eligible gene_power.tsv background	287	252	22304	clusterProfiler	4.10.1
GO Biological Process	GO:0035458	cellular response to interferon-beta	cellular response to interferon-beta	37	61	37/241	61/18659	3.339602878839675e-55	1.703865388784002e-52	1.3147489228274089e-52	Ifi207;Acod1;Ifit1;Ifit3;Gm4841;Oas1g;Gm12185;Tgtp1;Oas1a;Gm5431;Ifi211;F830016B08Rik;Ifi204;Gbp6;Tgtp2;Iigp1;Ifi205;Ifi206;Ifi213;Iigp1c;Gbp2;Igtp;Ifi47;Irgm2;Ifi214;Irgm1;Ifi209;Gbp7;Oas1b;Ifi203;Mndal;Gbp3;Stat1;Pnpt1;Irf1;Oas1c;9930111J21Rik1	226691;16365;15957;15959;225594;23960;620913;21822;246730;432555;381308;240328;15951;100702;100039796;60440;226695;102639543;623121;240327;14469;16145;15953;54396;545384;15944;236312;229900;23961;15950;100040462;55932;20846;71701;16362;114643;667214	project-specific anchor-eligible gene_power.tsv background	287	252	22304	clusterProfiler	4.10.1
GO Biological Process	GO:0045088	regulation of innate immune response	regulation of innate immune response	66	440	66/241	440/18659	1.217279875141691e-51	5.17546826914409e-49	3.993532221956074e-49	Ifi207;Trim30c;Acod1;Oasl1;Isg15;Oas1g;Oas3;Oas1a;Ifi211;Irf7;Rsad2;Ifi204;Zbp1;Ifi205;Ifi206;Ifih1;Ifi213;Dhx58;Gbp2;Igtp;Fpr2;Trim30d;Eif2ak2;Irgm2;Ddx60;Ifi214;Gbp5;Irgm1;Ifi209;Parp9;Gbp7;Slc15a3;Parp14;Trim30a;Cgas;Oas1b;Ifi203;Stat2;Clec4e;Tlr3;Tlr9;Casp4;Rigi;Cd300lf;Mndal;Gbp3;Lgals9;Nlrc5;Ifi35;Nmi;Trim25;Znfx1;Samhd1;Trim21;Adar;Myd88;Irf1;Trafd1;H2-T22;Tap1;Pik3ap1;H2-T10;Oas1c;Zc3hav1;Trim12c;Mmp12	226691;434219;16365;231655;100038882;23960;246727;246730;381308;54123;58185;15951;58203;226695;102639543;71586;623121;80861;14469;16145;14289;209387;19106;54396;234311;545384;229898;15944;236312;80285;229900;65221;547253;20128;214763;23961;15950;20847;56619;142980;81897;12363;230073;246746;100040462;55932;16859;434341;70110;64685;217069;98999;56045;20821;56417;17874;16362;231712;15039;21354;83490;15024;114643;78781;319236;17381	project-specific anchor-eligible gene_power.tsv background	287	252	22304	clusterProfiler	4.10.1
GO Biological Process	GO:0045089	positive regulation of innate immune response	positive regulation of innate immune response	58	363	58/241	363/18659	8.915792787481157e-47	3.249169628694919e-44	2.5071477462541003e-44	Ifi207;Trim30c;Acod1;Oasl1;Oas1g;Oas3;Oas1a;Ifi211;Irf7;Rsad2;Ifi204;Zbp1;Ifi205;Ifi206;Ifih1;Ifi213;Dhx58;Gbp2;Igtp;Fpr2;Trim30d;Eif2ak2;Irgm2;Ddx60;Ifi214;Gbp5;Irgm1;Ifi209;Parp9;Gbp7;Slc15a3;Trim30a;Cgas;Oas1b;Ifi203;Clec4e;Tlr3;Tlr9;Casp4;Rigi;Cd300lf;Mndal;Gbp3;Lgals9;Nlrc5;Ifi35;Nmi;Trim25;Znfx1;Myd88;Irf1;H2-T22;Pik3ap1;H2-T10;Oas1c;Zc3hav1;Trim12c;Mmp12	226691;434219;16365;231655;23960;246727;246730;381308;54123;58185;15951;58203;226695;102639543;71586;623121;80861;14469;16145;14289;209387;19106;54396;234311;545384;229898;15944;236312;80285;229900;65221;20128;214763;23961;15950;56619;142980;81897;12363;230073;246746;100040462;55932;16859;434341;70110;64685;217069;98999;17874;16362;15039;83490;15024;114643;78781;319236;17381	project-specific anchor-eligible gene_power.tsv background	287	252	22304	clusterProfiler	4.10.1
GO Biological Process	GO:0002833	positive regulation of response to biotic stimulus	positive regulation of response to biotic stimulus	59	390	59/241	390/18659	3.53944602906394e-46	1.128640852517764e-43	8.708900097828381e-44	Ifi207;Trim30c;Acod1;Oasl1;Oas1g;Oas3;Oas1a;Ifi211;Irf7;Rsad2;Ifi204;Zbp1;Ifi205;Ifi206;Ifih1;Ifi213;Dhx58;Gbp2;Igtp;Fpr2;Trim30d;Eif2ak2;Irgm2;Ddx60;Ifi214;Gbp5;Irgm1;Ifi209;Parp9;Gbp7;Slc15a3;Trim30a;Cgas;Oas1b;Ifi203;Clec4e;Tlr3;Tlr9;Casp4;Rigi;Cd274;Cd300lf;Mndal;Gbp3;Lgals9;Nlrc5;Ifi35;Nmi;Trim25;Znfx1;Myd88;Irf1;H2-T22;Pik3ap1;H2-T10;Oas1c;Zc3hav1;Trim12c;Mmp12	226691;434219;16365;231655;23960;246727;246730;381308;54123;58185;15951;58203;226695;102639543;71586;623121;80861;14469;16145;14289;209387;19106;54396;234311;545384;229898;15944;236312;80285;229900;65221;20128;214763;23961;15950;56619;142980;81897;12363;230073;60533;246746;100040462;55932;16859;434341;70110;64685;217069;98999;17874;16362;15039;83490;15024;114643;78781;319236;17381	project-specific anchor-eligible gene_power.tsv background	287	252	22304	clusterProfiler	4.10.1
GO Biological Process	GO:0002218	activation of innate immune response	activation of innate immune response	51	276	51/241	276/18659	2.4291964510686637e-44	6.885422385195735e-42	5.31297937251275e-42	Ifi207;Trim30c;Acod1;Oasl1;Oas1g;Oas3;Oas1a;Ifi211;Irf7;Rsad2;Ifi204;Zbp1;Ifi205;Ifi206;Ifih1;Ifi213;Dhx58;Gbp2;Igtp;Trim30d;Eif2ak2;Irgm2;Ddx60;Ifi214;Gbp5;Irgm1;Ifi209;Gbp7;Slc15a3;Trim30a;Cgas;Oas1b;Ifi203;Clec4e;Tlr3;Tlr9;Casp4;Rigi;Cd300lf;Mndal;Gbp3;Ifi35;Nmi;Trim25;Znfx1;Myd88;Irf1;Pik3ap1;Oas1c;Zc3hav1;Trim12c	226691;434219;16365;231655;23960;246727;246730;381308;54123;58185;15951;58203;226695;102639543;71586;623121;80861;14469;16145;209387;19106;54396;234311;545384;229898;15944;236312;229900;65221;20128;214763;23961;15950;56619;142980;81897;12363;230073;246746;100040462;55932;70110;64685;217069;98999;17874;16362;83490;114643;78781;319236	project-specific anchor-eligible gene_power.tsv background	287	252	22304	clusterProfiler	4.10.1
GO Biological Process	GO:0031349	positive regulation of defense response	positive regulation of defense response	60	491	60/241	491/18659	2.043102150649499e-41	5.211953586306872e-39	4.02168528601533e-39	Ifi207;Trim30c;Acod1;Oasl1;Oas1g;Oas3;Oas1a;Ifi211;Irf7;Rsad2;Ifi204;Zbp1;Ifi205;Ifi206;Ifih1;Fcgr1;Ifi213;Dhx58;Gbp2;Igtp;Fpr2;Trim30d;Eif2ak2;Irgm2;Ddx60;Ifi214;Gbp5;Irgm1;Ifi209;Parp9;Gbp7;Slc15a3;Trim30a;Cgas;Oas1b;Ifi203;Clec4e;Tlr3;Tlr9;Casp4;Rigi;Cd300lf;Mndal;Gbp3;Lgals9;Nlrc5;Ifi35;Nmi;Trim25;Znfx1;Myd88;Irf1;S100a9;H2-T22;Pik3ap1;H2-T10;Oas1c;Zc3hav1;Trim12c;Mmp12	226691;434219;16365;231655;23960;246727;246730;381308;54123;58185;15951;58203;226695;102639543;71586;14129;623121;80861;14469;16145;14289;209387;19106;54396;234311;545384;229898;15944;236312;80285;229900;65221;20128;214763;23961;15950;56619;142980;81897;12363;230073;246746;100040462;55932;16859;434341;70110;64685;217069;98999;17874;16362;20202;15039;83490;15024;114643;78781;319236;17381	project-specific anchor-eligible gene_power.tsv background	287	252	22304	clusterProfiler	4.10.1
GO Biological Process	GO:0034341	response to type II interferon	response to type II interferon	33	143	33/241	143/18659	4.0426562222353165e-32	9.37528729356572e-30	7.234226924000041e-30	Acod1;Ccl2;Ccl7;Gbp10;Gbp11;Ccl12;Tgtp1;Gbp6;Ccl4;Gbp2;Igtp;Irgm2;Gbp5;Irgm1;Parp9;Gbp7;Daxx;Parp14;Il12rb1;Bst2;Gbp4;Gbp3;Nlrc5;Stat1;Gbp9;Ifitm3;Sp100;Trim21;Stx11;Gch1;Irf1;Ubd;Gbp8	16365;20296;20306;626578;634650;20293;21822;100702;20303;14469;16145;54396;229898;15944;80285;229900;13163;547253;16161;69550;17472;55932;434341;20846;236573;66141;20684;20821;74732;14528;16362;24108;76074	project-specific anchor-eligible gene_power.tsv background	287	252	22304	clusterProfiler	4.10.1
GO Biological Process	GO:0048525	negative regulation of viral process	negative regulation of viral process	29	103	29/241	103/18659	4.401045059687351e-31	9.35588828938536e-29	7.219258124223989e-29	Trim30c;Mx2;Oasl1;Isg15;Oas1g;Oas3;Isg20;Oas1a;Oasl2;Rsad2;Oas2;Ch25h;Ifih1;Trim30d;Eif2ak2;Trim30a;Bst2;Oas1b;Stat1;Ifitm3;Trim25;Sp100;Znfx1;Trim21;Trim14;Oas1c;Zc3hav1;Trim12c;Ly6e	434219;17858;231655;100038882;23960;246727;57444;246730;23962;58185;246728;12642;71586;209387;19106;20128;69550;23961;20846;66141;217069;20684;98999;20821;74735;114643;78781;319236;17069	project-specific anchor-eligible gene_power.tsv background	287	252	22304	clusterProfiler	4.10.1
GO Biological Process	GO:0050792	regulation of viral process	regulation of viral process	33	178	33/241	178/18659	8.795159096428176e-29	1.7258808349990983e-26	1.3317366405117965e-26	Trim30c;Mx2;Oasl1;Isg15;Oas1g;Oas3;Isg20;Oas1a;Oasl2;Rsad2;Oas2;Ch25h;Ifih1;Trim30d;Eif2ak2;Gbp7;Trim30a;Bst2;Oas1b;Gbp3;Stat1;Ifitm3;Trim25;Sp100;Znfx1;Trim21;Adar;Trim14;Oas1c;Zc3hav1;Trim34a;Trim12c;Ly6e	434219;17858;231655;100038882;23960;246727;57444;246730;23962;58185;246728;12642;71586;209387;19106;229900;20128;69550;23961;55932;20846;66141;217069;20684;98999;20821;56417;74735;114643;78781;94094;319236;17069	project-specific anchor-eligible gene_power.tsv background	287	252	22304	clusterProfiler	4.10.1
GO Biological Process	GO:1903900	regulation of viral life cycle	regulation of viral life cycle	30	147	30/241	147/18659	1.5120413440219448e-27	2.7551553347142726e-25	2.1259528671586745e-25	Trim30c;Mx2;Oasl1;Isg15;Oas1g;Oas3;Isg20;Oas1a;Oasl2;Rsad2;Oas2;Ch25h;Ifih1;Trim30d;Eif2ak2;Gbp7;Trim30a;Bst2;Oas1b;Gbp3;Ifitm3;Trim25;Znfx1;Trim21;Adar;Oas1c;Zc3hav1;Trim34a;Trim12c;Ly6e	434219;17858;231655;100038882;23960;246727;57444;246730;23962;58185;246728;12642;71586;209387;19106;229900;20128;69550;23961;55932;66141;217069;98999;20821;56417;114643;78781;94094;319236;17069	project-specific anchor-eligible gene_power.tsv background	287	252	22304	clusterProfiler	4.10.1
GO Biological Process	GO:0032606	type I interferon production	type I interferon production	29	136	29/241	136/18659	3.0405261108320365e-27	5.1709214058216835e-25	3.9900237384251994e-25	Acod1;Isg15;Oas1g;Oas3;Oas1a;Irf7;Oas2;Ifih1;Dhx58;Igtp;Xaf1;Irgm2;Irgm1;Gbp7;Cgas;Gbp4;Oas1b;Tlr3;Tlr9;Rigi;Gbp3;Stat1;Nmi;Myd88;Irf1;Irf9;Oas1c;Zc3hav1;Mmp12	16365;100038882;23960;246727;246730;54123;246728;71586;80861;16145;327959;54396;15944;229900;214763;17472;23961;142980;81897;230073;55932;20846;64685;17874;16362;16391;114643;78781;17381	project-specific anchor-eligible gene_power.tsv background	287	252	22304	clusterProfiler	4.10.1
GO Biological Process	GO:0140888	interferon-mediated signaling pathway	interferon-mediated signaling pathway	24	82	24/241	82/18659	2.448228218696635e-26	3.88115862888272e-24	2.9948076651099415e-24	Isg15;Oas1g;Oas3;Oas1a;Irf7;Oas2;Zbp1;Ifih1;Igtp;Irgm2;Irgm1;Parp9;Parp14;Oas1b;Stat2;Nlrc5;Stat1;Ifitm3;Samhd1;Adar;Myd88;Irf1;Oas1c;Mmp12	100038882;23960;246727;246730;54123;246728;58203;71586;16145;54396;15944;80285;547253;23961;20847;434341;20846;66141;56045;56417;17874;16362;114643;17381	project-specific anchor-eligible gene_power.tsv background	287	252	22304	clusterProfiler	4.10.1
GO Biological Process	GO:0002753	cytosolic pattern recognition receptor signaling pathway	cytosolic pattern recognition receptor signaling pathway	29	146	29/241	146/18659	2.6993571857580476e-26	3.88115862888272e-24	2.9948076651099415e-24	Oasl1;Oas1g;Oas3;Oas1a;Irf7;Rsad2;Ifih1;Dhx58;Gbp2;Igtp;Eif2ak2;Irgm2;Ddx60;Gbp5;Irgm1;Slc15a3;Trim30a;Cgas;Oas1b;Tlr3;Tlr9;Casp4;Rigi;Trim25;Myd88;Irf1;Pik3ap1;Oas1c;Zc3hav1	231655;23960;246727;246730;54123;58185;71586;80861;14469;16145;19106;54396;234311;229898;15944;65221;20128;214763;23961;142980;81897;12363;230073;217069;17874;16362;83490;114643;78781	project-specific anchor-eligible gene_power.tsv background	287	252	22304	clusterProfiler	4.10.1
GO Biological Process	GO:0002221	pattern recognition receptor signaling pathway	pattern recognition receptor signaling pathway	34	229	34/241	229/18659	2.8261676393589457e-26	3.88115862888272e-24	2.9948076651099415e-24	Acod1;Oasl1;Oas1g;Oas3;Oas1a;Irf7;Rsad2;Ifih1;Dhx58;Gbp2;Igtp;Eif2ak2;Irgm2;Ddx60;Gbp5;Irgm1;Slc15a3;Trim30a;Cgas;Oas1b;Clec4e;Tlr3;Tlr9;Casp4;Rigi;Cd300lf;Ifi35;Nmi;Trim25;Myd88;Irf1;Pik3ap1;Oas1c;Zc3hav1	16365;231655;23960;246727;246730;54123;58185;71586;80861;14469;16145;19106;54396;234311;229898;15944;65221;20128;214763;23961;56619;142980;81897;12363;230073;246746;70110;64685;217069;17874;16362;83490;114643;78781	project-specific anchor-eligible gene_power.tsv background	287	252	22304	clusterProfiler	4.10.1
GO Biological Process	GO:0032479	regulation of type I interferon production	regulation of type I interferon production	28	132	28/241	132/18659	2.89071007247243e-26	3.88115862888272e-24	2.9948076651099415e-24	Acod1;Isg15;Oas1g;Oas3;Oas1a;Irf7;Oas2;Ifih1;Dhx58;Igtp;Xaf1;Irgm2;Irgm1;Gbp7;Cgas;Gbp4;Oas1b;Tlr3;Tlr9;Rigi;Gbp3;Stat1;Nmi;Myd88;Irf1;Oas1c;Zc3hav1;Mmp12	16365;100038882;23960;246727;246730;54123;246728;71586;80861;16145;327959;54396;15944;229900;214763;17472;23961;142980;81897;230073;55932;20846;64685;17874;16362;114643;78781;17381	project-specific anchor-eligible gene_power.tsv background	287	252	22304	clusterProfiler	4.10.1
GO Biological Process	GO:0002758	innate immune response-activating signaling pathway	innate immune response-activating signaling pathway	34	240	34/241	240/18659	1.3984281686903927e-25	1.7836951291645958e-23	1.3763477239215973e-23	Acod1;Oasl1;Oas1g;Oas3;Oas1a;Irf7;Rsad2;Ifih1;Dhx58;Gbp2;Igtp;Eif2ak2;Irgm2;Ddx60;Gbp5;Irgm1;Slc15a3;Trim30a;Cgas;Oas1b;Clec4e;Tlr3;Tlr9;Casp4;Rigi;Cd300lf;Ifi35;Nmi;Trim25;Myd88;Irf1;Pik3ap1;Oas1c;Zc3hav1	16365;231655;23960;246727;246730;54123;58185;71586;80861;14469;16145;19106;54396;234311;229898;15944;65221;20128;214763;23961;56619;142980;81897;12363;230073;246746;70110;64685;217069;17874;16362;83490;114643;78781	project-specific anchor-eligible gene_power.tsv background	287	252	22304	clusterProfiler	4.10.1
GO Biological Process	GO:0071346	cellular response to type II interferon	cellular response to type II interferon	26	116	26/241	116/18659	4.027451485209806e-25	4.8923946375096263e-23	3.775104900923478e-23	Acod1;Ccl2;Ccl7;Gbp10;Gbp11;Ccl12;Gbp6;Ccl4;Gbp2;Igtp;Irgm2;Gbp5;Irgm1;Parp9;Gbp7;Daxx;Parp14;Il12rb1;Gbp4;Gbp3;Nlrc5;Stat1;Gbp9;Stx11;Irf1;Gbp8	16365;20296;20306;626578;634650;20293;100702;20303;14469;16145;54396;229898;15944;80285;229900;13163;547253;16161;17472;55932;434341;20846;236573;74732;16362;76074	project-specific anchor-eligible gene_power.tsv background	287	252	22304	clusterProfiler	4.10.1
GO Biological Process	GO:0042742	defense response to bacterium	defense response to bacterium	36	305	36/241	305/18659	3.051304317032947e-24	3.5381260512504765e-22	2.730114388924216e-22	Plac8;Hp;Gbp10;Gbp11;Isg15;Oas1g;Gzmb;Oas3;Oas1a;Gbp6;Oas2;Iigp1;Fcgr1;Gbp2;Igtp;Fpr2;Rnf213;Irgm2;Gbp5;Irgm1;Gbp7;Gbp4;Oas1b;Clec4e;Tlr9;Casp4;Gbp3;Lgals9;Gbp9;Znfx1;Myd88;H2-T22;Gbp8;Hck;H2-T10;Oas1c	231507;15439;626578;634650;100038882;23960;14939;246727;246730;100702;246728;60440;14129;14469;16145;14289;672511;54396;229898;15944;229900;17472;23961;56619;81897;12363;55932;16859;236573;98999;17874;15039;76074;15162;15024;114643	project-specific anchor-eligible gene_power.tsv background	287	252	22304	clusterProfiler	4.10.1
GO Biological Process	GO:0019221	cytokine-mediated signaling pathway	cytokine-mediated signaling pathway	41	429	41/241	429/18659	5.80095590516206e-24	6.434016745247137e-22	4.96466249091673e-22	Cxcl10;Ccl2;Ccl7;Oasl1;Isg15;Oas1g;Il1rn;Oas3;Cxcl9;Ccl12;Oas1a;Irf7;Oasl2;Oas2;Iigp1;Zbp1;Ccl4;Ifih1;Socs1;Igtp;Lilrb4b;Irgm2;Irgm1;Parp9;Parp14;Il12rb1;Ccrl2;Oas1b;Stat2;Casp4;Cd300lf;Nlrc5;Stat1;Ifitm3;Samhd1;Adar;Myd88;Irf1;Il15;Oas1c;Mmp12	15945;20296;20306;231655;100038882;23960;16181;246727;17329;20293;246730;54123;23962;246728;60440;58203;20303;71586;12703;16145;14727;54396;15944;80285;547253;16161;54199;23961;20847;12363;246746;434341;20846;66141;56045;56417;17874;16362;16168;114643;17381	project-specific anchor-eligible gene_power.tsv background	287	252	22304	clusterProfiler	4.10.1
GO Biological Process	GO:0034340	response to type I interferon	response to type I interferon	21	71	21/241	71/18659	2.7604119694090044e-23	2.934087889150988e-21	2.2640220977170343e-21	Mx2;Isg15;Oas1g;Oas3;Oas1a;Irf7;Oas2;Ch25h;Zbp1;Ifih1;Oas1b;Stat2;Nlrc5;Stat1;Ifitm3;Sp100;Samhd1;Adar;Myd88;Oas1c;Mmp12	17858;100038882;23960;246727;246730;54123;246728;12642;58203;71586;23961;20847;434341;20846;66141;20684;56045;56417;17874;114643;17381	project-specific anchor-eligible gene_power.tsv background	287	252	22304	clusterProfiler	4.10.1
GO Biological Process	GO:0002832	negative regulation of response to biotic stimulus	negative regulation of response to biotic stimulus	27	162	27/241	162/18659	2.0891166886564314e-22	2.131734669105023e-20	1.6449045085421168e-20	Acod1;Isg15;Oas1g;Oas3;Oas1a;Dhx58;Igtp;Irgm2;Irgm1;Parp14;Trim30a;Cgas;Oas1b;Stat2;Lgals9;Nlrc5;Fgl2;Nmi;Samhd1;Trim21;Adar;Trafd1;H2-T22;Tap1;H2-T10;Oas1c;Mmp12	16365;100038882;23960;246727;246730;80861;16145;54396;15944;547253;20128;214763;23961;20847;16859;434341;14190;64685;56045;20821;56417;231712;15039;21354;15024;114643;17381	project-specific anchor-eligible gene_power.tsv background	287	252	22304	clusterProfiler	4.10.1
GO Biological Process	GO:0045069	regulation of viral genome replication	regulation of viral genome replication	21	86	21/241	86/18659	2.4458259258434197e-21	2.399731514164063e-19	1.851698170577812e-19	Mx2;Oasl1;Isg15;Oas1g;Oas3;Isg20;Oas1a;Oasl2;Rsad2;Oas2;Ifih1;Eif2ak2;Gbp7;Bst2;Oas1b;Gbp3;Ifitm3;Znfx1;Adar;Oas1c;Zc3hav1	17858;231655;100038882;23960;246727;57444;246730;23962;58185;246728;71586;19106;229900;69550;23961;55932;66141;98999;56417;114643;78781	project-specific anchor-eligible gene_power.tsv background	287	252	22304	clusterProfiler	4.10.1
GO Biological Process	GO:0019058	viral life cycle	viral life cycle	30	239	30/241	239/18659	4.2125662686813325e-21	3.9800950190392885e-19	3.071149677362219e-19	Trim30c;Mx2;Oasl1;Isg15;Oas1g;Oas3;Isg20;Oas1a;Oasl2;Rsad2;Oas2;Ch25h;Ifih1;Trim30d;Eif2ak2;Gbp7;Trim30a;Bst2;Oas1b;Gbp3;Ifitm3;Trim25;Znfx1;Trim21;Adar;Oas1c;Zc3hav1;Trim34a;Trim12c;Ly6e	434219;17858;231655;100038882;23960;246727;57444;246730;23962;58185;246728;12642;71586;209387;19106;229900;20128;69550;23961;55932;66141;217069;98999;20821;56417;114643;78781;94094;319236;17069	project-specific anchor-eligible gene_power.tsv background	287	252	22304	clusterProfiler	4.10.1
GO Biological Process	GO:0045071	negative regulation of viral genome replication	negative regulation of viral genome replication	18	56	18/241	56/18659	7.24564455883862e-21	6.6012997391419e-19	5.093742603394068e-19	Mx2;Oasl1;Isg15;Oas1g;Oas3;Isg20;Oas1a;Oasl2;Rsad2;Oas2;Ifih1;Eif2ak2;Bst2;Oas1b;Ifitm3;Znfx1;Oas1c;Zc3hav1	17858;231655;100038882;23960;246727;57444;246730;23962;58185;246728;71586;19106;69550;23961;66141;98999;114643;78781	project-specific anchor-eligible gene_power.tsv background	287	252	22304	clusterProfiler	4.10.1
GO Biological Process	GO:0016032	viral process	viral process	33	318	33/241	318/18659	1.657822504744601e-20	1.4583121412425785e-18	1.1252733516778236e-18	Trim30c;Mx2;Oasl1;Isg15;Oas1g;Oas3;Isg20;Oas1a;Oasl2;Rsad2;Oas2;Ch25h;Ifih1;Trim30d;Eif2ak2;Gbp7;Trim30a;Bst2;Oas1b;Gbp3;Stat1;Ifitm3;Trim25;Sp100;Znfx1;Trim21;Adar;Trim14;Oas1c;Zc3hav1;Trim34a;Trim12c;Ly6e	434219;17858;231655;100038882;23960;246727;57444;246730;23962;58185;246728;12642;71586;209387;19106;229900;20128;69550;23961;55932;20846;66141;217069;20684;98999;20821;56417;74735;114643;78781;94094;319236;17069	project-specific anchor-eligible gene_power.tsv background	287	252	22304	clusterProfiler	4.10.1
GO Biological Process	GO:0045824	negative regulation of innate immune response	negative regulation of innate immune response	22	109	22/241	109/18659	2.3893571450874018e-20	2.0317500257059875e-18	1.5677536355485761e-18	Acod1;Isg15;Oas1g;Oas3;Oas1a;Dhx58;Parp14;Cgas;Oas1b;Stat2;Lgals9;Nlrc5;Nmi;Samhd1;Trim21;Adar;Trafd1;H2-T22;Tap1;H2-T10;Oas1c;Mmp12	16365;100038882;23960;246727;246730;80861;547253;214763;23961;20847;16859;434341;64685;56045;20821;56417;231712;15039;21354;15024;114643;17381	project-specific anchor-eligible gene_power.tsv background	287	252	22304	clusterProfiler	4.10.1
GO Biological Process	GO:0002757	immune response-activating signaling pathway	immune response-activating signaling pathway	37	428	37/241	428/18659	3.575461414724382e-20	2.9422587319231933e-18	2.270326942456569e-18	Acod1;Oasl1;Oas1g;Oas3;Oas1a;Irf7;Rsad2;Ifih1;Dhx58;Gbp2;Igtp;Fpr2;Lilrb4b;Eif2ak2;Irgm2;Ddx60;Gbp5;Irgm1;Slc15a3;Trim30a;Cgas;Oas1b;Clec4e;Tlr3;Tlr9;Casp4;Rigi;Cd300lf;Nr4a3;Ifi35;Nmi;Trim25;Myd88;Irf1;Pik3ap1;Oas1c;Zc3hav1	16365;231655;23960;246727;246730;54123;58185;71586;80861;14469;16145;14289;14727;19106;54396;234311;229898;15944;65221;20128;214763;23961;56619;142980;81897;12363;230073;246746;18124;70110;64685;217069;17874;16362;83490;114643;78781	project-specific anchor-eligible gene_power.tsv background	287	252	22304	clusterProfiler	4.10.1
GO Biological Process	GO:0042832	defense response to protozoan	defense response to protozoan	16	42	16/241	42/18659	4.4899669487023635e-20	3.579345526918665e-18	2.761920458576783e-18	Gbp10;Gbp11;Tgtp1;Batf2;Gbp6;Tgtp2;Iigp1;Gbp2;Igtp;Irgm2;Gbp7;Gbp4;Gbp3;Gbp9;Myd88;Gbp8	626578;634650;21822;74481;100702;100039796;60440;14469;16145;54396;229900;17472;55932;236573;17874;76074	project-specific anchor-eligible gene_power.tsv background	287	252	22304	clusterProfiler	4.10.1
GO Biological Process	GO:0002764	immune response-regulating signaling pathway	immune response-regulating signaling pathway	37	438	37/241	438/18659	7.823697882301914e-20	6.047955544773388e-18	4.6667671578643e-18	Acod1;Oasl1;Oas1g;Oas3;Oas1a;Irf7;Rsad2;Ifih1;Dhx58;Gbp2;Igtp;Fpr2;Lilrb4b;Eif2ak2;Irgm2;Ddx60;Gbp5;Irgm1;Slc15a3;Trim30a;Cgas;Oas1b;Clec4e;Tlr3;Tlr9;Casp4;Rigi;Cd300lf;Nr4a3;Ifi35;Nmi;Trim25;Myd88;Irf1;Pik3ap1;Oas1c;Zc3hav1	16365;231655;23960;246727;246730;54123;58185;71586;80861;14469;16145;14289;14727;19106;54396;234311;229898;15944;65221;20128;214763;23961;56619;142980;81897;12363;230073;246746;18124;70110;64685;217069;17874;16362;83490;114643;78781	project-specific anchor-eligible gene_power.tsv background	287	252	22304	clusterProfiler	4.10.1
GO Biological Process	GO:0060337	type I interferon-mediated signaling pathway	type I interferon-mediated signaling pathway	18	64	18/241	64/18659	1.1218766214027488e-19	8.17687788913832e-18	6.309501600069595e-18	Isg15;Oas1g;Oas3;Oas1a;Irf7;Oas2;Zbp1;Ifih1;Oas1b;Stat2;Nlrc5;Stat1;Ifitm3;Samhd1;Adar;Myd88;Oas1c;Mmp12	100038882;23960;246727;246730;54123;246728;58203;71586;23961;20847;434341;20846;66141;56045;56417;17874;114643;17381	project-specific anchor-eligible gene_power.tsv background	287	252	22304	clusterProfiler	4.10.1
GO Biological Process	GO:0071357	cellular response to type I interferon	cellular response to type I interferon	18	64	18/241	64/18659	1.1218766214027488e-19	8.17687788913832e-18	6.309501600069595e-18	Isg15;Oas1g;Oas3;Oas1a;Irf7;Oas2;Zbp1;Ifih1;Oas1b;Stat2;Nlrc5;Stat1;Ifitm3;Samhd1;Adar;Myd88;Oas1c;Mmp12	100038882;23960;246727;246730;54123;246728;58203;71586;23961;20847;434341;20846;66141;56045;56417;17874;114643;17381	project-specific anchor-eligible gene_power.tsv background	287	252	22304	clusterProfiler	4.10.1
GO Biological Process	GO:0001562	response to protozoan	response to protozoan	16	46	16/241	46/18659	2.554127895406819e-19	1.8098834058841098e-17	1.396555311231214e-17	Gbp10;Gbp11;Tgtp1;Batf2;Gbp6;Tgtp2;Iigp1;Gbp2;Igtp;Irgm2;Gbp7;Gbp4;Gbp3;Gbp9;Myd88;Gbp8	626578;634650;21822;74481;100702;100039796;60440;14469;16145;54396;229900;17472;55932;236573;17874;76074	project-specific anchor-eligible gene_power.tsv background	287	252	22304	clusterProfiler	4.10.1
GO Biological Process	GO:0032481	positive regulation of type I interferon production	positive regulation of type I interferon production	19	83	19/241	83/18659	7.765599751813673e-19	5.354066207263968e-17	4.131343253454216e-17	Isg15;Oas1g;Oas3;Oas1a;Irf7;Oas2;Ifih1;Dhx58;Cgas;Oas1b;Tlr3;Tlr9;Rigi;Stat1;Myd88;Irf1;Oas1c;Zc3hav1;Mmp12	100038882;23960;246727;246730;54123;246728;71586;80861;214763;23961;142980;81897;230073;20846;17874;16362;114643;78781;17381	project-specific anchor-eligible gene_power.tsv background	287	252	22304	clusterProfiler	4.10.1
GO Biological Process	GO:0030522	intracellular receptor signaling pathway	intracellular receptor signaling pathway	31	316	31/241	316/18659	1.3415300792095306e-18	9.005903242272402e-17	6.949200133301448e-17	Oasl1;Oas1g;Oas3;Oas1a;Irf7;Rsad2;Ifih1;Dhx58;Gbp2;Igtp;Eif2ak2;Irgm2;Ddx60;Gbp5;Irgm1;Daxx;Slc15a3;Trim30a;Cgas;Oas1b;Tlr3;Tlr9;Casp4;Rigi;Pml;Trim25;Myd88;Irf1;Pik3ap1;Oas1c;Zc3hav1	231655;23960;246727;246730;54123;58185;71586;80861;14469;16145;19106;54396;234311;229898;15944;13163;65221;20128;214763;23961;142980;81897;12363;230073;18854;217069;17874;16362;83490;114643;78781	project-specific anchor-eligible gene_power.tsv background	287	252	22304	clusterProfiler	4.10.1
GO Biological Process	GO:0060759	regulation of response to cytokine stimulus	regulation of response to cytokine stimulus	23	152	23/241	152/18659	2.9285560875594146e-18	1.9155760459907862e-16	1.4781106298882876e-16	Isg15;Oas1g;Il1rn;Oas3;Oas1a;Irf7;Zbp1;Ifih1;Igtp;Irgm2;Irgm1;Parp9;Parp14;Oas1b;Stat2;Casp4;Rigi;Cd300lf;Nlrc5;Samhd1;Adar;Oas1c;Mmp12	100038882;23960;16181;246727;246730;54123;58203;71586;16145;54396;15944;80285;547253;23961;20847;12363;230073;246746;434341;56045;56417;114643;17381	project-specific anchor-eligible gene_power.tsv background	287	252	22304	clusterProfiler	4.10.1
GO Biological Process	GO:0019079	viral genome replication	viral genome replication	21	119	21/241	119/18659	3.3849219782104543e-18	2.1587339916037173e-16	1.6657379208561974e-16	Mx2;Oasl1;Isg15;Oas1g;Oas3;Isg20;Oas1a;Oasl2;Rsad2;Oas2;Ifih1;Eif2ak2;Gbp7;Bst2;Oas1b;Gbp3;Ifitm3;Znfx1;Adar;Oas1c;Zc3hav1	17858;231655;100038882;23960;246727;57444;246730;23962;58185;246728;71586;19106;229900;69550;23961;55932;66141;98999;56417;114643;78781	project-specific anchor-eligible gene_power.tsv background	287	252	22304	clusterProfiler	4.10.1
GO Biological Process	GO:0062207	regulation of pattern recognition receptor signaling pathway	regulation of pattern recognition receptor signaling pathway	22	137	22/241	137/18659	4.3518169096404696e-18	2.7076792528031313e-16	2.089319029788878e-16	Acod1;Oasl1;Irf7;Rsad2;Dhx58;Gbp2;Igtp;Eif2ak2;Irgm2;Ddx60;Gbp5;Irgm1;Slc15a3;Trim30a;Tlr9;Casp4;Cd300lf;Ifi35;Myd88;Irf1;Pik3ap1;Zc3hav1	16365;231655;54123;58185;80861;14469;16145;19106;54396;234311;229898;15944;65221;20128;81897;12363;246746;70110;17874;16362;83490;78781	project-specific anchor-eligible gene_power.tsv background	287	252	22304	clusterProfiler	4.10.1
GO Biological Process	GO:0031348	negative regulation of defense response	negative regulation of defense response	29	296	29/241	296/18659	1.9307816236081133e-17	1.1727199813867375e-15	9.049026657010456e-16	Acod1;Isg15;Oas1g;Oas3;Oas1a;Dhx58;Igtp;Fpr2;Irgm2;Irgm1;Parp14;Trim30a;Cgas;Socs3;Oas1b;Stat2;Lgals9;Nlrc5;Fgl2;Nmi;Samhd1;Trim21;Adar;Trafd1;H2-T22;Tap1;H2-T10;Oas1c;Mmp12	16365;100038882;23960;246727;246730;80861;16145;14289;54396;15944;547253;20128;214763;12702;23961;20847;16859;434341;14190;64685;56045;20821;56417;231712;15039;21354;15024;114643;17381	project-specific anchor-eligible gene_power.tsv background	287	252	22304	clusterProfiler	4.10.1
GO Biological Process	GO:0050777	negative regulation of immune response	negative regulation of immune response	25	216	25/241	216/18659	6.852046538186025e-17	4.065016446258732e-15	3.1366773626457456e-15	Acod1;Isg15;Oas1g;Oas3;Oas1a;Dhx58;Lilrb4b;Parp14;Cgas;Oas1b;Stat2;Lgals9;Nlrc5;Fgl2;Nmi;Samhd1;Trim21;Adar;Irf1;Trafd1;H2-T22;Tap1;H2-T10;Oas1c;Mmp12	16365;100038882;23960;246727;246730;80861;14727;547253;214763;23961;20847;16859;434341;14190;64685;56045;20821;56417;16362;231712;15039;21354;15024;114643;17381	project-specific anchor-eligible gene_power.tsv background	287	252	22304	clusterProfiler	4.10.1
GO Biological Process	GO:0001959	regulation of cytokine-mediated signaling pathway	regulation of cytokine-mediated signaling pathway	21	142	21/241	142/18659	1.4676758979669517e-16	8.509184581167486e-15	6.565918490904784e-15	Isg15;Oas1g;Il1rn;Oas3;Oas1a;Irf7;Zbp1;Igtp;Irgm2;Irgm1;Parp9;Parp14;Oas1b;Stat2;Casp4;Cd300lf;Nlrc5;Samhd1;Adar;Oas1c;Mmp12	100038882;23960;16181;246727;246730;54123;58203;16145;54396;15944;80285;547253;23961;20847;12363;246746;434341;56045;56417;114643;17381	project-specific anchor-eligible gene_power.tsv background	287	252	22304	clusterProfiler	4.10.1
GO Biological Process	GO:0032728	positive regulation of interferon-beta production	positive regulation of interferon-beta production	14	52	14/241	52/18659	2.817777715292423e-15	1.5973668781579936e-13	1.2325717725372707e-13	Isg15;Oas1g;Oas3;Oas1a;Irf7;Oas2;Ifih1;Oas1b;Tlr3;Tlr9;Rigi;Irf1;Oas1c;Zc3hav1	100038882;23960;246727;246730;54123;246728;71586;23961;142980;81897;230073;16362;114643;78781	project-specific anchor-eligible gene_power.tsv background	287	252	22304	clusterProfiler	4.10.1
GO Biological Process	GO:0035455	response to interferon-alpha	response to interferon-alpha	12	32	12/241	32/18659	2.9438027349791474e-15	1.6325306036808272e-13	1.259705060505951e-13	Ifit1;Oas1g;Ifit2;Tgtp1;Oas1a;Ifi204;Eif2ak2;Bst2;Oas1b;Ifitm3;Adar;Oas1c	15957;23960;15958;21822;246730;15951;19106;69550;23961;66141;56417;114643	project-specific anchor-eligible gene_power.tsv background	287	252	22304	clusterProfiler	4.10.1
GO Biological Process	GO:0002237	response to molecule of bacterial origin	response to molecule of bacterial origin	27	306	27/241	306/18659	3.6266958399731806e-15	1.968447039951401e-13	1.518907328275442e-13	Trim30c;Acod1;Cxcl10;Ccl2;Gbp10;Cxcl9;Cmpk2;Gbp6;Gbp2;Igtp;Fcgr4;Trim30d;Eif2ak2;Irgm2;Gbp5;Irgm1;Trim30a;Tlr9;Casp4;Cd274;Gbp3;Lgals9;Stat1;Myd88;Gch1;S100a9;Trim12c	434219;16365;15945;20296;626578;17329;22169;100702;14469;16145;246256;209387;19106;54396;229898;15944;20128;81897;12363;60533;55932;16859;20846;17874;14528;20202;319236	project-specific anchor-eligible gene_power.tsv background	287	252	22304	clusterProfiler	4.10.1
GO Biological Process	GO:0032496	response to lipopolysaccharide	response to lipopolysaccharide	26	286	26/241	286/18659	5.928988499665121e-15	3.151010346384526e-13	2.431405371573197e-13	Trim30c;Acod1;Cxcl10;Ccl2;Gbp10;Cxcl9;Cmpk2;Gbp6;Gbp2;Igtp;Fcgr4;Trim30d;Eif2ak2;Irgm2;Gbp5;Irgm1;Trim30a;Casp4;Cd274;Gbp3;Lgals9;Stat1;Myd88;Gch1;S100a9;Trim12c	434219;16365;15945;20296;626578;17329;22169;100702;14469;16145;246256;209387;19106;54396;229898;15944;20128;12363;60533;55932;16859;20846;17874;14528;20202;319236	project-specific anchor-eligible gene_power.tsv background	287	252	22304	clusterProfiler	4.10.1
GO Biological Process	GO:0060339	negative regulation of type I interferon-mediated signaling pathway	negative regulation of type I interferon-mediated signaling pathway	11	26	11/241	26/18659	8.650081595926576e-15	4.503338398205856e-13	3.474898514367927e-13	Isg15;Oas1g;Oas3;Oas1a;Oas1b;Stat2;Nlrc5;Samhd1;Adar;Oas1c;Mmp12	100038882;23960;246727;246730;23961;20847;434341;56045;56417;114643;17381	project-specific anchor-eligible gene_power.tsv background	287	252	22304	clusterProfiler	4.10.1
GO Biological Process	GO:0050688	regulation of defense response to virus	regulation of defense response to virus	17	99	17/241	99/18659	9.47783716756552e-15	4.835592522891929e-13	3.731274842810005e-13	Dhx58;Igtp;Irgm2;Irgm1;Parp9;Il12rb1;Trim30a;Cgas;Gbp4;Rigi;Dtx3l;Stat1;Fgl2;Pml;Il15;Zc3hav1;Mmp12	80861;16145;54396;15944;80285;16161;20128;214763;17472;230073;209200;20846;14190;18854;16168;78781;17381	project-specific anchor-eligible gene_power.tsv background	287	252	22304	clusterProfiler	4.10.1
GO Biological Process	GO:0060338	regulation of type I interferon-mediated signaling pathway	regulation of type I interferon-mediated signaling pathway	13	45	13/241	45/18659	1.0188679048374929e-14	5.096337304393029e-13	3.932472615162253e-13	Isg15;Oas1g;Oas3;Oas1a;Irf7;Zbp1;Oas1b;Stat2;Nlrc5;Samhd1;Adar;Oas1c;Mmp12	100038882;23960;246727;246730;54123;58203;23961;20847;434341;56045;56417;114643;17381	project-specific anchor-eligible gene_power.tsv background	287	252	22304	clusterProfiler	4.10.1
GO Biological Process	GO:0071222	cellular response to lipopolysaccharide	cellular response to lipopolysaccharide	22	201	22/241	201/18659	1.7442905611870994e-14	8.518278864548636e-13	6.572935887559451e-13	Trim30c;Acod1;Cxcl10;Ccl2;Gbp10;Cxcl9;Cmpk2;Gbp6;Gbp2;Igtp;Fcgr4;Trim30d;Irgm2;Gbp5;Irgm1;Trim30a;Cd274;Gbp3;Stat1;Myd88;Gch1;Trim12c	434219;16365;15945;20296;626578;17329;22169;100702;14469;16145;246256;209387;54396;229898;15944;20128;60533;55932;20846;17874;14528;319236	project-specific anchor-eligible gene_power.tsv background	287	252	22304	clusterProfiler	4.10.1
GO Biological Process	GO:0032608	interferon-beta production	interferon-beta production	15	72	15/241	72/18659	1.803163695357218e-14	8.518278864548636e-13	6.572935887559451e-13	Isg15;Oas1g;Oas3;Oas1a;Irf7;Oas2;Ifih1;Oas1b;Tlr3;Tlr9;Rigi;Nmi;Irf1;Oas1c;Zc3hav1	100038882;23960;246727;246730;54123;246728;71586;23961;142980;81897;230073;64685;16362;114643;78781	project-specific anchor-eligible gene_power.tsv background	287	252	22304	clusterProfiler	4.10.1
GO Biological Process	GO:0032648	regulation of interferon-beta production	regulation of interferon-beta production	15	72	15/241	72/18659	1.803163695357218e-14	8.518278864548636e-13	6.572935887559451e-13	Isg15;Oas1g;Oas3;Oas1a;Irf7;Oas2;Ifih1;Oas1b;Tlr3;Tlr9;Rigi;Nmi;Irf1;Oas1c;Zc3hav1	100038882;23960;246727;246730;54123;246728;71586;23961;142980;81897;230073;64685;16362;114643;78781	project-specific anchor-eligible gene_power.tsv background	287	252	22304	clusterProfiler	4.10.1
GO Biological Process	GO:0039531	regulation of viral-induced cytoplasmic pattern recognition receptor signaling pathway	regulation of viral-induced cytoplasmic pattern recognition receptor signaling pathway	16	88	16/241	88/18659	2.3076220573104863e-14	1.0703170669452819e-12	8.258857889321741e-13	Oasl1;Rsad2;Dhx58;Gbp2;Igtp;Eif2ak2;Irgm2;Ddx60;Gbp5;Irgm1;Slc15a3;Trim30a;Tlr9;Casp4;Myd88;Zc3hav1	231655;58185;80861;14469;16145;19106;54396;234311;229898;15944;65221;20128;81897;12363;17874;78781	project-specific anchor-eligible gene_power.tsv background	287	252	22304	clusterProfiler	4.10.1
GO Biological Process	GO:0071219	cellular response to molecule of bacterial origin	cellular response to molecule of bacterial origin	22	211	22/241	211/18659	4.804174749746813e-14	2.188473176179307e-12	1.688685485343335e-12	Trim30c;Acod1;Cxcl10;Ccl2;Gbp10;Cxcl9;Cmpk2;Gbp6;Gbp2;Igtp;Fcgr4;Trim30d;Irgm2;Gbp5;Irgm1;Trim30a;Cd274;Gbp3;Stat1;Myd88;Gch1;Trim12c	434219;16365;15945;20296;626578;17329;22169;100702;14469;16145;246256;209387;54396;229898;15944;20128;60533;55932;20846;17874;14528;319236	project-specific anchor-eligible gene_power.tsv background	287	252	22304	clusterProfiler	4.10.1
GO Biological Process	GO:0140374	antiviral innate immune response	antiviral innate immune response	13	52	13/241	52/18659	8.181600874377243e-14	3.661625233427429e-12	2.8254097202373865e-12	Ifit3;Ifit3b;Oas1g;Ifit2;Oas1a;Zbp1;Ifih1;Dhx58;Eif2ak2;Oas1b;Rigi;Trim25;Oas1c	15959;667370;23960;15958;246730;58203;71586;80861;19106;23961;230073;217069;114643	project-specific anchor-eligible gene_power.tsv background	287	252	22304	clusterProfiler	4.10.1
GO Biological Process	GO:0071216	cellular response to biotic stimulus	cellular response to biotic stimulus	22	236	22/241	236/18659	4.807479517278853e-13	2.114462111823854e-11	1.6315765330873786e-11	Trim30c;Acod1;Cxcl10;Ccl2;Gbp10;Cxcl9;Cmpk2;Gbp6;Gbp2;Igtp;Fcgr4;Trim30d;Irgm2;Gbp5;Irgm1;Trim30a;Cd274;Gbp3;Stat1;Myd88;Gch1;Trim12c	434219;16365;15945;20296;626578;17329;22169;100702;14469;16145;246256;209387;54396;229898;15944;20128;60533;55932;20846;17874;14528;319236	project-specific anchor-eligible gene_power.tsv background	287	252	22304	clusterProfiler	4.10.1
GO Biological Process	GO:0032102	negative regulation of response to external stimulus	negative regulation of response to external stimulus	29	447	29/241	447/18659	9.015236068447272e-13	3.897943595018472e-11	3.007759401961891e-11	Acod1;Isg15;Oas1g;Oas3;Oas1a;Dhx58;Igtp;Fpr2;Irgm2;Irgm1;Parp14;Trim30a;Cgas;Socs3;Oas1b;Stat2;Lgals9;Nlrc5;Fgl2;Nmi;Samhd1;Trim21;Adar;Trafd1;H2-T22;Tap1;H2-T10;Oas1c;Mmp12	16365;100038882;23960;246727;246730;80861;16145;14289;54396;15944;547253;20128;214763;12702;23961;20847;16859;434341;14190;64685;56045;20821;56417;231712;15039;21354;15024;114643;17381	project-specific anchor-eligible gene_power.tsv background	287	252	22304	clusterProfiler	4.10.1
GO Biological Process	GO:0007249	canonical NF-kappaB signal transduction	canonical NF-kappaB signal transduction	22	244	22/241	244/18659	9.456962587895315e-13	4.0207852602868246e-11	3.10254737532706e-11	Trim30c;Saa3;Igtp;Lilrb4b;Trim30d;Irgm2;Irgm1;Gbp7;Trim30a;Tlr3;Tlr9;Gbp3;Stat1;Tnfsf10;Trim25;Trim21;Myd88;Irf1;Ubd;Zc3hav1;Trim34a;Trim12c	434219;20210;16145;14727;209387;54396;15944;229900;20128;142980;81897;55932;20846;22035;217069;20821;17874;16362;24108;78781;94094;319236	project-specific anchor-eligible gene_power.tsv background	287	252	22304	clusterProfiler	4.10.1
GO Biological Process	GO:0060760	positive regulation of response to cytokine stimulus	positive regulation of response to cytokine stimulus	13	64	13/241	64/18659	1.4759222224629075e-12	6.172258343447339e-11	4.7626825815455344e-11	Irf7;Zbp1;Ifih1;Igtp;Irgm2;Irgm1;Parp9;Parp14;Casp4;Rigi;Cd300lf;Nlrc5;Mmp12	54123;58203;71586;16145;54396;15944;80285;547253;12363;230073;246746;434341;17381	project-specific anchor-eligible gene_power.tsv background	287	252	22304	clusterProfiler	4.10.1
GO Biological Process	GO:0043122	regulation of canonical NF-kappaB signal transduction	regulation of canonical NF-kappaB signal transduction	20	203	20/241	203/18659	2.0611509605631434e-12	8.480638871607385e-11	6.543891844232731e-11	Trim30c;Igtp;Lilrb4b;Trim30d;Irgm2;Irgm1;Gbp7;Trim30a;Tlr3;Tlr9;Gbp3;Stat1;Tnfsf10;Trim25;Trim21;Myd88;Ubd;Zc3hav1;Trim34a;Trim12c	434219;16145;14727;209387;54396;15944;229900;20128;142980;81897;55932;20846;22035;217069;20821;17874;24108;78781;94094;319236	project-specific anchor-eligible gene_power.tsv background	287	252	22304	clusterProfiler	4.10.1
GO Biological Process	GO:0062208	positive regulation of pattern recognition receptor signaling pathway	positive regulation of pattern recognition receptor signaling pathway	13	67	13/241	67/18659	2.7545664139384667e-12	1.1153807812630204e-10	8.606581777886271e-11	Oasl1;Rsad2;Dhx58;Gbp2;Ddx60;Gbp5;Slc15a3;Tlr9;Casp4;Ifi35;Myd88;Pik3ap1;Zc3hav1	231655;58185;80861;14469;234311;229898;65221;81897;12363;70110;17874;83490;78781	project-specific anchor-eligible gene_power.tsv background	287	252	22304	clusterProfiler	4.10.1
GO Biological Process	GO:0001906	cell killing	cell killing	21	236	21/241	236/18659	4.098464136641143e-12	1.6336221894643056e-10	1.260547357815615e-10	Cxcl10;Ccl2;Gzmb;Cxcl9;Fcgr1;Gbp2;Igtp;Fcgr4;Irgm2;Gbp5;H2-T24;Gbp7;Pnp;Gbp3;Lgals9;Fgl2;Myd88;Stx11;H2-T22;Tap1;H2-T10	15945;20296;14939;17329;14129;14469;16145;246256;54396;229898;15042;229900;18950;55932;16859;14190;17874;74732;15039;21354;15024	project-specific anchor-eligible gene_power.tsv background	287	252	22304	clusterProfiler	4.10.1
GO Biological Process	GO:0032647	regulation of interferon-alpha production	regulation of interferon-alpha production	10	33	10/241	33/18659	7.647576838476519e-12	3.001379771531323e-10	2.3159463462268975e-10	Irf7;Ifih1;Gbp4;Tlr3;Tlr9;Rigi;Stat1;Nmi;Zc3hav1;Mmp12	54123;71586;17472;142980;81897;230073;20846;64685;78781;17381	project-specific anchor-eligible gene_power.tsv background	287	252	22304	clusterProfiler	4.10.1
GO Biological Process	GO:0060700	regulation of ribonuclease activity	regulation of ribonuclease activity	8	16	8/241	16/18659	8.118696421656172e-12	3.1379991775219536e-10	2.421365599441315e-10	Oasl1;Oas1g;Oas3;Oas1a;Oasl2;Oas2;Oas1b;Oas1c	231655;23960;246727;246730;23962;246728;23961;114643	project-specific anchor-eligible gene_power.tsv background	287	252	22304	clusterProfiler	4.10.1
GO Biological Process	GO:0001960	negative regulation of cytokine-mediated signaling pathway	negative regulation of cytokine-mediated signaling pathway	13	73	13/241	73/18659	8.746400519580314e-12	3.33015936200737e-10	2.5696416294760707e-10	Isg15;Oas1g;Il1rn;Oas3;Oas1a;Parp14;Oas1b;Stat2;Nlrc5;Samhd1;Adar;Oas1c;Mmp12	100038882;23960;16181;246727;246730;547253;23961;20847;434341;56045;56417;114643;17381	project-specific anchor-eligible gene_power.tsv background	287	252	22304	clusterProfiler	4.10.1
GO Biological Process	GO:0032607	interferon-alpha production	interferon-alpha production	10	35	10/241	35/18659	1.4828400009497658e-11	5.562830650621842e-10	4.292431581696691e-10	Irf7;Ifih1;Gbp4;Tlr3;Tlr9;Rigi;Stat1;Nmi;Zc3hav1;Mmp12	54123;71586;17472;142980;81897;230073;20846;64685;78781;17381	project-specific anchor-eligible gene_power.tsv background	287	252	22304	clusterProfiler	4.10.1
GO Biological Process	GO:0032760	positive regulation of tumor necrosis factor production	positive regulation of tumor necrosis factor production	16	133	16/241	133/18659	1.7062039936559937e-11	6.308009257704986e-10	4.86743168289353e-10	Ccl2;Oas1g;Oas3;Oas1a;Oas2;Ccl4;Ifih1;Oas1b;Tlr3;Tlr9;Rigi;Lgals9;Myd88;H2-T22;H2-T10;Oas1c	20296;23960;246727;246730;246728;20303;71586;23961;142980;81897;230073;16859;17874;15039;15024;114643	project-specific anchor-eligible gene_power.tsv background	287	252	22304	clusterProfiler	4.10.1
GO Biological Process	GO:0060761	negative regulation of response to cytokine stimulus	negative regulation of response to cytokine stimulus	13	77	13/241	77/18659	1.7797602933440965e-11	6.485955011886843e-10	5.004739471508964e-10	Isg15;Oas1g;Il1rn;Oas3;Oas1a;Parp14;Oas1b;Stat2;Nlrc5;Samhd1;Adar;Oas1c;Mmp12	100038882;23960;16181;246727;246730;547253;23961;20847;434341;56045;56417;114643;17381	project-specific anchor-eligible gene_power.tsv background	287	252	22304	clusterProfiler	4.10.1
GO Biological Process	GO:1903557	positive regulation of tumor necrosis factor superfamily cytokine production	positive regulation of tumor necrosis factor superfamily cytokine production	16	135	16/241	135/18659	2.1483698368918054e-11	7.719002047761966e-10	5.956192134896481e-10	Ccl2;Oas1g;Oas3;Oas1a;Oas2;Ccl4;Ifih1;Oas1b;Tlr3;Tlr9;Rigi;Lgals9;Myd88;H2-T22;H2-T10;Oas1c	20296;23960;246727;246730;246728;20303;71586;23961;142980;81897;230073;16859;17874;15039;15024;114643	project-specific anchor-eligible gene_power.tsv background	287	252	22304	clusterProfiler	4.10.1
GO Biological Process	GO:1903555	regulation of tumor necrosis factor superfamily cytokine production	regulation of tumor necrosis factor superfamily cytokine production	19	206	19/241	206/18659	2.3976177434756786e-11	8.494892866120079e-10	6.554890614472982e-10	Ccl2;Oas1g;Oas3;Oas1a;Oas2;Ccl4;Ifih1;Lilrb4b;Trim30a;Oas1b;Tlr3;Tlr9;Rigi;Cd274;Lgals9;Myd88;H2-T22;H2-T10;Oas1c	20296;23960;246727;246730;246728;20303;71586;14727;20128;23961;142980;81897;230073;60533;16859;17874;15039;15024;114643	project-specific anchor-eligible gene_power.tsv background	287	252	22304	clusterProfiler	4.10.1
GO Biological Process	GO:0071706	tumor necrosis factor superfamily cytokine production	tumor necrosis factor superfamily cytokine production	19	213	19/241	213/18659	4.2992412960496066e-11	1.5023787049619928e-9	1.159276311984537e-9	Ccl2;Oas1g;Oas3;Oas1a;Oas2;Ccl4;Ifih1;Lilrb4b;Trim30a;Oas1b;Tlr3;Tlr9;Rigi;Cd274;Lgals9;Myd88;H2-T22;H2-T10;Oas1c	20296;23960;246727;246730;246728;20303;71586;14727;20128;23961;142980;81897;230073;60533;16859;17874;15039;15024;114643	project-specific anchor-eligible gene_power.tsv background	287	252	22304	clusterProfiler	4.10.1
GO Biological Process	GO:0032680	regulation of tumor necrosis factor production	regulation of tumor necrosis factor production	18	203	18/241	203/18659	1.568531573252259e-10	5.40719465319799e-9	4.172338608793349e-9	Ccl2;Oas1g;Oas3;Oas1a;Oas2;Ccl4;Ifih1;Lilrb4b;Trim30a;Oas1b;Tlr3;Tlr9;Rigi;Lgals9;Myd88;H2-T22;H2-T10;Oas1c	20296;23960;246727;246730;246728;20303;71586;14727;20128;23961;142980;81897;230073;16859;17874;15039;15024;114643	project-specific anchor-eligible gene_power.tsv background	287	252	22304	clusterProfiler	4.10.1
GO Biological Process	GO:0001961	positive regulation of cytokine-mediated signaling pathway	positive regulation of cytokine-mediated signaling pathway	11	58	11/241	58/18659	1.7723320873959274e-10	5.997364483035357e-9	4.627729717252726e-9	Irf7;Zbp1;Igtp;Irgm2;Irgm1;Parp9;Parp14;Casp4;Cd300lf;Nlrc5;Mmp12	54123;58203;16145;54396;15944;80285;547253;12363;246746;434341;17381	project-specific anchor-eligible gene_power.tsv background	287	252	22304	clusterProfiler	4.10.1
GO Biological Process	GO:0032480	negative regulation of type I interferon production	negative regulation of type I interferon production	10	44	10/241	44/18659	1.8102589776312134e-10	5.997364483035357e-9	4.627729717252726e-9	Acod1;Dhx58;Igtp;Xaf1;Irgm2;Irgm1;Gbp7;Gbp4;Gbp3;Nmi	16365;80861;16145;327959;54396;15944;229900;17472;55932;64685	project-specific anchor-eligible gene_power.tsv background	287	252	22304	clusterProfiler	4.10.1
GO Biological Process	GO:0050691	regulation of defense response to virus by host	regulation of defense response to virus by host	10	44	10/241	44/18659	1.8102589776312134e-10	5.997364483035357e-9	4.627729717252726e-9	Parp9;Il12rb1;Cgas;Rigi;Dtx3l;Stat1;Pml;Il15;Zc3hav1;Mmp12	80285;16161;214763;230073;209200;20846;18854;16168;78781;17381	project-specific anchor-eligible gene_power.tsv background	287	252	22304	clusterProfiler	4.10.1
GO Biological Process	GO:0032640	tumor necrosis factor production	tumor necrosis factor production	18	210	18/241	210/18659	2.737355135263168e-10	8.952555064174796e-9	6.908035226642544e-9	Ccl2;Oas1g;Oas3;Oas1a;Oas2;Ccl4;Ifih1;Lilrb4b;Trim30a;Oas1b;Tlr3;Tlr9;Rigi;Lgals9;Myd88;H2-T22;H2-T10;Oas1c	20296;23960;246727;246730;246728;20303;71586;14727;20128;23961;142980;81897;230073;16859;17874;15039;15024;114643	project-specific anchor-eligible gene_power.tsv background	287	252	22304	clusterProfiler	4.10.1
GO Biological Process	GO:0060333	type II interferon-mediated signaling pathway	type II interferon-mediated signaling pathway	8	23	8/241	23/18659	2.86068371022478e-10	9.237473600991665e-9	7.127886126742624e-9	Igtp;Irgm2;Irgm1;Parp9;Parp14;Nlrc5;Stat1;Irf1	16145;54396;15944;80285;547253;434341;20846;16362	project-specific anchor-eligible gene_power.tsv background	287	252	22304	clusterProfiler	4.10.1
GO Biological Process	GO:0001818	negative regulation of cytokine production	negative regulation of cytokine production	21	306	21/241	306/18659	5.34877329703697e-10	1.7055900850926637e-8	1.3160797454551492e-8	Acod1;Oas1g;Oas3;Oas1a;Dhx58;Igtp;Xaf1;Lilrb4b;Irgm2;Irgm1;Gbp7;Trim30a;Bst2;Gbp4;Oas1b;Cd274;Gbp3;Lgals9;Pml;Nmi;Oas1c	16365;23960;246727;246730;80861;16145;327959;14727;54396;15944;229900;20128;69550;17472;23961;60533;55932;16859;18854;64685;114643	project-specific anchor-eligible gene_power.tsv background	287	252	22304	clusterProfiler	4.10.1
GO Biological Process	GO:1903901	negative regulation of viral life cycle	negative regulation of viral life cycle	9	36	9/241	36/18659	5.987299439245388e-10	1.8856297369771584e-8	1.4550032425456629e-8	Trim30c;Ch25h;Trim30d;Trim30a;Bst2;Ifitm3;Trim25;Trim12c;Ly6e	434219;12642;209387;20128;69550;66141;217069;319236;17069	project-specific anchor-eligible gene_power.tsv background	287	252	22304	clusterProfiler	4.10.1
GO Biological Process	GO:0046596	regulation of viral entry into host cell	regulation of viral entry into host cell	10	50	10/241	50/18659	7.002927850479362e-10	2.1785937739722992e-8	1.681062269627267e-8	Trim30c;Ch25h;Trim30d;Trim30a;Ifitm3;Trim25;Trim21;Trim34a;Trim12c;Ly6e	434219;12642;209387;20128;66141;217069;20821;94094;319236;17069	project-specific anchor-eligible gene_power.tsv background	287	252	22304	clusterProfiler	4.10.1
GO Biological Process	GO:0140894	endolysosomal toll-like receptor signaling pathway	endolysosomal toll-like receptor signaling pathway	10	51	10/241	51/18659	8.613061055167405e-10	2.6472191267147046e-8	2.0426663504328532e-8	Oas1g;Oas1a;Rsad2;Oas1b;Tlr3;Tlr9;Myd88;Irf1;Pik3ap1;Oas1c	23960;246730;58185;23961;142980;81897;17874;16362;83490;114643	project-specific anchor-eligible gene_power.tsv background	287	252	22304	clusterProfiler	4.10.1
GO Biological Process	GO:0141085	regulation of inflammasome-mediated signaling pathway	regulation of inflammasome-mediated signaling pathway	9	38	9/241	38/18659	1.0136768126696144e-9	3.078439939428793e-8	2.3754080697896982e-8	Gbp2;Igtp;Eif2ak2;Irgm2;Gbp5;Irgm1;Trim30a;Casp4;Myd88	14469;16145;19106;54396;229898;15944;20128;12363;17874	project-specific anchor-eligible gene_power.tsv background	287	252	22304	clusterProfiler	4.10.1
GO Biological Process	GO:0050830	defense response to Gram-positive bacterium	defense response to Gram-positive bacterium	14	127	14/241	127/18659	1.0472929568630364e-9	3.143110979950125e-8	2.425310005367032e-8	Gbp10;Gbp11;Gbp6;Gbp2;Gbp7;Gbp4;Casp4;Gbp3;Gbp9;Myd88;H2-T22;Gbp8;Hck;H2-T10	626578;634650;100702;14469;229900;17472;12363;55932;236573;17874;15039;76074;15162;15024	project-specific anchor-eligible gene_power.tsv background	287	252	22304	clusterProfiler	4.10.1
GO Biological Process	GO:0051701	biological process involved in interaction with host	biological process involved in interaction with host	15	151	15/241	151/18659	1.1404502138919812e-9	3.382893599579586e-8	2.610332802910655e-8	Trim30c;Gbp6;Ch25h;Gbp2;Trim30d;Gbp7;Trim30a;Gbp3;Gbp9;Ifitm3;Trim25;Trim21;Trim34a;Trim12c;Ly6e	434219;100702;12642;14469;209387;229900;20128;55932;236573;66141;217069;20821;94094;319236;17069	project-specific anchor-eligible gene_power.tsv background	287	252	22304	clusterProfiler	4.10.1
GO Biological Process	GO:0032069	regulation of nuclease activity	regulation of nuclease activity	8	28	8/241	28/18659	1.7150716639083321e-9	4.97175888026154e-8	3.836344511373901e-8	Oasl1;Oas1g;Oas3;Oas1a;Oasl2;Oas2;Oas1b;Oas1c	231655;23960;246727;246730;23962;246728;23961;114643	project-specific anchor-eligible gene_power.tsv background	287	252	22304	clusterProfiler	4.10.1
GO Biological Process	GO:0032727	positive regulation of interferon-alpha production	positive regulation of interferon-alpha production	8	28	8/241	28/18659	1.7150716639083321e-9	4.97175888026154e-8	3.836344511373901e-8	Irf7;Ifih1;Tlr3;Tlr9;Rigi;Stat1;Zc3hav1;Mmp12	54123;71586;142980;81897;230073;20846;78781;17381	project-specific anchor-eligible gene_power.tsv background	287	252	22304	clusterProfiler	4.10.1
GO Biological Process	GO:0052372	modulation by symbiont of entry into host	modulation by symbiont of entry into host	10	55	10/241	55/18659	1.8844260399939587e-9	5.4013155371062795e-8	4.167802122754232e-8	Trim30c;Ch25h;Trim30d;Trim30a;Ifitm3;Trim25;Trim21;Trim34a;Trim12c;Ly6e	434219;12642;209387;20128;66141;217069;20821;94094;319236;17069	project-specific anchor-eligible gene_power.tsv background	287	252	22304	clusterProfiler	4.10.1
GO Biological Process	GO:0071659	negative regulation of IP-10 production	negative regulation of IP-10 production	6	11	6/241	11/18659	1.909661411289916e-9	5.412829178000639e-8	4.1766863615346704e-8	Oas1g;Oas3;Oas1a;Lilrb4b;Oas1b;Oas1c	23960;246727;246730;14727;23961;114643	project-specific anchor-eligible gene_power.tsv background	287	252	22304	clusterProfiler	4.10.1
GO Biological Process	GO:0035457	cellular response to interferon-alpha	cellular response to interferon-alpha	7	20	7/241	20/18659	3.6927101491320222e-9	1.0351762187292075e-7	7.987701537162387e-8	Ifit1;Oas1g;Ifit2;Oas1a;Ifi204;Oas1b;Oas1c	15957;23960;15958;246730;15951;23961;114643	project-specific anchor-eligible gene_power.tsv background	287	252	22304	clusterProfiler	4.10.1
GO Biological Process	GO:0071612	IP-10 production	IP-10 production	6	12	6/241	12/18659	3.778116470298841e-9	1.0363414102938003e-7	7.996692472505752e-8	Oas1g;Oas3;Oas1a;Lilrb4b;Oas1b;Oas1c	23960;246727;246730;14727;23961;114643	project-specific anchor-eligible gene_power.tsv background	287	252	22304	clusterProfiler	4.10.1
GO Biological Process	GO:0071658	regulation of IP-10 production	regulation of IP-10 production	6	12	6/241	12/18659	3.778116470298841e-9	1.0363414102938003e-7	7.996692472505752e-8	Oas1g;Oas3;Oas1a;Lilrb4b;Oas1b;Oas1c	23960;246727;246730;14727;23961;114643	project-specific anchor-eligible gene_power.tsv background	287	252	22304	clusterProfiler	4.10.1
GO Biological Process	GO:0141084	inflammasome-mediated signaling pathway	inflammasome-mediated signaling pathway	9	44	9/241	44/18659	4.121077830849238e-9	1.1183903772868517e-7	8.629804640188214e-8	Gbp2;Igtp;Eif2ak2;Irgm2;Gbp5;Irgm1;Trim30a;Casp4;Myd88	14469;16145;19106;54396;229898;15944;20128;12363;17874	project-specific anchor-eligible gene_power.tsv background	287	252	22304	clusterProfiler	4.10.1
GO Biological Process	GO:0046597	negative regulation of viral entry into host cell	negative regulation of viral entry into host cell	8	31	8/241	31/18659	4.2099189470416e-9	1.1304740246213811e-7	8.7230453528729e-8	Trim30c;Ch25h;Trim30d;Trim30a;Ifitm3;Trim25;Trim12c;Ly6e	434219;12642;209387;20128;66141;217069;319236;17069	project-specific anchor-eligible gene_power.tsv background	287	252	22304	clusterProfiler	4.10.1
GO Biological Process	GO:0043903	regulation of biological process involved in symbiotic interaction	regulation of biological process involved in symbiotic interaction	10	63	10/241	63/18659	7.522694054114805e-9	1.9989992220882154e-7	1.5424822238152066e-7	Trim30c;Ch25h;Trim30d;Trim30a;Ifitm3;Trim25;Trim21;Trim34a;Trim12c;Ly6e	434219;12642;209387;20128;66141;217069;20821;94094;319236;17069	project-specific anchor-eligible gene_power.tsv background	287	252	22304	clusterProfiler	4.10.1
GO Biological Process	GO:0044790	suppression of viral release by host	suppression of viral release by host	7	22	7/241	22/18659	7.946893612742544e-9	2.0899510934130134e-7	1.6126631639531805e-7	Trim30c;Trim30d;Trim30a;Pml;Trim25;Trim21;Trim12c	434219;209387;20128;18854;217069;20821;319236	project-specific anchor-eligible gene_power.tsv background	287	252	22304	clusterProfiler	4.10.1
GO Biological Process	GO:0032722	positive regulation of chemokine production	positive regulation of chemokine production	11	85	11/241	85/18659	1.2224893787337408e-8	3.182214699132421e-7	2.45548349971224e-7	Oas1g;Oas3;Oas1a;Eif2ak2;Oas1b;Tlr3;Tlr9;Chil3;Lgals9;Myd88;Oas1c	23960;246727;246730;19106;23961;142980;81897;12655;16859;17874;114643	project-specific anchor-eligible gene_power.tsv background	287	252	22304	clusterProfiler	4.10.1
GO Biological Process	GO:0031640	killing of cells of another organism	killing of cells of another organism	11	86	11/241	86/18659	1.3859811877974195e-8	3.535638010071217e-7	2.7281945486117624e-7	Cxcl10;Gzmb;Cxcl9;Gbp2;Igtp;Irgm2;Gbp5;Gbp7;Gbp3;Fgl2;Myd88	15945;14939;17329;14469;16145;54396;229898;229900;55932;14190;17874	project-specific anchor-eligible gene_power.tsv background	287	252	22304	clusterProfiler	4.10.1
GO Biological Process	GO:0141061	disruption of cell in another organism	disruption of cell in another organism	11	86	11/241	86/18659	1.3859811877974195e-8	3.535638010071217e-7	2.7281945486117624e-7	Cxcl10;Gzmb;Cxcl9;Gbp2;Igtp;Irgm2;Gbp5;Gbp7;Gbp3;Fgl2;Myd88	15945;14939;17329;14469;16145;54396;229898;229900;55932;14190;17874	project-specific anchor-eligible gene_power.tsv background	287	252	22304	clusterProfiler	4.10.1
GO Biological Process	GO:1900225	regulation of NLRP3 inflammasome complex assembly	regulation of NLRP3 inflammasome complex assembly	8	36	8/241	36/18659	1.527393360953765e-8	3.857802439399064e-7	2.9767853934169266e-7	Igtp;Eif2ak2;Irgm2;Gbp5;Irgm1;Trim30a;Casp4;Myd88	16145;19106;54396;229898;15944;20128;12363;17874	project-specific anchor-eligible gene_power.tsv background	287	252	22304	clusterProfiler	4.10.1
GO Biological Process	GO:0060330	regulation of response to type II interferon	regulation of response to type II interferon	6	15	6/241	15/18659	1.9809777379858038e-8	4.903667672352224e-7	3.78380348152372e-7	Igtp;Irgm2;Irgm1;Parp9;Parp14;Nlrc5	16145;54396;15944;80285;547253;434341	project-specific anchor-eligible gene_power.tsv background	287	252	22304	clusterProfiler	4.10.1
GO Biological Process	GO:0060334	regulation of type II interferon-mediated signaling pathway	regulation of type II interferon-mediated signaling pathway	6	15	6/241	15/18659	1.9809777379858038e-8	4.903667672352224e-7	3.78380348152372e-7	Igtp;Irgm2;Irgm1;Parp9;Parp14;Nlrc5	16145;54396;15944;80285;547253;434341	project-specific anchor-eligible gene_power.tsv background	287	252	22304	clusterProfiler	4.10.1
GO Biological Process	GO:0043123	positive regulation of canonical NF-kappaB signal transduction	positive regulation of canonical NF-kappaB signal transduction	13	134	13/241	134/18659	1.999143229810393e-8	4.903667672352224e-7	3.78380348152372e-7	Trim30c;Trim30d;Trim30a;Tlr3;Tlr9;Tnfsf10;Trim25;Trim21;Myd88;Ubd;Zc3hav1;Trim34a;Trim12c	434219;209387;20128;142980;81897;22035;217069;20821;17874;24108;78781;94094;319236	project-specific anchor-eligible gene_power.tsv background	287	252	22304	clusterProfiler	4.10.1
GO Biological Process	GO:0141060	disruption of anatomical structure in another organism	disruption of anatomical structure in another organism	11	91	11/241	91/18659	2.533351978944122e-8	6.154838950749005e-7	4.7492413038852223e-7	Cxcl10;Gzmb;Cxcl9;Gbp2;Igtp;Irgm2;Gbp5;Gbp7;Gbp3;Fgl2;Myd88	15945;14939;17329;14469;16145;54396;229898;229900;55932;14190;17874	project-specific anchor-eligible gene_power.tsv background	287	252	22304	clusterProfiler	4.10.1
GO Biological Process	GO:0032642	regulation of chemokine production	regulation of chemokine production	12	114	12/241	114/18659	2.8308977927428214e-8	6.812849310648054e-7	5.256980012342678e-7	Oas1g;Oas3;Oas1a;Lilrb4b;Eif2ak2;Oas1b;Tlr3;Tlr9;Chil3;Lgals9;Myd88;Oas1c	23960;246727;246730;14727;19106;23961;142980;81897;12655;16859;17874;114643	project-specific anchor-eligible gene_power.tsv background	287	252	22304	clusterProfiler	4.10.1
GO Biological Process	GO:0044546	NLRP3 inflammasome complex assembly	NLRP3 inflammasome complex assembly	8	39	8/241	39/18659	3.003390680778446e-8	7.16042021183721e-7	5.525175182543723e-7	Igtp;Eif2ak2;Irgm2;Gbp5;Irgm1;Trim30a;Casp4;Myd88	16145;19106;54396;229898;15944;20128;12363;17874	project-specific anchor-eligible gene_power.tsv background	287	252	22304	clusterProfiler	4.10.1
GO Biological Process	GO:0002697	regulation of immune effector process	regulation of immune effector process	22	432	22/241	432/18659	4.908262612584275e-8	1.1593498078428228e-6	8.945858757829041e-7	Ccl2;Rsad2;Fcgr1;Dhx58;Lilrb4b;Ddx60;H2-T24;Bst2;Cgas;Tlr3;Tlr9;Casp4;Rigi;Pnp;Lgals9;Nr4a3;Fgl2;Myd88;Irf1;H2-T22;Tap1;H2-T10	20296;58185;14129;80861;14727;234311;15042;69550;214763;142980;81897;12363;230073;18950;16859;18124;14190;17874;16362;15039;21354;15024	project-specific anchor-eligible gene_power.tsv background	287	252	22304	clusterProfiler	4.10.1
GO Biological Process	GO:0034142	toll-like receptor 4 signaling pathway	toll-like receptor 4 signaling pathway	9	58	9/241	58/18659	5.2900084303402024e-8	1.2380561014493446e-6	9.553177947596504e-7	Acod1;Oas1g;Oas1a;Oas1b;Ifi35;Nmi;Myd88;Pik3ap1;Oas1c	16365;23960;246730;23961;70110;64685;17874;83490;114643	project-specific anchor-eligible gene_power.tsv background	287	252	22304	clusterProfiler	4.10.1
GO Biological Process	GO:0140632	canonical inflammasome complex assembly	canonical inflammasome complex assembly	8	42	8/241	42/18659	5.572608221986446e-8	1.2923385067534022e-6	9.972035765659957e-7	Igtp;Eif2ak2;Irgm2;Gbp5;Irgm1;Trim30a;Casp4;Myd88	16145;19106;54396;229898;15944;20128;12363;17874	project-specific anchor-eligible gene_power.tsv background	287	252	22304	clusterProfiler	4.10.1
GO Biological Process	GO:0032602	chemokine production	chemokine production	12	123	12/241	123/18659	6.655279443219014e-8	1.5295151224911446e-6	1.1802155105566197e-6	Oas1g;Oas3;Oas1a;Lilrb4b;Eif2ak2;Oas1b;Tlr3;Tlr9;Chil3;Lgals9;Myd88;Oas1c	23960;246727;246730;14727;19106;23961;142980;81897;12655;16859;17874;114643	project-specific anchor-eligible gene_power.tsv background	287	252	22304	clusterProfiler	4.10.1
GO Biological Process	GO:0071347	cellular response to interleukin-1	cellular response to interleukin-1	10	79	10/241	79/18659	7.07856704761644e-8	1.6122700480776375e-6	1.2440714641957467e-6	Acod1;Ccl2;Saa3;Ccl7;Il1rn;Ccl12;Zbp1;Ccl4;Myd88;Irf1	16365;20296;20210;20306;16181;20293;58203;20303;17874;16362	project-specific anchor-eligible gene_power.tsv background	287	252	22304	clusterProfiler	4.10.1
GO Biological Process	GO:0002443	leukocyte mediated immunity	leukocyte mediated immunity	23	490	23/241	490/18659	1.0557200253577545e-7	2.38331131388286e-6	1.8390278969902203e-6	Ccl2;Gzmb;Irf7;Rsad2;Fcgr1;Lilrb4b;Fcgr4;H2-T24;Bst2;Tlr3;Tlr9;Rigi;Pnp;Slfn2;Lgals9;Nr4a3;Fgl2;Myd88;Stx11;H2-T22;Tap1;Fas;H2-T10	20296;14939;54123;58185;14129;14727;246256;15042;69550;142980;81897;230073;18950;20556;16859;18124;14190;17874;74732;15039;21354;14102;15024	project-specific anchor-eligible gene_power.tsv background	287	252	22304	clusterProfiler	4.10.1
GO Biological Process	GO:0002230	positive regulation of defense response to virus by host	positive regulation of defense response to virus by host	7	32	7/241	32/18659	1.40489223239291e-7	3.143754460380977e-6	2.4258065323866503e-6	Parp9;Il12rb1;Cgas;Rigi;Dtx3l;Stat1;Pml	80285;16161;214763;230073;209200;20846;18854	project-specific anchor-eligible gene_power.tsv background	287	252	22304	clusterProfiler	4.10.1
GO Biological Process	GO:2000342	negative regulation of chemokine (C-X-C motif) ligand 2 production	negative regulation of chemokine (C-X-C motif) ligand 2 production	5	11	5/241	11/18659	1.4954927980280728e-7	3.317393154582273e-6	2.559790876258578e-6	Oas1g;Oas3;Oas1a;Oas1b;Oas1c	23960;246727;246730;23961;114643	project-specific anchor-eligible gene_power.tsv background	287	252	22304	clusterProfiler	4.10.1
GO Biological Process	GO:0098586	cellular response to virus	cellular response to virus	8	48	8/241	48/18659	1.6665364974779325e-7	3.664943625057074e-6	2.827970281564187e-6	Igtp;Irgm2;Irgm1;Tlr3;Lgals9;Adar;Zc3hav1;Mmp12	16145;54396;15944;142980;16859;56417;78781;17381	project-specific anchor-eligible gene_power.tsv background	287	252	22304	clusterProfiler	4.10.1
GO Biological Process	GO:0140895	cell surface toll-like receptor signaling pathway	cell surface toll-like receptor signaling pathway	9	67	9/241	67/18659	1.9201183548328338e-7	4.1865144642551784e-6	3.2304285411942417e-6	Acod1;Oas1g;Oas1a;Oas1b;Ifi35;Nmi;Myd88;Pik3ap1;Oas1c	16365;23960;246730;23961;70110;64685;17874;83490;114643	project-specific anchor-eligible gene_power.tsv background	287	252	22304	clusterProfiler	4.10.1
GO Biological Process	GO:0044403	biological process involved in symbiotic interaction	biological process involved in symbiotic interaction	16	253	16/241	253/18659	2.004871227726521e-7	4.334259747398606e-6	3.344432824128988e-6	Trim30c;Gbp6;Ch25h;Gbp2;Trim30d;Gbp7;Trim30a;Gbp3;Gbp9;Ifitm3;Trim25;Trim21;Myd88;Trim34a;Trim12c;Ly6e	434219;100702;12642;14469;209387;229900;20128;55932;236573;66141;217069;20821;17874;94094;319236;17069	project-specific anchor-eligible gene_power.tsv background	287	252	22304	clusterProfiler	4.10.1
GO Biological Process	GO:0002752	cell surface pattern recognition receptor signaling pathway	cell surface pattern recognition receptor signaling pathway	9	70	9/241	70/18659	2.8238710861112275e-7	6.0535253282939e-6	4.6710649544697e-6	Acod1;Oas1g;Oas1a;Oas1b;Ifi35;Nmi;Myd88;Pik3ap1;Oas1c	16365;23960;246730;23961;70110;64685;17874;83490;114643	project-specific anchor-eligible gene_power.tsv background	287	252	22304	clusterProfiler	4.10.1
GO Biological Process	GO:0046718	viral entry into host cell	viral entry into host cell	10	94	10/241	94/18659	3.7508539824673296e-7	7.907792156424924e-6	6.101867722674126e-6	Trim30c;Ch25h;Trim30d;Trim30a;Ifitm3;Trim25;Trim21;Trim34a;Trim12c;Ly6e	434219;12642;209387;20128;66141;217069;20821;94094;319236;17069	project-specific anchor-eligible gene_power.tsv background	287	252	22304	clusterProfiler	4.10.1
GO Biological Process	GO:0070555	response to interleukin-1	response to interleukin-1	10	94	10/241	94/18659	3.7508539824673296e-7	7.907792156424924e-6	6.101867722674126e-6	Acod1;Ccl2;Saa3;Ccl7;Il1rn;Ccl12;Zbp1;Ccl4;Myd88;Irf1	16365;20296;20210;20306;16181;20293;58203;20303;17874;16362	project-specific anchor-eligible gene_power.tsv background	287	252	22304	clusterProfiler	4.10.1
GO Biological Process	GO:0044406	adhesion of symbiont to host	adhesion of symbiont to host	5	13	5/241	13/18659	4.078782417512442e-7	8.528667169732983e-6	6.580951786668048e-6	Gbp6;Gbp2;Gbp7;Gbp3;Gbp9	100702;14469;229900;55932;236573	project-specific anchor-eligible gene_power.tsv background	287	252	22304	clusterProfiler	4.10.1
GO Biological Process	GO:0044409	entry into host	entry into host	10	98	10/241	98/18659	5.554196051598643e-7	1.1519312298884665e-5	8.888614990577205e-6	Trim30c;Ch25h;Trim30d;Trim30a;Ifitm3;Trim25;Trim21;Trim34a;Trim12c;Ly6e	434219;12642;209387;20128;66141;217069;20821;94094;319236;17069	project-specific anchor-eligible gene_power.tsv background	287	252	22304	clusterProfiler	4.10.1
GO Biological Process	GO:0002755	MyD88-dependent toll-like receptor signaling pathway	MyD88-dependent toll-like receptor signaling pathway	5	14	5/241	14/18659	6.278020269624158e-7	1.2866608332162657e-5	9.928225290863922e-6	Irf7;Tlr9;Cd300lf;Myd88;Irf1	54123;81897;246746;17874;16362	project-specific anchor-eligible gene_power.tsv background	287	252	22304	clusterProfiler	4.10.1
GO Biological Process	GO:0051092	positive regulation of NF-kappaB transcription factor activity	positive regulation of NF-kappaB transcription factor activity	12	151	12/241	151/18659	6.304688520267864e-7	1.2866608332162657e-5	9.928225290863922e-6	Trim30c;Trim30d;Eif2ak2;Trim30a;Tlr3;Tlr9;Trim25;Trim21;Trim14;Myd88;Trim34a;Trim12c	434219;209387;19106;20128;142980;81897;217069;20821;74735;17874;94094;319236	project-specific anchor-eligible gene_power.tsv background	287	252	22304	clusterProfiler	4.10.1
GO Biological Process	GO:0039529	RIG-I signaling pathway	RIG-I signaling pathway	6	26	6/241	26/18659	8.08915627659544e-7	1.6248376111492104e-5	1.2537689380218379e-5	Oasl1;Oas3;Dhx58;Ddx60;Rigi;Zc3hav1	231655;246727;80861;234311;230073;78781	project-specific anchor-eligible gene_power.tsv background	287	252	22304	clusterProfiler	4.10.1
GO Biological Process	GO:0046426	negative regulation of receptor signaling pathway via JAK-STAT	negative regulation of receptor signaling pathway via JAK-STAT	6	26	6/241	26/18659	8.08915627659544e-7	1.6248376111492104e-5	1.2537689380218379e-5	Socs1;Gbp7;Parp14;Socs3;Gbp3;Irf1	12703;229900;547253;12702;55932;16362	project-specific anchor-eligible gene_power.tsv background	287	252	22304	clusterProfiler	4.10.1
GO Biological Process	GO:0001909	leukocyte mediated cytotoxicity	leukocyte mediated cytotoxicity	12	156	12/241	156/18659	8.936750345643362e-7	1.7810664165418918e-5	1.3743193376935105e-5	Ccl2;Gzmb;Fcgr1;Fcgr4;H2-T24;Pnp;Lgals9;Myd88;Stx11;H2-T22;Tap1;H2-T10	20296;14939;14129;246256;15042;18950;16859;17874;74732;15039;21354;15024	project-specific anchor-eligible gene_power.tsv background	287	252	22304	clusterProfiler	4.10.1
GO Biological Process	GO:0071360	cellular response to exogenous dsRNA	cellular response to exogenous dsRNA	5	15	5/241	15/18659	9.317981517536936e-7	1.8426489031966455e-5	1.4218380610195081e-5	Ifih1;Cgas;Tlr3;Rigi;Zc3hav1	71586;214763;142980;230073;78781	project-specific anchor-eligible gene_power.tsv background	287	252	22304	clusterProfiler	4.10.1
GO Biological Process	GO:0002220	innate immune response activating cell surface receptor signaling pathway	innate immune response activating cell surface receptor signaling pathway	9	82	9/241	82/18659	1.1124067553095056e-6	2.1828843329188836e-5	1.684372981723705e-5	Acod1;Oas1g;Oas1a;Oas1b;Ifi35;Nmi;Myd88;Pik3ap1;Oas1c	16365;23960;246730;23961;70110;64685;17874;83490;114643	project-specific anchor-eligible gene_power.tsv background	287	252	22304	clusterProfiler	4.10.1
GO Biological Process	GO:0070269	pyroptosis	pyroptosis	7	43	7/241	43/18659	1.1918194315374386e-6	2.3208636411084014e-5	1.7908415724990042e-5	Gzmb;Zbp1;Gbp2;Gbp5;Casp4;Gbp3;Trim21	14939;58203;14469;229898;12363;55932;20821	project-specific anchor-eligible gene_power.tsv background	287	252	22304	clusterProfiler	4.10.1
GO Biological Process	GO:0002274	myeloid leukocyte activation	myeloid leukocyte activation	15	260	15/241	260/18659	1.5471681239955802e-6	2.9900196093278217e-5	2.3071805357828827e-5	Batf2;Lilrb4b;Fcgr4;Irgm1;Tlr3;Tlr9;Cd300lf;Lgals9;Nr4a3;Ifi35;Nmi;Myd88;Stx11;Ubd;Il15	74481;14727;246256;15944;142980;81897;246746;16859;18124;70110;64685;17874;74732;24108;16168	project-specific anchor-eligible gene_power.tsv background	287	252	22304	clusterProfiler	4.10.1
GO Biological Process	GO:0072567	chemokine (C-X-C motif) ligand 2 production	chemokine (C-X-C motif) ligand 2 production	6	29	6/241	29/18659	1.6157073728158097e-6	3.0530885244838006e-5	2.355846227809407e-5	Oas1g;Oas3;Oas1a;Oas1b;Myd88;Oas1c	23960;246727;246730;23961;17874;114643	project-specific anchor-eligible gene_power.tsv background	287	252	22304	clusterProfiler	4.10.1
GO Biological Process	GO:1904893	negative regulation of receptor signaling pathway via STAT	negative regulation of receptor signaling pathway via STAT	6	29	6/241	29/18659	1.6157073728158097e-6	3.0530885244838006e-5	2.355846227809407e-5	Socs1;Gbp7;Parp14;Socs3;Gbp3;Irf1	12703;229900;547253;12702;55932;16362	project-specific anchor-eligible gene_power.tsv background	287	252	22304	clusterProfiler	4.10.1
GO Biological Process	GO:2000341	regulation of chemokine (C-X-C motif) ligand 2 production	regulation of chemokine (C-X-C motif) ligand 2 production	6	29	6/241	29/18659	1.6157073728158097e-6	3.0530885244838006e-5	2.355846227809407e-5	Oas1g;Oas3;Oas1a;Oas1b;Myd88;Oas1c	23960;246727;246730;23961;17874;114643	project-specific anchor-eligible gene_power.tsv background	287	252	22304	clusterProfiler	4.10.1
GO Biological Process	GO:0050727	regulation of inflammatory response	regulation of inflammatory response	18	372	18/241	372/18659	1.7640251142742254e-6	3.30884416655408e-5	2.553194244344274e-5	Acod1;Zbp1;Fcgr1;Igtp;Fpr2;Irgm2;Irgm1;Socs3;Tlr9;Casp4;Lgals9;Ifi35;Nmi;Myd88;S100a9;H2-T22;Pik3ap1;H2-T10	16365;58203;14129;16145;14289;54396;15944;12702;81897;12363;16859;70110;64685;17874;20202;15039;83490;15024	project-specific anchor-eligible gene_power.tsv background	287	252	22304	clusterProfiler	4.10.1
GO Biological Process	GO:0002699	positive regulation of immune effector process	positive regulation of immune effector process	16	299	16/241	299/18659	1.8511631117022774e-6	3.4469467868266493e-5	2.6597579860801068e-5	Ccl2;Rsad2;Fcgr1;Dhx58;Ddx60;H2-T24;Tlr3;Tlr9;Casp4;Rigi;Pnp;Nr4a3;Myd88;Irf1;H2-T22;H2-T10	20296;58185;14129;80861;234311;15042;142980;81897;12363;230073;18950;18124;17874;16362;15039;15024	project-specific anchor-eligible gene_power.tsv background	287	252	22304	clusterProfiler	4.10.1
GO Biological Process	GO:0070663	regulation of leukocyte proliferation	regulation of leukocyte proliferation	16	301	16/241	301/18659	2.018556432425602e-6	3.731403955882399e-5	2.8792528822546725e-5	Ccl12;Tarm1;Lilrb4b;Slfn1;Irgm1;Il12rb1;Tlr9;Cd274;Pnp;Lgals9;Cdkn1a;Myd88;Irf1;H2-T22;Il15;H2-T10	20293;245126;14727;20555;15944;16161;81897;60533;18950;16859;12575;17874;16362;15039;16168;15024	project-specific anchor-eligible gene_power.tsv background	287	252	22304	clusterProfiler	4.10.1
GO Biological Process	GO:0002224	toll-like receptor signaling pathway	toll-like receptor signaling pathway	8	68	8/241	68/18659	2.6140958200392568e-6	4.797524055338233e-5	3.7019001768068235e-5	Irf7;Trim30a;Tlr3;Tlr9;Cd300lf;Myd88;Irf1;Pik3ap1	54123;20128;142980;81897;246746;17874;16362;83490	project-specific anchor-eligible gene_power.tsv background	287	252	22304	clusterProfiler	4.10.1
GO Biological Process	GO:0002718	regulation of cytokine production involved in immune response	regulation of cytokine production involved in immune response	11	144	11/241	144/18659	2.7461526820600764e-6	5.003882494239468e-5	3.861131966505521e-5	Rsad2;Lilrb4b;Bst2;Tlr3;Tlr9;Casp4;Rigi;Nr4a3;Myd88;H2-T22;H2-T10	58185;14727;69550;142980;81897;12363;230073;18124;17874;15039;15024	project-specific anchor-eligible gene_power.tsv background	287	252	22304	clusterProfiler	4.10.1
GO Biological Process	GO:0046631	alpha-beta T cell activation	alpha-beta T cell activation	13	206	13/241	206/18659	2.9228005690351257e-6	5.287988830928089e-5	4.080356150873972e-5	Tarm1;Rsad2;Socs1;Igtp;Lilrb4b;Irgm1;Cd274;Pnp;Lgals9;Irf1;H2-T22;Il15;H2-T10	245126;58185;12703;16145;14727;15944;60533;18950;16859;16362;15039;16168;15024	project-specific anchor-eligible gene_power.tsv background	287	252	22304	clusterProfiler	4.10.1
GO Biological Process	GO:0036037	CD8-positive, alpha-beta T cell activation	CD8-positive, alpha-beta T cell activation	7	49	7/241	49/18659	2.9745016460919347e-6	5.323081954997261e-5	4.107434960838836e-5	Socs1;Igtp;Lilrb4b;Cd274;Irf1;H2-T22;H2-T10	12703;16145;14727;60533;16362;15039;15024	project-specific anchor-eligible gene_power.tsv background	287	252	22304	clusterProfiler	4.10.1
GO Biological Process	GO:0034138	toll-like receptor 3 signaling pathway	toll-like receptor 3 signaling pathway	6	32	6/241	32/18659	2.9839306921388015e-6	5.323081954997261e-5	4.107434960838836e-5	Oas1g;Oas1a;Oas1b;Tlr3;Irf1;Oas1c	23960;246730;23961;142980;16362;114643	project-specific anchor-eligible gene_power.tsv background	287	252	22304	clusterProfiler	4.10.1
GO Biological Process	GO:0044000	movement in host	movement in host	10	118	10/241	118/18659	3.0852241990058762e-06	5.442678700738161e-5	4.199719065951582e-5	Trim30c;Ch25h;Trim30d;Trim30a;Ifitm3;Trim25;Trim21;Trim34a;Trim12c;Ly6e	434219;12642;209387;20128;66141;217069;20821;94094;319236;17069	project-specific anchor-eligible gene_power.tsv background	287	252	22304	clusterProfiler	4.10.1
GO Biological Process	GO:0050670	regulation of lymphocyte proliferation	regulation of lymphocyte proliferation	15	275	15/241	275/18659	3.093643322646152e-6	5.442678700738161e-5	4.199719065951582e-5	Tarm1;Lilrb4b;Slfn1;Irgm1;Il12rb1;Tlr9;Cd274;Pnp;Lgals9;Cdkn1a;Myd88;Irf1;H2-T22;Il15;H2-T10	245126;14727;20555;15944;16161;81897;60533;18950;16859;12575;17874;16362;15039;16168;15024	project-specific anchor-eligible gene_power.tsv background	287	252	22304	clusterProfiler	4.10.1
GO Biological Process	GO:0046633	alpha-beta T cell proliferation	alpha-beta T cell proliferation	8	70	8/241	70/18659	3.265182324970438e-6	5.705123363698348e-5	4.4022285131180385e-5	Tarm1;Irgm1;Cd274;Lgals9;Irf1;H2-T22;Il15;H2-T10	245126;15944;60533;16859;16362;15039;16168;15024	project-specific anchor-eligible gene_power.tsv background	287	252	22304	clusterProfiler	4.10.1
GO Biological Process	GO:0032944	regulation of mononuclear cell proliferation	regulation of mononuclear cell proliferation	15	279	15/241	279/18659	3.691250269601446e-6	6.405700297791353e-5	4.942812749126176e-5	Tarm1;Lilrb4b;Slfn1;Irgm1;Il12rb1;Tlr9;Cd274;Pnp;Lgals9;Cdkn1a;Myd88;Irf1;H2-T22;Il15;H2-T10	245126;14727;20555;15944;16161;81897;60533;18950;16859;12575;17874;16362;15039;16168;15024	project-specific anchor-eligible gene_power.tsv background	287	252	22304	clusterProfiler	4.10.1
GO Biological Process	GO:0002460	adaptive immune response based on somatic recombination of immune receptors built from immunoglobulin superfamily domains	adaptive immune response based on somatic recombination of immune receptors built from immunoglobulin superfamily domains	18	393	18/241	393/18659	3.8131737846081497e-6	6.572571840902292e-5	5.0715753749767e-5	Gzmb;Irf7;Rsad2;Fcgr1;Lilrb4b;H2-T24;Il12rb1;Cd274;Pnp;Slfn2;Fgl2;Myd88;Stx11;Irf1;H2-T22;Il18bp;Fas;H2-T10	14939;54123;58185;14129;14727;15042;16161;60533;18950;20556;14190;17874;74732;16362;15039;16068;14102;15024	project-specific anchor-eligible gene_power.tsv background	287	252	22304	clusterProfiler	4.10.1
GO Biological Process	GO:0032682	negative regulation of chemokine production	negative regulation of chemokine production	6	34	6/241	34/18659	4.3338729775851836e-6	7.419939574375707e-5	5.7254273882616e-5	Oas1g;Oas3;Oas1a;Lilrb4b;Oas1b;Oas1c	23960;246727;246730;14727;23961;114643	project-specific anchor-eligible gene_power.tsv background	287	252	22304	clusterProfiler	4.10.1
GO Biological Process	GO:0046651	lymphocyte proliferation	lymphocyte proliferation	17	362	17/241	362/18659	5.127720690717345e-6	8.720543654679965e-5	6.729008906415042e-5	Tarm1;Lilrb4b;Slfn1;Irgm1;Il12rb1;Tlr9;Cd274;Pnp;Slfn2;Lgals9;Cdkn1a;Myd88;Irf1;H2-T22;Il15;H2-T10;Psmb10	245126;14727;20555;15944;16161;81897;60533;18950;20556;16859;12575;17874;16362;15039;16168;15024;19171	project-specific anchor-eligible gene_power.tsv background	287	252	22304	clusterProfiler	4.10.1
GO Biological Process	GO:1900246	positive regulation of RIG-I signaling pathway	positive regulation of RIG-I signaling pathway	4	10	4/241	10/18659	5.363091001752607e-6	9.060427248656225e-5	6.991272341078686e-5	Oasl1;Dhx58;Ddx60;Zc3hav1	231655;80861;234311;78781	project-specific anchor-eligible gene_power.tsv background	287	252	22304	clusterProfiler	4.10.1
GO Biological Process	GO:0070661	leukocyte proliferation	leukocyte proliferation	18	403	18/241	403/18659	5.3993359792740925e-6	9.061648738900139e-5	6.992214876206755e-5	Ccl12;Tarm1;Lilrb4b;Slfn1;Irgm1;Il12rb1;Tlr9;Cd274;Pnp;Slfn2;Lgals9;Cdkn1a;Myd88;Irf1;H2-T22;Il15;H2-T10;Psmb10	20293;245126;14727;20555;15944;16161;81897;60533;18950;20556;16859;12575;17874;16362;15039;16168;15024;19171	project-specific anchor-eligible gene_power.tsv background	287	252	22304	clusterProfiler	4.10.1
GO Biological Process	GO:0071359	cellular response to dsRNA	cellular response to dsRNA	5	21	5/241	21/18659	5.9262871940865696e-6	9.816856254620024e-5	7.574953556351256e-5	Ifih1;Cgas;Tlr3;Rigi;Zc3hav1	71586;214763;142980;230073;78781	project-specific anchor-eligible gene_power.tsv background	287	252	22304	clusterProfiler	4.10.1
GO Biological Process	GO:0071639	positive regulation of monocyte chemotactic protein-1 production	positive regulation of monocyte chemotactic protein-1 production	5	21	5/241	21/18659	5.9262871940865696e-6	9.816856254620024e-5	7.574953556351256e-5	Oas1g;Oas3;Oas1a;Oas1b;Oas1c	23960;246727;246730;23961;114643	project-specific anchor-eligible gene_power.tsv background	287	252	22304	clusterProfiler	4.10.1
GO Biological Process	GO:2001185	regulation of CD8-positive, alpha-beta T cell activation	regulation of CD8-positive, alpha-beta T cell activation	6	36	6/241	36/18659	6.142533735978916e-6	1.010942165192401e-4	7.800704982193938e-5	Socs1;Lilrb4b;Cd274;Irf1;H2-T22;H2-T10	12703;14727;60533;16362;15039;15024	project-specific anchor-eligible gene_power.tsv background	287	252	22304	clusterProfiler	4.10.1
GO Biological Process	GO:0032943	mononuclear cell proliferation	mononuclear cell proliferation	17	368	17/241	368/18659	6.371385923254024e-6	1.04188496732186e-4	8.039468067803662e-5	Tarm1;Lilrb4b;Slfn1;Irgm1;Il12rb1;Tlr9;Cd274;Pnp;Slfn2;Lgals9;Cdkn1a;Myd88;Irf1;H2-T22;Il15;H2-T10;Psmb10	245126;14727;20555;15944;16161;81897;60533;18950;20556;16859;12575;17874;16362;15039;16168;15024;19171	project-specific anchor-eligible gene_power.tsv background	287	252	22304	clusterProfiler	4.10.1
GO Biological Process	GO:0042098	T cell proliferation	T cell proliferation	14	259	14/241	259/18659	7.352542587037169e-6	1.1946710916899249e-4	9.218407400442178e-5	Tarm1;Lilrb4b;Slfn1;Irgm1;Il12rb1;Cd274;Pnp;Slfn2;Lgals9;Irf1;H2-T22;Il15;H2-T10;Psmb10	245126;14727;20555;15944;16161;60533;18950;20556;16859;16362;15039;16168;15024;19171	project-specific anchor-eligible gene_power.tsv background	287	252	22304	clusterProfiler	4.10.1
GO Biological Process	GO:0031663	lipopolysaccharide-mediated signaling pathway	lipopolysaccharide-mediated signaling pathway	7	56	7/241	56/18659	7.437093688794595e-6	1.2007611392477857e-4	9.265399865453627e-5	Trim30c;Acod1;Trim30d;Trim30a;Stat1;Myd88;Trim12c	434219;16365;209387;20128;20846;17874;319236	project-specific anchor-eligible gene_power.tsv background	287	252	22304	clusterProfiler	4.10.1
GO Biological Process	GO:0051091	positive regulation of DNA-binding transcription factor activity	positive regulation of DNA-binding transcription factor activity	14	260	14/241	260/18659	7.682929751600528e-6	1.232651182159305e-4	9.511472118830181e-5	Trim30c;Trim30d;Eif2ak2;Trim30a;Tlr3;Tlr9;Rigi;Trim25;Sp100;Trim21;Trim14;Myd88;Trim34a;Trim12c	434219;209387;19106;20128;142980;81897;230073;217069;20684;20821;74735;17874;94094;319236	project-specific anchor-eligible gene_power.tsv background	287	252	22304	clusterProfiler	4.10.1
GO Biological Process	GO:0046634	regulation of alpha-beta T cell activation	regulation of alpha-beta T cell activation	10	134	10/241	134/18659	9.642139035770873e-6	1.5373185425157185e-4	1.1862368419007588e-4	Tarm1;Socs1;Lilrb4b;Irgm1;Cd274;Pnp;Lgals9;Irf1;H2-T22;H2-T10	245126;12703;14727;15944;60533;18950;16859;16362;15039;15024	project-specific anchor-eligible gene_power.tsv background	287	252	22304	clusterProfiler	4.10.1
GO Biological Process	GO:0051090	regulation of DNA-binding transcription factor activity	regulation of DNA-binding transcription factor activity	18	421	18/241	421/18659	9.811515594472525e-6	1.5546072224533798e-4	1.1995772580361963e-4	Trim30c;Acod1;Trim30d;Eif2ak2;Trim30a;Tlr3;Tlr9;Rigi;Nlrc5;Parp10;Trim25;Sp100;Trim21;Trim14;Myd88;Hck;Trim34a;Trim12c	434219;16365;209387;19106;20128;142980;81897;230073;434341;671535;217069;20684;20821;74735;17874;15162;94094;319236	project-specific anchor-eligible gene_power.tsv background	287	252	22304	clusterProfiler	4.10.1
GO Biological Process	GO:0002449	lymphocyte mediated immunity	lymphocyte mediated immunity	17	381	17/241	381/18659	1.0037455580268662e-5	1.5805894558805776e-4	1.2196258567317999e-4	Gzmb;Irf7;Rsad2;Fcgr1;Lilrb4b;Fcgr4;H2-T24;Pnp;Slfn2;Lgals9;Fgl2;Myd88;Stx11;H2-T22;Tap1;Fas;H2-T10	14939;54123;58185;14129;14727;246256;15042;18950;20556;16859;14190;17874;74732;15039;21354;14102;15024	project-specific anchor-eligible gene_power.tsv background	287	252	22304	clusterProfiler	4.10.1
GO Biological Process	GO:0002367	cytokine production involved in immune response	cytokine production involved in immune response	11	166	11/241	166/18659	1.0788734902113618e-5	1.688470106459622e-4	1.3028695038393585e-4	Rsad2;Lilrb4b;Bst2;Tlr3;Tlr9;Casp4;Rigi;Nr4a3;Myd88;H2-T22;H2-T10	58185;14727;69550;142980;81897;12363;230073;18124;17874;15039;15024	project-specific anchor-eligible gene_power.tsv background	287	252	22304	clusterProfiler	4.10.1
GO Biological Process	GO:0007159	leukocyte cell-cell adhesion	leukocyte cell-cell adhesion	18	428	18/241	428/18659	1.2260745435951879e-5	1.9071440004337343e-4	1.4716042339685503e-4	Ccl2;Tarm1;Socs1;Olr1;Lilrb4b;Slfn1;Irgm1;Il12rb1;Cd274;Pnp;Lgals9;Nr4a3;Fgl2;Irf1;S100a9;H2-T22;Il15;H2-T10	20296;245126;12703;108078;14727;20555;15944;16161;60533;18950;16859;18124;14190;16362;20202;15039;16168;15024	project-specific anchor-eligible gene_power.tsv background	287	252	22304	clusterProfiler	4.10.1
GO Biological Process	GO:0050863	regulation of T cell activation	regulation of T cell activation	17	395	17/241	395/18659	1.6002235271844e-5	2.474042556271154e-4	1.909038593834021e-4	Ccl2;Tarm1;Socs1;Lilrb4b;Slfn1;Irgm1;Il12rb1;Cgas;Cd274;Pnp;Lgals9;Fgl2;Irf1;H2-T22;Il15;Fas;H2-T10	20296;245126;12703;14727;20555;15944;16161;214763;60533;18950;16859;14190;16362;15039;16168;14102;15024	project-specific anchor-eligible gene_power.tsv background	287	252	22304	clusterProfiler	4.10.1
GO Biological Process	GO:0042532	negative regulation of tyrosine phosphorylation of STAT protein	negative regulation of tyrosine phosphorylation of STAT protein	4	13	4/241	13/18659	1.771040524195145e-5	2.6902658176771935e-4	2.075882349153625e-4	Socs1;Parp14;Socs3;Irf1	12703;547253;12702;16362	project-specific anchor-eligible gene_power.tsv background	287	252	22304	clusterProfiler	4.10.1
GO Biological Process	GO:0061635	regulation of protein complex stability	regulation of protein complex stability	4	13	4/241	13/18659	1.771040524195145e-5	2.6902658176771935e-4	2.075882349153625e-4	Igtp;Irgm2;Irgm1;Tapbp	16145;54396;15944;21356	project-specific anchor-eligible gene_power.tsv background	287	252	22304	clusterProfiler	4.10.1
GO Biological Process	GO:0002703	regulation of leukocyte mediated immunity	regulation of leukocyte mediated immunity	14	280	14/241	280/18659	1.7717156306145375e-5	2.6902658176771935e-4	2.075882349153625e-4	Ccl2;Rsad2;Fcgr1;Lilrb4b;H2-T24;Bst2;Tlr3;Tlr9;Rigi;Pnp;Lgals9;H2-T22;Tap1;H2-T10	20296;58185;14129;14727;15042;69550;142980;81897;230073;18950;16859;15039;21354;15024	project-specific anchor-eligible gene_power.tsv background	287	252	22304	clusterProfiler	4.10.1
GO Biological Process	GO:0070534	protein K63-linked ubiquitination	protein K63-linked ubiquitination	7	64	7/241	64/18659	1.8249173824812963e-5	2.7546533980531287e-4	2.1255655591653847e-4	Trim30c;Rnf213;Trim30d;Trim30a;Parp10;Trim21;Trim12c	434219;672511;209387;20128;671535;20821;319236	project-specific anchor-eligible gene_power.tsv background	287	252	22304	clusterProfiler	4.10.1
GO Biological Process	GO:0046640	regulation of alpha-beta T cell proliferation	regulation of alpha-beta T cell proliferation	7	65	7/241	65/18659	2.0228940596678477e-5	3.0286635996699376e-4	2.3369992908385914e-4	Tarm1;Irgm1;Cd274;Lgals9;Irf1;H2-T22;H2-T10	245126;15944;60533;16859;16362;15039;15024	project-specific anchor-eligible gene_power.tsv background	287	252	22304	clusterProfiler	4.10.1
GO Biological Process	GO:0009394	2'-deoxyribonucleotide metabolic process	2'-deoxyribonucleotide metabolic process	6	44	6/241	44/18659	2.0420624819413142e-5	3.0286635996699376e-4	2.3369992908385914e-4	Cmpk2;Upp1;Pnp;Xdh;Samhd1;Dck	22169;22271;18950;22436;56045;13178	project-specific anchor-eligible gene_power.tsv background	287	252	22304	clusterProfiler	4.10.1
GO Biological Process	GO:0019692	deoxyribose phosphate metabolic process	deoxyribose phosphate metabolic process	6	44	6/241	44/18659	2.0420624819413142e-5	3.0286635996699376e-4	2.3369992908385914e-4	Cmpk2;Upp1;Pnp;Xdh;Samhd1;Dck	22169;22271;18950;22436;56045;13178	project-specific anchor-eligible gene_power.tsv background	287	252	22304	clusterProfiler	4.10.1
GO Biological Process	GO:0002474	antigen processing and presentation of peptide antigen via MHC class I	antigen processing and presentation of peptide antigen via MHC class I	6	45	6/241	45/18659	2.3309657232488044e-5	3.437163907518902e-4	2.652209250061007e-4	Fcgr1;H2-T24;H2-T22;Tap1;H2-T10;Tapbp	14129;15042;15039;21354;15024;21356	project-specific anchor-eligible gene_power.tsv background	287	252	22304	clusterProfiler	4.10.1
GO Biological Process	GO:0019882	antigen processing and presentation	antigen processing and presentation	9	119	9/241	119/18659	2.4277094105266126e-5	3.559245233478959e-4	2.746410524915164e-4	Fcgr1;Fcgr4;H2-T24;Fgl2;H2-T22;Tap1;H2-T10;Psmb9;Tapbp	14129;246256;15042;14190;15039;21354;15024;16912;21356	project-specific anchor-eligible gene_power.tsv background	287	252	22304	clusterProfiler	4.10.1
GO Biological Process	GO:1900226	negative regulation of NLRP3 inflammasome complex assembly	negative regulation of NLRP3 inflammasome complex assembly	4	14	4/241	14/18659	2.4543446527947114e-5	3.577733262445319e-4	2.760676391414202e-4	Igtp;Irgm2;Irgm1;Trim30a	16145;54396;15944;20128	project-specific anchor-eligible gene_power.tsv background	287	252	22304	clusterProfiler	4.10.1
GO Biological Process	GO:0070098	chemokine-mediated signaling pathway	chemokine-mediated signaling pathway	7	67	7/241	67/18659	2.4721791680305716e-5	3.583255146389766e-4	2.764937227402613e-4	Cxcl10;Ccl2;Ccl7;Cxcl9;Ccl12;Ccl4;Ccrl2	15945;20296;20306;17329;20293;20303;54199	project-specific anchor-eligible gene_power.tsv background	287	252	22304	clusterProfiler	4.10.1
GO Biological Process	GO:0042129	regulation of T cell proliferation	regulation of T cell proliferation	12	216	12/241	216/18659	2.5402489788015167e-5	3.6611159010862534e-4	2.825016705536031e-4	Tarm1;Lilrb4b;Slfn1;Irgm1;Il12rb1;Cd274;Pnp;Lgals9;Irf1;H2-T22;Il15;H2-T10	245126;14727;20555;15944;16161;60533;18950;16859;16362;15039;16168;15024	project-specific anchor-eligible gene_power.tsv background	287	252	22304	clusterProfiler	4.10.1
GO Biological Process	GO:0009262	deoxyribonucleotide metabolic process	deoxyribonucleotide metabolic process	6	46	6/241	46/18659	2.6518785714270165e-5	3.788822690632214e-4	2.92355874124997e-4	Cmpk2;Upp1;Pnp;Xdh;Samhd1;Dck	22169;22271;18950;22436;56045;13178	project-specific anchor-eligible gene_power.tsv background	287	252	22304	clusterProfiler	4.10.1
GO Biological Process	GO:0031664	regulation of lipopolysaccharide-mediated signaling pathway	regulation of lipopolysaccharide-mediated signaling pathway	5	28	5/241	28/18659	2.658562374061804e-5	3.788822690632214e-4	2.92355874124997e-4	Trim30c;Acod1;Trim30d;Trim30a;Trim12c	434219;16365;209387;20128;319236	project-specific anchor-eligible gene_power.tsv background	287	252	22304	clusterProfiler	4.10.1
GO Biological Process	GO:0034121	regulation of toll-like receptor signaling pathway	regulation of toll-like receptor signaling pathway	5	29	5/241	29/18659	3.178768965057687e-5	4.4842228468787096e-4	3.460148434530603e-4	Irf7;Trim30a;Cd300lf;Irf1;Pik3ap1	54123;20128;246746;16362;83490	project-specific anchor-eligible gene_power.tsv background	287	252	22304	clusterProfiler	4.10.1
GO Biological Process	GO:0002700	regulation of production of molecular mediator of immune response	regulation of production of molecular mediator of immune response	12	221	12/241	221/18659	3.1816712476873636e-5	4.4842228468787096e-4	3.460148434530603e-4	Rsad2;Lilrb4b;Bst2;Cgas;Tlr3;Tlr9;Casp4;Rigi;Nr4a3;Myd88;H2-T22;H2-T10	58185;14727;69550;214763;142980;81897;12363;230073;18124;17874;15039;15024	project-specific anchor-eligible gene_power.tsv background	287	252	22304	clusterProfiler	4.10.1
GO Biological Process	GO:0141086	negative regulation of inflammasome-mediated signaling pathway	negative regulation of inflammasome-mediated signaling pathway	4	15	4/241	15/18659	3.312950048292652e-5	4.643590974282723e-4	3.583121220536298e-4	Igtp;Irgm2;Irgm1;Trim30a	16145;54396;15944;20128	project-specific anchor-eligible gene_power.tsv background	287	252	22304	clusterProfiler	4.10.1
GO Biological Process	GO:0010508	positive regulation of autophagy	positive regulation of autophagy	10	155	10/241	155/18659	3.424902062569311e-5	4.774276044597985e-4	3.683961378777459e-4	Trim30c;Igtp;Trim30d;Irgm2;Irgm1;Trim30a;Tlr9;Trim21;Trim34a;Trim12c	434219;16145;209387;54396;15944;20128;81897;20821;94094;319236	project-specific anchor-eligible gene_power.tsv background	287	252	22304	clusterProfiler	4.10.1
GO Biological Process	GO:0071605	monocyte chemotactic protein-1 production	monocyte chemotactic protein-1 production	5	30	5/241	30/18659	3.774564393954236e-5	5.20481825350122e-4	4.0161794689584196e-4	Oas1g;Oas3;Oas1a;Oas1b;Oas1c	23960;246727;246730;23961;114643	project-specific anchor-eligible gene_power.tsv background	287	252	22304	clusterProfiler	4.10.1
GO Biological Process	GO:0071637	regulation of monocyte chemotactic protein-1 production	regulation of monocyte chemotactic protein-1 production	5	30	5/241	30/18659	3.774564393954236e-5	5.20481825350122e-4	4.0161794689584196e-4	Oas1g;Oas3;Oas1a;Oas1b;Oas1c	23960;246727;246730;23961;114643	project-specific anchor-eligible gene_power.tsv background	287	252	22304	clusterProfiler	4.10.1
GO Biological Process	GO:0048247	lymphocyte chemotaxis	lymphocyte chemotaxis	6	49	6/241	49/18659	3.833122197905264e-5	5.257147702610929e-4	4.056558296594706e-4	Cxcl10;Ccl2;Ccl7;Ccl12;Ch25h;Ccl4	15945;20296;20306;20293;12642;20303	project-specific anchor-eligible gene_power.tsv background	287	252	22304	clusterProfiler	4.10.1
GO Biological Process	GO:0050687	negative regulation of defense response to virus	negative regulation of defense response to virus	6	50	6/241	50/18659	4.309171049537921e-5	5.878446709824191e-4	4.535969525829391e-4	Dhx58;Igtp;Irgm2;Irgm1;Trim30a;Fgl2	80861;16145;54396;15944;20128;14190	project-specific anchor-eligible gene_power.tsv background	287	252	22304	clusterProfiler	4.10.1
GO Biological Process	GO:0098792	xenophagy	xenophagy	4	16	4/241	16/18659	4.3725636984569596e-5	5.933196805725375e-4	4.5782161904336585e-4	Igtp;Rnf213;Irgm2;Irgm1	16145;672511;54396;15944	project-specific anchor-eligible gene_power.tsv background	287	252	22304	clusterProfiler	4.10.1
GO Biological Process	GO:0043330	response to exogenous dsRNA	response to exogenous dsRNA	6	51	6/241	51/18659	4.8314345659904554e-5	6.521158506794524e-4	5.03190344661774e-4	Ifih1;Cgas;Tlr3;Rigi;Stat1;Zc3hav1	71586;214763;142980;230073;20846;78781	project-specific anchor-eligible gene_power.tsv background	287	252	22304	clusterProfiler	4.10.1
GO Biological Process	GO:0051251	positive regulation of lymphocyte activation	positive regulation of lymphocyte activation	15	349	15/241	349/18659	5.1580477999039185e-5	6.925357861870998e-4	5.34379467358467e-4	Ccl2;Socs1;Lilrb4b;Irgm1;Il12rb1;Tlr9;Cd274;Pnp;Lgals9;Cdkn1a;Myd88;Irf1;H2-T22;Il15;H2-T10	20296;12703;14727;15944;16161;81897;60533;18950;16859;12575;17874;16362;15039;16168;15024	project-specific anchor-eligible gene_power.tsv background	287	252	22304	clusterProfiler	4.10.1
GO Biological Process	GO:1903037	regulation of leukocyte cell-cell adhesion	regulation of leukocyte cell-cell adhesion	16	392	16/241	392/18659	5.37661063122492e-5	7.181012418981554e-4	5.541064690212512e-4	Ccl2;Tarm1;Socs1;Lilrb4b;Slfn1;Irgm1;Il12rb1;Cd274;Pnp;Lgals9;Nr4a3;Fgl2;Irf1;H2-T22;Il15;H2-T10	20296;245126;12703;14727;20555;15944;16161;60533;18950;16859;18124;14190;16362;15039;16168;15024	project-specific anchor-eligible gene_power.tsv background	287	252	22304	clusterProfiler	4.10.1
GO Biological Process	GO:0002720	positive regulation of cytokine production involved in immune response	positive regulation of cytokine production involved in immune response	8	103	8/241	103/18659	5.7059544582927334e-5	7.581192616200398e-4	5.849854625552309e-4	Rsad2;Tlr3;Casp4;Rigi;Nr4a3;Myd88;H2-T22;H2-T10	58185;142980;12363;230073;18124;17874;15039;15024	project-specific anchor-eligible gene_power.tsv background	287	252	22304	clusterProfiler	4.10.1
GO Biological Process	GO:1990868	response to chemokine	response to chemokine	7	77	7/241	77/18659	6.127986471668187e-5	8.057986334652342e-4	6.217761639728438e-4	Cxcl10;Ccl2;Ccl7;Cxcl9;Ccl12;Ccl4;Ccrl2	15945;20296;20306;17329;20293;20303;54199	project-specific anchor-eligible gene_power.tsv background	287	252	22304	clusterProfiler	4.10.1
GO Biological Process	GO:1990869	cellular response to chemokine	cellular response to chemokine	7	77	7/241	77/18659	6.127986471668187e-5	8.057986334652342e-4	6.217761639728438e-4	Cxcl10;Ccl2;Ccl7;Cxcl9;Ccl12;Ccl4;Ccrl2	15945;20296;20306;17329;20293;20303;54199	project-specific anchor-eligible gene_power.tsv background	287	252	22304	clusterProfiler	4.10.1
GO Biological Process	GO:0002440	production of molecular mediator of immune response	production of molecular mediator of immune response	16	397	16/241	397/18659	6.244657568986372e-5	8.16929305563294e-4	6.303648936034827e-4	Rsad2;Lilrb4b;Fcgr4;Bst2;Cgas;Tlr3;Tlr9;Casp4;Rigi;Nr4a3;Fgl2;Samhd1;Myd88;H2-T22;Fas;H2-T10	58185;14727;246256;69550;214763;142980;81897;12363;230073;18124;14190;56045;17874;15039;14102;15024	project-specific anchor-eligible gene_power.tsv background	287	252	22304	clusterProfiler	4.10.1
GO Biological Process	GO:0007259	receptor signaling pathway via JAK-STAT	receptor signaling pathway via JAK-STAT	10	169	10/241	169/18659	7.126026483678325e-5	9.188338202129162e-4	7.089971915237176e-4	Socs1;Parp9;Gbp7;Parp14;Socs3;Stat2;Gbp3;Stat1;Irf1;Il15	12703;80285;229900;547253;12702;20847;55932;20846;16362;16168	project-specific anchor-eligible gene_power.tsv background	287	252	22304	clusterProfiler	4.10.1
GO Biological Process	GO:0002730	regulation of dendritic cell cytokine production	regulation of dendritic cell cytokine production	4	18	4/241	18/18659	7.203714780187504e-5	9.188338202129162e-4	7.089971915237176e-4	Bst2;Tlr3;Tlr9;Rigi	69550;142980;81897;230073	project-specific anchor-eligible gene_power.tsv background	287	252	22304	clusterProfiler	4.10.1
GO Biological Process	GO:0032897	negative regulation of viral transcription	negative regulation of viral transcription	4	18	4/241	18/18659	7.203714780187504e-5	9.188338202129162e-4	7.089971915237176e-4	Ifitm3;Sp100;Trim21;Trim14	66141;20684;20821;74735	project-specific anchor-eligible gene_power.tsv background	287	252	22304	clusterProfiler	4.10.1
GO Biological Process	GO:0039535	regulation of RIG-I signaling pathway	regulation of RIG-I signaling pathway	4	18	4/241	18/18659	7.203714780187504e-5	9.188338202129162e-4	7.089971915237176e-4	Oasl1;Dhx58;Ddx60;Zc3hav1	231655;80861;234311;78781	project-specific anchor-eligible gene_power.tsv background	287	252	22304	clusterProfiler	4.10.1
GO Biological Process	GO:0070431	nucleotide-binding oligomerization domain containing 2 signaling pathway	nucleotide-binding oligomerization domain containing 2 signaling pathway	4	18	4/241	18/18659	7.203714780187504e-5	9.188338202129162e-4	7.089971915237176e-4	Igtp;Irgm2;Irgm1;Slc15a3	16145;54396;15944;65221	project-specific anchor-eligible gene_power.tsv background	287	252	22304	clusterProfiler	4.10.1
GO Biological Process	GO:0019885	antigen processing and presentation of endogenous peptide antigen via MHC class I	antigen processing and presentation of endogenous peptide antigen via MHC class I	5	35	5/241	35/18659	8.157881579082619e-5	0.0010302354410019682	7.949577151060188e-4	H2-T24;H2-T22;Tap1;H2-T10;Tapbp	15042;15039;21354;15024;21356	project-specific anchor-eligible gene_power.tsv background	287	252	22304	clusterProfiler	4.10.1
GO Biological Process	GO:0039532	negative regulation of viral-induced cytoplasmic pattern recognition receptor signaling pathway	negative regulation of viral-induced cytoplasmic pattern recognition receptor signaling pathway	5	35	5/241	35/18659	8.157881579082619e-5	0.0010302354410019682	7.949577151060188e-4	Dhx58;Igtp;Irgm2;Irgm1;Trim30a	80861;16145;54396;15944;20128	project-specific anchor-eligible gene_power.tsv background	287	252	22304	clusterProfiler	4.10.1
GO Biological Process	GO:0002696	positive regulation of leukocyte activation	positive regulation of leukocyte activation	16	407	16/241	407/18659	8.358096334687792e-5	0.001050320381762983	8.104558022227727e-4	Ccl2;Socs1;Lilrb4b;Irgm1;Il12rb1;Tlr9;Cd274;Pnp;Lgals9;Nr4a3;Cdkn1a;Myd88;Irf1;H2-T22;Il15;H2-T10	20296;12703;14727;15944;16161;81897;60533;18950;16859;18124;12575;17874;16362;15039;16168;15024	project-specific anchor-eligible gene_power.tsv background	287	252	22304	clusterProfiler	4.10.1
GO Biological Process	GO:0050671	positive regulation of lymphocyte proliferation	positive regulation of lymphocyte proliferation	10	173	10/241	173/18659	8.664425200898516e-5	0.0010834778768378489	8.360410281568746e-4	Irgm1;Il12rb1;Tlr9;Cd274;Pnp;Cdkn1a;Myd88;H2-T22;Il15;H2-T10	15944;16161;81897;60533;18950;12575;17874;15039;16168;15024	project-specific anchor-eligible gene_power.tsv background	287	252	22304	clusterProfiler	4.10.1
GO Biological Process	GO:0002371	dendritic cell cytokine production	dendritic cell cytokine production	4	19	4/241	19/18659	9.032472872186429e-5	0.0011239921120462233	8.673029150700192e-4	Bst2;Tlr3;Tlr9;Rigi	69550;142980;81897;230073	project-specific anchor-eligible gene_power.tsv background	287	252	22304	clusterProfiler	4.10.1
GO Biological Process	GO:0002548	monocyte chemotaxis	monocyte chemotaxis	6	57	6/241	57/18659	9.126623139016266e-5	0.0011301949333801212	8.720891808870935e-4	Cxcl10;Ccl2;Ccl7;Ccl12;Ccl4;Fpr2	15945;20296;20306;20293;20303;14289	project-specific anchor-eligible gene_power.tsv background	287	252	22304	clusterProfiler	4.10.1
GO Biological Process	GO:0002768	immune response-regulating cell surface receptor signaling pathway	immune response-regulating cell surface receptor signaling pathway	13	286	13/241	286/18659	9.357615147062189e-5	0.0011532017507321567	8.898418675314669e-4	Acod1;Oas1g;Oas1a;Fpr2;Lilrb4b;Oas1b;Clec4e;Nr4a3;Ifi35;Nmi;Myd88;Pik3ap1;Oas1c	16365;23960;246730;14289;14727;23961;56619;18124;70110;64685;17874;83490;114643	project-specific anchor-eligible gene_power.tsv background	287	252	22304	clusterProfiler	4.10.1
GO Biological Process	GO:0032946	positive regulation of mononuclear cell proliferation	positive regulation of mononuclear cell proliferation	10	176	10/241	176/18659	9.995369253613918e-5	0.001225874373363899	9.45918041713463e-4	Irgm1;Il12rb1;Tlr9;Cd274;Pnp;Cdkn1a;Myd88;H2-T22;Il15;H2-T10	15944;16161;81897;60533;18950;12575;17874;15039;16168;15024	project-specific anchor-eligible gene_power.tsv background	287	252	22304	clusterProfiler	4.10.1
GO Biological Process	GO:0043331	response to dsRNA	response to dsRNA	6	58	6/241	58/18659	1.007085413327904e-4	0.0012292224351193699	9.485014973171396e-4	Ifih1;Cgas;Tlr3;Rigi;Stat1;Zc3hav1	71586;214763;142980;230073;20846;78781	project-specific anchor-eligible gene_power.tsv background	287	252	22304	clusterProfiler	4.10.1
GO Biological Process	GO:0097696	receptor signaling pathway via STAT	receptor signaling pathway via STAT	10	177	10/241	177/18659	1.0475821495434542e-4	0.001272562887373977	9.819441702487517e-4	Socs1;Parp9;Gbp7;Parp14;Socs3;Stat2;Gbp3;Stat1;Irf1;Il15	12703;80285;229900;547253;12702;20847;55932;20846;16362;16168	project-specific anchor-eligible gene_power.tsv background	287	252	22304	clusterProfiler	4.10.1
GO Biological Process	GO:0002483	antigen processing and presentation of endogenous peptide antigen	antigen processing and presentation of endogenous peptide antigen	5	37	5/241	37/18659	1.072605314599492e-4	0.0012939876102457588	9.984760697186114e-4	H2-T24;H2-T22;Tap1;H2-T10;Tapbp	15042;15039;21354;15024;21356	project-specific anchor-eligible gene_power.tsv background	287	252	22304	clusterProfiler	4.10.1
GO Biological Process	GO:1903039	positive regulation of leukocyte cell-cell adhesion	positive regulation of leukocyte cell-cell adhesion	13	290	13/241	290/18659	1.0753640665311676e-4	0.0012939876102457588	9.984760697186114e-4	Ccl2;Socs1;Lilrb4b;Irgm1;Il12rb1;Cd274;Pnp;Lgals9;Nr4a3;Irf1;H2-T22;Il15;H2-T10	20296;12703;14727;15944;16161;60533;18950;16859;18124;16362;15039;16168;15024	project-specific anchor-eligible gene_power.tsv background	287	252	22304	clusterProfiler	4.10.1
GO Biological Process	GO:0060340	positive regulation of type I interferon-mediated signaling pathway	positive regulation of type I interferon-mediated signaling pathway	4	20	4/241	20/18659	1.1176511459143457e-4	0.0013385577808579792	0.001032867626814839	Irf7;Zbp1;Nlrc5;Mmp12	54123;58203;434341;17381	project-specific anchor-eligible gene_power.tsv background	287	252	22304	clusterProfiler	4.10.1
GO Biological Process	GO:0031331	positive regulation of cellular catabolic process	positive regulation of cellular catabolic process	14	335	14/241	335/18659	1.232707673467388e-4	0.0014694566705679003	0.0011338727739222901	Trim30c;Igtp;Trim30d;Irgm2;Irgm1;Trim30a;Tlr9;Dtx3l;Mov10;Pnpt1;Trim21;Zc3hav1;Trim34a;Trim12c	434219;16145;209387;54396;15944;20128;81897;209200;17454;71701;20821;78781;94094;319236	project-specific anchor-eligible gene_power.tsv background	287	252	22304	clusterProfiler	4.10.1
GO Biological Process	GO:0002456	T cell mediated immunity	T cell mediated immunity	9	148	9/241	148/18659	1.3309368145901897e-4	0.0015791720065207319	0.0012185321142147638	Gzmb;Rsad2;Lilrb4b;H2-T24;Pnp;Slfn2;Stx11;H2-T22;H2-T10	14939;58185;14727;15042;18950;20556;74732;15039;15024	project-specific anchor-eligible gene_power.tsv background	287	252	22304	clusterProfiler	4.10.1
GO Biological Process	GO:0048245	eosinophil chemotaxis	eosinophil chemotaxis	4	21	4/241	21/18659	1.366683680966928e-4	0.0016066405853210292	0.0012397276174669685	Ccl2;Ccl7;Ccl12;Ccl4	20296;20306;20293;20303	project-specific anchor-eligible gene_power.tsv background	287	252	22304	clusterProfiler	4.10.1
GO Biological Process	GO:0070423	nucleotide-binding oligomerization domain containing signaling pathway	nucleotide-binding oligomerization domain containing signaling pathway	4	21	4/241	21/18659	1.366683680966928e-4	0.0016066405853210292	0.0012397276174669685	Igtp;Irgm2;Irgm1;Slc15a3	16145;54396;15944;65221	project-specific anchor-eligible gene_power.tsv background	287	252	22304	clusterProfiler	4.10.1
GO Biological Process	GO:0034612	response to tumor necrosis factor	response to tumor necrosis factor	10	184	10/241	184/18659	1.4418695037123652e-4	0.0016872518825551575	0.001301929489107737	Acod1;Ccl2;Ccl7;Ccl12;Ccl4;Gbp3;Stat1;Gch1;Irf1;Ubd	16365;20296;20306;20293;20303;55932;20846;14528;16362;24108	project-specific anchor-eligible gene_power.tsv background	287	252	22304	clusterProfiler	4.10.1
GO Biological Process	GO:0050867	positive regulation of cell activation	positive regulation of cell activation	16	429	16/241	429/18659	1.5332645452231534e-4	0.0017860081529060567	0.0013781325160140817	Ccl2;Socs1;Lilrb4b;Irgm1;Il12rb1;Tlr9;Cd274;Pnp;Lgals9;Nr4a3;Cdkn1a;Myd88;Irf1;H2-T22;Il15;H2-T10	20296;12703;14727;15944;16161;81897;60533;18950;16859;18124;12575;17874;16362;15039;16168;15024	project-specific anchor-eligible gene_power.tsv background	287	252	22304	clusterProfiler	4.10.1
GO Biological Process	GO:0019883	antigen processing and presentation of endogenous antigen	antigen processing and presentation of endogenous antigen	5	40	5/241	40/18659	1.5689243635970315e-4	0.001819239114334558	0.0014037744305868177	H2-T24;H2-T22;Tap1;H2-T10;Tapbp	15042;15039;21354;15024;21356	project-specific anchor-eligible gene_power.tsv background	287	252	22304	clusterProfiler	4.10.1
GO Biological Process	GO:0009151	purine deoxyribonucleotide metabolic process	purine deoxyribonucleotide metabolic process	4	22	4/241	22/18659	1.6535271704554142e-4	0.0018747323608141163	0.001446594530410117	Pnp;Xdh;Samhd1;Dck	18950;22436;56045;13178	project-specific anchor-eligible gene_power.tsv background	287	252	22304	clusterProfiler	4.10.1
GO Biological Process	GO:0009164	nucleoside catabolic process	nucleoside catabolic process	4	22	4/241	22/18659	1.6535271704554142e-4	0.0018747323608141163	0.001446594530410117	Pnp2;Upp1;Pnp;Xdh	667034;22271;18950;22436	project-specific anchor-eligible gene_power.tsv background	287	252	22304	clusterProfiler	4.10.1
GO Biological Process	GO:0035872	nucleotide-binding domain, leucine rich repeat containing receptor signaling pathway	nucleotide-binding domain, leucine rich repeat containing receptor signaling pathway	4	22	4/241	22/18659	1.6535271704554142e-4	0.0018747323608141163	0.001446594530410117	Igtp;Irgm2;Irgm1;Slc15a3	16145;54396;15944;65221	project-specific anchor-eligible gene_power.tsv background	287	252	22304	clusterProfiler	4.10.1
GO Biological Process	GO:0043374	CD8-positive, alpha-beta T cell differentiation	CD8-positive, alpha-beta T cell differentiation	4	22	4/241	22/18659	1.6535271704554142e-4	0.0018747323608141163	0.001446594530410117	Socs1;Igtp;Lilrb4b;Irf1	12703;16145;14727;16362	project-specific anchor-eligible gene_power.tsv background	287	252	22304	clusterProfiler	4.10.1
GO Biological Process	GO:0141087	positive regulation of inflammasome-mediated signaling pathway	positive regulation of inflammasome-mediated signaling pathway	4	22	4/241	22/18659	1.6535271704554142e-4	0.0018747323608141163	0.001446594530410117	Gbp2;Gbp5;Casp4;Myd88	14469;229898;12363;17874	project-specific anchor-eligible gene_power.tsv background	287	252	22304	clusterProfiler	4.10.1
GO Biological Process	GO:0050870	positive regulation of T cell activation	positive regulation of T cell activation	12	264	12/241	264/18659	1.7368069538847885e-4	0.001960440061663759	0.001512728925833514	Ccl2;Socs1;Lilrb4b;Irgm1;Il12rb1;Cd274;Pnp;Lgals9;Irf1;H2-T22;Il15;H2-T10	20296;12703;14727;15944;16161;60533;18950;16859;16362;15039;16168;15024	project-specific anchor-eligible gene_power.tsv background	287	252	22304	clusterProfiler	4.10.1
GO Biological Process	GO:0061081	positive regulation of myeloid leukocyte cytokine production involved in immune response	positive regulation of myeloid leukocyte cytokine production involved in immune response	5	41	5/241	41/18659	1.7681709070477676e-4	0.0019870502131624913	0.0015332620432085906	Tlr3;Casp4;Rigi;Nr4a3;Myd88	142980;12363;230073;18124;17874	project-specific anchor-eligible gene_power.tsv background	287	252	22304	clusterProfiler	4.10.1
GO Biological Process	GO:0032649	regulation of type II interferon production	regulation of type II interferon production	8	122	8/241	122/18659	1.8735259699385334e-4	0.0020962126093478943	0.0016174947201223722	Isg15;Lilrb4b;Irgm1;Il12rb1;Tlr3;Tlr9;Cd274;Lgals9	100038882;14727;15944;16161;142980;81897;60533;16859	project-specific anchor-eligible gene_power.tsv background	287	252	22304	clusterProfiler	4.10.1
GO Biological Process	GO:0002819	regulation of adaptive immune response	regulation of adaptive immune response	11	228	11/241	228/18659	1.9323649384407867e-4	0.0021526039117739943	0.001661007784364179	Irf7;Rsad2;Fcgr1;Lilrb4b;H2-T24;Il12rb1;Cd274;Pnp;Irf1;H2-T22;H2-T10	54123;58185;14129;14727;15042;16161;60533;18950;16362;15039;15024	project-specific anchor-eligible gene_power.tsv background	287	252	22304	clusterProfiler	4.10.1
GO Biological Process	GO:0070665	positive regulation of leukocyte proliferation	positive regulation of leukocyte proliferation	10	191	10/241	191/18659	1.9546489212636672e-4	0.002167960607888528	0.0016728574291821775	Irgm1;Il12rb1;Tlr9;Cd274;Pnp;Cdkn1a;Myd88;H2-T22;Il15;H2-T10	15944;16161;81897;60533;18950;12575;17874;15039;16168;15024	project-specific anchor-eligible gene_power.tsv background	287	252	22304	clusterProfiler	4.10.1
GO Biological Process	GO:0042267	natural killer cell mediated cytotoxicity	natural killer cell mediated cytotoxicity	7	93	7/241	93/18659	2.0272757349941502e-4	0.002229129482745723	0.0017200569983843292	Gzmb;Fcgr4;Lgals9;Stx11;H2-T22;Tap1;H2-T10	14939;246256;16859;74732;15039;21354;15024	project-specific anchor-eligible gene_power.tsv background	287	252	22304	clusterProfiler	4.10.1
GO Biological Process	GO:0046635	positive regulation of alpha-beta T cell activation	positive regulation of alpha-beta T cell activation	7	93	7/241	93/18659	2.0272757349941502e-4	0.002229129482745723	0.0017200569983843292	Socs1;Lilrb4b;Irgm1;Pnp;Irf1;H2-T22;H2-T10	12703;14727;15944;18950;16362;15039;15024	project-specific anchor-eligible gene_power.tsv background	287	252	22304	clusterProfiler	4.10.1
GO Biological Process	GO:1990266	neutrophil migration	neutrophil migration	8	125	8/241	125/18659	2.2140659641437863e-4	0.0024240696457213727	0.001870478135508869	Cxcl10;Ccl2;Ccl7;Cxcl9;Ccl12;Ccl4;Myd88;S100a9	15945;20296;20306;17329;20293;20303;17874;20202	project-specific anchor-eligible gene_power.tsv background	287	252	22304	clusterProfiler	4.10.1
GO Biological Process	GO:0002702	positive regulation of production of molecular mediator of immune response	positive regulation of production of molecular mediator of immune response	9	159	9/241	159/18659	2.2846855665832982e-4	0.0024906978121170915	0.0019218902426949027	Rsad2;Tlr3;Tlr9;Casp4;Rigi;Nr4a3;Myd88;H2-T22;H2-T10	58185;142980;81897;12363;230073;18124;17874;15039;15024	project-specific anchor-eligible gene_power.tsv background	287	252	22304	clusterProfiler	4.10.1
GO Biological Process	GO:0043320	natural killer cell degranulation	natural killer cell degranulation	3	10	3/241	10/18659	2.388020815723212e-4	0.002581288602080472	0.001991792562623732	Fcgr4;Lgals9;Stx11	246256;16859;74732	project-specific anchor-eligible gene_power.tsv background	287	252	22304	clusterProfiler	4.10.1
GO Biological Process	GO:1901526	positive regulation of mitophagy	positive regulation of mitophagy	3	10	3/241	10/18659	2.388020815723212e-4	0.002581288602080472	0.001991792562623732	Igtp;Irgm2;Irgm1	16145;54396;15944	project-specific anchor-eligible gene_power.tsv background	287	252	22304	clusterProfiler	4.10.1
GO Biological Process	GO:0001913	T cell mediated cytotoxicity	T cell mediated cytotoxicity	6	68	6/241	68/18659	2.446102971479498e-4	0.002632915054955358	0.002031628939225699	Gzmb;H2-T24;Pnp;Stx11;H2-T22;H2-T10	14939;15042;18950;74732;15039;15024	project-specific anchor-eligible gene_power.tsv background	287	252	22304	clusterProfiler	4.10.1
GO Biological Process	GO:0002228	natural killer cell mediated immunity	natural killer cell mediated immunity	7	96	7/241	96/18659	2.468571363730719e-4	0.002645935104570195	0.002041675563987813	Gzmb;Fcgr4;Lgals9;Stx11;H2-T22;Tap1;H2-T10	14939;246256;16859;74732;15039;21354;15024	project-specific anchor-eligible gene_power.tsv background	287	252	22304	clusterProfiler	4.10.1
GO Biological Process	GO:0002429	immune response-activating cell surface receptor signaling pathway	immune response-activating cell surface receptor signaling pathway	12	276	12/241	276/18659	2.614571987244323e-4	0.0027907000583515763	0.0021533801436454014	Acod1;Oas1g;Oas1a;Fpr2;Lilrb4b;Oas1b;Nr4a3;Ifi35;Nmi;Myd88;Pik3ap1;Oas1c	16365;23960;246730;14289;14727;23961;18124;70110;64685;17874;83490;114643	project-specific anchor-eligible gene_power.tsv background	287	252	22304	clusterProfiler	4.10.1
GO Biological Process	GO:0046782	regulation of viral transcription	regulation of viral transcription	4	25	4/241	25/18659	2.773816531353869e-4	0.0029361020628563155	0.0022655762889852524	Ifitm3;Sp100;Trim21;Trim14	66141;20684;20821;74735	project-specific anchor-eligible gene_power.tsv background	287	252	22304	clusterProfiler	4.10.1
GO Biological Process	GO:0072677	eosinophil migration	eosinophil migration	4	25	4/241	25/18659	2.773816531353869e-4	0.0029361020628563155	0.0022655762889852524	Ccl2;Ccl7;Ccl12;Ccl4	20296;20306;20293;20303	project-specific anchor-eligible gene_power.tsv background	287	252	22304	clusterProfiler	4.10.1
GO Biological Process	GO:0042509	regulation of tyrosine phosphorylation of STAT protein	regulation of tyrosine phosphorylation of STAT protein	6	70	6/241	70/18659	2.8680547698907216e-4	0.0030108673736589427	0.002323267238334698	Socs1;Parp9;Parp14;Socs3;Irf1;Il15	12703;80285;547253;12702;16362;16168	project-specific anchor-eligible gene_power.tsv background	287	252	22304	clusterProfiler	4.10.1
GO Biological Process	GO:0048002	antigen processing and presentation of peptide antigen	antigen processing and presentation of peptide antigen	6	70	6/241	70/18659	2.8680547698907216e-4	0.0030108673736589427	0.002323267238334698	Fcgr1;H2-T24;H2-T22;Tap1;H2-T10;Tapbp	14129;15042;15039;21354;15024;21356	project-specific anchor-eligible gene_power.tsv background	287	252	22304	clusterProfiler	4.10.1
GO Biological Process	GO:0002507	tolerance induction	tolerance induction	5	46	5/241	46/18659	3.0689897473419966e-4	0.003208603625192391	0.0024758459135157613	Acod1;Lilrb4b;Cd274;H2-T22;H2-T10	16365;14727;60533;15039;15024	project-specific anchor-eligible gene_power.tsv background	287	252	22304	clusterProfiler	4.10.1
GO Biological Process	GO:0030593	neutrophil chemotaxis	neutrophil chemotaxis	7	100	7/241	100/18659	3.173983241665163e-4	0.0033048290814236044	0.0025500960953442993	Cxcl10;Ccl2;Ccl7;Cxcl9;Ccl12;Ccl4;S100a9	15945;20296;20306;17329;20293;20303;20202	project-specific anchor-eligible gene_power.tsv background	287	252	22304	clusterProfiler	4.10.1
GO Biological Process	GO:0034656	nucleobase-containing small molecule catabolic process	nucleobase-containing small molecule catabolic process	4	26	4/241	26/18659	3.2451048356256246e-4	0.003318590956411366	0.002560715132760839	Pnp2;Upp1;Pnp;Xdh	667034;22271;18950;22436	project-specific anchor-eligible gene_power.tsv background	287	252	22304	clusterProfiler	4.10.1
GO Biological Process	GO:0046386	deoxyribose phosphate catabolic process	deoxyribose phosphate catabolic process	4	26	4/241	26/18659	3.2451048356256246e-4	0.003318590956411366	0.002560715132760839	Upp1;Pnp;Xdh;Samhd1	22271;18950;22436;56045	project-specific anchor-eligible gene_power.tsv background	287	252	22304	clusterProfiler	4.10.1
GO Biological Process	GO:1901857	positive regulation of cellular respiration	positive regulation of cellular respiration	4	26	4/241	26/18659	3.2451048356256246e-4	0.003318590956411366	0.002560715132760839	Oas1g;Oas1a;Oas1b;Oas1c	23960;246730;23961;114643	project-specific anchor-eligible gene_power.tsv background	287	252	22304	clusterProfiler	4.10.1
GO Biological Process	GO:2000561	regulation of CD4-positive, alpha-beta T cell proliferation	regulation of CD4-positive, alpha-beta T cell proliferation	4	26	4/241	26/18659	3.2451048356256246e-4	0.003318590956411366	0.002560715132760839	Tarm1;Irgm1;Cd274;Lgals9	245126;15944;60533;16859	project-specific anchor-eligible gene_power.tsv background	287	252	22304	clusterProfiler	4.10.1
GO Biological Process	GO:0070213	protein auto-ADP-ribosylation	protein auto-ADP-ribosylation	3	11	3/241	11/18659	3.2522451552443807e-4	0.003318590956411366	0.002560715132760839	Parp12;Parp10;Parp11	243771;671535;101187	project-specific anchor-eligible gene_power.tsv background	287	252	22304	clusterProfiler	4.10.1
GO Biological Process	GO:0002695	negative regulation of leukocyte activation	negative regulation of leukocyte activation	10	204	10/241	204/18659	3.315944893001605e-4	0.003370109729899241	0.0026004684210161467	Tarm1;Socs1;Lilrb4b;Slfn1;Cd274;Cd300lf;Lgals9;Fgl2;Irf1;Fas	245126;12703;14727;20555;60533;246746;16859;14190;16362;14102	project-specific anchor-eligible gene_power.tsv background	287	252	22304	clusterProfiler	4.10.1
GO Biological Process	GO:0046636	negative regulation of alpha-beta T cell activation	negative regulation of alpha-beta T cell activation	5	47	5/241	47/18659	3.3985435112000384e-4	0.003440350990901309	0.002654668490369287	Tarm1;Socs1;Cd274;Lgals9;Irf1	245126;12703;60533;16859;16362	project-specific anchor-eligible gene_power.tsv background	287	252	22304	clusterProfiler	4.10.1
GO Biological Process	GO:0000209	protein polyubiquitination	protein polyubiquitination	11	245	11/241	245/18659	3.5817640043286117e-4	0.003611494061281537	0.0027867271429558994	Trim30c;Rnf213;Trim30d;Trim30a;Dtx3l;Ube2l6;Nmi;Parp10;Trim21;Trim34a;Trim12c	434219;672511;209387;20128;209200;56791;64685;671535;20821;94094;319236	project-specific anchor-eligible gene_power.tsv background	287	252	22304	clusterProfiler	4.10.1
GO Biological Process	GO:0009264	deoxyribonucleotide catabolic process	deoxyribonucleotide catabolic process	4	27	4/241	27/18659	3.7710891476572597e-4	0.0037725680061465373	0.0029110161841564815	Upp1;Pnp;Xdh;Samhd1	22271;18950;22436;56045	project-specific anchor-eligible gene_power.tsv background	287	252	22304	clusterProfiler	4.10.1
GO Biological Process	GO:0035739	CD4-positive, alpha-beta T cell proliferation	CD4-positive, alpha-beta T cell proliferation	4	27	4/241	27/18659	3.7710891476572597e-4	0.0037725680061465373	0.0029110161841564815	Tarm1;Irgm1;Cd274;Lgals9	245126;15944;60533;16859	project-specific anchor-eligible gene_power.tsv background	287	252	22304	clusterProfiler	4.10.1
GO Biological Process	GO:0007260	tyrosine phosphorylation of STAT protein	tyrosine phosphorylation of STAT protein	6	74	6/241	74/18659	3.8821857342684715e-4	0.003868537425046434	0.0029850688006093926	Socs1;Parp9;Parp14;Socs3;Irf1;Il15	12703;80285;547253;12702;16362;16168	project-specific anchor-eligible gene_power.tsv background	287	252	22304	clusterProfiler	4.10.1
GO Biological Process	GO:0032609	type II interferon production	type II interferon production	8	136	8/241	136/18659	3.9245122658544213e-4	0.0038954983619434356	0.0030058725935481335	Isg15;Lilrb4b;Irgm1;Il12rb1;Tlr3;Tlr9;Cd274;Lgals9	100038882;14727;15944;16161;142980;81897;60533;16859	project-specific anchor-eligible gene_power.tsv background	287	252	22304	clusterProfiler	4.10.1
GO Biological Process	GO:0050868	negative regulation of T cell activation	negative regulation of T cell activation	8	137	8/241	137/18659	4.1222732631849e-4	0.004075937633482434	0.0031451044480439675	Tarm1;Socs1;Lilrb4b;Slfn1;Cd274;Lgals9;Fgl2;Irf1	245126;12703;14727;20555;60533;16859;14190;16362	project-specific anchor-eligible gene_power.tsv background	287	252	22304	clusterProfiler	4.10.1
GO Biological Process	GO:0051250	negative regulation of lymphocyte activation	negative regulation of lymphocyte activation	9	173	9/241	173/18659	4.2595595959869884e-4	0.004150243516882176	0.0032024408907011365	Tarm1;Socs1;Lilrb4b;Slfn1;Cd274;Lgals9;Fgl2;Irf1;Fas	245126;12703;14727;20555;60533;16859;14190;16362;14102	project-specific anchor-eligible gene_power.tsv background	287	252	22304	clusterProfiler	4.10.1
GO Biological Process	GO:0046054	dGMP metabolic process	dGMP metabolic process	3	12	3/241	12/18659	4.2950383710579947e-4	0.004150243516882176	0.0032024408907011365	Pnp;Xdh;Dck	18950;22436;13178	project-specific anchor-eligible gene_power.tsv background	287	252	22304	clusterProfiler	4.10.1
GO Biological Process	GO:1904415	regulation of xenophagy	regulation of xenophagy	3	12	3/241	12/18659	4.2950383710579947e-4	0.004150243516882176	0.0032024408907011365	Igtp;Irgm2;Irgm1	16145;54396;15944	project-specific anchor-eligible gene_power.tsv background	287	252	22304	clusterProfiler	4.10.1
GO Biological Process	GO:1904417	positive regulation of xenophagy	positive regulation of xenophagy	3	12	3/241	12/18659	4.2950383710579947e-4	0.004150243516882176	0.0032024408907011365	Igtp;Irgm2;Irgm1	16145;54396;15944	project-specific anchor-eligible gene_power.tsv background	287	252	22304	clusterProfiler	4.10.1
GO Biological Process	GO:1905671	regulation of lysosome organization	regulation of lysosome organization	3	12	3/241	12/18659	4.2950383710579947e-4	0.004150243516882176	0.0032024408907011365	Igtp;Irgm2;Irgm1	16145;54396;15944	project-specific anchor-eligible gene_power.tsv background	287	252	22304	clusterProfiler	4.10.1
GO Biological Process	GO:2000562	negative regulation of CD4-positive, alpha-beta T cell proliferation	negative regulation of CD4-positive, alpha-beta T cell proliferation	3	12	3/241	12/18659	4.2950383710579947e-4	0.004150243516882176	0.0032024408907011365	Tarm1;Cd274;Lgals9	245126;60533;16859	project-specific anchor-eligible gene_power.tsv background	287	252	22304	clusterProfiler	4.10.1
GO Biological Process	GO:0002822	regulation of adaptive immune response based on somatic recombination of immune receptors built from immunoglobulin superfamily domains	regulation of adaptive immune response based on somatic recombination of immune receptors built from immunoglobulin superfamily domains	10	212	10/241	212/18659	4.493213577549278e-4	0.004325353900501211	0.003337560830195492	Rsad2;Fcgr1;Lilrb4b;H2-T24;Il12rb1;Cd274;Pnp;Irf1;H2-T22;H2-T10	58185;14129;14727;15042;16161;60533;18950;16362;15039;15024	project-specific anchor-eligible gene_power.tsv background	287	252	22304	clusterProfiler	4.10.1
GO Biological Process	GO:0072676	lymphocyte migration	lymphocyte migration	7	106	7/241	106/18659	4.5266956476503167e-4	0.004341203232013518	0.003349790605898731	Cxcl10;Ccl2;Ccl7;Ccl12;Ch25h;Ccl4;Lgals9	15945;20296;20306;20293;12642;20303;16859	project-specific anchor-eligible gene_power.tsv background	287	252	22304	clusterProfiler	4.10.1
GO Biological Process	GO:0009116	nucleoside metabolic process	nucleoside metabolic process	5	50	5/241	50/18659	4.5490534514220434e-4	0.004346305376246305	0.0033537275592979386	Pnp2;Upp1;Pnp;Xdh;Dck	667034;22271;18950;22436;13178	project-specific anchor-eligible gene_power.tsv background	287	252	22304	clusterProfiler	4.10.1
GO Biological Process	GO:0043129	surfactant homeostasis	surfactant homeostasis	4	29	4/241	29/18659	5.001281470490044e-4	0.0047428509409740156	0.0036597129132523516	Oas1g;Oas1a;Oas1b;Oas1c	23960;246730;23961;114643	project-specific anchor-eligible gene_power.tsv background	287	252	22304	clusterProfiler	4.10.1
GO Biological Process	GO:1900017	positive regulation of cytokine production involved in inflammatory response	positive regulation of cytokine production involved in inflammatory response	4	29	4/241	29/18659	5.001281470490044e-4	0.0047428509409740156	0.0036597129132523516	Tarm1;Gbp5;Tlr3;Myd88	245126;229898;142980;17874	project-specific anchor-eligible gene_power.tsv background	287	252	22304	clusterProfiler	4.10.1
GO Biological Process	GO:2000514	regulation of CD4-positive, alpha-beta T cell activation	regulation of CD4-positive, alpha-beta T cell activation	6	78	6/241	78/18659	5.15702761164074e-4	0.004863109641229259	0.0037525078004905055	Tarm1;Socs1;Irgm1;Cd274;Lgals9;Irf1	245126;12703;15944;60533;16859;16362	project-specific anchor-eligible gene_power.tsv background	287	252	22304	clusterProfiler	4.10.1
GO Biological Process	GO:0022409	positive regulation of cell-cell adhesion	positive regulation of cell-cell adhesion	13	341	13/241	341/18659	5.166219963830377e-4	0.004863109641229259	0.0037525078004905055	Ccl2;Socs1;Lilrb4b;Irgm1;Il12rb1;Cd274;Pnp;Lgals9;Nr4a3;Irf1;H2-T22;Il15;H2-T10	20296;12703;14727;15944;16161;60533;18950;16859;18124;16362;15039;16168;15024	project-specific anchor-eligible gene_power.tsv background	287	252	22304	clusterProfiler	4.10.1
GO Biological Process	GO:0043124	negative regulation of canonical NF-kappaB signal transduction	negative regulation of canonical NF-kappaB signal transduction	5	52	5/241	52/18659	5.464477302932805e-4	0.005124956470507936	0.003954555942911899	Igtp;Lilrb4b;Irgm2;Irgm1;Stat1	16145;14727;54396;15944;20846	project-specific anchor-eligible gene_power.tsv background	287	252	22304	clusterProfiler	4.10.1
GO Biological Process	GO:0061762	CAMKK-AMPK signaling cascade	CAMKK-AMPK signaling cascade	3	13	3/241	13/18659	5.530418666649536e-4	0.005167801472023064	0.003987616312563961	Igtp;Irgm2;Irgm1	16145;54396;15944	project-specific anchor-eligible gene_power.tsv background	287	252	22304	clusterProfiler	4.10.1
GO Biological Process	GO:0009162	deoxyribonucleoside monophosphate metabolic process	deoxyribonucleoside monophosphate metabolic process	4	30	4/241	30/18659	5.712639167581525e-4	0.005299251824181989	0.0040890469831109865	Upp1;Pnp;Xdh;Dck	22271;18950;22436;13178	project-specific anchor-eligible gene_power.tsv background	287	252	22304	clusterProfiler	4.10.1
GO Biological Process	GO:1901658	glycosyl compound catabolic process	glycosyl compound catabolic process	4	30	4/241	30/18659	5.712639167581525e-4	0.005299251824181989	0.0040890469831109865	Pnp2;Upp1;Pnp;Xdh	667034;22271;18950;22436	project-specific anchor-eligible gene_power.tsv background	287	252	22304	clusterProfiler	4.10.1
GO Biological Process	GO:0002824	positive regulation of adaptive immune response based on somatic recombination of immune receptors built from immunoglobulin superfamily domains	positive regulation of adaptive immune response based on somatic recombination of immune receptors built from immunoglobulin superfamily domains	8	145	8/241	145/18659	6.014228466194194e-4	0.005558803194659924	0.004289323887026371	Rsad2;Fcgr1;H2-T24;Il12rb1;Cd274;Pnp;H2-T22;H2-T10	58185;14129;15042;16161;60533;18950;15039;15024	project-specific anchor-eligible gene_power.tsv background	287	252	22304	clusterProfiler	4.10.1
GO Biological Process	GO:0034655	nucleobase-containing compound catabolic process	nucleobase-containing compound catabolic process	14	393	14/241	393/18659	6.215632550153733e-4	0.0057242161138780405	0.004416960998969212	Pnp2;Isg20;Oas2;Slfn9;Slfn8;Upp1;Pnp;Slfn2;Mov10;Pnpt1;Xdh;Samhd1;Myd88;Zc3hav1	667034;57444;246728;237886;276950;22271;18950;20556;17454;71701;22436;56045;17874;78781	project-specific anchor-eligible gene_power.tsv background	287	252	22304	clusterProfiler	4.10.1
GO Biological Process	GO:0050866	negative regulation of cell activation	negative regulation of cell activation	10	222	10/241	222/18659	6.434282875002156e-4	0.00590426460939946	0.004555891320050751	Tarm1;Socs1;Lilrb4b;Slfn1;Cd274;Cd300lf;Lgals9;Fgl2;Irf1;Fas	245126;12703;14727;20555;60533;246746;16859;14190;16362;14102	project-specific anchor-eligible gene_power.tsv background	287	252	22304	clusterProfiler	4.10.1
GO Biological Process	GO:0009120	deoxyribonucleoside metabolic process	deoxyribonucleoside metabolic process	3	14	3/241	14/18659	6.97177799429592e-4	0.00632918351012416	0.004883770312542938	Pnp;Xdh;Dck	18950;22436;13178	project-specific anchor-eligible gene_power.tsv background	287	252	22304	clusterProfiler	4.10.1
GO Biological Process	GO:0018410	C-terminal protein amino acid modification	C-terminal protein amino acid modification	3	14	3/241	14/18659	6.97177799429592e-4	0.00632918351012416	0.004883770312542938	Igtp;Irgm2;Irgm1	16145;54396;15944	project-specific anchor-eligible gene_power.tsv background	287	252	22304	clusterProfiler	4.10.1
GO Biological Process	GO:1903599	positive regulation of autophagy of mitochondrion	positive regulation of autophagy of mitochondrion	3	14	3/241	14/18659	6.97177799429592e-4	0.00632918351012416	0.004883770312542938	Igtp;Irgm2;Irgm1	16145;54396;15944	project-specific anchor-eligible gene_power.tsv background	287	252	22304	clusterProfiler	4.10.1
GO Biological Process	GO:0001910	regulation of leukocyte mediated cytotoxicity	regulation of leukocyte mediated cytotoxicity	7	115	7/241	115/18659	7.380032880864064e-4	0.006676051020951853	0.0051514227275908184	Ccl2;H2-T24;Pnp;Lgals9;H2-T22;Tap1;H2-T10	20296;15042;18950;16859;15039;21354;15024	project-specific anchor-eligible gene_power.tsv background	287	252	22304	clusterProfiler	4.10.1
GO Biological Process	GO:1903038	negative regulation of leukocyte cell-cell adhesion	negative regulation of leukocyte cell-cell adhesion	8	150	8/241	150/18659	7.516186458565412e-4	0.006775191397809317	0.005227922141535177	Tarm1;Socs1;Lilrb4b;Slfn1;Cd274;Lgals9;Fgl2;Irf1	245126;12703;14727;20555;60533;16859;14190;16362	project-specific anchor-eligible gene_power.tsv background	287	252	22304	clusterProfiler	4.10.1
GO Biological Process	GO:0050732	negative regulation of peptidyl-tyrosine phosphorylation	negative regulation of peptidyl-tyrosine phosphorylation	5	56	5/241	56/18659	7.702421588911625e-4	0.006918618828631534	0.005338594652062543	Socs1;Lilrb4b;Parp14;Socs3;Irf1	12703;14727;547253;12702;16362	project-specific anchor-eligible gene_power.tsv background	287	252	22304	clusterProfiler	4.10.1
GO Biological Process	GO:0002698	negative regulation of immune effector process	negative regulation of immune effector process	8	152	8/241	152/18659	8.19557262757155e-4	0.007310106913613645	0.005640677516952079	Lilrb4b;Bst2;Lgals9;Fgl2;Irf1;H2-T22;Tap1;H2-T10	14727;69550;16859;14190;16362;15039;21354;15024	project-specific anchor-eligible gene_power.tsv background	287	252	22304	clusterProfiler	4.10.1
GO Biological Process	GO:0050729	positive regulation of inflammatory response	positive regulation of inflammatory response	8	152	8/241	152/18659	8.19557262757155e-4	0.007310106913613645	0.005640677516952079	Zbp1;Fcgr1;Casp4;Ifi35;Nmi;S100a9;H2-T22;H2-T10	58203;14129;12363;70110;64685;20202;15039;15024	project-specific anchor-eligible gene_power.tsv background	287	252	22304	clusterProfiler	4.10.1
GO Biological Process	GO:0002821	positive regulation of adaptive immune response	positive regulation of adaptive immune response	8	153	8/241	153/18659	8.553298483307548e-4	0.007593094375855603	0.005859038347335402	Rsad2;Fcgr1;H2-T24;Il12rb1;Cd274;Pnp;H2-T22;H2-T10	58185;14129;15042;16161;60533;18950;15039;15024	project-specific anchor-eligible gene_power.tsv background	287	252	22304	clusterProfiler	4.10.1
GO Biological Process	GO:0030101	natural killer cell activation	natural killer cell activation	7	118	7/241	118/18659	8.596031008792281e-4	0.007593094375855603	0.005859038347335402	Fcgr4;Lgals9;Stx11;Irf1;H2-T22;Il15;H2-T10	246256;16859;74732;16362;15039;16168;15024	project-specific anchor-eligible gene_power.tsv background	287	252	22304	clusterProfiler	4.10.1
GO Biological Process	GO:0009155	purine deoxyribonucleotide catabolic process	purine deoxyribonucleotide catabolic process	3	15	3/241	15/18659	8.631898741662583e-4	0.007593094375855603	0.005859038347335402	Pnp;Xdh;Samhd1	18950;22436;56045	project-specific anchor-eligible gene_power.tsv background	287	252	22304	clusterProfiler	4.10.1
GO Biological Process	GO:0009170	purine deoxyribonucleoside monophosphate metabolic process	purine deoxyribonucleoside monophosphate metabolic process	3	15	3/241	15/18659	8.631898741662583e-4	0.007593094375855603	0.005859038347335402	Pnp;Xdh;Dck	18950;22436;13178	project-specific anchor-eligible gene_power.tsv background	287	252	22304	clusterProfiler	4.10.1
GO Biological Process	GO:0097530	granulocyte migration	granulocyte migration	8	154	8/241	154/18659	8.923455684439302e-4	0.007822589502063458	0.006036123034871224	Cxcl10;Ccl2;Ccl7;Cxcl9;Ccl12;Ccl4;Myd88;S100a9	15945;20296;20306;17329;20293;20303;17874;20202	project-specific anchor-eligible gene_power.tsv background	287	252	22304	clusterProfiler	4.10.1
GO Biological Process	GO:0002526	acute inflammatory response	acute inflammatory response	7	119	7/241	119/18659	9.03470392149585e-4	0.007892989624567094	0.006090445686084082	Hp;Saa3;Il1rn;Fcgr1;Serpina3n;H2-T22;H2-T10	15439;20210;16181;14129;20716;15039;15024	project-specific anchor-eligible gene_power.tsv background	287	252	22304	clusterProfiler	4.10.1
GO Biological Process	GO:0002704	negative regulation of leukocyte mediated immunity	negative regulation of leukocyte mediated immunity	6	87	6/241	87/18659	9.208860247330471e-4	0.008017680031037554	0.0061866601984939765	Lilrb4b;Bst2;Lgals9;H2-T22;Tap1;H2-T10	14727;69550;16859;15039;21354;15024	project-specific anchor-eligible gene_power.tsv background	287	252	22304	clusterProfiler	4.10.1
GO Biological Process	GO:0031400	negative regulation of protein modification process	negative regulation of protein modification process	15	461	15/241	461/18659	0.0010103464375311954	0.008766645449462856	0.006764582306420823	Isg15;Socs1;Lilrb4b;Slfn1;Daxx;Parp14;Socs3;Gbp4;Dtx3l;Cdkn1a;Xdh;Parp10;Trim21;Adar;Irf1	100038882;12703;14727;20555;13163;547253;12702;17472;209200;12575;22436;671535;20821;56417;16362	project-specific anchor-eligible gene_power.tsv background	287	252	22304	clusterProfiler	4.10.1
GO Biological Process	GO:0016078	tRNA catabolic process	tRNA catabolic process	3	16	3/241	16/18659	0.0010522970058235738	0.008977958735304136	0.006927637390917386	Slfn9;Slfn8;Slfn2	237886;276950;20556	project-specific anchor-eligible gene_power.tsv background	287	252	22304	clusterProfiler	4.10.1
GO Biological Process	GO:0034162	toll-like receptor 9 signaling pathway	toll-like receptor 9 signaling pathway	3	16	3/241	16/18659	0.0010522970058235738	0.008977958735304136	0.006927637390917386	Rsad2;Tlr9;Pik3ap1	58185;81897;83490	project-specific anchor-eligible gene_power.tsv background	287	252	22304	clusterProfiler	4.10.1
GO Biological Process	GO:0042454	ribonucleoside catabolic process	ribonucleoside catabolic process	3	16	3/241	16/18659	0.0010522970058235738	0.008977958735304136	0.006927637390917386	Upp1;Pnp;Xdh	22271;18950;22436	project-specific anchor-eligible gene_power.tsv background	287	252	22304	clusterProfiler	4.10.1
GO Biological Process	GO:0046642	negative regulation of alpha-beta T cell proliferation	negative regulation of alpha-beta T cell proliferation	3	16	3/241	16/18659	0.0010522970058235738	0.008977958735304136	0.006927637390917386	Tarm1;Cd274;Lgals9	245126;60533;16859	project-specific anchor-eligible gene_power.tsv background	287	252	22304	clusterProfiler	4.10.1
GO Biological Process	GO:0099004	calmodulin dependent kinase signaling pathway	calmodulin dependent kinase signaling pathway	3	16	3/241	16/18659	0.0010522970058235738	0.008977958735304136	0.006927637390917386	Igtp;Irgm2;Irgm1	16145;54396;15944	project-specific anchor-eligible gene_power.tsv background	287	252	22304	clusterProfiler	4.10.1
GO Biological Process	GO:0098926	postsynaptic signal transduction	postsynaptic signal transduction	5	60	5/241	60/18659	0.0010562226357590406	0.008981413146071043	0.0069303029083137065	Ly6c2;Ly6i;Nrg1;Ly6a;Ly6e	100041546;57248;211323;110454;17069	project-specific anchor-eligible gene_power.tsv background	287	252	22304	clusterProfiler	4.10.1
GO Biological Process	GO:0002520	immune system development	immune system development	10	239	10/241	239/18659	0.0011298818707817671	0.009575842698884679	0.0073889809349952955	Acod1;Lilrb4b;Cd274;Samd9l;Samhd1;Adar;H2-T22;Il15;Fas;H2-T10	16365;14727;60533;209086;56045;56417;15039;16168;14102;15024	project-specific anchor-eligible gene_power.tsv background	287	252	22304	clusterProfiler	4.10.1
GO Biological Process	GO:0043457	regulation of cellular respiration	regulation of cellular respiration	5	61	5/241	61/18659	0.0011385842334331409	0.009585902242534463	0.007396743152753078	Oas1g;Oas1a;Oas1b;Pnpt1;Oas1c	23960;246730;23961;71701;114643	project-specific anchor-eligible gene_power.tsv background	287	252	22304	clusterProfiler	4.10.1
GO Biological Process	GO:1900015	regulation of cytokine production involved in inflammatory response	regulation of cytokine production involved in inflammatory response	5	61	5/241	61/18659	0.0011385842334331409	0.009585902242534463	0.007396743152753078	Tarm1;Lilrb4b;Gbp5;Tlr3;Myd88	245126;14727;229898;142980;17874	project-specific anchor-eligible gene_power.tsv background	287	252	22304	clusterProfiler	4.10.1
GO Biological Process	GO:0043094	cellular metabolic compound salvage	cellular metabolic compound salvage	4	36	4/241	36/18659	0.00115569490518601	0.009634567657285986	0.007434294711722872	Pnp2;Upp1;Pnp;Dck	667034;22271;18950;13178	project-specific anchor-eligible gene_power.tsv background	287	252	22304	clusterProfiler	4.10.1
GO Biological Process	GO:0045953	negative regulation of natural killer cell mediated cytotoxicity	negative regulation of natural killer cell mediated cytotoxicity	4	36	4/241	36/18659	0.00115569490518601	0.009634567657285986	0.007434294711722872	Lgals9;H2-T22;Tap1;H2-T10	16859;15039;21354;15024	project-specific anchor-eligible gene_power.tsv background	287	252	22304	clusterProfiler	4.10.1
GO Biological Process	GO:2000515	negative regulation of CD4-positive, alpha-beta T cell activation	negative regulation of CD4-positive, alpha-beta T cell activation	4	36	4/241	36/18659	0.00115569490518601	0.009634567657285986	0.007434294711722872	Tarm1;Cd274;Lgals9;Irf1	245126;60533;16859;16362	project-specific anchor-eligible gene_power.tsv background	287	252	22304	clusterProfiler	4.10.1
GO Biological Process	GO:0071621	granulocyte chemotaxis	granulocyte chemotaxis	7	125	7/241	125/18659	0.001205064033425029	0.010013414818460095	0.007726623495644795	Cxcl10;Ccl2;Ccl7;Cxcl9;Ccl12;Ccl4;S100a9	15945;20296;20306;17329;20293;20303;20202	project-specific anchor-eligible gene_power.tsv background	287	252	22304	clusterProfiler	4.10.1
GO Biological Process	GO:0043254	regulation of protein-containing complex assembly	regulation of protein-containing complex assembly	14	422	14/241	422/18659	0.001232079060640619	0.010171630044317861	0.007848706671428915	Isg15;Gbp2;Igtp;Xaf1;Eif2ak2;Irgm2;Gbp5;Irgm1;Trim30a;Casp4;Nrg1;Myd88;Hck;Fas	100038882;14469;16145;327959;19106;54396;229898;15944;20128;12363;211323;17874;15162;14102	project-specific anchor-eligible gene_power.tsv background	287	252	22304	clusterProfiler	4.10.1
GO Biological Process	GO:0046700	heterocycle catabolic process	heterocycle catabolic process	14	422	14/241	422/18659	0.001232079060640619	0.010171630044317861	0.007848706671428915	Pnp2;Isg20;Oas2;Slfn9;Slfn8;Upp1;Pnp;Slfn2;Mov10;Pnpt1;Xdh;Samhd1;Myd88;Zc3hav1	667034;57444;246728;237886;276950;22271;18950;20556;17454;71701;22436;56045;17874;78781	project-specific anchor-eligible gene_power.tsv background	287	252	22304	clusterProfiler	4.10.1
GO Biological Process	GO:0044270	cellular nitrogen compound catabolic process	cellular nitrogen compound catabolic process	14	423	14/241	423/18659	0.0012598972936353082	0.010367735471173133	0.008000026957888037	Pnp2;Isg20;Oas2;Slfn9;Slfn8;Upp1;Pnp;Slfn2;Mov10;Pnpt1;Xdh;Samhd1;Myd88;Zc3hav1	667034;57444;246728;237886;276950;22271;18950;20556;17454;71701;22436;56045;17874;78781	project-specific anchor-eligible gene_power.tsv background	287	252	22304	clusterProfiler	4.10.1
GO Biological Process	GO:1901096	regulation of autophagosome maturation	regulation of autophagosome maturation	3	17	3/241	17/18659	0.0012656603828492094	0.01038167085739014	0.008010779881293017	Igtp;Irgm2;Irgm1	16145;54396;15944	project-specific anchor-eligible gene_power.tsv background	287	252	22304	clusterProfiler	4.10.1
GO Biological Process	GO:0002716	negative regulation of natural killer cell mediated immunity	negative regulation of natural killer cell mediated immunity	4	37	4/241	37/18659	0.0012827778595770462	0.010454844472143912	0.008067242634636209	Lgals9;H2-T22;Tap1;H2-T10	16859;15039;21354;15024	project-specific anchor-eligible gene_power.tsv background	287	252	22304	clusterProfiler	4.10.1
GO Biological Process	GO:0090140	regulation of mitochondrial fission	regulation of mitochondrial fission	4	37	4/241	37/18659	0.0012827778595770462	0.010454844472143912	0.008067242634636209	Igtp;Irgm2;Irgm1;Stat2	16145;54396;15944;20847	project-specific anchor-eligible gene_power.tsv background	287	252	22304	clusterProfiler	4.10.1
GO Biological Process	GO:0032653	regulation of interleukin-10 production	regulation of interleukin-10 production	5	63	5/241	63/18659	0.0013174510828074212	0.010703241121788954	0.008258912252262413	Isg15;Lilrb4b;Tlr9;Cd274;Lgals9	100038882;14727;81897;60533;16859	project-specific anchor-eligible gene_power.tsv background	287	252	22304	clusterProfiler	4.10.1
GO Biological Process	GO:0071356	cellular response to tumor necrosis factor	cellular response to tumor necrosis factor	8	164	8/241	164/18659	0.001337961834487152	0.0108353671104023	0.008360864262292312	Acod1;Ccl2;Ccl7;Ccl12;Ccl4;Gbp3;Stat1;Irf1	16365;20296;20306;20293;20303;55932;20846;16362	project-specific anchor-eligible gene_power.tsv background	287	252	22304	clusterProfiler	4.10.1
GO Biological Process	GO:0022408	negative regulation of cell-cell adhesion	negative regulation of cell-cell adhesion	9	204	9/241	204/18659	0.0013759491052480768	0.011107741036353938	0.008571035399113603	Il1rn;Tarm1;Socs1;Lilrb4b;Slfn1;Cd274;Lgals9;Fgl2;Irf1	16181;245126;12703;14727;20555;60533;16859;14190;16362	project-specific anchor-eligible gene_power.tsv background	287	252	22304	clusterProfiler	4.10.1
GO Biological Process	GO:0035710	CD4-positive, alpha-beta T cell activation	CD4-positive, alpha-beta T cell activation	7	128	7/241	128/18659	0.0013828094438483153	0.01112790817431247	0.008586596911825834	Tarm1;Rsad2;Socs1;Irgm1;Cd274;Lgals9;Irf1	245126;58185;12703;15944;60533;16859;16362	project-specific anchor-eligible gene_power.tsv background	287	252	22304	clusterProfiler	4.10.1
GO Biological Process	GO:0042119	neutrophil activation	neutrophil activation	4	38	4/241	38/18659	0.0014193139369392592	0.01135006223552367	0.008758017033744977	Fcgr4;Myd88;Stx11;Il15	246256;17874;74732;16168	project-specific anchor-eligible gene_power.tsv background	287	252	22304	clusterProfiler	4.10.1
GO Biological Process	GO:0070266	necroptotic process	necroptotic process	4	38	4/241	38/18659	0.0014193139369392592	0.01135006223552367	0.008758017033744977	Zbp1;Mlkl;Tlr3;Fas	58203;74568;142980;14102	project-specific anchor-eligible gene_power.tsv background	287	252	22304	clusterProfiler	4.10.1
GO Biological Process	GO:0032823	regulation of natural killer cell differentiation	regulation of natural killer cell differentiation	3	18	3/241	18/18659	0.001504385029858675	0.01195540875753732	0.009225118891082873	Lgals9;Irf1;Il15	16859;16362;16168	project-specific anchor-eligible gene_power.tsv background	287	252	22304	clusterProfiler	4.10.1
GO Biological Process	GO:1901524	regulation of mitophagy	regulation of mitophagy	3	18	3/241	18/18659	0.001504385029858675	0.01195540875753732	0.009225118891082873	Igtp;Irgm2;Irgm1	16145;54396;15944	project-specific anchor-eligible gene_power.tsv background	287	252	22304	clusterProfiler	4.10.1
GO Biological Process	GO:0042102	positive regulation of T cell proliferation	positive regulation of T cell proliferation	7	130	7/241	130/18659	0.001512246172105256	0.01198055895975313	0.00924452547184318	Irgm1;Il12rb1;Cd274;Pnp;H2-T22;Il15;H2-T10	15944;16161;60533;18950;15039;16168;15024	project-specific anchor-eligible gene_power.tsv background	287	252	22304	clusterProfiler	4.10.1
GO Biological Process	GO:0006953	acute-phase response	acute-phase response	4	39	4/241	39/18659	0.001565666382882202	0.012327206613371904	0.009512008239082903	Hp;Saa3;Il1rn;Serpina3n	15439;20210;16181;20716	project-specific anchor-eligible gene_power.tsv background	287	252	22304	clusterProfiler	4.10.1
GO Biological Process	GO:0045589	regulation of regulatory T cell differentiation	regulation of regulatory T cell differentiation	4	39	4/241	39/18659	0.001565666382882202	0.012327206613371904	0.009512008239082903	Socs1;Lilrb4b;Lgals9;Irf1	12703;14727;16859;16362	project-specific anchor-eligible gene_power.tsv background	287	252	22304	clusterProfiler	4.10.1
GO Biological Process	GO:0010506	regulation of autophagy	regulation of autophagy	11	294	11/241	294/18659	0.0015960744628460697	0.012527956783754842	0.009666912536104131	Trim30c;Iigp1;Igtp;Trim30d;Irgm2;Irgm1;Trim30a;Tlr9;Trim21;Trim34a;Trim12c	434219;60440;16145;209387;54396;15944;20128;81897;20821;94094;319236	project-specific anchor-eligible gene_power.tsv background	287	252	22304	clusterProfiler	4.10.1
GO Biological Process	GO:0032613	interleukin-10 production	interleukin-10 production	5	66	5/241	66/18659	0.0016235253025274183	0.012703279947232344	0.00980219666233035	Isg15;Lilrb4b;Tlr9;Cd274;Lgals9	100038882;14727;81897;60533;16859	project-specific anchor-eligible gene_power.tsv background	287	252	22304	clusterProfiler	4.10.1
GO Biological Process	GO:0051259	protein complex oligomerization	protein complex oligomerization	10	251	10/241	251/18659	0.0016283702637181405	0.012703279947232344	0.00980219666233035	Isg15;Oas1g;Oas1a;Ifih1;Mlkl;Gbp5;Oas1b;Pnpt1;Samhd1;Oas1c	100038882;23960;246730;71586;74568;229898;23961;71701;56045;114643	project-specific anchor-eligible gene_power.tsv background	287	252	22304	clusterProfiler	4.10.1
GO Biological Process	GO:0032675	regulation of interleukin-6 production	regulation of interleukin-6 production	8	170	8/241	170/18659	0.001680460353790275	0.013069677934509121	0.010084919324736248	Ifih1;Lilrb4b;Trim30a;Tlr3;Tlr9;Rigi;Lgals9;Myd88	71586;14727;20128;142980;81897;230073;16859;17874	project-specific anchor-eligible gene_power.tsv background	287	252	22304	clusterProfiler	4.10.1
GO Biological Process	GO:0032689	negative regulation of type II interferon production	negative regulation of type II interferon production	4	40	4/241	40/18659	0.001722196821384703	0.013353568666724552	0.010303977142823212	Lilrb4b;Irgm1;Cd274;Lgals9	14727;15944;60533;16859	project-specific anchor-eligible gene_power.tsv background	287	252	22304	clusterProfiler	4.10.1
GO Biological Process	GO:0002534	cytokine production involved in inflammatory response	cytokine production involved in inflammatory response	5	67	5/241	67/18659	0.0017362747447788134	0.013381380283778709	0.010325437343731536	Tarm1;Lilrb4b;Gbp5;Tlr3;Myd88	245126;14727;229898;142980;17874	project-specific anchor-eligible gene_power.tsv background	287	252	22304	clusterProfiler	4.10.1
GO Biological Process	GO:0061082	myeloid leukocyte cytokine production	myeloid leukocyte cytokine production	5	67	5/241	67/18659	0.0017362747447788134	0.013381380283778709	0.010325437343731536	Tlr3;Casp4;Rigi;Nr4a3;Myd88	142980;12363;230073;18124;17874	project-specific anchor-eligible gene_power.tsv background	287	252	22304	clusterProfiler	4.10.1
GO Biological Process	GO:0002706	regulation of lymphocyte mediated immunity	regulation of lymphocyte mediated immunity	9	212	9/241	212/18659	0.0017927383556407615	0.01377492634108308	0.010629108196094562	Rsad2;Fcgr1;Lilrb4b;H2-T24;Pnp;Lgals9;H2-T22;Tap1;H2-T10	58185;14129;14727;15042;18950;16859;15039;21354;15024	project-specific anchor-eligible gene_power.tsv background	287	252	22304	clusterProfiler	4.10.1
GO Biological Process	GO:0002444	myeloid leukocyte mediated immunity	myeloid leukocyte mediated immunity	7	134	7/241	134/18659	0.0017993380072594712	0.013784117887444177	0.010636200643512603	Fcgr1;Rigi;Nr4a3;Myd88;Stx11;H2-T22;H2-T10	14129;230073;18124;17874;74732;15039;15024	project-specific anchor-eligible gene_power.tsv background	287	252	22304	clusterProfiler	4.10.1
GO Biological Process	GO:0032814	regulation of natural killer cell activation	regulation of natural killer cell activation	5	68	5/241	68/18659	0.0018546608120511086	0.014123103676245904	0.010897771307260247	Lgals9;Irf1;H2-T22;Il15;H2-T10	16859;16362;15039;16168;15024	project-specific anchor-eligible gene_power.tsv background	287	252	22304	clusterProfiler	4.10.1
GO Biological Process	GO:0048524	positive regulation of viral process	positive regulation of viral process	5	68	5/241	68/18659	0.0018546608120511086	0.014123103676245904	0.010897771307260247	Gbp7;Trim30a;Gbp3;Trim21;Adar	229900;20128;55932;20821;56417	project-specific anchor-eligible gene_power.tsv background	287	252	22304	clusterProfiler	4.10.1
GO Biological Process	GO:0031341	regulation of cell killing	regulation of cell killing	7	135	7/241	135/18659	0.0018773160361891398	0.014253075024757427	0.010998060738326102	Ccl2;H2-T24;Pnp;Lgals9;H2-T22;Tap1;H2-T10	20296;15042;18950;16859;15039;21354;15024	project-specific anchor-eligible gene_power.tsv background	287	252	22304	clusterProfiler	4.10.1
GO Biological Process	GO:0002532	production of molecular mediator involved in inflammatory response	production of molecular mediator involved in inflammatory response	6	100	6/241	100/18659	0.0018924329318563608	0.014325211896633758	0.011053723512639061	Tarm1;Lilrb4b;Gbp5;Tlr3;Chil3;Myd88	245126;14727;229898;142980;12655;17874	project-specific anchor-eligible gene_power.tsv background	287	252	22304	clusterProfiler	4.10.1
GO Biological Process	GO:0019439	aromatic compound catabolic process	aromatic compound catabolic process	14	443	14/241	443/18659	0.0019371824310195076	0.014620569176126521	0.01128162923078941	Pnp2;Isg20;Oas2;Slfn9;Slfn8;Upp1;Pnp;Slfn2;Mov10;Pnpt1;Xdh;Samhd1;Myd88;Zc3hav1	667034;57444;246728;237886;276950;22271;18950;20556;17454;71701;22436;56045;17874;78781	project-specific anchor-eligible gene_power.tsv background	287	252	22304	clusterProfiler	4.10.1
GO Biological Process	GO:0060326	cell chemotaxis	cell chemotaxis	11	302	11/241	302/18659	0.0019707303463323287	0.014829891190247111	0.011443147795812623	Cxcl10;Ccl2;Saa3;Ccl7;Cxcl9;Ccl12;Ch25h;Ccl4;Fpr2;Ccrl2;S100a9	15945;20296;20210;20306;17329;20293;12642;20303;14289;54199;20202	project-specific anchor-eligible gene_power.tsv background	287	252	22304	clusterProfiler	4.10.1
GO Biological Process	GO:0002705	positive regulation of leukocyte mediated immunity	positive regulation of leukocyte mediated immunity	8	175	8/241	175/18659	0.0020159084474932728	0.015125242498692173	0.011671048906540003	Ccl2;Rsad2;Fcgr1;H2-T24;Rigi;Pnp;H2-T22;H2-T10	20296;58185;14129;15042;230073;18950;15039;15024	project-specific anchor-eligible gene_power.tsv background	287	252	22304	clusterProfiler	4.10.1
GO Biological Process	GO:0001788	antibody-dependent cellular cytotoxicity	antibody-dependent cellular cytotoxicity	3	20	3/241	20/18659	0.0020620665519213086	0.015285502926599857	0.011794710215907792	Fcgr1;H2-T22;H2-T10	14129;15039;15024	project-specific anchor-eligible gene_power.tsv background	287	252	22304	clusterProfiler	4.10.1
GO Biological Process	GO:0009159	deoxyribonucleoside monophosphate catabolic process	deoxyribonucleoside monophosphate catabolic process	3	20	3/241	20/18659	0.0020620665519213086	0.015285502926599857	0.011794710215907792	Upp1;Pnp;Xdh	22271;18950;22436	project-specific anchor-eligible gene_power.tsv background	287	252	22304	clusterProfiler	4.10.1
GO Biological Process	GO:0034122	negative regulation of toll-like receptor signaling pathway	negative regulation of toll-like receptor signaling pathway	3	20	3/241	20/18659	0.0020620665519213086	0.015285502926599857	0.011794710215907792	Trim30a;Cd300lf;Pik3ap1	20128;246746;83490	project-specific anchor-eligible gene_power.tsv background	287	252	22304	clusterProfiler	4.10.1
GO Biological Process	GO:0001911	negative regulation of leukocyte mediated cytotoxicity	negative regulation of leukocyte mediated cytotoxicity	4	42	4/241	42/18659	0.0020672279536169936	0.015285502926599857	0.011794710215907792	Lgals9;H2-T22;Tap1;H2-T10	16859;15039;21354;15024	project-specific anchor-eligible gene_power.tsv background	287	252	22304	clusterProfiler	4.10.1
GO Biological Process	GO:0095500	acetylcholine receptor signaling pathway	acetylcholine receptor signaling pathway	4	42	4/241	42/18659	0.0020672279536169936	0.015285502926599857	0.011794710215907792	Ly6c2;Ly6i;Ly6a;Ly6e	100041546;57248;110454;17069	project-specific anchor-eligible gene_power.tsv background	287	252	22304	clusterProfiler	4.10.1
GO Biological Process	GO:0046425	regulation of receptor signaling pathway via JAK-STAT	regulation of receptor signaling pathway via JAK-STAT	6	102	6/241	102/18659	0.0020926724224729692	0.01542892297609406	0.0119053770308015	Socs1;Gbp7;Parp14;Socs3;Gbp3;Irf1	12703;229900;547253;12702;55932;16362	project-specific anchor-eligible gene_power.tsv background	287	252	22304	clusterProfiler	4.10.1
GO Biological Process	GO:0002366	leukocyte activation involved in immune response	leukocyte activation involved in immune response	11	306	11/241	306/18659	0.0021832927657242283	0.0160506623785663	0.01238512808100806	Fcgr4;Clec4e;Slfn2;Lgals9;Nr4a3;Fgl2;Ifi35;Nmi;Myd88;Stx11;Irf1	246256;56619;20556;16859;18124;14190;70110;64685;17874;74732;16362	project-specific anchor-eligible gene_power.tsv background	287	252	22304	clusterProfiler	4.10.1
GO Biological Process	GO:0070664	negative regulation of leukocyte proliferation	negative regulation of leukocyte proliferation	6	103	6/241	103/18659	0.002198595979831969	0.016116719380894692	0.012436099462449434	Ccl12;Tarm1;Lilrb4b;Slfn1;Cd274;Lgals9	20293;245126;14727;20555;60533;16859	project-specific anchor-eligible gene_power.tsv background	287	252	22304	clusterProfiler	4.10.1
GO Biological Process	GO:0045619	regulation of lymphocyte differentiation	regulation of lymphocyte differentiation	9	219	9/241	219/18659	0.0022352937706728183	0.01626039596199266	0.012546964224112847	Socs1;Lilrb4b;Tlr9;Pnp;Lgals9;Fgl2;Irf1;Il15;Fas	12703;14727;81897;18950;16859;14190;16362;16168;14102	project-specific anchor-eligible gene_power.tsv background	287	252	22304	clusterProfiler	4.10.1
GO Biological Process	GO:0007162	negative regulation of cell adhesion	negative regulation of cell adhesion	11	307	11/241	307/18659	0.0022392442891004767	0.01626039596199266	0.012546964224112847	Il1rn;Tarm1;Socs1;Lilrb4b;Slfn1;Rnd1;Cd274;Lgals9;Fgl2;Irf1;Mmp12	16181;245126;12703;14727;20555;223881;60533;16859;14190;16362;17381	project-specific anchor-eligible gene_power.tsv background	287	252	22304	clusterProfiler	4.10.1
GO Biological Process	GO:1901224	positive regulation of non-canonical NF-kappaB signal transduction	positive regulation of non-canonical NF-kappaB signal transduction	5	71	5/241	71/18659	0.002245299412633335	0.01626039596199266	0.012546964224112847	Eif2ak2;Tlr3;Tlr9;Ifi35;Nmi	19106;142980;81897;70110;64685	project-specific anchor-eligible gene_power.tsv background	287	252	22304	clusterProfiler	4.10.1
GO Biological Process	GO:0002888	positive regulation of myeloid leukocyte mediated immunity	positive regulation of myeloid leukocyte mediated immunity	4	43	4/241	43/18659	0.0022564406783792245	0.01626039596199266	0.012546964224112847	Fcgr1;Rigi;H2-T22;H2-T10	14129;230073;15039;15024	project-specific anchor-eligible gene_power.tsv background	287	252	22304	clusterProfiler	4.10.1
GO Biological Process	GO:0032733	positive regulation of interleukin-10 production	positive regulation of interleukin-10 production	4	43	4/241	43/18659	0.0022564406783792245	0.01626039596199266	0.012546964224112847	Isg15;Tlr9;Cd274;Lgals9	100038882;81897;60533;16859	project-specific anchor-eligible gene_power.tsv background	287	252	22304	clusterProfiler	4.10.1
GO Biological Process	GO:0034661	ncRNA catabolic process	ncRNA catabolic process	4	43	4/241	43/18659	0.0022564406783792245	0.01626039596199266	0.012546964224112847	Slfn9;Slfn8;Slfn2;Pnpt1	237886;276950;20556;71701	project-specific anchor-eligible gene_power.tsv background	287	252	22304	clusterProfiler	4.10.1
GO Biological Process	GO:0032635	interleukin-6 production	interleukin-6 production	8	179	8/241	179/18659	0.002320499131409586	0.016674910659791136	0.01286681505036598	Ifih1;Lilrb4b;Trim30a;Tlr3;Tlr9;Rigi;Lgals9;Myd88	71586;14727;20128;142980;81897;230073;16859;17874	project-specific anchor-eligible gene_power.tsv background	287	252	22304	clusterProfiler	4.10.1
GO Biological Process	GO:0030595	leukocyte chemotaxis	leukocyte chemotaxis	9	221	9/241	221/18659	0.0023765285064510674	0.01702786246995526	0.013139162276430848	Cxcl10;Ccl2;Ccl7;Cxcl9;Ccl12;Ch25h;Ccl4;Fpr2;S100a9	15945;20296;20306;17329;20293;12642;20303;14289;20202	project-specific anchor-eligible gene_power.tsv background	287	252	22304	clusterProfiler	4.10.1
GO Biological Process	GO:1900227	positive regulation of NLRP3 inflammasome complex assembly	positive regulation of NLRP3 inflammasome complex assembly	3	21	3/241	21/18659	0.0023829662492254127	0.01702786246995526	0.013139162276430848	Gbp5;Casp4;Myd88	229898;12363;17874	project-specific anchor-eligible gene_power.tsv background	287	252	22304	clusterProfiler	4.10.1
GO Biological Process	GO:0002263	cell activation involved in immune response	cell activation involved in immune response	11	310	11/241	310/18659	0.0024141237322866924	0.017202317433137857	0.013273776475672202	Fcgr4;Clec4e;Slfn2;Lgals9;Nr4a3;Fgl2;Ifi35;Nmi;Myd88;Stx11;Irf1	246256;56619;20556;16859;18124;14190;70110;64685;17874;74732;16362	project-specific anchor-eligible gene_power.tsv background	287	252	22304	clusterProfiler	4.10.1
GO Biological Process	GO:0002478	antigen processing and presentation of exogenous peptide antigen	antigen processing and presentation of exogenous peptide antigen	4	44	4/241	44/18659	0.0024572548284939417	0.017364147001351925	0.01339864857642126	Fcgr1;H2-T22;H2-T10;Tapbp	14129;15039;15024;21356	project-specific anchor-eligible gene_power.tsv background	287	252	22304	clusterProfiler	4.10.1
GO Biological Process	GO:0045066	regulatory T cell differentiation	regulatory T cell differentiation	4	44	4/241	44/18659	0.0024572548284939417	0.017364147001351925	0.01339864857642126	Socs1;Lilrb4b;Lgals9;Irf1	12703;14727;16859;16362	project-specific anchor-eligible gene_power.tsv background	287	252	22304	clusterProfiler	4.10.1
GO Biological Process	GO:1905145	cellular response to acetylcholine	cellular response to acetylcholine	4	44	4/241	44/18659	0.0024572548284939417	0.017364147001351925	0.01339864857642126	Ly6c2;Ly6i;Ly6a;Ly6e	100041546;57248;110454;17069	project-specific anchor-eligible gene_power.tsv background	287	252	22304	clusterProfiler	4.10.1
GO Biological Process	GO:0071674	mononuclear cell migration	mononuclear cell migration	8	181	8/241	181/18659	0.002485756906776668	0.017517032787810166	0.013516619411667258	Cxcl10;Ccl2;Ccl7;Ccl12;Ch25h;Ccl4;Fpr2;Lgals9	15945;20296;20306;20293;12642;20303;14289;16859	project-specific anchor-eligible gene_power.tsv background	287	252	22304	clusterProfiler	4.10.1
GO Biological Process	GO:0002709	regulation of T cell mediated immunity	regulation of T cell mediated immunity	6	107	6/241	107/18659	0.002663182837605859	0.01869216699527008	0.01442338495993524	Rsad2;Lilrb4b;H2-T24;Pnp;H2-T22;H2-T10	58185;14727;15042;18950;15039;15024	project-specific anchor-eligible gene_power.tsv background	287	252	22304	clusterProfiler	4.10.1
GO Biological Process	GO:0042771	intrinsic apoptotic signaling pathway in response to DNA damage by p53 class mediator	intrinsic apoptotic signaling pathway in response to DNA damage by p53 class mediator	4	45	4/241	45/18659	0.0026700189222755894	0.01869216699527008	0.01442338495993524	Ifi204;Cdkn1a;Pml;Shisa5	15951;12575;18854;66940	project-specific anchor-eligible gene_power.tsv background	287	252	22304	clusterProfiler	4.10.1
GO Biological Process	GO:0002707	negative regulation of lymphocyte mediated immunity	negative regulation of lymphocyte mediated immunity	5	74	5/241	74/18659	0.002692668666332596	0.01869216699527008	0.01442338495993524	Lilrb4b;Lgals9;H2-T22;Tap1;H2-T10	14727;16859;15039;21354;15024	project-specific anchor-eligible gene_power.tsv background	287	252	22304	clusterProfiler	4.10.1
GO Biological Process	GO:0050829	defense response to Gram-negative bacterium	defense response to Gram-negative bacterium	5	74	5/241	74/18659	0.002692668666332596	0.01869216699527008	0.01442338495993524	Iigp1;Igtp;Irgm2;Irgm1;Tlr9	60440;16145;54396;15944;81897	project-specific anchor-eligible gene_power.tsv background	287	252	22304	clusterProfiler	4.10.1
GO Biological Process	GO:0001796	regulation of type IIa hypersensitivity	regulation of type IIa hypersensitivity	3	22	3/241	22/18659	0.002733115754306445	0.01869216699527008	0.01442338495993524	Fcgr1;H2-T22;H2-T10	14129;15039;15024	project-specific anchor-eligible gene_power.tsv background	287	252	22304	clusterProfiler	4.10.1
GO Biological Process	GO:0001798	positive regulation of type IIa hypersensitivity	positive regulation of type IIa hypersensitivity	3	22	3/241	22/18659	0.002733115754306445	0.01869216699527008	0.01442338495993524	Fcgr1;H2-T22;H2-T10	14129;15039;15024	project-specific anchor-eligible gene_power.tsv background	287	252	22304	clusterProfiler	4.10.1
GO Biological Process	GO:0002892	regulation of type II hypersensitivity	regulation of type II hypersensitivity	3	22	3/241	22/18659	0.002733115754306445	0.01869216699527008	0.01442338495993524	Fcgr1;H2-T22;H2-T10	14129;15039;15024	project-specific anchor-eligible gene_power.tsv background	287	252	22304	clusterProfiler	4.10.1
GO Biological Process	GO:0002894	positive regulation of type II hypersensitivity	positive regulation of type II hypersensitivity	3	22	3/241	22/18659	0.002733115754306445	0.01869216699527008	0.01442338495993524	Fcgr1;H2-T22;H2-T10	14129;15039;15024	project-specific anchor-eligible gene_power.tsv background	287	252	22304	clusterProfiler	4.10.1
GO Biological Process	GO:0009158	ribonucleoside monophosphate catabolic process	ribonucleoside monophosphate catabolic process	3	22	3/241	22/18659	0.002733115754306445	0.01869216699527008	0.01442338495993524	Upp1;Pnp;Xdh	22271;18950;22436	project-specific anchor-eligible gene_power.tsv background	287	252	22304	clusterProfiler	4.10.1
GO Biological Process	GO:0042270	protection from natural killer cell mediated cytotoxicity	protection from natural killer cell mediated cytotoxicity	3	22	3/241	22/18659	0.002733115754306445	0.01869216699527008	0.01442338495993524	H2-T22;Tap1;H2-T10	15039;21354;15024	project-specific anchor-eligible gene_power.tsv background	287	252	22304	clusterProfiler	4.10.1
GO Biological Process	GO:0043101	purine-containing compound salvage	purine-containing compound salvage	3	22	3/241	22/18659	0.002733115754306445	0.01869216699527008	0.01442338495993524	Pnp2;Pnp;Dck	667034;18950;13178	project-specific anchor-eligible gene_power.tsv background	287	252	22304	clusterProfiler	4.10.1
GO Biological Process	GO:0042116	macrophage activation	macrophage activation	6	108	6/241	108/18659	0.002790029866634454	0.01903039088177672	0.014684367719128708	Irgm1;Tlr3;Tlr9;Lgals9;Ifi35;Nmi	15944;142980;81897;16859;70110;64685	project-specific anchor-eligible gene_power.tsv background	287	252	22304	clusterProfiler	4.10.1
GO Biological Process	GO:0071677	positive regulation of mononuclear cell migration	positive regulation of mononuclear cell migration	5	75	5/241	75/18659	0.002855182040231393	0.019422851692347424	0.014987201165565487	Cxcl10;Ccl2;Ccl7;Fpr2;Lgals9	15945;20296;20306;14289;16859	project-specific anchor-eligible gene_power.tsv background	287	252	22304	clusterProfiler	4.10.1
GO Biological Process	GO:1901361	organic cyclic compound catabolic process	organic cyclic compound catabolic process	14	463	14/241	463/18659	0.002892844967385722	0.019626722105853665	0.015144513127131302	Pnp2;Isg20;Oas2;Slfn9;Slfn8;Upp1;Pnp;Slfn2;Mov10;Pnpt1;Xdh;Samhd1;Myd88;Zc3hav1	667034;57444;246728;237886;276950;22271;18950;20556;17454;71701;22436;56045;17874;78781	project-specific anchor-eligible gene_power.tsv background	287	252	22304	clusterProfiler	4.10.1
GO Biological Process	GO:0045580	regulation of T cell differentiation	regulation of T cell differentiation	8	186	8/241	186/18659	0.0029393757209905565	0.01988951582028358	0.015347291911914954	Socs1;Lilrb4b;Pnp;Lgals9;Fgl2;Irf1;Il15;Fas	12703;14727;18950;16859;14190;16362;16168;14102	project-specific anchor-eligible gene_power.tsv background	287	252	22304	clusterProfiler	4.10.1
GO Biological Process	GO:1901657	glycosyl compound metabolic process	glycosyl compound metabolic process	5	76	5/241	76/18659	0.0030246710553330854	0.020412528735858994	0.01575086291693921	Pnp2;Upp1;Pnp;Xdh;Dck	667034;22271;18950;22436;13178	project-specific anchor-eligible gene_power.tsv background	287	252	22304	clusterProfiler	4.10.1
GO Biological Process	GO:1904892	regulation of receptor signaling pathway via STAT	regulation of receptor signaling pathway via STAT	6	110	6/241	110/18659	0.0030572392720178755	0.020544227234926538	0.015852485064396887	Socs1;Gbp7;Parp14;Socs3;Gbp3;Irf1	12703;229900;547253;12702;55932;16362	project-specific anchor-eligible gene_power.tsv background	287	252	22304	clusterProfiler	4.10.1
GO Biological Process	GO:0001794	type IIa hypersensitivity	type IIa hypersensitivity	3	23	3/241	23/18659	0.0031133615459244353	0.020544227234926538	0.015852485064396887	Fcgr1;H2-T22;H2-T10	14129;15039;15024	project-specific anchor-eligible gene_power.tsv background	287	252	22304	clusterProfiler	4.10.1
GO Biological Process	GO:0002445	type II hypersensitivity	type II hypersensitivity	3	23	3/241	23/18659	0.0031133615459244353	0.020544227234926538	0.015852485064396887	Fcgr1;H2-T22;H2-T10	14129;15039;15024	project-specific anchor-eligible gene_power.tsv background	287	252	22304	clusterProfiler	4.10.1
GO Biological Process	GO:0035634	response to stilbenoid	response to stilbenoid	3	23	3/241	23/18659	0.0031133615459244353	0.020544227234926538	0.015852485064396887	Saa3;Ifit3;Usp18	20210;15959;24110	project-specific anchor-eligible gene_power.tsv background	287	252	22304	clusterProfiler	4.10.1
GO Biological Process	GO:0045591	positive regulation of regulatory T cell differentiation	positive regulation of regulatory T cell differentiation	3	23	3/241	23/18659	0.0031133615459244353	0.020544227234926538	0.015852485064396887	Socs1;Lilrb4b;Lgals9	12703;14727;16859	project-specific anchor-eligible gene_power.tsv background	287	252	22304	clusterProfiler	4.10.1
GO Biological Process	GO:0090026	positive regulation of monocyte chemotaxis	positive regulation of monocyte chemotaxis	3	23	3/241	23/18659	0.0031133615459244353	0.020544227234926538	0.015852485064396887	Cxcl10;Ccl2;Fpr2	15945;20296;14289	project-specific anchor-eligible gene_power.tsv background	287	252	22304	clusterProfiler	4.10.1
GO Biological Process	GO:0090141	positive regulation of mitochondrial fission	positive regulation of mitochondrial fission	3	23	3/241	23/18659	0.0031133615459244353	0.020544227234926538	0.015852485064396887	Igtp;Irgm2;Irgm1	16145;54396;15944	project-specific anchor-eligible gene_power.tsv background	287	252	22304	clusterProfiler	4.10.1
GO Biological Process	GO:0031342	negative regulation of cell killing	negative regulation of cell killing	4	47	4/241	47/18659	0.0031327731847849566	0.020544227234926538	0.015852485064396887	Lgals9;H2-T22;Tap1;H2-T10	16859;15039;21354;15024	project-specific anchor-eligible gene_power.tsv background	287	252	22304	clusterProfiler	4.10.1
GO Biological Process	GO:0032816	positive regulation of natural killer cell activation	positive regulation of natural killer cell activation	4	47	4/241	47/18659	0.0031327731847849566	0.020544227234926538	0.015852485064396887	Irf1;H2-T22;Il15;H2-T10	16362;15039;16168;15024	project-specific anchor-eligible gene_power.tsv background	287	252	22304	clusterProfiler	4.10.1
GO Biological Process	GO:0036230	granulocyte activation	granulocyte activation	4	47	4/241	47/18659	0.0031327731847849566	0.020544227234926538	0.015852485064396887	Fcgr4;Myd88;Stx11;Il15	246256;17874;74732;16168	project-specific anchor-eligible gene_power.tsv background	287	252	22304	clusterProfiler	4.10.1
GO Biological Process	GO:1905144	response to acetylcholine	response to acetylcholine	4	47	4/241	47/18659	0.0031327731847849566	0.020544227234926538	0.015852485064396887	Ly6c2;Ly6i;Ly6a;Ly6e	100041546;57248;110454;17069	project-specific anchor-eligible gene_power.tsv background	287	252	22304	clusterProfiler	4.10.1
GO Biological Process	GO:0032755	positive regulation of interleukin-6 production	positive regulation of interleukin-6 production	6	111	6/241	111/18659	0.003197796247175051	0.020886257512532397	0.016116404938593985	Ifih1;Tlr3;Tlr9;Rigi;Lgals9;Myd88	71586;142980;81897;230073;16859;17874	project-specific anchor-eligible gene_power.tsv background	287	252	22304	clusterProfiler	4.10.1
GO Biological Process	GO:0010822	positive regulation of mitochondrion organization	positive regulation of mitochondrion organization	5	77	5/241	77/18659	0.0032013040718934407	0.020886257512532397	0.016116404938593985	Igtp;Irgm2;Irgm1;Tnfsf10;Fas	16145;54396;15944;22035;14102	project-specific anchor-eligible gene_power.tsv background	287	252	22304	clusterProfiler	4.10.1
GO Biological Process	GO:0097529	myeloid leukocyte migration	myeloid leukocyte migration	9	233	9/241	233/18659	0.003379677330265482	0.021962239160085655	0.016946661672145157	Cxcl10;Ccl2;Ccl7;Cxcl9;Ccl12;Ccl4;Fpr2;Myd88;S100a9	15945;20296;20306;17329;20293;20303;14289;17874;20202	project-specific anchor-eligible gene_power.tsv background	287	252	22304	clusterProfiler	4.10.1
GO Biological Process	GO:0001916	positive regulation of T cell mediated cytotoxicity	positive regulation of T cell mediated cytotoxicity	4	48	4/241	48/18659	0.003383441783580424	0.021962239160085655	0.016946661672145157	H2-T24;Pnp;H2-T22;H2-T10	15042;18950;15039;15024	project-specific anchor-eligible gene_power.tsv background	287	252	22304	clusterProfiler	4.10.1
GO Biological Process	GO:0032652	regulation of interleukin-1 production	regulation of interleukin-1 production	6	113	6/241	113/18659	0.003493304027923334	0.02261781364272189	0.017452520791388284	Lilrb4b;Gbp5;Casp4;Lgals9;Pml;Myd88	14727;229898;12363;16859;18854;17874	project-specific anchor-eligible gene_power.tsv background	287	252	22304	clusterProfiler	4.10.1
GO Biological Process	GO:0043173	nucleotide salvage	nucleotide salvage	3	24	3/241	24/18659	0.0035245026238849633	0.022704561094774096	0.01751945748714748	Upp1;Pnp;Dck	22271;18950;13178	project-specific anchor-eligible gene_power.tsv background	287	252	22304	clusterProfiler	4.10.1
GO Biological Process	GO:2000564	regulation of CD8-positive, alpha-beta T cell proliferation	regulation of CD8-positive, alpha-beta T cell proliferation	3	24	3/241	24/18659	0.0035245026238849633	0.022704561094774096	0.01751945748714748	Irf1;H2-T22;H2-T10	16362;15039;15024	project-specific anchor-eligible gene_power.tsv background	287	252	22304	clusterProfiler	4.10.1
GO Biological Process	GO:0002711	positive regulation of T cell mediated immunity	positive regulation of T cell mediated immunity	5	79	5/241	79/18659	0.003576675047867459	0.022982614728236494	0.017734011240917804	Rsad2;H2-T24;Pnp;H2-T22;H2-T10	58185;15042;18950;15039;15024	project-specific anchor-eligible gene_power.tsv background	287	252	22304	clusterProfiler	4.10.1
GO Biological Process	GO:0034198	cellular response to amino acid starvation	cellular response to amino acid starvation	4	49	4/241	49/18659	0.003647416699305132	0.023378291457104	0.01803932617746786	Atf3;Eif2ak2;Cdkn1a;Fas	11910;19106;12575;14102	project-specific anchor-eligible gene_power.tsv background	287	252	22304	clusterProfiler	4.10.1
GO Biological Process	GO:0006935	chemotaxis	chemotaxis	13	425	13/241	425/18659	0.003669607239007658	0.023461574102026404	0.018103589333714077	Cxcl10;Ccl2;Saa3;Ccl7;Cxcl9;Ccl12;Ch25h;Ccl4;Fpr2;Ccrl2;Nrg1;Lgals9;S100a9	15945;20296;20210;20306;17329;20293;12642;20303;14289;54199;211323;16859;20202	project-specific anchor-eligible gene_power.tsv background	287	252	22304	clusterProfiler	4.10.1
GO Biological Process	GO:0042330	taxis	taxis	13	426	13/241	426/18659	0.0037427306837363836	0.023869264935528788	0.018418174680492203	Cxcl10;Ccl2;Saa3;Ccl7;Cxcl9;Ccl12;Ch25h;Ccl4;Fpr2;Ccrl2;Nrg1;Lgals9;S100a9	15945;20296;20210;20306;17329;20293;12642;20303;14289;54199;211323;16859;20202	project-specific anchor-eligible gene_power.tsv background	287	252	22304	clusterProfiler	4.10.1
GO Biological Process	GO:0042130	negative regulation of T cell proliferation	negative regulation of T cell proliferation	5	80	5/241	80/18659	0.0037757489641078758	0.024019789544736138	0.01853432356708683	Tarm1;Lilrb4b;Slfn1;Cd274;Lgals9	245126;14727;20555;60533;16859	project-specific anchor-eligible gene_power.tsv background	287	252	22304	clusterProfiler	4.10.1
GO Biological Process	GO:1902075	cellular response to salt	cellular response to salt	8	195	8/241	195/18659	0.0039160766282954635	0.024835027760159296	0.019163383569497157	Ly6c2;Daxx;Ly6i;Tlr9;Clic4;Ly6a;Fas;Ly6e	100041546;13163;57248;81897;29876;110454;14102;17069	project-specific anchor-eligible gene_power.tsv background	287	252	22304	clusterProfiler	4.10.1
GO Biological Process	GO:0000266	mitochondrial fission	mitochondrial fission	4	50	4/241	50/18659	0.003925026382275817	0.024835027760159296	0.019163383569497157	Igtp;Irgm2;Irgm1;Stat2	16145;54396;15944;20847	project-specific anchor-eligible gene_power.tsv background	287	252	22304	clusterProfiler	4.10.1
GO Biological Process	GO:0009125	nucleoside monophosphate catabolic process	nucleoside monophosphate catabolic process	3	25	3/241	25/18659	0.003967291847168995	0.024835027760159296	0.019163383569497157	Upp1;Pnp;Xdh	22271;18950;22436	project-specific anchor-eligible gene_power.tsv background	287	252	22304	clusterProfiler	4.10.1
GO Biological Process	GO:0035740	CD8-positive, alpha-beta T cell proliferation	CD8-positive, alpha-beta T cell proliferation	3	25	3/241	25/18659	0.003967291847168995	0.024835027760159296	0.019163383569497157	Irf1;H2-T22;H2-T10	16362;15039;15024	project-specific anchor-eligible gene_power.tsv background	287	252	22304	clusterProfiler	4.10.1
GO Biological Process	GO:0044090	positive regulation of vacuole organization	positive regulation of vacuole organization	3	25	3/241	25/18659	0.003967291847168995	0.024835027760159296	0.019163383569497157	Igtp;Irgm2;Irgm1	16145;54396;15944	project-specific anchor-eligible gene_power.tsv background	287	252	22304	clusterProfiler	4.10.1
GO Biological Process	GO:2001187	positive regulation of CD8-positive, alpha-beta T cell activation	positive regulation of CD8-positive, alpha-beta T cell activation	3	25	3/241	25/18659	0.003967291847168995	0.024835027760159296	0.019163383569497157	Lilrb4b;H2-T22;H2-T10	14727;15039;15024	project-specific anchor-eligible gene_power.tsv background	287	252	22304	clusterProfiler	4.10.1
GO Biological Process	GO:0030217	T cell differentiation	T cell differentiation	11	331	11/241	331/18659	0.003972046776223047	0.024835027760159296	0.019163383569497157	Rsad2;Socs1;Igtp;Lilrb4b;Clec4e;Pnp;Lgals9;Fgl2;Irf1;Il15;Fas	58185;12703;16145;14727;56619;18950;16859;14190;16362;16168;14102	project-specific anchor-eligible gene_power.tsv background	287	252	22304	clusterProfiler	4.10.1
GO Biological Process	GO:0001933	negative regulation of protein phosphorylation	negative regulation of protein phosphorylation	11	332	11/241	332/18659	0.004062573663748448	0.025338937447976256	0.01955221400388521	Socs1;Lilrb4b;Slfn1;Daxx;Parp14;Socs3;Gbp4;Cdkn1a;Xdh;Adar;Irf1	12703;14727;20555;13163;547253;12702;17472;12575;22436;56417;16362	project-specific anchor-eligible gene_power.tsv background	287	252	22304	clusterProfiler	4.10.1
GO Biological Process	GO:0019884	antigen processing and presentation of exogenous antigen	antigen processing and presentation of exogenous antigen	4	51	4/241	51/18659	0.00421659458340576	0.026171612608924803	0.020194728828195087	Fcgr1;H2-T22;H2-T10;Tapbp	14129;15039;15024;21356	project-specific anchor-eligible gene_power.tsv background	287	252	22304	clusterProfiler	4.10.1
GO Biological Process	GO:0097300	programmed necrotic cell death	programmed necrotic cell death	4	51	4/241	51/18659	0.00421659458340576	0.026171612608924803	0.020194728828195087	Zbp1;Mlkl;Tlr3;Fas	58203;74568;142980;14102	project-specific anchor-eligible gene_power.tsv background	287	252	22304	clusterProfiler	4.10.1
GO Biological Process	GO:0050764	regulation of phagocytosis	regulation of phagocytosis	6	118	6/241	118/18659	0.0043206390474479755	0.026752306335048024	0.02064280791703555	Ccl2;Fcgr1;Fpr2;Cd300lf;Il15;Hck	20296;14129;14289;246746;16168;15162	project-specific anchor-eligible gene_power.tsv background	287	252	22304	clusterProfiler	4.10.1
GO Biological Process	GO:0052548	regulation of endopeptidase activity	regulation of endopeptidase activity	11	336	11/241	336/18659	0.00444129092963374	0.027241964916871482	0.0210206418100434	Serpinb2;Serpina3f;Serpina3n;Stat1;Tnfsf10;Pml;Serpina3g;Xdh;S100a9;Fas;Psmb9	18788;238393;20716;20846;22035;18854;20715;22436;20202;14102;16912	project-specific anchor-eligible gene_power.tsv background	287	252	22304	clusterProfiler	4.10.1
GO Biological Process	GO:0002885	positive regulation of hypersensitivity	positive regulation of hypersensitivity	3	26	3/241	26/18659	0.004442437242422006	0.027241964916871482	0.0210206418100434	Fcgr1;H2-T22;H2-T10	14129;15039;15024	project-specific anchor-eligible gene_power.tsv background	287	252	22304	clusterProfiler	4.10.1
GO Biological Process	GO:0032819	positive regulation of natural killer cell proliferation	positive regulation of natural killer cell proliferation	3	26	3/241	26/18659	0.004442437242422006	0.027241964916871482	0.0210206418100434	H2-T22;Il15;H2-T10	15039;16168;15024	project-specific anchor-eligible gene_power.tsv background	287	252	22304	clusterProfiler	4.10.1
GO Biological Process	GO:0070498	interleukin-1-mediated signaling pathway	interleukin-1-mediated signaling pathway	3	26	3/241	26/18659	0.004442437242422006	0.027241964916871482	0.0210206418100434	Il1rn;Zbp1;Myd88	16181;58203;17874	project-specific anchor-eligible gene_power.tsv background	287	252	22304	clusterProfiler	4.10.1
GO Biological Process	GO:0032612	interleukin-1 production	interleukin-1 production	6	119	6/241	119/18659	0.004502081630915157	0.02754151136802054	0.021251780007096665	Lilrb4b;Gbp5;Casp4;Lgals9;Pml;Myd88	14727;229898;12363;16859;18854;17874	project-specific anchor-eligible gene_power.tsv background	287	252	22304	clusterProfiler	4.10.1
GO Biological Process	GO:0046638	positive regulation of alpha-beta T cell differentiation	positive regulation of alpha-beta T cell differentiation	4	52	4/241	52/18659	0.004522440154498469	0.02759986802422391	0.021296809591821047	Socs1;Lilrb4b;Pnp;Irf1	12703;14727;18950;16362	project-specific anchor-eligible gene_power.tsv background	287	252	22304	clusterProfiler	4.10.1
GO Biological Process	GO:0050766	positive regulation of phagocytosis	positive regulation of phagocytosis	5	84	5/241	84/18659	0.004651870277438042	0.02832200734545214	0.021854031952792712	Ccl2;Fcgr1;Fpr2;Cd300lf;Il15	20296;14129;14289;246746;16168	project-specific anchor-eligible gene_power.tsv background	287	252	22304	clusterProfiler	4.10.1
GO Biological Process	GO:0050728	negative regulation of inflammatory response	negative regulation of inflammatory response	7	159	7/241	159/18659	0.004666400182105056	0.028342825867976186	0.021870096091570066	Acod1;Igtp;Fpr2;Irgm2;Irgm1;Socs3;Lgals9	16365;16145;14289;54396;15944;12702;16859	project-specific anchor-eligible gene_power.tsv background	287	252	22304	clusterProfiler	4.10.1
GO Biological Process	GO:0006914	autophagy	autophagy	14	494	14/241	494/18659	0.005113770322879521	0.03091286278119824	0.023853206544736105	Trim30c;Iigp1;Igtp;Rnf213;Trim30d;Irgm2;Irgm1;Trim30a;Tlr9;Trim21;S100a9;Trim34a;Trim12c;1600014C10Rik	434219;60440;16145;672511;209387;54396;15944;20128;81897;20821;20202;94094;319236;72244	project-specific anchor-eligible gene_power.tsv background	287	252	22304	clusterProfiler	4.10.1
GO Biological Process	GO:0061919	process utilizing autophagic mechanism	process utilizing autophagic mechanism	14	494	14/241	494/18659	0.005113770322879521	0.03091286278119824	0.023853206544736105	Trim30c;Iigp1;Igtp;Rnf213;Trim30d;Irgm2;Irgm1;Trim30a;Tlr9;Trim21;S100a9;Trim34a;Trim12c;1600014C10Rik	434219;60440;16145;672511;209387;54396;15944;20128;81897;20821;20202;94094;319236;72244	project-specific anchor-eligible gene_power.tsv background	287	252	22304	clusterProfiler	4.10.1
GO Biological Process	GO:0001912	positive regulation of leukocyte mediated cytotoxicity	positive regulation of leukocyte mediated cytotoxicity	5	86	5/241	86/18659	0.005140151522115948	0.03092577012480609	0.023863166202474737	Ccl2;H2-T24;Pnp;H2-T22;H2-T10	20296;15042;18950;15039;15024	project-specific anchor-eligible gene_power.tsv background	287	252	22304	clusterProfiler	4.10.1
GO Biological Process	GO:0090398	cellular senescence	cellular senescence	5	86	5/241	86/18659	0.005140151522115948	0.03092577012480609	0.023863166202474737	Cgas;Pnpt1;Rbl1;Cdkn1a;Pml	214763;71701;19650;12575;18854	project-specific anchor-eligible gene_power.tsv background	287	252	22304	clusterProfiler	4.10.1
GO Biological Process	GO:1901136	carbohydrate derivative catabolic process	carbohydrate derivative catabolic process	7	162	7/241	162/18659	0.005162651471538264	0.03093588261281758	0.023870969273543454	Pnp2;Upp1;Chil3;Pnp;Xdh;Samhd1;Mmp12	667034;22271;12655;18950;22436;56045;17381	project-specific anchor-eligible gene_power.tsv background	287	252	22304	clusterProfiler	4.10.1
GO Biological Process	GO:0045581	negative regulation of T cell differentiation	negative regulation of T cell differentiation	4	54	4/241	54/18659	0.005178213200969465	0.03093588261281758	0.023870969273543454	Socs1;Lilrb4b;Fgl2;Irf1	12703;14727;14190;16362	project-specific anchor-eligible gene_power.tsv background	287	252	22304	clusterProfiler	4.10.1
GO Biological Process	GO:1990928	response to amino acid starvation	response to amino acid starvation	4	54	4/241	54/18659	0.005178213200969465	0.03093588261281758	0.023870969273543454	Atf3;Eif2ak2;Cdkn1a;Fas	11910;19106;12575;14102	project-specific anchor-eligible gene_power.tsv background	287	252	22304	clusterProfiler	4.10.1
GO Biological Process	GO:0002866	positive regulation of acute inflammatory response to antigenic stimulus	positive regulation of acute inflammatory response to antigenic stimulus	3	28	3/241	28/18659	0.005492412141792145	0.03266000786412998	0.02520135125788569	Fcgr1;H2-T22;H2-T10	14129;15039;15024	project-specific anchor-eligible gene_power.tsv background	287	252	22304	clusterProfiler	4.10.1
GO Biological Process	GO:0032817	regulation of natural killer cell proliferation	regulation of natural killer cell proliferation	3	28	3/241	28/18659	0.005492412141792145	0.03266000786412998	0.02520135125788569	H2-T22;Il15;H2-T10	15039;16168;15024	project-specific anchor-eligible gene_power.tsv background	287	252	22304	clusterProfiler	4.10.1
GO Biological Process	GO:0001914	regulation of T cell mediated cytotoxicity	regulation of T cell mediated cytotoxicity	4	55	4/241	55/18659	0.005528752247536842	0.03272354288507305	0.025250376609827565	H2-T24;Pnp;H2-T22;H2-T10	15042;18950;15039;15024	project-specific anchor-eligible gene_power.tsv background	287	252	22304	clusterProfiler	4.10.1
GO Biological Process	GO:0019083	viral transcription	viral transcription	4	55	4/241	55/18659	0.005528752247536842	0.03272354288507305	0.025250376609827565	Ifitm3;Sp100;Trim21;Trim14	66141;20684;20821;74735	project-specific anchor-eligible gene_power.tsv background	287	252	22304	clusterProfiler	4.10.1
GO Biological Process	GO:0031648	protein destabilization	protein destabilization	4	56	4/241	56/18659	0.005894791485124964	0.034809289533689315	0.026859795509706835	Igtp;Irgm2;Irgm1;Trim21	16145;54396;15944;20821	project-specific anchor-eligible gene_power.tsv background	287	252	22304	clusterProfiler	4.10.1
GO Biological Process	GO:0043280	positive regulation of cysteine-type endopeptidase activity involved in apoptotic process	positive regulation of cysteine-type endopeptidase activity involved in apoptotic process	6	126	6/241	126/18659	0.00593336581111026	0.03495615746915075	0.02697312280728379	Stat1;Tnfsf10;Pml;Xdh;S100a9;Fas	20846;22035;18854;22436;20202;14102	project-specific anchor-eligible gene_power.tsv background	287	252	22304	clusterProfiler	4.10.1
GO Biological Process	GO:0045070	positive regulation of viral genome replication	positive regulation of viral genome replication	3	29	3/241	29/18659	0.006068444910416342	0.03558759302637261	0.02746035567447928	Gbp7;Gbp3;Adar	229900;55932;56417	project-specific anchor-eligible gene_power.tsv background	287	252	22304	clusterProfiler	4.10.1
GO Biological Process	GO:0060907	positive regulation of macrophage cytokine production	positive regulation of macrophage cytokine production	3	29	3/241	29/18659	0.006068444910416342	0.03558759302637261	0.02746035567447928	Tlr3;Casp4;Myd88	142980;12363;17874	project-specific anchor-eligible gene_power.tsv background	287	252	22304	clusterProfiler	4.10.1
GO Biological Process	GO:1903321	negative regulation of protein modification by small protein conjugation or removal	negative regulation of protein modification by small protein conjugation or removal	5	91	5/241	91/18659	0.006517845167442174	0.03813537390400226	0.029426292764647193	Isg15;Gbp4;Dtx3l;Parp10;Trim21	100038882;17472;209200;671535;20821	project-specific anchor-eligible gene_power.tsv background	287	252	22304	clusterProfiler	4.10.1
GO Biological Process	GO:0032757	positive regulation of interleukin-8 production	positive regulation of interleukin-8 production	4	58	4/241	58/18659	0.006674531686503938	0.038724428134613874	0.029880823046371064	Tlr3;Tlr9;Rigi;Myd88	142980;81897;230073;17874	project-specific anchor-eligible gene_power.tsv background	287	252	22304	clusterProfiler	4.10.1
GO Biological Process	GO:0002486	antigen processing and presentation of endogenous peptide antigen via MHC class I via ER pathway, TAP-independent	antigen processing and presentation of endogenous peptide antigen via MHC class I via ER pathway, TAP-independent	3	30	3/241	30/18659	0.0066792427986005895	0.038724428134613874	0.029880823046371064	H2-T24;H2-T22;H2-T10	15042;15039;15024	project-specific anchor-eligible gene_power.tsv background	287	252	22304	clusterProfiler	4.10.1
GO Biological Process	GO:0002883	regulation of hypersensitivity	regulation of hypersensitivity	3	30	3/241	30/18659	0.0066792427986005895	0.038724428134613874	0.029880823046371064	Fcgr1;H2-T22;H2-T10	14129;15039;15024	project-specific anchor-eligible gene_power.tsv background	287	252	22304	clusterProfiler	4.10.1
GO Biological Process	GO:0010800	positive regulation of peptidyl-threonine phosphorylation	positive regulation of peptidyl-threonine phosphorylation	3	30	3/241	30/18659	0.0066792427986005895	0.038724428134613874	0.029880823046371064	Igtp;Irgm2;Irgm1	16145;54396;15944	project-specific anchor-eligible gene_power.tsv background	287	252	22304	clusterProfiler	4.10.1
GO Biological Process	GO:0019730	antimicrobial humoral response	antimicrobial humoral response	6	130	6/241	130/18659	0.006886649100685964	0.03983637609036257	0.03073883236253193	Acod1;Cxcl10;Cxcl9;S100a9;H2-T22;H2-T10	16365;15945;17329;20202;15039;15024	project-specific anchor-eligible gene_power.tsv background	287	252	22304	clusterProfiler	4.10.1
GO Biological Process	GO:0006196	AMP catabolic process	AMP catabolic process	2	10	2/241	10/18659	0.0069822831308318425	0.039847436838371435	0.03074736713683162	Pnp;Xdh	18950;22436	project-specific anchor-eligible gene_power.tsv background	287	252	22304	clusterProfiler	4.10.1
GO Biological Process	GO:0032661	regulation of interleukin-18 production	regulation of interleukin-18 production	2	10	2/241	10/18659	0.0069822831308318425	0.039847436838371435	0.03074736713683162	Gbp5;Tlr9	229898;81897	project-specific anchor-eligible gene_power.tsv background	287	252	22304	clusterProfiler	4.10.1
GO Biological Process	GO:0034163	regulation of toll-like receptor 9 signaling pathway	regulation of toll-like receptor 9 signaling pathway	2	10	2/241	10/18659	0.0069822831308318425	0.039847436838371435	0.03074736713683162	Rsad2;Tlr9	58185;81897	project-specific anchor-eligible gene_power.tsv background	287	252	22304	clusterProfiler	4.10.1
GO Biological Process	GO:0035726	common myeloid progenitor cell proliferation	common myeloid progenitor cell proliferation	2	10	2/241	10/18659	0.0069822831308318425	0.039847436838371435	0.03074736713683162	Nr4a3;Samd9l	18124;209086	project-specific anchor-eligible gene_power.tsv background	287	252	22304	clusterProfiler	4.10.1
GO Biological Process	GO:0046055	dGMP catabolic process	dGMP catabolic process	2	10	2/241	10/18659	0.0069822831308318425	0.039847436838371435	0.03074736713683162	Pnp;Xdh	18950;22436	project-specific anchor-eligible gene_power.tsv background	287	252	22304	clusterProfiler	4.10.1
GO Biological Process	GO:0046130	purine ribonucleoside catabolic process	purine ribonucleoside catabolic process	2	10	2/241	10/18659	0.0069822831308318425	0.039847436838371435	0.03074736713683162	Pnp;Xdh	18950;22436	project-specific anchor-eligible gene_power.tsv background	287	252	22304	clusterProfiler	4.10.1
GO Biological Process	GO:0032651	regulation of interleukin-1 beta production	regulation of interleukin-1 beta production	5	93	5/241	93/18659	0.007135094518118126	0.040628629722587815	0.031350156834776544	Lilrb4b;Gbp5;Casp4;Pml;Myd88	14727;229898;12363;18854;17874	project-specific anchor-eligible gene_power.tsv background	287	252	22304	clusterProfiler	4.10.1
GO Biological Process	GO:0002484	antigen processing and presentation of endogenous peptide antigen via MHC class I via ER pathway	antigen processing and presentation of endogenous peptide antigen via MHC class I via ER pathway	3	31	3/241	31/18659	0.0073253083010198184	0.041434282651666425	0.031971820569277776	H2-T24;H2-T22;H2-T10	15042;15039;15024	project-specific anchor-eligible gene_power.tsv background	287	252	22304	clusterProfiler	4.10.1
GO Biological Process	GO:0090025	regulation of monocyte chemotaxis	regulation of monocyte chemotaxis	3	31	3/241	31/18659	0.0073253083010198184	0.041434282651666425	0.031971820569277776	Cxcl10;Ccl2;Fpr2	15945;20296;14289	project-specific anchor-eligible gene_power.tsv background	287	252	22304	clusterProfiler	4.10.1
GO Biological Process	GO:1903146	regulation of autophagy of mitochondrion	regulation of autophagy of mitochondrion	3	31	3/241	31/18659	0.0073253083010198184	0.041434282651666425	0.031971820569277776	Igtp;Irgm2;Irgm1	16145;54396;15944	project-specific anchor-eligible gene_power.tsv background	287	252	22304	clusterProfiler	4.10.1
GO Biological Process	GO:0042326	negative regulation of phosphorylation	negative regulation of phosphorylation	11	362	11/241	362/18659	0.007638286537268797	0.04310900211631129	0.033264079703522714	Socs1;Lilrb4b;Slfn1;Daxx;Parp14;Socs3;Gbp4;Cdkn1a;Xdh;Adar;Irf1	12703;14727;20555;13163;547253;12702;17472;12575;22436;56417;16362	project-specific anchor-eligible gene_power.tsv background	287	252	22304	clusterProfiler	4.10.1
GO Biological Process	GO:0050672	negative regulation of lymphocyte proliferation	negative regulation of lymphocyte proliferation	5	95	5/241	95/18659	0.00779204675332618	0.043879715822814754	0.033858783382641935	Tarm1;Lilrb4b;Slfn1;Cd274;Lgals9	245126;14727;20555;60533;16859	project-specific anchor-eligible gene_power.tsv background	287	252	22304	clusterProfiler	4.10.1
GO Biological Process	GO:0046632	alpha-beta T cell differentiation	alpha-beta T cell differentiation	6	134	6/241	134/18659	0.007946329436715298	0.04464997002876812	0.0344531324986265	Rsad2;Socs1;Igtp;Lilrb4b;Pnp;Irf1	58185;12703;16145;14727;18950;16362	project-specific anchor-eligible gene_power.tsv background	287	252	22304	clusterProfiler	4.10.1
GO Biological Process	GO:0001787	natural killer cell proliferation	natural killer cell proliferation	3	32	3/241	32/18659	0.008007106340075162	0.0447941409507275	0.034564378707157326	H2-T22;Il15;H2-T10	15039;16168;15024	project-specific anchor-eligible gene_power.tsv background	287	252	22304	clusterProfiler	4.10.1
GO Biological Process	GO:0002476	antigen processing and presentation of endogenous peptide antigen via MHC class Ib	antigen processing and presentation of endogenous peptide antigen via MHC class Ib	3	32	3/241	32/18659	0.008007106340075162	0.0447941409507275	0.034564378707157326	H2-T24;H2-T22;H2-T10	15042;15039;15024	project-specific anchor-eligible gene_power.tsv background	287	252	22304	clusterProfiler	4.10.1
GO Biological Process	GO:0018108	peptidyl-tyrosine phosphorylation	peptidyl-tyrosine phosphorylation	10	315	10/241	315/18659	0.008052899401293378	0.04495174260984553	0.03468598843814031	Socs1;Lilrb4b;Parp9;Parp14;Il12rb1;Socs3;Nrg1;Irf1;Il15;Hck	12703;14727;80285;547253;16161;12702;211323;16362;16168;15162	project-specific anchor-eligible gene_power.tsv background	287	252	22304	clusterProfiler	4.10.1
GO Biological Process	GO:0032945	negative regulation of mononuclear cell proliferation	negative regulation of mononuclear cell proliferation	5	96	5/241	96/18659	0.008135796965359566	0.04531532327212282	0.03496653717587311	Tarm1;Lilrb4b;Slfn1;Cd274;Lgals9	245126;14727;20555;60533;16859	project-specific anchor-eligible gene_power.tsv background	287	252	22304	clusterProfiler	4.10.1
GO Biological Process	GO:0018212	peptidyl-tyrosine modification	peptidyl-tyrosine modification	10	317	10/241	317/18659	0.008399224053081793	0.04667633187936668	0.03601672847156561	Socs1;Lilrb4b;Parp9;Parp14;Il12rb1;Socs3;Nrg1;Irf1;Il15;Hck	12703;14727;80285;547253;16161;12702;211323;16362;16168;15162	project-specific anchor-eligible gene_power.tsv background	287	252	22304	clusterProfiler	4.10.1
GO Biological Process	GO:0002645	positive regulation of tolerance induction	positive regulation of tolerance induction	2	11	2/241	11/18659	0.008461629489789043	0.04667633187936668	0.03601672847156561	Lilrb4b;Cd274	14727;60533	project-specific anchor-eligible gene_power.tsv background	287	252	22304	clusterProfiler	4.10.1
GO Biological Process	GO:0009172	purine deoxyribonucleoside monophosphate catabolic process	purine deoxyribonucleoside monophosphate catabolic process	2	11	2/241	11/18659	0.008461629489789043	0.04667633187936668	0.03601672847156561	Pnp;Xdh	18950;22436	project-specific anchor-eligible gene_power.tsv background	287	252	22304	clusterProfiler	4.10.1
GO Biological Process	GO:0009215	purine deoxyribonucleoside triphosphate metabolic process	purine deoxyribonucleoside triphosphate metabolic process	2	11	2/241	11/18659	0.008461629489789043	0.04667633187936668	0.03601672847156561	Pnp;Samhd1	18950;56045	project-specific anchor-eligible gene_power.tsv background	287	252	22304	clusterProfiler	4.10.1
GO Biological Process	GO:0031343	positive regulation of cell killing	positive regulation of cell killing	5	97	5/241	97/18659	0.008489932572334824	0.04667633187936668	0.03601672847156561	Ccl2;H2-T24;Pnp;H2-T22;H2-T10	20296;15042;18950;15039;15024	project-specific anchor-eligible gene_power.tsv background	287	252	22304	clusterProfiler	4.10.1
GO Biological Process	GO:1901874	negative regulation of post-translational protein modification	negative regulation of post-translational protein modification	5	97	5/241	97/18659	0.008489932572334824	0.04667633187936668	0.03601672847156561	Isg15;Gbp4;Dtx3l;Parp10;Trim21	100038882;17472;209200;671535;20821	project-specific anchor-eligible gene_power.tsv background	287	252	22304	clusterProfiler	4.10.1
GO Biological Process	GO:0002323	natural killer cell activation involved in immune response	natural killer cell activation involved in immune response	3	33	3/241	33/18659	0.00872506538247965	0.04755906365535382	0.03669786834286312	Fcgr4;Lgals9;Stx11	246256;16859;74732	project-specific anchor-eligible gene_power.tsv background	287	252	22304	clusterProfiler	4.10.1
GO Biological Process	GO:0002428	antigen processing and presentation of peptide antigen via MHC class Ib	antigen processing and presentation of peptide antigen via MHC class Ib	3	33	3/241	33/18659	0.00872506538247965	0.04755906365535382	0.03669786834286312	H2-T24;H2-T22;H2-T10	15042;15039;15024	project-specific anchor-eligible gene_power.tsv background	287	252	22304	clusterProfiler	4.10.1
GO Biological Process	GO:0002524	hypersensitivity	hypersensitivity	3	33	3/241	33/18659	0.00872506538247965	0.04755906365535382	0.03669786834286312	Fcgr1;H2-T22;H2-T10	14129;15039;15024	project-specific anchor-eligible gene_power.tsv background	287	252	22304	clusterProfiler	4.10.1
GO Biological Process	GO:0071353	cellular response to interleukin-4	cellular response to interleukin-4	3	33	3/241	33/18659	0.00872506538247965	0.04755906365535382	0.03669786834286312	Parp14;Cd300lf;Pml	547253;246746;18854	project-specific anchor-eligible gene_power.tsv background	287	252	22304	clusterProfiler	4.10.1
GO Biological Process	GO:0045620	negative regulation of lymphocyte differentiation	negative regulation of lymphocyte differentiation	4	63	4/241	63/18659	0.008914824725477227	0.04848980357077272	0.037416052601598956	Socs1;Lilrb4b;Fgl2;Irf1	12703;14727;14190;16362	project-specific anchor-eligible gene_power.tsv background	287	252	22304	clusterProfiler	4.10.1
Reactome	R-MMU-1169408	ISG15 antiviral mechanism	ISG15 antiviral mechanism	9	28	9/101	28/8124	2.8067765039886283e-11	8.869413752604066e-9	6.4112684354266565e-9	Mx2;Isg15;Usp18;Ifit1bl2;Eif2ak2;Rigi;Ube2l6;Trim25;Uba7	17858;100038882;24110;112419;19106;230073;56791;217069;74153	project-specific anchor-eligible gene_power.tsv background	287	252	22304	ReactomePA	1.46.0
Reactome	R-MMU-1280215	Cytokine Signaling in Immune system	Cytokine Signaling in Immune system	24	441	24/101	441/8124	4.932980760174342e-10	6.555164335234645e-8	4.73840992920026e-8	Mx2;Oasl1;Isg15;Il1rn;Usp18;Ifit1bl2;Psme2b;Socs1;Eif2ak2;Il12rb1;Socs3;Rigi;Ube2l6;Nlrc5;Trim25;Adar;Myd88;Map3k8;Il15;Hck;Irf9;Uba7;Psmb9;Psmb10	17858;231655;100038882;16181;24110;112419;621823;12703;19106;16161;12702;230073;56791;434341;217069;56417;17874;26410;16168;15162;16391;74153;16912;19171	project-specific anchor-eligible gene_power.tsv background	287	252	22304	ReactomePA	1.46.0
Reactome	R-MMU-913531	Interferon Signaling	Interferon Signaling	14	131	14/101	131/8124	6.223257280286056e-10	6.555164335234645e-8	4.73840992920026e-8	Mx2;Oasl1;Isg15;Usp18;Ifit1bl2;Socs1;Eif2ak2;Socs3;Rigi;Ube2l6;Trim25;Adar;Irf9;Uba7	17858;231655;100038882;24110;112419;12703;19106;12702;230073;56791;217069;56417;16391;74153	project-specific anchor-eligible gene_power.tsv background	287	252	22304	ReactomePA	1.46.0
Reactome	R-MMU-1169410	Antiviral mechanism by IFN-stimulated genes	Antiviral mechanism by IFN-stimulated genes	11	91	11/101	91/8124	1.3100828881634715e-8	1.0349654816491424e-6	7.481262808722982e-7	Mx2;Oasl1;Isg15;Usp18;Ifit1bl2;Eif2ak2;Rigi;Ube2l6;Trim25;Adar;Uba7	17858;231655;100038882;24110;112419;19106;230073;56791;217069;56417;74153	project-specific anchor-eligible gene_power.tsv background	287	252	22304	ReactomePA	1.46.0
Reactome	R-MMU-449147	Signaling by Interleukins	Signaling by Interleukins	13	260	13/101	260/8124	1.8088570111715307e-5	0.0011431976310604074	8.263620451036257e-4	Il1rn;Usp18;Psme2b;Socs1;Il12rb1;Socs3;Nlrc5;Myd88;Map3k8;Il15;Hck;Psmb9;Psmb10	16181;24110;621823;12703;16161;12702;434341;17874;26410;16168;15162;16912;19171	project-specific anchor-eligible gene_power.tsv background	287	252	22304	ReactomePA	1.46.0
Reactome	R-MMU-380108	Chemokine receptors bind chemokines	Chemokine receptors bind chemokines	6	47	6/101	47/8124	2.260495266222596e-5	0.0011905275068772338	8.60574513632111e-4	Cxcl10;Ccl7;Cxcl9;Ccl12;Ccl4;Ccrl2	15945;20306;17329;20293;20303;54199	project-specific anchor-eligible gene_power.tsv background	287	252	22304	ReactomePA	1.46.0
Reactome	R-MMU-9020702	Interleukin-1 signaling	Interleukin-1 signaling	8	101	8/101	101/8124	3.3649125834495373e-5	0.0015190176805286483	0.0010980241061782701	Il1rn;Usp18;Psme2b;Nlrc5;Myd88;Map3k8;Psmb9;Psmb10	16181;24110;621823;434341;17874;26410;16912;19171	project-specific anchor-eligible gene_power.tsv background	287	252	22304	ReactomePA	1.46.0
Reactome	R-MMU-8956319	Nucleotide catabolism	Nucleotide catabolism	5	35	5/101	35/8124	6.491788025121597e-5	0.0023052839150371467	0.0016663777800235205	Pnp2;Upp1;Pnp;Xdh;Samhd1	667034;22271;18950;22436;56045	project-specific anchor-eligible gene_power.tsv background	287	252	22304	ReactomePA	1.46.0
Reactome	R-MMU-1236975	Antigen processing-Cross presentation	Antigen processing-Cross presentation	7	83	7/101	83/8124	7.137727537540971e-5	0.0023052839150371467	0.0016663777800235205	Psme2b;Fcgr1;H2-T22;Tap1;Psmb9;Tapbp;Psmb10	621823;14129;15039;21354;16912;21356;19171	project-specific anchor-eligible gene_power.tsv background	287	252	22304	ReactomePA	1.46.0
Reactome	R-MMU-6798695	Neutrophil degranulation	Neutrophil degranulation	17	478	17/101	478/8124	7.3025921515906307e-05	0.0023052839150371467	0.0016663777800235205	Plac8;Hp;Pnp2;Tarm1;Ifi211;Ifi204;Ifi205;Olr1;Fpr2;Lilrb4b;Fcgr4;Bst2;Pnp;Mndal;Fgl2;S100a9;H2-T22	231507;15439;667034;245126;381308;15951;226695;108078;14289;14727;246256;69550;18950;100040462;14190;20202;15039	project-specific anchor-eligible gene_power.tsv background	287	252	22304	ReactomePA	1.46.0
Reactome	R-MMU-446652	Interleukin-1 family signaling	Interleukin-1 family signaling	8	114	8/101	114/8124	8.024722489053358e-5	0.0023052839150371467	0.0016663777800235205	Il1rn;Usp18;Psme2b;Nlrc5;Myd88;Map3k8;Psmb9;Psmb10	16181;24110;621823;434341;17874;26410;16912;19171	project-specific anchor-eligible gene_power.tsv background	287	252	22304	ReactomePA	1.46.0
Reactome	R-MMU-8956321	Nucleotide salvage	Nucleotide salvage	4	22	4/101	22/8124	1.3860128529887537e-4	0.0036498338462037177	0.0026382876236715753	Pnp2;Upp1;Pnp;Dck	667034;22271;18950;13178	project-specific anchor-eligible gene_power.tsv background	287	252	22304	ReactomePA	1.46.0
Reactome	R-MMU-983169	Class I MHC mediated antigen processing & presentation	Class I MHC mediated antigen processing & presentation	13	332	13/101	332/8124	2.215638080881463e-4	0.005385704873527248	0.0038930644821965786	Herc6;Psme2b;Fcgr1;Socs1;Socs3;Dtx3l;Ube2l6;H2-T22;Tap1;Uba7;Psmb9;Tapbp;Psmb10	67138;621823;14129;12703;12702;209200;56791;15039;21354;74153;16912;21356;19171	project-specific anchor-eligible gene_power.tsv background	287	252	22304	ReactomePA	1.46.0
Reactome	R-MMU-5218859	Regulated Necrosis	Regulated Necrosis	5	51	5/101	51/8124	4.0138164838615496e-4	0.008868070220390618	0.006410297261241719	Gzmb;Mlkl;Casp4;Tnfsf10;Fas	14939;74568;12363;22035;14102	project-specific anchor-eligible gene_power.tsv background	287	252	22304	ReactomePA	1.46.0
Reactome	R-MMU-909733	Interferon alpha/beta signaling	Interferon alpha/beta signaling	4	29	4/101	29/8124	4.2095270033499767e-4	0.008868070220390618	0.006410297261241719	Usp18;Socs1;Socs3;Irf9	24110;12703;12702;16391	project-specific anchor-eligible gene_power.tsv background	287	252	22304	ReactomePA	1.46.0
Reactome	R-MMU-5656169	Termination of translesion DNA synthesis	Termination of translesion DNA synthesis	4	30	4/101	30/8124	4.81109061553065e-4	0.009057701973926044	0.006547372845909231	Isg15;Ube2l6;Trim25;Uba7	100038882;56791;217069;74153	project-specific anchor-eligible gene_power.tsv background	287	252	22304	ReactomePA	1.46.0
Reactome	R-MMU-2029481	FCGR activation	FCGR activation	3	13	3/101	13/8124	4.8728143530614784e-4	0.009057701973926044	0.006547372845909231	Fcgr1;Fcgr4;Hck	14129;246256;15162	project-specific anchor-eligible gene_power.tsv background	287	252	22304	ReactomePA	1.46.0
Reactome	R-MMU-74217	Purine salvage	Purine salvage	3	14	3/101	14/8124	6.145924437116521e-4	0.01078951178960456	0.007799214051779445	Pnp2;Pnp;Dck	667034;18950;13178	project-specific anchor-eligible gene_power.tsv background	287	252	22304	ReactomePA	1.46.0
Reactome	R-MMU-15869	Metabolism of nucleotides	Metabolism of nucleotides	6	92	6/101	92/8124	9.569928926599049e-4	0.015916302846343683	0.011505122310648166	Pnp2;Upp1;Pnp;Xdh;Samhd1;Dck	667034;22271;18950;22436;56045;13178	project-specific anchor-eligible gene_power.tsv background	287	252	22304	ReactomePA	1.46.0
Reactome	R-MMU-110313	Translesion synthesis by Y family DNA polymerases bypasses lesions on DNA template	Translesion synthesis by Y family DNA polymerases bypasses lesions on DNA template	4	37	4/101	37/8124	0.0010847469787359275	0.01647443068428659	0.011908565817755465	Isg15;Ube2l6;Trim25;Uba7	100038882;56791;217069;74153	project-specific anchor-eligible gene_power.tsv background	287	252	22304	ReactomePA	1.46.0
Reactome	R-MMU-197264	Nicotinamide salvaging	Nicotinamide salvaging	3	17	3/101	17/8124	0.0011174376075555057	0.01647443068428659	0.011908565817755465	Parp9;Parp14;Parp10	80285;547253;671535	project-specific anchor-eligible gene_power.tsv background	287	252	22304	ReactomePA	1.46.0
Reactome	R-MMU-9833482	PKR-mediated signaling	PKR-mediated signaling	5	64	5/101	64/8124	0.001146954034981978	0.01647443068428659	0.011908565817755465	Isg15;Eif2ak2;Ube2l6;Trim25;Adar	100038882;19106;56791;217069;56417	project-specific anchor-eligible gene_power.tsv background	287	252	22304	ReactomePA	1.46.0
Reactome	R-MMU-74259	Purine catabolism	Purine catabolism	3	18	3/101	18/8124	0.001328877377811763	0.018257619625587702	0.013197546498176319	Pnp2;Pnp;Xdh	667034;18950;22436	project-specific anchor-eligible gene_power.tsv background	287	252	22304	ReactomePA	1.46.0
Reactome	R-MMU-9705462	Inactivation of CSF3 (G-CSF) signaling	Inactivation of CSF3 (G-CSF) signaling	3	19	3/101	19/8124	0.0015638713193659969	0.02059097237165229	0.014884213872913216	Socs1;Socs3;Hck	12703;12702;15162	project-specific anchor-eligible gene_power.tsv background	287	252	22304	ReactomePA	1.46.0
Reactome	R-MMU-2168880	Scavenging of heme from plasma	Scavenging of heme from plasma	3	22	3/101	22/8124	0.0024191240711469997	0.02990843151352091	0.021619352559740297	Hp;Apol9a;Apol9b	15439;223672;71898	project-specific anchor-eligible gene_power.tsv background	287	252	22304	ReactomePA	1.46.0
Reactome	R-MMU-73893	DNA Damage Bypass	DNA Damage Bypass	4	46	4/101	46/8124	0.0024608203144036193	0.02990843151352091	0.021619352559740297	Isg15;Ube2l6;Trim25;Uba7	100038882;56791;217069;74153	project-specific anchor-eligible gene_power.tsv background	287	252	22304	ReactomePA	1.46.0
Reactome	R-MMU-375276	Peptide ligand-binding receptors	Peptide ligand-binding receptors	7	151	7/101	151/8124	0.0026677510629341205	0.031115445421036367	0.022491844291688514	Cxcl10;Ccl7;Cxcl9;Ccl12;Ccl4;Fpr2;Ccrl2	15945;20306;17329;20293;20303;14289;54199	project-specific anchor-eligible gene_power.tsv background	287	252	22304	ReactomePA	1.46.0
Reactome	R-MMU-9674555	Signaling by CSF3 (G-CSF)	Signaling by CSF3 (G-CSF)	3	23	3/101	23/8124	0.002757064784142463	0.031115445421036367	0.022491844291688514	Socs1;Socs3;Hck	12703;12702;15162	project-specific anchor-eligible gene_power.tsv background	287	252	22304	ReactomePA	1.46.0
Reactome	R-MMU-1236978	Cross-presentation of soluble exogenous antigens (endosomes)	Cross-presentation of soluble exogenous antigens (endosomes)	4	49	4/101	49/8124	0.0031055904933229195	0.03384022744448423	0.024461456880256756	Psme2b;Fcgr1;Psmb9;Psmb10	621823;14129;16912;19171	project-specific anchor-eligible gene_power.tsv background	287	252	22304	ReactomePA	1.46.0
Reactome	R-MMU-1236974	ER-Phagosome pathway	ER-Phagosome pathway	3	25	3/101	25/8124	0.0035167755197919796	0.037043368808475516	0.026776852203328406	H2-T22;Tap1;Tapbp	15039;21354;21356	project-specific anchor-eligible gene_power.tsv background	287	252	22304	ReactomePA	1.46.0
Reactome	R-MMU-168138	Toll Like Receptor 9 (TLR9) Cascade	Toll Like Receptor 9 (TLR9) Cascade	5	88	5/101	88/8124	0.004662690458850069	0.04752936080634264	0.03435666653889525	Usp18;Irf7;Tlr9;Nlrc5;Map3k8	24110;54123;81897;434341;26410	project-specific anchor-eligible gene_power.tsv background	287	252	22304	ReactomePA	1.46.0
MSigDB Hallmark	HALLMARK_INTERFERON_GAMMA_RESPONSE	HALLMARK_INTERFERON_GAMMA_RESPONSE	HALLMARK_INTERFERON_GAMMA_RESPONSE	77	187	77/103	187/4224	1.0121710444225362e-88	3.238947342152116e-87	2.557063691172723e-87	Cxcl10;Ccl7;Ifit3;Mx2;Ifi44;Oasl1;Isg15;Oas3;Cxcl9;Ifit2;Cmpk2;Usp18;Isg20;Batf2;Irf7;Rsad2;Oas2;Zbp1;Rtp4;Herc6;Ifih1;Fcgr1;Dhx58;Socs1;Cd69;Xaf1;Upp1;Rnf213;Eif2ak2;Ddx60;Parp12;Parp14;Bst2;Socs3;Stat2;Casp4;Rigi;Cd274;Pnp;Ube2l6;Gbp3;Nlrc5;Helz2;Stat1;Pnpt1;Tnfsf10;Samd9l;Fgl2;Cdkn1a;Pml;Ifitm3;Sp110;Lgals3bp;Ifi35;Nmi;Trim25;Znfx1;Samhd1;Trim21;Adar;Trim14;Myd88;Gch1;Irf1;Tdrd7;Trafd1;Tap1;Il18bp;Il15;Irf9;Fas;Ogfr;Epsti1;Psmb9;Tapbp;Psmb10;Ly6e	15945;20306;15959;17858;99899;231655;100038882;246727;17329;15958;22169;24110;57444;74481;54123;58185;246728;58203;67775;67138;71586;14129;80861;12703;12515;327959;22271;672511;19106;234311;243771;547253;69550;12702;20847;12363;230073;60533;18950;56791;55932;434341;229003;20846;71701;22035;209086;14190;12575;18854;66141;109032;19039;70110;64685;217069;98999;56045;20821;56417;74735;17874;14528;16362;100121;231712;21354;16068;16168;16391;14102;72075;108670;16912;21356;19171;17069	project-specific anchor-eligible gene_power.tsv background	287	252	22304	clusterProfiler	4.10.1
MSigDB Hallmark	HALLMARK_INTERFERON_ALPHA_RESPONSE	HALLMARK_INTERFERON_ALPHA_RESPONSE	HALLMARK_INTERFERON_ALPHA_RESPONSE	53	93	53/103	93/4224	6.39339404220973e-67	1.0229430467535567e-65	8.075866158580711e-66	Cxcl10;Ifit3;Mx2;Ifi44;Oasl1;Isg15;Ifit2;Cmpk2;Usp18;Isg20;Oas1a;Batf2;Irf7;Rsad2;Rtp4;Herc6;Ifih1;Dhx58;Eif2ak2;Ddx60;Parp9;Parp12;Parp14;Bst2;Ccrl2;Stat2;Mov10;Ube2l6;Gbp3;Helz2;Pnpt1;Samd9l;Ifitm3;Sp110;Lgals3bp;Ifi35;Nmi;Trim25;Trim21;Adar;Trim14;Irf1;Tdrd7;Trafd1;Tap1;Il15;Irf9;Uba7;Trim12c;Ogfr;Epsti1;Psmb9;Ly6e	15945;15959;17858;99899;231655;100038882;15958;22169;24110;57444;246730;74481;54123;58185;67775;67138;71586;80861;19106;234311;80285;243771;547253;69550;54199;20847;17454;56791;55932;229003;71701;209086;66141;109032;19039;70110;64685;217069;20821;56417;74735;16362;100121;231712;21354;16168;16391;74153;319236;72075;108670;16912;17069	project-specific anchor-eligible gene_power.tsv background	287	252	22304	clusterProfiler	4.10.1
MSigDB Hallmark	HALLMARK_INFLAMMATORY_RESPONSE	HALLMARK_INFLAMMATORY_RESPONSE	HALLMARK_INFLAMMATORY_RESPONSE	20	193	20/103	193/4224	2.1799637718828562e-8	2.32529469000838e-7	1.8357589657960894e-7	Cxcl10;Ccl7;Cxcl9;Irf7;Rtp4;Olr1;Cd69;Eif2ak2;Bst2;Ccrl2;Tlr3;Tnfsf10;Cdkn1a;Nmi;Mxd1;Gch1;Irf1;Il15;Tapbp;Ly6e	15945;20306;17329;54123;67775;108078;12515;19106;69550;54199;142980;22035;12575;64685;17119;14528;16362;16168;21356;17069	project-specific anchor-eligible gene_power.tsv background	287	252	22304	clusterProfiler	4.10.1
MSigDB Hallmark	HALLMARK_IL6_JAK_STAT3_SIGNALING	HALLMARK_IL6_JAK_STAT3_SIGNALING	HALLMARK_IL6_JAK_STAT3_SIGNALING	13	83	13/103	83/4224	6.443384561348638e-8	5.15470764907891e-7	4.069506038746508e-7	Cxcl10;Ccl7;Cxcl9;Socs1;Il12rb1;Socs3;Stat2;Stat1;Myd88;Irf1;Map3k8;Irf9;Fas	15945;20306;17329;12703;16161;12702;20847;20846;17874;16362;26410;16391;14102	project-specific anchor-eligible gene_power.tsv background	287	252	22304	clusterProfiler	4.10.1
MSigDB Hallmark	HALLMARK_TNFA_SIGNALING_VIA_NFKB	HALLMARK_TNFA_SIGNALING_VIA_NFKB	HALLMARK_TNFA_SIGNALING_VIA_NFKB	18	195	18/103	195/4224	7.138007453582819e-7	4.568324770293005e-6	3.6065721870734245e-6	Serpinb2;Cxcl10;Ifit2;Ifih1;Atf3;Olr1;Cd69;Ccrl2;Socs3;Rigi;Nr4a3;Cdkn1a;Mxd1;B4galt5;Gch1;Irf1;Tap1;Map3k8	18788;15945;15958;71586;11910;108078;12515;54199;12702;230073;18124;12575;17119;56336;14528;16362;21354;26410	project-specific anchor-eligible gene_power.tsv background	287	252	22304	clusterProfiler	4.10.1
MSigDB Hallmark	HALLMARK_ALLOGRAFT_REJECTION	HALLMARK_ALLOGRAFT_REJECTION	HALLMARK_ALLOGRAFT_REJECTION	13	190	13/103	190/4224	6.17150775566971e-4	0.0032914708030238452	0.0025985295813346146	Ccl7;Gzmb;Cxcl9;Irf7;Socs1;Il12rb1;Tlr3;Stat1;Tap1;Il15;Fas;Tapbp;Psmb10	20306;14939;17329;54123;12703;16161;142980;20846;21354;16168;14102;21356;19171	project-specific anchor-eligible gene_power.tsv background	287	252	22304	clusterProfiler	4.10.1
MSigDB Hallmark	HALLMARK_APOPTOSIS	HALLMARK_APOPTOSIS	HALLMARK_APOPTOSIS	11	160	11/103	160/4224	0.0015920345802247012	0.007277872366741491	0.005745688710585388	Isg20;Atf3;Cd69;Casp4;Tnfsf10;Cdkn1a;Ifitm3;Gch1;Irf1;Tap1;Fas	57444;11910;12515;12363;22035;12575;66141;14528;16362;21354;14102	project-specific anchor-eligible gene_power.tsv background	287	252	22304	clusterProfiler	4.10.1
